"beta","beta_sd","omega","omega_sd","rho","rho_sd","conv_code","tau1","tau1_sd","tau2","tau2_sd","tau3","tau3_sd","tau4","tau4_sd","tau5","tau5_sd","tau6","tau6_sd"
2.71345946392695,0.0409820504897382,16.0812253408183,0.39776471890446,-0.00936887767086672,0.0261186135549651,1,0.0260102883092613,0.0310701644821276,0.681267804250891,0.0151630548924392,0.694491162087822,0.0152465430822164,0.680087655955249,0.0159044800243638,0.70900105908688,0.0165517229865007,0.676111767598731,0.0177212647053463
