"beta","beta_sd","omega","omega_sd","rho","rho_sd","conv_code","tau1","tau1_sd","tau2","tau2_sd","tau3","tau3_sd","tau4","tau4_sd","tau5","tau5_sd","tau6","tau6_sd"
0.200206510028332,0.0345843644541232,15.548449826907,0.397306158991781,-0.899227867310269,0.00245891094053518,1,-0.0390981321260671,0.0400309491550782,0.705094609936714,0.0148507790410666,0.667307747772342,0.0149188295104384,0.678965058879258,0.0158269391934499,0.703680769982762,0.0169473403132383,0.657995018807414,0.0185487560310561
