"beta","beta_sd","omega","omega_sd","rho","rho_sd","conv_code","tau1","tau1_sd","tau2","tau2_sd","tau3","tau3_sd","tau4","tau4_sd","tau5","tau5_sd","tau6","tau6_sd"
0.935142928038603,0.036339267636175,15.6803760127303,0.544569509299829,-0.0398599140935365,0.0388346713586396,1,-0.0378368170120894,0.0384026603402939,0.718594455787819,0.0195610894504481,0.672362096014576,0.0208266572332158,0.701368646318869,0.0227866785024313,0.658557936314104,0.0247214175185416,0.690126807938591,0.0259067618267845
