"beta","beta_sd","omega","omega_sd","rho","rho_sd","conv_code","tau1","tau1_sd","tau2","tau2_sd","tau3","tau3_sd","tau4","tau4_sd","tau5","tau5_sd","tau6","tau6_sd"
2.33365629287508,0.0486656141231955,16.6897641989384,0.577296337474633,-0.0716451187453322,0.0384613012252076,1,-0.0112409995156899,0.039179870693652,0.676310022045708,0.0209202077889075,0.741656664088264,0.0211473240534302,0.673600440508486,0.0224674343831419,0.717984059931882,0.0236234611357236,0.735361561064338,0.0244619935486906
