"beta","beta_sd","omega","omega_sd","rho","rho_sd","conv_code","tau1","tau1_sd","tau2","tau2_sd","tau3","tau3_sd","tau4","tau4_sd","tau5","tau5_sd","tau6","tau6_sd"
0.825899895759206,0.0328528513929723,15.5556924490883,0.34151765125472,0.281499019097003,0.0234483274029799,1,0.013494420110926,0.0262692641171884,0.69405995810807,0.0116866967586116,0.69310769939117,0.0121727186889754,0.693889452108337,0.0133521129942303,0.672092183428243,0.0142327254124423,0.68515501919189,0.0152460780863454
