"beta","beta_sd","omega","omega_sd","rho","rho_sd","conv_code","tau1","tau1_sd","tau2","tau2_sd","tau3","tau3_sd","tau4","tau4_sd","tau5","tau5_sd","tau6","tau6_sd"
3.94566137378419,0.0449306185965043,16.5594622150417,0.364345746101521,0.254811003475288,0.025228802820514,1,-0.0071732279860504,0.0287911737433789,0.707485931036001,0.0132767296201254,0.681522072481015,0.0133461181543937,0.702459349322584,0.0133462830580956,0.710311856328662,0.0136939173582623,0.683570613991428,0.0145020074335638
