"beta","beta_sd","omega","omega_sd","rho","rho_sd","conv_code","tau1","tau1_sd","tau2","tau2_sd","tau3","tau3_sd","tau4","tau4_sd","tau5","tau5_sd","tau6","tau6_sd"
3.10756378539905,0.0375276675763817,0.576706833085423,0.018117888160548,-0.295870444619228,0.021808237927207,1,0.0111292178590448,0.0417015994361026,0.68655409720891,0.0242490603574651,0.697393967401442,0.0185064838648747,0.695564296633447,0.017117022350112,0.697575280390578,0.0169282791627738,0.703553235659817,0.0175688496507138
