"beta","beta_sd","omega","omega_sd","rho","rho_sd","conv_code","tau1","tau1_sd","tau2","tau2_sd","tau3","tau3_sd","tau4","tau4_sd","tau5","tau5_sd","tau6","tau6_sd"
2.74536853225637,0.0380043002282426,16.0580077151527,0.350033479140561,-0.0197429912777335,0.0197887418862013,1,0.0471080881547328,0.0265401341933724,0.691320334891329,0.0128058672989226,0.700872879057789,0.0126720068321637,0.675480601087214,0.0134463653603404,0.694343347092988,0.0139587730866055,0.702971437513307,0.014362986222187
