"beta","beta_sd","omega","omega_sd","rho","rho_sd","conv_code","tau1","tau1_sd","tau2","tau2_sd","tau3","tau3_sd","tau4","tau4_sd","tau5","tau5_sd","tau6","tau6_sd"
3.11870394757162,0.0269318386861079,0.570418788783095,0.0132781718092847,-0.614472153900807,0.00850605116825382,1,-0.011392521339361,0.0354825859803927,0.699746181523411,0.0200859481322001,0.701110147210814,0.0148842789045834,0.709436944110477,0.0131200798601557,0.697488129989311,0.0128312414961325,0.704106728946301,0.0130987744323657
