"beta","beta_sd","omega","omega_sd","rho","rho_sd","conv_code","tau1","tau1_sd","tau2","tau2_sd","tau3","tau3_sd","tau4","tau4_sd","tau5","tau5_sd","tau6","tau6_sd"
0.683088123603514,0.00958811785886553,0.999930066786302,0.0153934321145646,-0.313928517448119,0.00902135733488871,1,0.00274696020851172,0.0187258274348486,0.679723093358751,0.00751870572828394,0.707051064279494,0.00802795805407494,0.694048275047387,0.00949596070331681,0.68448662277084,0.0114560320721644,0.736042664179928,0.0138599102215839
