"beta","beta_sd","omega","omega_sd","rho","rho_sd","conv_code","tau1","tau1_sd","tau2","tau2_sd","tau3","tau3_sd","tau4","tau4_sd","tau5","tau5_sd","tau6","tau6_sd"
1.49464644976987,0.00640947645021437,0.0617803917984411,0.00121906137564136,-0.00556538002506727,0.00936028716746595,1,-0.0178485738890693,0.0181056340097804,0.701435982490423,0.00941861040625113,0.681443013588914,0.00693042229239318,0.702984657169314,0.00686418639930055,0.679564773758998,0.00762599501521836,0.707558411263595,0.00836677658187877
