"beta","beta_sd","omega","omega_sd","rho","rho_sd","conv_code","tau1","tau1_sd","tau2","tau2_sd","tau3","tau3_sd","tau4","tau4_sd","tau5","tau5_sd","tau6","tau6_sd"
1.60771711798493,0.00796305478111456,0.0629062434054481,0.00203147635545388,0.602089192865329,0.00796752144121231,1,0.0461729557431822,0.0248745498123103,0.683320093732806,0.0117146710938891,0.692350044223595,0.00847105316367994,0.702046007216423,0.0079970296239595,0.696229790932681,0.00856964806760283,0.692313251698729,0.00950879038564813
