"beta","beta_sd","omega","omega_sd","rho","rho_sd","conv_code","tau1","tau1_sd","tau2","tau2_sd","tau3","tau3_sd","tau4","tau4_sd","tau5","tau5_sd","tau6","tau6_sd"
0.791058643353493,0.0111993409488937,1.02553885637389,0.0172374031373075,-0.904094554080869,0.0014803457587841,1,-0.0324412703592944,0.0254981728064691,0.700996185767999,0.00913785123654815,0.702930830922132,0.00904112485911183,0.693270832054929,0.0100849113861192,0.708084044770576,0.0115351707757847,0.701213240234136,0.0138366667897298
