"beta","beta_sd","omega","omega_sd","rho","rho_sd","conv_code","tau1","tau1_sd","tau2","tau2_sd","tau3","tau3_sd","tau4","tau4_sd","tau5","tau5_sd","tau6","tau6_sd"
2.27142893019283,0.0401818810231574,15.8828163754614,0.415945106451965,-0.594068199954651,0.0108318832240639,1,-0.0295055816534122,0.0350517622081675,0.696171120708828,0.016040125524459,0.662777900366163,0.0164609130275359,0.707844792847918,0.0168277413819607,0.685368525705988,0.01765584866959,0.678505723391475,0.0186183313312684
