"beta","beta_sd","omega","omega_sd","rho","rho_sd","conv_code","tau1","tau1_sd","tau2","tau2_sd","tau3","tau3_sd","tau4","tau4_sd","tau5","tau5_sd","tau6","tau6_sd"
0.402068462677237,0.00484553596382563,0.0640995045350872,0.00177352472955942,0.291470330462554,0.0154370842757954,1,0.00526916278507771,0.0179108178757508,0.696565110166953,0.0070208805859519,0.695129571028007,0.0089452014148009,0.70161569697508,0.0145600955520574,0.705842133625716,0.0301846338440627,0.685033203514831,0.0732901182933439
