"beta","beta_sd","omega","omega_sd","rho","rho_sd","conv_code","tau1","tau1_sd","tau2","tau2_sd","tau3","tau3_sd","tau4","tau4_sd","tau5","tau5_sd","tau6","tau6_sd"
3.90638246787487,0.062832905776541,0.619407451944318,0.0246180510851515,-0.624738059995173,0.014493516478226,1,0.0762613921774432,0.0529519112054039,0.698699104554153,0.0314158198321413,0.720162815839059,0.0246604322160207,0.736493700015113,0.0217839441774232,0.713389427243425,0.0215132029642383,0.717518298009348,0.0212841335439854
