"beta","beta_sd","omega","omega_sd","rho","rho_sd","conv_code","tau1","tau1_sd","tau2","tau2_sd","tau3","tau3_sd","tau4","tau4_sd","tau5","tau5_sd","tau6","tau6_sd"
3.41570461601569,0.114017680649288,14.393359281204,0.945055619358214,-0.890451976937637,0.00725709861289837,1,0.0107925542152148,0.0630946696305693,0.606629270630548,0.0368908241732831,0.661623807784882,0.0363291757580256,0.645821088866311,0.0368658544654763,0.659414977990999,0.0368807060250464,0.653152286070462,0.0377491092258262
