"beta","beta_sd","omega","omega_sd","rho","rho_sd","conv_code","tau1","tau1_sd","tau2","tau2_sd","tau3","tau3_sd","tau4","tau4_sd","tau5","tau5_sd","tau6","tau6_sd"
3.45070773773119,0.0252894044933616,1.02208132405938,0.0263760023710142,0.897762969938207,0.00277929882388891,1,0.0455839730137711,0.0426901202168774,0.693860686990852,0.0174473128849059,0.685048668862848,0.013339128630194,0.706486877570575,0.0112998594382734,0.717800458822261,0.0106196860833058,0.696146441499931,0.0109198943328634
