"beta","beta_sd","omega","omega_sd","rho","rho_sd","conv_code","tau1","tau1_sd","tau2","tau2_sd","tau3","tau3_sd","tau4","tau4_sd","tau5","tau5_sd","tau6","tau6_sd"
2.49131449772575,0.0378839553165801,15.2708705043,0.357916588656737,0.351746993104062,0.0332438075308135,1,0.00471509274441702,0.0314056942146495,0.677244035342505,0.0142434360620516,0.680470209723398,0.0142311436607417,0.703084076886516,0.0146997128862046,0.682139682128542,0.0157946662479605,0.659799583930701,0.0171094317630689
