"beta","beta_sd","omega","omega_sd","rho","rho_sd","conv_code","tau1","tau1_sd","tau2","tau2_sd","tau3","tau3_sd","tau4","tau4_sd","tau5","tau5_sd","tau6","tau6_sd"
1.82288610263617,0.00907693824252916,0.0656509090422983,0.00132318775016156,-0.608661903905745,0.00486162428354502,1,0.0167411495195188,0.0202703262886566,0.705661330669397,0.0112368392111499,0.701264040167491,0.00830814275240285,0.696843118570826,0.00783892741739465,0.705092341158932,0.00824047953158291,0.716610333814915,0.00902638279578884
