"beta","beta_sd","omega","omega_sd","rho","rho_sd","conv_code","tau1","tau1_sd","tau2","tau2_sd","tau3","tau3_sd","tau4","tau4_sd","tau5","tau5_sd","tau6","tau6_sd"
3.72468934188044,0.0261682409258072,1.03129243454679,0.0217482227718144,0.00766147781489895,0.0199522728081802,1,0.0038013816540258,0.0329263747948894,0.719741158318962,0.0181085775978958,0.685640970675684,0.0133681525447144,0.701708281293828,0.011590431204075,0.699836604086784,0.0111915149388848,0.681300397557428,0.0114953014942277
