"beta","beta_sd","omega","omega_sd","rho","rho_sd","conv_code","tau1","tau1_sd","tau2","tau2_sd","tau3","tau3_sd","tau4","tau4_sd","tau5","tau5_sd","tau6","tau6_sd"
1.5209116225514,0.0345427549440285,15.6873950555106,0.363256676323658,-0.602868916891949,0.00826690268416274,1,0.0322387866552722,0.0295236660815502,0.693425568838024,0.0133196082944416,0.690420840398152,0.0135269477559076,0.692888314518454,0.014434172091421,0.683646168197859,0.014899785107171,0.683797587794053,0.0161001410188144
