"beta","beta_sd","omega","omega_sd","rho","rho_sd","conv_code","tau1","tau1_sd","tau2","tau2_sd","tau3","tau3_sd","tau4","tau4_sd","tau5","tau5_sd","tau6","tau6_sd"
1.5973374143993,0.0170367961601272,0.986773414806209,0.0228653483052234,0.00297514697019367,0.0238336028899381,1,0.0222425200977894,0.026714608241866,0.686792995927541,0.0131816583539359,0.675931999880154,0.0126499807971955,0.683595603450111,0.0136881398939958,0.679300724468795,0.0146942980207247,0.696678526396848,0.016350301202107
