"beta","beta_sd","omega","omega_sd","rho","rho_sd","conv_code","tau1","tau1_sd","tau2","tau2_sd","tau3","tau3_sd","tau4","tau4_sd","tau5","tau5_sd","tau6","tau6_sd"
2.41442040383835,0.0147578798852282,0.0642752998520462,0.00188833604475674,-0.29475376068555,0.0111172587918351,1,0.01787284053641,0.0294672207137787,0.701277432344058,0.0163286403428679,0.697541306784122,0.0114997657508132,0.697434575816201,0.0101939953943341,0.68169738090867,0.0102679646380659,0.718253487768345,0.0104660159396563
