"beta","beta_sd","omega","omega_sd","rho","rho_sd","conv_code","tau1","tau1_sd","tau2","tau2_sd","tau3","tau3_sd","tau4","tau4_sd","tau5","tau5_sd","tau6","tau6_sd"
2.94786466410106,0.0368056502951499,1.02860763844275,0.0308574248845682,-0.323586688906216,0.0206715300740995,1,0.0170291655488173,0.0393436435562738,0.695654458370081,0.0221886622957602,0.69839730015323,0.0179132278929196,0.696998102959299,0.0172119878349343,0.709977831484035,0.0169497864124519,0.719103609006455,0.0178217139894517
