"beta","beta_sd","omega","omega_sd","rho","rho_sd","conv_code","tau1","tau1_sd","tau2","tau2_sd","tau3","tau3_sd","tau4","tau4_sd","tau5","tau5_sd","tau6","tau6_sd"
3.64963806186501,0.0329514152519609,1.04305680460015,0.0312165293779941,0.902819760450643,0.00284226201925226,1,0.0290147753810988,0.0486490417562673,0.706350782899847,0.0207633989167711,0.697866836109869,0.0163702672392347,0.705007535656456,0.0140803090691991,0.691325985666873,0.0134589649458738,0.706940149182068,0.0131403552675643
