"beta","beta_sd","omega","omega_sd","rho","rho_sd","conv_code","tau1","tau1_sd","tau2","tau2_sd","tau3","tau3_sd","tau4","tau4_sd","tau5","tau5_sd","tau6","tau6_sd"
3.17790738219544,0.025479966189173,0.0606241537843574,0.00280811217455464,-0.898259918082184,0.00204406344793077,2,0.00840900629200719,0.034870068873096,0.694887075584788,0.0201160926693561,0.664494321201956,0.015821609408551,0.688864553340714,0.0139828094733025,0.696976911391838,0.0130081732355836,0.683544042936379,0.0128669864432096
