"beta","beta_sd","omega","omega_sd","rho","rho_sd","conv_code","tau1","tau1_sd","tau2","tau2_sd","tau3","tau3_sd","tau4","tau4_sd","tau5","tau5_sd","tau6","tau6_sd"
0.195342853024304,0.00425539317198155,0.0630153255743537,0.00159927747798697,0.59627480422994,0.00750574687539918,1,-0.0261533811206038,0.0168848645455407,0.694654952232369,0.00496546209801244,0.681486419951112,0.00710406891787576,0.673589173036324,0.014351008843855,0.715804866763771,0.0390343565540579,0.789316488574818,0.117833851045953
