"beta","beta_sd","omega","omega_sd","rho","rho_sd","conv_code","tau1","tau1_sd","tau2","tau2_sd","tau3","tau3_sd","tau4","tau4_sd","tau5","tau5_sd","tau6","tau6_sd"
0.0913799150656157,0.00513849207001714,0.064211649544084,0.00225608627278583,0.596609880853657,0.0106557120295888,1,-0.0362436149697495,0.0213138002982802,0.692902754470813,0.00753700269189122,0.703050951693507,0.0118305133673306,0.723009332062253,0.0281576974940675,0.574226649959678,0.0787835740091521,1.07050616333238,0.346811115481526
