"beta","beta_sd","omega","omega_sd","rho","rho_sd","conv_code","tau1","tau1_sd","tau2","tau2_sd","tau3","tau3_sd","tau4","tau4_sd","tau5","tau5_sd","tau6","tau6_sd"
0.985205967423574,0.0128504885072645,0.990520353548781,0.0228716812683106,0.0272322986168087,0.0246911179408772,1,-0.0228438423057698,0.0254477561588373,0.690545546286307,0.0118704259593987,0.694440201708021,0.0124413458384185,0.660256385377611,0.0143512621845438,0.695812400031615,0.016222618865275,0.657796370432336,0.0190136874325862
