"beta","beta_sd","omega","omega_sd","rho","rho_sd","conv_code","tau1","tau1_sd","tau2","tau2_sd","tau3","tau3_sd","tau4","tau4_sd","tau5","tau5_sd","tau6","tau6_sd"
3.01150822041469,0.0249769897653209,0.0599766458258347,0.00374363143833613,0.0158075870860779,0.0215334127557837,1,0.0408511035324806,0.0423686099844552,0.673962769872638,0.0241790254707952,0.696463815658963,0.0168338952084449,0.694133732361732,0.0142667141496453,0.702857811681998,0.0137114397048402,0.711594993486499,0.0137183708798694
