"beta","beta_sd","omega","omega_sd","rho","rho_sd","conv_code","tau1","tau1_sd","tau2","tau2_sd","tau3","tau3_sd","tau4","tau4_sd","tau5","tau5_sd","tau6","tau6_sd"
2.74641399264808,0.0274406204050232,1.07585865681167,0.0306551645544469,0.901997786077944,0.00325547375328054,1,0.0654166797953555,0.0472647217860768,0.690099591338198,0.0196104914216116,0.688709603550276,0.0157764968946848,0.702994277043892,0.0147849041292753,0.708492392178926,0.0142686135934907,0.717068896777716,0.0152016388014771
