"beta","beta_sd","omega","omega_sd","rho","rho_sd","conv_code","tau1","tau1_sd","tau2","tau2_sd","tau3","tau3_sd","tau4","tau4_sd","tau5","tau5_sd","tau6","tau6_sd"
2.58817428515271,0.0178476374467742,0.99527187993543,0.0193518400298863,0.327139695420312,0.0226085926786652,1,-0.0429146010214655,0.0285653430978529,0.700353616216463,0.0141510288111708,0.701461117629675,0.0108719795100818,0.689468831374539,0.010526683568033,0.686908200039071,0.0109545534950636,0.69887955010439,0.0115740065372375
