"beta","beta_sd","omega","omega_sd","rho","rho_sd","conv_code","tau1","tau1_sd","tau2","tau2_sd","tau3","tau3_sd","tau4","tau4_sd","tau5","tau5_sd","tau6","tau6_sd"
0.621826632426548,0.0347738359741666,14.744187904659,0.547208496293852,-0.261700267559218,0.0300325256116905,1,0.000302256276994874,0.0382494501066469,0.678694863671605,0.0209116711662845,0.684409801940142,0.0222762880561043,0.665623480075519,0.0238526618252253,0.708646705016111,0.0251237446534858,0.626696241991411,0.0277346707806568
