"beta","beta_sd","omega","omega_sd","rho","rho_sd","conv_code","tau1","tau1_sd","tau2","tau2_sd","tau3","tau3_sd","tau4","tau4_sd","tau5","tau5_sd","tau6","tau6_sd"
1.2974164641555,0.0355011932476287,15.6958105031089,0.386867364441719,-0.897740461175944,0.00237379235810253,1,0.0154666393528951,0.0402308097421057,0.684806752235721,0.0146366642179279,0.693074667600353,0.0145800013699446,0.663108770293335,0.0155501578175594,0.677228892298508,0.0161200676438225,0.690095044225408,0.0170581323089061
