"beta","beta_sd","omega","omega_sd","rho","rho_sd","conv_code","tau1","tau1_sd","tau2","tau2_sd","tau3","tau3_sd","tau4","tau4_sd","tau5","tau5_sd","tau6","tau6_sd"
1.417428775612,0.0120952702988204,0.0653289566877094,0.0017926920058761,-0.608144392824049,0.00775678200133303,1,0.0341056878851161,0.0239574955663802,0.699205350742069,0.013647053063072,0.699127489440067,0.0112699484078034,0.691560832877855,0.0118064821360061,0.700779825693316,0.0127980089546411,0.7149820942717,0.0143196388592268
