"beta","beta_sd","omega","omega_sd","rho","rho_sd","conv_code","tau1","tau1_sd","tau2","tau2_sd","tau3","tau3_sd","tau4","tau4_sd","tau5","tau5_sd","tau6","tau6_sd"
3.60590623979251,0.0623400357930178,14.7883997905053,0.506332697065331,0.0521437970238012,0.0435446672531575,1,-0.0240793992740593,0.0397712637069626,0.664642282088553,0.021889493689293,0.672081767198565,0.0211175698860452,0.693215683427517,0.0223432189092626,0.691991070559935,0.0225473109004105,0.657207983434945,0.0235745918380304
