"beta","beta_sd","omega","omega_sd","rho","rho_sd","conv_code","tau1","tau1_sd","tau2","tau2_sd","tau3","tau3_sd","tau4","tau4_sd","tau5","tau5_sd","tau6","tau6_sd"
3.22444096219133,0.110192819071245,15.4171841273961,1.02588240690148,-0.898701793752691,0.00680809221194296,1,0.0457914998858728,0.0645368294519568,0.645695994892079,0.0371300180462989,0.650135018751945,0.0368118361685958,0.680090188440597,0.0373523079105305,0.678673567586486,0.0379992718756094,0.714039368957951,0.0380591720619794
