"beta","beta_sd","omega","omega_sd","rho","rho_sd","conv_code","tau1","tau1_sd","tau2","tau2_sd","tau3","tau3_sd","tau4","tau4_sd","tau5","tau5_sd","tau6","tau6_sd"
3.07349326415473,0.040315206536616,15.4360600116713,0.348960711293217,-0.294267180839501,0.0151504542123575,1,-0.00128716338269427,0.0278765940779961,0.691397182724347,0.0134711117916411,0.689290397550748,0.0131981881977511,0.687775862896242,0.0136831353450081,0.68823032961207,0.0142322803527709,0.69366985949414,0.0151496313141668
