"beta","beta_sd","omega","omega_sd","rho","rho_sd","conv_code","tau1","tau1_sd","tau2","tau2_sd","tau3","tau3_sd","tau4","tau4_sd","tau5","tau5_sd","tau6","tau6_sd"
3.6314279290265,0.0278611893989522,1.00507132151355,0.0243177595483547,0.6027960425048,0.0167780534390237,1,0.00643058519062583,0.0406477642816882,0.708104817881878,0.0208839086641717,0.707725147087067,0.0149599000356081,0.701298380592028,0.0129635258807208,0.687663957955754,0.0123676911155069,0.723015171111817,0.0124477762585375
