"beta","beta_sd","omega","omega_sd","rho","rho_sd","conv_code","tau1","tau1_sd","tau2","tau2_sd","tau3","tau3_sd","tau4","tau4_sd","tau5","tau5_sd","tau6","tau6_sd"
1.49863747396801,0.00910274748035419,0.0621366976361676,0.00132504793423439,-0.899606683169952,0.00152067931457136,1,0.0132200327968536,0.0198373670327918,0.689999705139614,0.0114512591013244,0.687116695151494,0.00963699912868673,0.694867794373293,0.00931225556300204,0.69259375098046,0.00985465738438112,0.692567686694297,0.010868473293287
