"beta","beta_sd","omega","omega_sd","rho","rho_sd","conv_code","tau1","tau1_sd","tau2","tau2_sd","tau3","tau3_sd","tau4","tau4_sd","tau5","tau5_sd","tau6","tau6_sd"
0.0923164235476229,0.0350632936912611,16.2342469842592,0.426774200256456,-0.301479283393436,0.0188602872587475,1,-0.014534379807635,0.0309618792407167,0.712440936750064,0.0147443878345551,0.694979272695189,0.0159688140035376,0.71754874355024,0.0172306325183141,0.695625764225112,0.0186211556151654,0.67902504296578,0.020389645945833
