"beta","beta_sd","omega","omega_sd","rho","rho_sd","conv_code","tau1","tau1_sd","tau2","tau2_sd","tau3","tau3_sd","tau4","tau4_sd","tau5","tau5_sd","tau6","tau6_sd"
-0.0119358486865157,0.0351510750222228,15.6280836842633,0.407684336716179,-0.89865343314827,0.00249963772524019,1,0.046802704230522,0.0397601639720045,0.686039140739713,0.0149451073109481,0.662485539539299,0.01555004328541,0.710334865544171,0.0160286482462643,0.676588896711681,0.0175457083731579,0.673988563530107,0.0187316946917958
