"beta","beta_sd","omega","omega_sd","rho","rho_sd","conv_code","tau1","tau1_sd","tau2","tau2_sd","tau3","tau3_sd","tau4","tau4_sd","tau5","tau5_sd","tau6","tau6_sd"
3.83541230036338,0.0446774880317965,0.0580374194515367,0.00504950213283792,-0.581328571765888,0.0124296508546232,1,0.00132364828100096,0.051209804096269,0.666218546711033,0.0310381243391019,0.683764975264719,0.0227858493324633,0.688900038745198,0.0191727616005948,0.669875911213437,0.0176630479403252,0.691250325206587,0.0173900685728857
