"beta","beta_sd","omega","omega_sd","rho","rho_sd","conv_code","tau1","tau1_sd","tau2","tau2_sd","tau3","tau3_sd","tau4","tau4_sd","tau5","tau5_sd","tau6","tau6_sd"
0.492725820987215,0.0110655670255146,0.986802752628611,0.0239358728676725,-0.00688900303775162,0.0250682825656057,1,-0.00588711676731473,0.025350098784822,0.68637610722226,0.011736301179753,0.682774897464195,0.0132646836212983,0.705253432054497,0.0156158634382883,0.689916590387843,0.018889530979676,0.714817319903453,0.0232747117471684
