"beta","beta_sd","omega","omega_sd","rho","rho_sd","conv_code","tau1","tau1_sd","tau2","tau2_sd","tau3","tau3_sd","tau4","tau4_sd","tau5","tau5_sd","tau6","tau6_sd"
1.00592353819431,0.0065388863114891,0.0663469960785689,0.00317400368064567,0.898826613806371,0.0017210481499616,1,0.0276494116036393,0.0277759465874536,0.69344870709216,0.00903133021119347,0.691453761111994,0.00762568748006477,0.693913291486236,0.00782409085007817,0.695831853164151,0.00912237797531738,0.691624818794346,0.0119367683826949
