"beta","beta_sd","omega","omega_sd","rho","rho_sd","conv_code","tau1","tau1_sd","tau2","tau2_sd","tau3","tau3_sd","tau4","tau4_sd","tau5","tau5_sd","tau6","tau6_sd"
0.884669141882403,0.0150573165932344,1.00817230527693,0.0283350416256225,-0.596755806219171,0.0112428155787009,1,-0.0174213723227053,0.0279755727010833,0.690235824344966,0.0148923499438007,0.663502118495278,0.0154396658110544,0.700189767486721,0.0170068076904708,0.691819400958469,0.0187633904624644,0.683503603138701,0.0212268866311891
