"beta","beta_sd","omega","omega_sd","rho","rho_sd","conv_code","tau1","tau1_sd","tau2","tau2_sd","tau3","tau3_sd","tau4","tau4_sd","tau5","tau5_sd","tau6","tau6_sd"
3.98446451922153,0.0562452686560553,16.8223263447015,0.459791499655148,-0.612684889481357,0.0111301855154572,1,-0.0124674169300546,0.0376220400843791,0.711062616208201,0.0180225912828753,0.708031357690319,0.0175215876500725,0.729193208279408,0.0174038884784825,0.698105653379487,0.0179359964682833,0.702371909511681,0.0186164171732448
