"beta","beta_sd","omega","omega_sd","rho","rho_sd","conv_code","tau1","tau1_sd","tau2","tau2_sd","tau3","tau3_sd","tau4","tau4_sd","tau5","tau5_sd","tau6","tau6_sd"
0.983768931233142,0.0197829935084292,0.983560499617712,0.0348693379074641,-0.372830162773657,0.0222453963411824,1,0.00758860168226763,0.0363790263684782,0.668861197333123,0.018695904621164,0.699360281523953,0.0196000974271693,0.671495410903874,0.0216866132727355,0.664486778461998,0.0244180763811429,0.65958591424476,0.028529097893428
