"beta","beta_sd","omega","omega_sd","rho","rho_sd","conv_code","tau1","tau1_sd","tau2","tau2_sd","tau3","tau3_sd","tau4","tau4_sd","tau5","tau5_sd","tau6","tau6_sd"
3.18470991727176,0.0193497762527128,0.0592972069450489,0.00380705395008066,0.305086364458885,0.0157103873382699,1,0.0118906656579713,0.0366243410531635,0.685404016786511,0.0202221047565357,0.677386374071193,0.0140173491399087,0.696089474701778,0.011557663615403,0.676529420077889,0.0110268270491011,0.702285737133561,0.0110171018665138
