"beta","beta_sd","omega","omega_sd","rho","rho_sd","conv_code","tau1","tau1_sd","tau2","tau2_sd","tau3","tau3_sd","tau4","tau4_sd","tau5","tau5_sd","tau6","tau6_sd"
2.80864208419363,0.0209039480192178,1.02938997596406,0.0203353051268903,-0.00903405899273348,0.0193015142464178,1,0.0227087710177299,0.0294370306818399,0.702630771575002,0.0154773747258459,0.694474706432372,0.0121098293766542,0.702484326091228,0.0112514242538627,0.684032909787762,0.0115465025515448,0.728388541043425,0.0119785565044743
