"beta","beta_sd","omega","omega_sd","rho","rho_sd","conv_code","tau1","tau1_sd","tau2","tau2_sd","tau3","tau3_sd","tau4","tau4_sd","tau5","tau5_sd","tau6","tau6_sd"
1.60350799326908,0.0167555134763467,0.0649757496078929,0.00209473408275593,-0.899325530627117,0.00232611798748813,1,0.0373625479810483,0.0257837447996166,0.668177048472792,0.0161296858146668,0.707749588907909,0.0141039184675439,0.693380757220063,0.0138994132975252,0.687832978245626,0.0145616499438716,0.698578355613023,0.0157980733797004
