"beta","beta_sd","omega","omega_sd","rho","rho_sd","conv_code","tau1","tau1_sd","tau2","tau2_sd","tau3","tau3_sd","tau4","tau4_sd","tau5","tau5_sd","tau6","tau6_sd"
3.17470137476355,0.0359887609334848,0.252552458157853,0.00912058138946789,-0.311683931410415,0.0206194756177322,1,-0.0363463266890355,0.0450273722094727,0.69345039294056,0.0258218146745531,0.683453141093083,0.0190092440242372,0.686087137336451,0.0169297077240141,0.696338299378896,0.0166173615101853,0.685717765096799,0.016812963884857
