"beta","beta_sd","omega","omega_sd","rho","rho_sd","conv_code","tau1","tau1_sd","tau2","tau2_sd","tau3","tau3_sd","tau4","tau4_sd","tau5","tau5_sd","tau6","tau6_sd"
0.501516783643093,0.0102365596515429,0.980202665558031,0.019477162037161,0.904418854417304,0.00267434699270213,1,-0.0146853535381378,0.0310095487956386,0.691609118696621,0.00813152633424447,0.700160116951978,0.00818085335242229,0.699798006567473,0.0095772229050882,0.696853774216199,0.0114889926149146,0.682731865841444,0.0142273477468625
