"beta","beta_sd","omega","omega_sd","rho","rho_sd","conv_code","tau1","tau1_sd","tau2","tau2_sd","tau3","tau3_sd","tau4","tau4_sd","tau5","tau5_sd","tau6","tau6_sd"
2.16099374218833,0.0394740350713443,15.9441118753121,0.401183047502642,-0.901362733784272,0.00238090982799255,1,-0.0762610500406756,0.0400930875445297,0.70616044947645,0.0153576023320109,0.695522200340074,0.0150683232831392,0.704843042467502,0.0151511986163571,0.697489684553761,0.0157817927367468,0.689312958628343,0.0170354369594647
