"beta","beta_sd","omega","omega_sd","rho","rho_sd","conv_code","tau1","tau1_sd","tau2","tau2_sd","tau3","tau3_sd","tau4","tau4_sd","tau5","tau5_sd","tau6","tau6_sd"
3.3128990001328,0.0208383653818373,1.00156518046261,0.0203777599395316,0.598939081192318,0.0146165591913264,1,0.024054803893789,0.0326156598229586,0.689409414065576,0.0165395940675733,0.708795289605839,0.0118101118507294,0.677362888727949,0.0104703755293276,0.705636155026018,0.010024601313608,0.69370312935814,0.0103376026093018
