"beta","beta_sd","omega","omega_sd","rho","rho_sd","conv_code","tau1","tau1_sd","tau2","tau2_sd","tau3","tau3_sd","tau4","tau4_sd","tau5","tau5_sd","tau6","tau6_sd"
0.794630500246603,0.00568198597666179,0.0609452668757767,0.00116231386224437,-0.899651799212206,0.00143984543205692,1,-0.00957783916321446,0.0162475217599254,0.693710491727415,0.00874545399332113,0.688396778449264,0.00815333557727048,0.678718016004823,0.00915393889159772,0.683715829104388,0.0112027039005822,0.699700782151112,0.0156611721506264
