"beta","beta_sd","omega","omega_sd","rho","rho_sd","conv_code","tau1","tau1_sd","tau2","tau2_sd","tau3","tau3_sd","tau4","tau4_sd","tau5","tau5_sd","tau6","tau6_sd"
2.077235385884,0.019017463903958,0.0603452811094753,0.00216506465128026,-0.590501239114638,0.00914433299090354,1,-0.0449990823831921,0.0330857998503134,0.699633784111369,0.0186605659512839,0.693854932200799,0.0139389866691053,0.678132821819149,0.0130560295396954,0.676734021178603,0.0134547454780217,0.68555781148319,0.0144527555951516
