"beta","beta_sd","omega","omega_sd","rho","rho_sd","conv_code","tau1","tau1_sd","tau2","tau2_sd","tau3","tau3_sd","tau4","tau4_sd","tau5","tau5_sd","tau6","tau6_sd"
3.56338300204883,0.0395784894778642,0.0672261082618789,0.00457622176110617,-0.601050277262817,0.0114551056420516,1,0.0551226971564893,0.0489944481645359,0.679039898964987,0.0289692383276169,0.704609869693332,0.0205481327584184,0.709836429185574,0.0175432413422048,0.709677163471711,0.0166998766481545,0.70760204966299,0.0167732039529719
