"beta","beta_sd","omega","omega_sd","rho","rho_sd","conv_code","tau1","tau1_sd","tau2","tau2_sd","tau3","tau3_sd","tau4","tau4_sd","tau5","tau5_sd","tau6","tau6_sd"
3.21874096913976,0.0416818535364242,15.3884105539027,0.361874954884891,0.899197651725925,0.00406584267194872,1,-0.0457254397077626,0.0417472451650804,0.694816974431918,0.0147405993708548,0.685464400258226,0.013802863491775,0.698972716180318,0.0136116946257672,0.705227059389902,0.0136384526831898,0.672220889007151,0.0145793585254468
