"beta","beta_sd","omega","omega_sd","rho","rho_sd","conv_code","tau1","tau1_sd","tau2","tau2_sd","tau3","tau3_sd","tau4","tau4_sd","tau5","tau5_sd","tau6","tau6_sd"
3.32043360213103,0.0215136052618969,0.259133370853795,0.00611723306452364,-0.285072966201293,0.0127606871093491,1,-0.00507792305719488,0.0325141570848289,0.71577548337547,0.0182271981600792,0.691259576530168,0.0132569267147917,0.703928618411625,0.0111186496902947,0.685330772262611,0.0106772452161085,0.71265630212997,0.0106175430143594
