"beta","beta_sd","omega","omega_sd","rho","rho_sd","conv_code","tau1","tau1_sd","tau2","tau2_sd","tau3","tau3_sd","tau4","tau4_sd","tau5","tau5_sd","tau6","tau6_sd"
3.44970725271371,0.036575669567892,1.04224475445069,0.0305761470744895,0.284353471281412,0.0347802907221004,1,0.00676654753799036,0.0445014548406137,0.700565010404696,0.0234785797048826,0.711775672751764,0.0171824781533756,0.722021601027717,0.0160829980232426,0.689345129951014,0.0163149660078094,0.708961313272577,0.0168023142877969
