"beta","beta_sd","omega","omega_sd","rho","rho_sd","conv_code","tau1","tau1_sd","tau2","tau2_sd","tau3","tau3_sd","tau4","tau4_sd","tau5","tau5_sd","tau6","tau6_sd"
1.3727185867132,0.0350550332906746,16.151577210323,0.402980280454778,0.0297782861070708,0.0277707947599378,1,-0.00456665724888342,0.0296953797454179,0.701237133750022,0.0142961370933614,0.689250073207783,0.0149300354952818,0.672093976173907,0.0162342557228329,0.702583293211012,0.0169490475808025,0.662829375419549,0.0182227828283513
