"beta","beta_sd","omega","omega_sd","rho","rho_sd","conv_code","tau1","tau1_sd","tau2","tau2_sd","tau3","tau3_sd","tau4","tau4_sd","tau5","tau5_sd","tau6","tau6_sd"
3.30693624120952,0.064040949655141,0.552845916202133,0.0247327079350566,-0.898816348950423,0.00416622276942553,1,0.0128793239292236,0.0477378926618829,0.681936678749711,0.0294572457173786,0.691429463508649,0.025928593733633,0.693388326407476,0.0241090693207747,0.722830980269496,0.0235563287508075,0.683111513836595,0.0237523608352802
