"beta","beta_sd","omega","omega_sd","rho","rho_sd","conv_code","tau1","tau1_sd","tau2","tau2_sd","tau3","tau3_sd","tau4","tau4_sd","tau5","tau5_sd","tau6","tau6_sd"
2.29433579616046,0.0141367749033595,0.990028517033845,0.0160726919731697,0.0291589801064028,0.0141897614107223,1,-0.0194001534581159,0.0226550419135984,0.70080115172886,0.0110905155181584,0.689318969308539,0.00901500275810232,0.684056306632696,0.00880495113748404,0.691791866126244,0.00915907399593305,0.699155803409551,0.00982122706731003
