"beta","beta_sd","omega","omega_sd","rho","rho_sd","conv_code","tau1","tau1_sd","tau2","tau2_sd","tau3","tau3_sd","tau4","tau4_sd","tau5","tau5_sd","tau6","tau6_sd"
0.5052072730462,0.00515308495717713,0.0629517374711433,0.00167480697391502,0.0059625931704938,0.0157246008766179,1,0.00013140917645062,0.0170911118302491,0.699050673399328,0.00755433540067907,0.688519208925577,0.0092310632723857,0.716772358082375,0.0136514029033356,0.715615328276391,0.0233817116065423,0.620549161354277,0.0550220013084804
