"beta","beta_sd","omega","omega_sd","rho","rho_sd","conv_code","tau1","tau1_sd","tau2","tau2_sd","tau3","tau3_sd","tau4","tau4_sd","tau5","tau5_sd","tau6","tau6_sd"
2.42295740809531,0.0370655871354904,15.7654193476113,0.353909841997094,-0.307998744145204,0.0147601704699734,1,0.0192888609868373,0.02817135244066,0.699482065765742,0.0132802631966526,0.692085976168492,0.013143595390291,0.707597769651355,0.0134987944075448,0.70402282564346,0.014041526811465,0.704745766414101,0.0150239300582952
