"beta","beta_sd","omega","omega_sd","rho","rho_sd","conv_code","tau1","tau1_sd","tau2","tau2_sd","tau3","tau3_sd","tau4","tau4_sd","tau5","tau5_sd","tau6","tau6_sd"
0.587592973349011,0.011382114069606,0.997461265076917,0.0237814081862705,0.0224141572032502,0.0251703644436605,1,-0.0379938174567196,0.0255715075070877,0.691388141493046,0.011651945652075,0.691305289496145,0.0130009516980707,0.688286935676584,0.0155150780171875,0.662598368101453,0.0185151610848684,0.674886648308068,0.021502179913637
