"beta","beta_sd","omega","omega_sd","rho","rho_sd","conv_code","tau1","tau1_sd","tau2","tau2_sd","tau3","tau3_sd","tau4","tau4_sd","tau5","tau5_sd","tau6","tau6_sd"
3.20189093995193,0.0255067234283549,0.0637045258324032,0.00473837178751614,0.280430774720146,0.0201188789903426,1,0.00350930420665865,0.0437436468489278,0.688456988338465,0.0247678328177055,0.72265743511746,0.0172575954065234,0.681296404437054,0.014423295678399,0.692185533701274,0.0137420511372922,0.690551024997706,0.0140694126734225
