"beta","beta_sd","omega","omega_sd","rho","rho_sd","conv_code","tau1","tau1_sd","tau2","tau2_sd","tau3","tau3_sd","tau4","tau4_sd","tau5","tau5_sd","tau6","tau6_sd"
1.71376971346736,0.0168129095362088,1.01718845685099,0.0250831873917856,0.902320359338358,0.00316996069781998,1,0.0554844232451109,0.0386385370344688,0.701228089637047,0.0143468984050691,0.680385211661176,0.0130326318711948,0.697180433152635,0.0124160217349116,0.688943255582106,0.0132548259297477,0.710222336175536,0.0149770636491643
