"beta","beta_sd","omega","omega_sd","rho","rho_sd","conv_code","tau1","tau1_sd","tau2","tau2_sd","tau3","tau3_sd","tau4","tau4_sd","tau5","tau5_sd","tau6","tau6_sd"
1.61306175982228,0.037075487683198,15.9755900552265,0.42610592755427,-0.602667119723796,0.0107728536928624,1,-0.0641234395498014,0.0344119541979453,0.69780995601359,0.0157915734399669,0.712061770662827,0.0162447023678921,0.693942302652744,0.0175049213586953,0.708420767382115,0.0177964693285315,0.701115670101543,0.0187700248509193
