"beta","beta_sd","omega","omega_sd","rho","rho_sd","conv_code","tau1","tau1_sd","tau2","tau2_sd","tau3","tau3_sd","tau4","tau4_sd","tau5","tau5_sd","tau6","tau6_sd"
1.88445305114741,0.03527474842363,15.9143447290259,0.360980951940403,-0.302749911063721,0.0151674060711402,1,0.0326347023185746,0.0266231207473785,0.686263773250703,0.0127253738838856,0.706037267460363,0.0130264960685035,0.688607913547085,0.0139769988372352,0.681353600745018,0.0146291807346563,0.693497622004564,0.0155451507039414
