"beta","beta_sd","omega","omega_sd","rho","rho_sd","conv_code","tau1","tau1_sd","tau2","tau2_sd","tau3","tau3_sd","tau4","tau4_sd","tau5","tau5_sd","tau6","tau6_sd"
3.62380978684138,0.0504134364146226,15.8281482941955,0.407196705226043,-0.899422152345812,0.00251050577206461,1,-0.0310151374476192,0.0430017297422403,0.709383230934257,0.0165817803802376,0.712087762123654,0.0156669598176099,0.713037006514483,0.0155092772729951,0.68822679626334,0.0160745491672903,0.668382999787173,0.016900492191464
