"beta","beta_sd","omega","omega_sd","rho","rho_sd","conv_code","tau1","tau1_sd","tau2","tau2_sd","tau3","tau3_sd","tau4","tau4_sd","tau5","tau5_sd","tau6","tau6_sd"
2.38323351678416,0.0129109612056966,0.0502313767848347,0.00448684638763601,0.900492861413102,0.00163036261834058,1,-0.0299205403841652,0.0329876091783107,0.688433868637038,0.0133061224924589,0.699982091194343,0.0101133623338589,0.683391321847024,0.00905462727166636,0.689608756187155,0.00856572978791212,0.685875464585014,0.00894183602574722
