"beta","beta_sd","omega","omega_sd","rho","rho_sd","conv_code","tau1","tau1_sd","tau2","tau2_sd","tau3","tau3_sd","tau4","tau4_sd","tau5","tau5_sd","tau6","tau6_sd"
3.53651747058659,0.0254579366960781,0.578887803113968,0.0126497878118921,-0.324790929120512,0.0131655240417586,1,-0.00740651012149641,0.0336103391920408,0.726634628749186,0.0186247445129326,0.671214865582213,0.0137890073777538,0.702083816131473,0.0117094911675853,0.707375888803557,0.01129576229931,0.698629797390829,0.0114481025908764
