"beta","beta_sd","omega","omega_sd","rho","rho_sd","conv_code","tau1","tau1_sd","tau2","tau2_sd","tau3","tau3_sd","tau4","tau4_sd","tau5","tau5_sd","tau6","tau6_sd"
1.29627654658976,0.00646375214821884,0.0620793746153196,0.00179904512832023,0.597483590674794,0.00774433877401727,1,-0.0368355067164711,0.0220536614383128,0.70280969991306,0.00978775733975871,0.691190716218751,0.00749483026680774,0.690830656162018,0.00749977039720352,0.690279625214604,0.0085049476180682,0.704055603235944,0.00973794565786665
