"beta","beta_sd","omega","omega_sd","rho","rho_sd","conv_code","tau1","tau1_sd","tau2","tau2_sd","tau3","tau3_sd","tau4","tau4_sd","tau5","tau5_sd","tau6","tau6_sd"
3.09397058851247,0.0222989355094894,0.245888368992645,0.00666899224461284,0.0182243011366803,0.0193148380551722,1,-0.00967009482332571,0.0353240537818471,0.704997727625264,0.0196548073928822,0.690703523155211,0.0141253181834457,0.685642742200385,0.0121493107101088,0.696505851360214,0.0117839635102115,0.696317872623494,0.0119104828491439
