"beta","beta_sd","omega","omega_sd","rho","rho_sd","conv_code","tau1","tau1_sd","tau2","tau2_sd","tau3","tau3_sd","tau4","tau4_sd","tau5","tau5_sd","tau6","tau6_sd"
0.150148725967676,0.0342356269085599,15.5700097190335,0.385489861696145,0.332140023288654,0.035172334563788,1,0.0135128778209558,0.03025900882272,0.678123220081456,0.0138289944828024,0.684008912241777,0.0149893146329453,0.673702280535768,0.0161736217974257,0.715575465806128,0.0167426410951717,0.669224343824966,0.0188456716067818
