"beta","beta_sd","omega","omega_sd","rho","rho_sd","conv_code","tau1","tau1_sd","tau2","tau2_sd","tau3","tau3_sd","tau4","tau4_sd","tau5","tau5_sd","tau6","tau6_sd"
2.82163642989809,0.0177500123830602,1.02591194348113,0.018249267735973,0.00028054083699072,0.0155225004441301,1,-0.0245055200652013,0.02627228973646,0.714548945737741,0.013386523297561,0.691883856109662,0.0104227799030027,0.695666365105301,0.00961754385803102,0.682170785612205,0.00968972707561304,0.700663101671162,0.0100622167652704
