"beta","beta_sd","omega","omega_sd","rho","rho_sd","conv_code","tau1","tau1_sd","tau2","tau2_sd","tau3","tau3_sd","tau4","tau4_sd","tau5","tau5_sd","tau6","tau6_sd"
3.08406193037093,0.0252809755674126,0.565035326635383,0.0129939450057204,-0.275056059603926,0.0157199134204569,1,-0.0170277108247931,0.0350459690066525,0.692400906117074,0.0196267046083162,0.702920384784194,0.0144667226707475,0.678376052258461,0.012803856247571,0.69250554254227,0.0123711592456708,0.694493781515636,0.0125575503203363
