"beta","beta_sd","omega","omega_sd","rho","rho_sd","conv_code","tau1","tau1_sd","tau2","tau2_sd","tau3","tau3_sd","tau4","tau4_sd","tau5","tau5_sd","tau6","tau6_sd"
1.19180712785112,0.00613080296062782,0.0607957946207122,0.00127356855749221,0.019518294220374,0.011240684544596,1,-0.0186434218640055,0.0181020633521553,0.707169912941096,0.0089714404657627,0.681598125090205,0.00720831670638959,0.68077647290299,0.00783709300182237,0.688267843240718,0.00886430738231857,0.679600868331932,0.010572700959955
