"beta","beta_sd","omega","omega_sd","rho","rho_sd","conv_code","tau1","tau1_sd","tau2","tau2_sd","tau3","tau3_sd","tau4","tau4_sd","tau5","tau5_sd","tau6","tau6_sd"
3.69438260518345,0.0335318890390276,0.24825224497792,0.00782916786471465,-0.611126355339054,0.00940194818473652,1,-0.0491342273004411,0.042856803851407,0.693301310252523,0.0244562900618267,0.72479330279107,0.0172986239769007,0.691359654406128,0.0151332796210466,0.679034973422866,0.014212704777287,0.702699907693415,0.014053723265855
