"beta","beta_sd","omega","omega_sd","rho","rho_sd","conv_code","tau1","tau1_sd","tau2","tau2_sd","tau3","tau3_sd","tau4","tau4_sd","tau5","tau5_sd","tau6","tau6_sd"
1.20114943227927,0.0372225103797486,16.3573001847199,0.515198244837231,0.340307430838438,0.051439639962288,1,0.0376109806281411,0.039266854673315,0.691294657012567,0.0187685398661583,0.666184619326766,0.0201181894395311,0.703848329468084,0.0206233723642378,0.721782238891887,0.0215946361554104,0.677046128860079,0.0240324740005103
