"beta","beta_sd","omega","omega_sd","rho","rho_sd","conv_code","tau1","tau1_sd","tau2","tau2_sd","tau3","tau3_sd","tau4","tau4_sd","tau5","tau5_sd","tau6","tau6_sd"
3.32494862839434,0.0740342117630687,15.5754881533774,0.671822137523361,-0.615268529081294,0.0175028623980605,1,0.0163853579468434,0.0483285062246507,0.707222242238609,0.0256495117749025,0.702386453410493,0.0256450581172986,0.661708664862969,0.0267382547402793,0.722896654696671,0.02656422151715,0.67112537155587,0.027904613555782
