"beta","beta_sd","omega","omega_sd","rho","rho_sd","conv_code","tau1","tau1_sd","tau2","tau2_sd","tau3","tau3_sd","tau4","tau4_sd","tau5","tau5_sd","tau6","tau6_sd"
2.97087721407549,0.039890852146219,15.8134780139974,0.353858820736328,-0.301456390225313,0.0151182569460341,1,-0.0214435208308298,0.0279981415339506,0.698664269856388,0.0133526266804681,0.675663054904273,0.013302000459506,0.697274893006123,0.0135387546694436,0.681068717012925,0.0143011978051889,0.70344319056524,0.0149501087910183
