"beta","beta_sd","omega","omega_sd","rho","rho_sd","conv_code","tau1","tau1_sd","tau2","tau2_sd","tau3","tau3_sd","tau4","tau4_sd","tau5","tau5_sd","tau6","tau6_sd"
3.19519144215335,0.0273963065796653,1.00687780129243,0.0219960151438473,-0.898692736214019,0.00203216097597825,1,-0.00743579358088737,0.0338692094754077,0.698431430143943,0.0172891189846959,0.696769692976203,0.0138527017957059,0.693591037463428,0.0124537077370458,0.689243511934943,0.0119913817937847,0.689074903710458,0.0124189325535434
