"beta","beta_sd","omega","omega_sd","rho","rho_sd","conv_code","tau1","tau1_sd","tau2","tau2_sd","tau3","tau3_sd","tau4","tau4_sd","tau5","tau5_sd","tau6","tau6_sd"
2.07434105839997,0.0137697454834169,0.0583078974401936,0.00242189659735414,0.313036244917891,0.0163648879275327,1,-0.0455823881572419,0.0340336120936826,0.701474278260463,0.0177126556919809,0.690607607725773,0.0123647143622592,0.673204781828902,0.0112157857272964,0.690772179725429,0.0112208463056505,0.664461108452703,0.0123040170730316
