"beta","beta_sd","omega","omega_sd","rho","rho_sd","conv_code","tau1","tau1_sd","tau2","tau2_sd","tau3","tau3_sd","tau4","tau4_sd","tau5","tau5_sd","tau6","tau6_sd"
2.79266487473229,0.0272574125422871,0.985679588135529,0.0230869430585604,-0.897078044345674,0.00230978865187593,1,-0.0228762649821839,0.035567709473653,0.703595670624013,0.0175686959767394,0.688287140222369,0.0148198552709305,0.68333205175475,0.0137590112542473,0.684077088664785,0.0134293091438732,0.693545590590515,0.0139646286801012
