"beta","beta_sd","omega","omega_sd","rho","rho_sd","conv_code","tau1","tau1_sd","tau2","tau2_sd","tau3","tau3_sd","tau4","tau4_sd","tau5","tau5_sd","tau6","tau6_sd"
1.41055961630548,0.0390998574542991,16.5157435383593,0.498829208429349,0.902315335235191,0.00570321987240898,1,-0.00414523761460581,0.0529087909682132,0.717002392249149,0.0201144231269007,0.70303773718348,0.0194518204638113,0.712554828218861,0.018917238875417,0.722935834039714,0.0206436592358924,0.701077432363222,0.0229372282208639
