"beta","beta_sd","omega","omega_sd","rho","rho_sd","conv_code","tau1","tau1_sd","tau2","tau2_sd","tau3","tau3_sd","tau4","tau4_sd","tau5","tau5_sd","tau6","tau6_sd"
3.30385018088786,0.030212290652185,0.559690831920537,0.017356612416885,0.591178600830119,0.0182242703864378,1,0.0287461875424541,0.0484299230225848,0.693482888458171,0.0250881944289742,0.706104943541445,0.0175902002388972,0.678866062149302,0.0155281197764943,0.695131710004349,0.0144623817703348,0.706538696369631,0.0151816837206367
