"beta","beta_sd","omega","omega_sd","rho","rho_sd","conv_code","tau1","tau1_sd","tau2","tau2_sd","tau3","tau3_sd","tau4","tau4_sd","tau5","tau5_sd","tau6","tau6_sd"
1.59946510030481,0.0367557239147716,15.8240644915807,0.428288281090867,0.616333575196743,0.0356758619504698,1,0.0575392829458495,0.0400739183721718,0.672713690026576,0.0183362721565786,0.709489430895893,0.0172678808091059,0.705036042004548,0.0188179584595022,0.707796202501925,0.0191192662537534,0.639743908839257,0.0214880878039718
