"beta","beta_sd","omega","omega_sd","rho","rho_sd","conv_code","tau1","tau1_sd","tau2","tau2_sd","tau3","tau3_sd","tau4","tau4_sd","tau5","tau5_sd","tau6","tau6_sd"
0.51237007701467,0.00978198744415829,0.989917231786623,0.0159216590851417,-0.595793206674187,0.00557965411374056,1,0.0254756640024944,0.0202217615419979,0.685814758913514,0.00786912649655627,0.690779610575583,0.00864711763745276,0.683903105867039,0.0102749283080533,0.694329393639432,0.0124092435950702,0.686134490838211,0.0155449407619335
