"beta","beta_sd","omega","omega_sd","rho","rho_sd","conv_code","tau1","tau1_sd","tau2","tau2_sd","tau3","tau3_sd","tau4","tau4_sd","tau5","tau5_sd","tau6","tau6_sd"
2.5726583410882,0.0396531309887785,15.6457968081882,0.381275586916667,0.0205694555941794,0.027668737618089,1,0.0328346432114233,0.0309977255360002,0.688898228549414,0.0148027174194214,0.663368278139118,0.0152757455420464,0.712633123133763,0.0154211264400924,0.684236054534053,0.0164692576990723,0.708047485350489,0.0173002136857705
