"beta","beta_sd","omega","omega_sd","rho","rho_sd","conv_code","tau1","tau1_sd","tau2","tau2_sd","tau3","tau3_sd","tau4","tau4_sd","tau5","tau5_sd","tau6","tau6_sd"
2.01584556013208,0.0419699819495576,16.1304675734724,0.506256682252074,0.242550570217385,0.0491686487644144,1,0.0259451558733166,0.0387097491865246,0.713691822304853,0.0186159081865424,0.663535464961466,0.0198767381675558,0.713884063570262,0.0205839169348684,0.719276026378922,0.021831783689799,0.680441855267461,0.0235536681911907
