"beta","beta_sd","omega","omega_sd","rho","rho_sd","conv_code","tau1","tau1_sd","tau2","tau2_sd","tau3","tau3_sd","tau4","tau4_sd","tau5","tau5_sd","tau6","tau6_sd"
3.18989886316922,0.029839781896836,0.24608545526348,0.00717312548926574,-0.89866204106697,0.00231101086334009,1,-0.0524471090577977,0.0366709633053573,0.735675782276686,0.0203337347746901,0.673111804453463,0.0167072728184458,0.694819347857945,0.0144321397602204,0.684744439633471,0.0138905436718946,0.678452653682017,0.0139039304600804
