"beta","beta_sd","omega","omega_sd","rho","rho_sd","conv_code","tau1","tau1_sd","tau2","tau2_sd","tau3","tau3_sd","tau4","tau4_sd","tau5","tau5_sd","tau6","tau6_sd"
0.810260446050463,0.010585812462519,0.97156233005782,0.0196517637767362,0.896463420477871,0.00294013699777757,1,-0.0125062574596531,0.0310890565403669,0.685642486643957,0.00948579029554882,0.689068309387378,0.00929516379383762,0.70602727188424,0.0100960940246248,0.705957374764768,0.0116318008190307,0.689607786591448,0.0145074364136283
