"beta","beta_sd","omega","omega_sd","rho","rho_sd","conv_code","tau1","tau1_sd","tau2","tau2_sd","tau3","tau3_sd","tau4","tau4_sd","tau5","tau5_sd","tau6","tau6_sd"
3.68342040161847,0.0257273156163043,0.0583247912501672,0.00639354321265233,0.59826461457642,0.010449860924267,1,-0.0190469819535528,0.0420452124025748,0.702057652979917,0.0228553066283023,0.667645369068398,0.0169483259735238,0.69796263955285,0.0136685825795468,0.704079205862371,0.0121109853635815,0.69277853445898,0.012032273141216
