"beta","beta_sd","omega","omega_sd","rho","rho_sd","conv_code","tau1","tau1_sd","tau2","tau2_sd","tau3","tau3_sd","tau4","tau4_sd","tau5","tau5_sd","tau6","tau6_sd"
0.49181599452657,0.00566234991424385,0.060499229683994,0.00158573851974558,-0.588385056054948,0.0079311746047165,1,-0.0189541507156058,0.0170037111950313,0.678697855428415,0.00952858157061116,0.689348826836799,0.0106963140018054,0.700154816654967,0.01430444671191,0.679773148653329,0.0239763621927895,0.702103421969365,0.0501018683684133
