"beta","beta_sd","omega","omega_sd","rho","rho_sd","conv_code","tau1","tau1_sd","tau2","tau2_sd","tau3","tau3_sd","tau4","tau4_sd","tau5","tau5_sd","tau6","tau6_sd"
3.12543973918152,0.0224357300692436,0.0740133211362841,0.00818253699437224,0.901225745933735,0.00199279119442501,1,-0.0502164778571125,0.0421121118619505,0.709479529654443,0.0190222611541699,0.720066614500029,0.0140507943651517,0.689423200447936,0.0124625143762969,0.702968138493483,0.0115114128500552,0.697905274402678,0.0116967910988432
