"beta","beta_sd","omega","omega_sd","rho","rho_sd","conv_code","tau1","tau1_sd","tau2","tau2_sd","tau3","tau3_sd","tau4","tau4_sd","tau5","tau5_sd","tau6","tau6_sd"
2.89717441211181,0.0151671854882625,0.0637864040596015,0.00351540600162399,0.605959606235942,0.00802486609055486,1,0.0287035105059123,0.0310696740011183,0.680318422059725,0.0162184632584947,0.691245428854903,0.0115965823709216,0.687362589651516,0.00973035166007248,0.686922538399463,0.00909863978114597,0.696232102176006,0.00914864017974508
