"beta","beta_sd","omega","omega_sd","rho","rho_sd","conv_code","tau1","tau1_sd","tau2","tau2_sd","tau3","tau3_sd","tau4","tau4_sd","tau5","tau5_sd","tau6","tau6_sd"
0.237192426832986,0.0335302950790874,15.4467576568878,0.35223544531308,0.316449441804854,0.0248880454814904,1,0.0494343748105995,0.0269375775261615,0.685217825632819,0.0118507647139664,0.680287207871915,0.0127785543311278,0.699260508839366,0.0137103399440762,0.70911384224619,0.0145861705630783,0.676852043186448,0.0160920886605105
