"beta","beta_sd","omega","omega_sd","rho","rho_sd","conv_code","tau1","tau1_sd","tau2","tau2_sd","tau3","tau3_sd","tau4","tau4_sd","tau5","tau5_sd","tau6","tau6_sd"
1.69247815703807,0.0120679819643053,0.969542082420134,0.0190868053042443,0.899160150853705,0.00259657254550782,1,0.0210586923114577,0.0311629673987576,0.685787105018101,0.0101445941643889,0.681311009188522,0.00870517329100558,0.685828768405488,0.00854859444601755,0.698891193153638,0.00895336845633544,0.676757037954794,0.0101526811961526
