"beta","beta_sd","omega","omega_sd","rho","rho_sd","conv_code","tau1","tau1_sd","tau2","tau2_sd","tau3","tau3_sd","tau4","tau4_sd","tau5","tau5_sd","tau6","tau6_sd"
0.808427989867173,0.00998097678503745,1.00702363807608,0.0173801946288891,0.564397271811087,0.0174705030724596,1,0.0167027447532254,0.0226616282086647,0.696190711149406,0.00828537710624803,0.690569184536818,0.00863749374611709,0.698822993864822,0.0100647359637017,0.707069650910299,0.0122675211823189,0.683761292595573,0.0148713570830468
