"beta","beta_sd","omega","omega_sd","rho","rho_sd","conv_code","tau1","tau1_sd","tau2","tau2_sd","tau3","tau3_sd","tau4","tau4_sd","tau5","tau5_sd","tau6","tau6_sd"
2.09610830979861,0.013976246105289,0.997635728635408,0.0205351630059073,0.900683331200008,0.00251327062893934,1,-0.0289622520026434,0.0328519590686571,0.714723827280773,0.0111183133149483,0.668226004412257,0.00961577598661066,0.695550201231815,0.00880284843218475,0.695585861688626,0.00902119048829755,0.677443360326041,0.00990765217587117
