"beta","beta_sd","omega","omega_sd","rho","rho_sd","conv_code","tau1","tau1_sd","tau2","tau2_sd","tau3","tau3_sd","tau4","tau4_sd","tau5","tau5_sd","tau6","tau6_sd"
3.35239421741579,0.04097591205489,15.6390718866125,0.343440988420888,-0.0227966995094048,0.0204511025626788,1,-0.0119736227445367,0.0274436004686256,0.687566426729715,0.0131316626436138,0.681398049661643,0.0128671583316356,0.691496444171301,0.0131790758894889,0.694654589708575,0.0138101433569569,0.683111773239864,0.0147093632792174
