"beta","beta_sd","omega","omega_sd","rho","rho_sd","conv_code","tau1","tau1_sd","tau2","tau2_sd","tau3","tau3_sd","tau4","tau4_sd","tau5","tau5_sd","tau6","tau6_sd"
1.19477605968801,0.0107421959915552,1.01057276184633,0.0189169023234043,0.898793288729051,0.00269795030109246,1,0.00462672022689055,0.0294418041503799,0.68200397219036,0.00882010605972961,0.695824825425075,0.00825096985519285,0.694196683900468,0.00858738994521324,0.704057751026909,0.00947934161938506,0.694475381487619,0.0110853754289146
