"beta","beta_sd","omega","omega_sd","rho","rho_sd","conv_code","tau1","tau1_sd","tau2","tau2_sd","tau3","tau3_sd","tau4","tau4_sd","tau5","tau5_sd","tau6","tau6_sd"
2.51292335231519,0.0123587285810038,0.0628100381487218,0.00281406994297816,0.606108142357837,0.00768258199702257,1,-0.0170515960272408,0.0289038081957014,0.717565783891714,0.0142177190754597,0.686959645602303,0.0102194801113947,0.701372271147715,0.00874583346932764,0.686981048205824,0.008509317956707,0.682732007729782,0.00873105355225933
