"beta","beta_sd","omega","omega_sd","rho","rho_sd","conv_code","tau1","tau1_sd","tau2","tau2_sd","tau3","tau3_sd","tau4","tau4_sd","tau5","tau5_sd","tau6","tau6_sd"
3.43450452092261,0.115485916335447,14.6776136344674,0.969695807781106,-0.894027145927613,0.00701149904423848,1,0.0894537111170451,0.0655549556060975,0.64094845220426,0.0371856645999543,0.661106275796805,0.036804043133845,0.636239780656039,0.036834300546737,0.675797585970624,0.0373194620852538,0.654921308766009,0.0378750418015093
