"beta","beta_sd","omega","omega_sd","rho","rho_sd","conv_code","tau1","tau1_sd","tau2","tau2_sd","tau3","tau3_sd","tau4","tau4_sd","tau5","tau5_sd","tau6","tau6_sd"
0.596687391898348,0.00508500601505711,0.0632693262440503,0.00123257184768244,-0.899653737186063,0.00146192605012067,1,-0.0186848691333663,0.0160126167511995,0.695098110923481,0.00825108225900035,0.690550909118504,0.00824282955634924,0.705958451637284,0.00960107998108823,0.707214216853452,0.0133083837373034,0.70993503102293,0.0215534752066056
