"beta","beta_sd","omega","omega_sd","rho","rho_sd","conv_code","tau1","tau1_sd","tau2","tau2_sd","tau3","tau3_sd","tau4","tau4_sd","tau5","tau5_sd","tau6","tau6_sd"
3.1106438018547,0.0227801116322177,1.00337616118295,0.0215655707134771,0.330423468991268,0.0252323470979973,1,-0.00082762624733128,0.0331805827415263,0.694069781114799,0.0170749141776918,0.704260523741383,0.0126378956408897,0.685720384744435,0.0116557613578728,0.687884983877953,0.0117455636250052,0.712719941616138,0.0119722398983607
