"beta","beta_sd","omega","omega_sd","rho","rho_sd","conv_code","tau1","tau1_sd","tau2","tau2_sd","tau3","tau3_sd","tau4","tau4_sd","tau5","tau5_sd","tau6","tau6_sd"
3.70766160249319,0.0253794770800774,0.572068594682767,0.0132659416912372,0.00176362510502882,0.0192845996598004,1,0.00217425635504891,0.0338430535064074,0.690389560578313,0.0193769718379474,0.699595354430521,0.0139981997114756,0.686309925835927,0.0118041337240798,0.682379379614592,0.0112726940122964,0.692150093658235,0.011226084762371
