"beta","beta_sd","omega","omega_sd","rho","rho_sd","conv_code","tau1","tau1_sd","tau2","tau2_sd","tau3","tau3_sd","tau4","tau4_sd","tau5","tau5_sd","tau6","tau6_sd"
3.15511823442887,0.064471012284049,16.3722437652997,0.632969465984362,-0.330130715607795,0.029028352896517,1,0.0204797958850161,0.0418480988942585,0.721623249391576,0.023105560153154,0.70362432916767,0.0235213526102268,0.671411889024431,0.0248276968821734,0.7333502157657,0.0246756202402184,0.685415036994613,0.0257357964626318
