"beta","beta_sd","omega","omega_sd","rho","rho_sd","conv_code","tau1","tau1_sd","tau2","tau2_sd","tau3","tau3_sd","tau4","tau4_sd","tau5","tau5_sd","tau6","tau6_sd"
0.508074323784505,0.0107747494523874,1.00038764398289,0.0210092412541947,0.9020709220755,0.00292540728714372,1,0.0549592033046752,0.032933565602942,0.691617736978805,0.00936373016874457,0.686488259784615,0.0095133989569797,0.689273489176816,0.0109053986682112,0.698237942222557,0.0131450660562142,0.70515304020179,0.0162265346244954
