"beta","beta_sd","omega","omega_sd","rho","rho_sd","conv_code","tau1","tau1_sd","tau2","tau2_sd","tau3","tau3_sd","tau4","tau4_sd","tau5","tau5_sd","tau6","tau6_sd"
3.84470835532769,0.04757692736216,15.7429573084763,0.3742245063025,-0.603919966822061,0.008680727835908,1,0.0111852149528249,0.0317855175526906,0.689144697631274,0.0149449125770537,0.673784850465499,0.0144685459489461,0.670601164502943,0.0149243906867111,0.687993464567445,0.0150174922881213,0.679936919171983,0.0156193194045989
