"beta","beta_sd","omega","omega_sd","rho","rho_sd","conv_code","tau1","tau1_sd","tau2","tau2_sd","tau3","tau3_sd","tau4","tau4_sd","tau5","tau5_sd","tau6","tau6_sd"
0.901569791944111,0.00559150343017332,0.0618410626436724,0.00113812300557002,-0.605180880365452,0.00513303945901977,1,-0.000273643361790665,0.0157332767721259,0.698667048873428,0.00817413097497268,0.698460918663534,0.00727023682015237,0.701606780489667,0.00837317193165914,0.692289848818318,0.0104513594403716,0.66377177798206,0.0150762436639586
