"beta","beta_sd","omega","omega_sd","rho","rho_sd","conv_code","tau1","tau1_sd","tau2","tau2_sd","tau3","tau3_sd","tau4","tau4_sd","tau5","tau5_sd","tau6","tau6_sd"
3.48379078351923,0.0261345355315805,0.986148943327999,0.0228894246651388,0.608664282587161,0.0160493589849967,1,0.00624759441287828,0.0389460867116417,0.701206856523683,0.0199382857803712,0.686285416952828,0.0145822554371317,0.689389859534467,0.0126350916462805,0.699837149122986,0.0119732031202999,0.681755447528374,0.012471992632281
