"beta","beta_sd","omega","omega_sd","rho","rho_sd","conv_code","tau1","tau1_sd","tau2","tau2_sd","tau3","tau3_sd","tau4","tau4_sd","tau5","tau5_sd","tau6","tau6_sd"
3.02403991950405,0.0182068362220079,0.0673462940085185,0.00664761957267986,0.90033067992794,0.00180276442643911,1,0.0550697097538828,0.0367437907675633,0.685428850619644,0.0159947477156212,0.712041667073852,0.012052127626321,0.704800497497277,0.0105324944626601,0.692825462856345,0.00987156226003478,0.688484483942223,0.00991319972908818
