"beta","beta_sd","omega","omega_sd","rho","rho_sd","conv_code","tau1","tau1_sd","tau2","tau2_sd","tau3","tau3_sd","tau4","tau4_sd","tau5","tau5_sd","tau6","tau6_sd"
2.01224721407223,0.0410550847984163,1.02457629583892,0.043098843007375,-0.898415558691014,0.00410070579616012,2,0.0124915472065581,0.0382572333850823,0.693836669377869,0.0238428639149184,0.704179690461082,0.0224400021696855,0.719955090523704,0.0226429228051466,0.695043495494747,0.0233139672139049,0.689324241236702,0.0241136631073965
