"beta","beta_sd","omega","omega_sd","rho","rho_sd","conv_code","tau1","tau1_sd","tau2","tau2_sd","tau3","tau3_sd","tau4","tau4_sd","tau5","tau5_sd","tau6","tau6_sd"
0.718069461632005,0.0100608983965076,1.01129460873337,0.01699527203055,-0.0414605091858886,0.0150106368397522,1,-0.0143539182766522,0.0206469668082529,0.706483066307718,0.00836370865546316,0.716939657768604,0.00917884033019238,0.689407807793014,0.0109600602465489,0.704462934301427,0.0129872651742321,0.678707695163594,0.0159846729770543
