"beta","beta_sd","omega","omega_sd","rho","rho_sd","conv_code","tau1","tau1_sd","tau2","tau2_sd","tau3","tau3_sd","tau4","tau4_sd","tau5","tau5_sd","tau6","tau6_sd"
1.72192773694272,0.0351085832012354,1.03963844379049,0.0430945899037184,-0.904262288468067,0.00385436595868248,1,-0.024575105251016,0.0383620868897428,0.700663784984068,0.0231260870177587,0.717901925537735,0.0221639250061463,0.701785898021515,0.0224109436446214,0.727608783715327,0.0230382734666519,0.705337866557576,0.0243094288861247
