"beta","beta_sd","omega","omega_sd","rho","rho_sd","conv_code","tau1","tau1_sd","tau2","tau2_sd","tau3","tau3_sd","tau4","tau4_sd","tau5","tau5_sd","tau6","tau6_sd"
3.37629468235068,0.0360327916546556,0.991331869324713,0.0259589344237036,-0.899524540384712,0.00252162162569635,1,-0.0310999275663854,0.0401836661564726,0.658835048111863,0.0216875897154165,0.714039311690027,0.0170165063399733,0.699647677802272,0.0153976287088481,0.691608395729327,0.0148243171027419,0.672655973458064,0.0152871979578461
