"beta","beta_sd","omega","omega_sd","rho","rho_sd","conv_code","tau1","tau1_sd","tau2","tau2_sd","tau3","tau3_sd","tau4","tau4_sd","tau5","tau5_sd","tau6","tau6_sd"
0.291893000010175,0.00973632344387521,0.984283521653042,0.0177746668079874,-0.00605775635380875,0.0166334427716273,1,-0.0170851617375876,0.0209422522115797,0.682247105573425,0.00855927114034842,0.692790477923925,0.00994096650846291,0.686809473070958,0.0125690584674036,0.707533841417869,0.0149239940372409,0.676806666137299,0.0191984247820845
