"beta","beta_sd","omega","omega_sd","rho","rho_sd","conv_code","tau1","tau1_sd","tau2","tau2_sd","tau3","tau3_sd","tau4","tau4_sd","tau5","tau5_sd","tau6","tau6_sd"
3.3218810071368,0.0267606499336091,0.0640967373621494,0.00529389312657115,0.299726711880251,0.0217768691912684,2,0.0445011285206565,0.0450683399522154,0.690103067518309,0.0254860221913659,0.690718723810327,0.0184258771489765,0.705586729798057,0.0149488028303956,0.713480411398562,0.0138542565258086,0.674078009410241,0.0143566341418768
