"beta","beta_sd","omega","omega_sd","rho","rho_sd","conv_code","tau1","tau1_sd","tau2","tau2_sd","tau3","tau3_sd","tau4","tau4_sd","tau5","tau5_sd","tau6","tau6_sd"
0.587664143668967,0.0113941374732315,0.975387149170934,0.01901290507026,-0.896943128046444,0.00193054623777798,1,0.0516590557129734,0.028368795877234,0.660010248055369,0.0108867439242598,0.676660656034448,0.0109833726258913,0.688425323285697,0.0122043354131701,0.675707921231163,0.014430115541324,0.652393777012587,0.0175282062611432
