"beta","beta_sd","omega","omega_sd","rho","rho_sd","conv_code","tau1","tau1_sd","tau2","tau2_sd","tau3","tau3_sd","tau4","tau4_sd","tau5","tau5_sd","tau6","tau6_sd"
3.84982360788194,0.0268159092933812,0.590051023567723,0.0139032824278545,-0.0267268614703291,0.0194468981357057,1,-0.0144758072614409,0.0338048424012541,0.707574852057394,0.0194410957620832,0.70850937845758,0.0143045464851894,0.709900429367557,0.0121270365590451,0.709378481487422,0.0113828608413777,0.702646850136027,0.0113971648143006
