"beta","beta_sd","omega","omega_sd","rho","rho_sd","conv_code","tau1","tau1_sd","tau2","tau2_sd","tau3","tau3_sd","tau4","tau4_sd","tau5","tau5_sd","tau6","tau6_sd"
0.435288709128922,0.0359660797101401,16.7038084852401,0.558063553888433,0.228115843330161,0.0518536008993538,1,-0.0318772843260505,0.0389195368584651,0.698133375743945,0.0190471748059848,0.696651136651445,0.0206756237388397,0.717740393179402,0.0221349186602248,0.73923109338724,0.0227370340369568,0.691582160307834,0.025435174116629
