"beta","beta_sd","omega","omega_sd","rho","rho_sd","conv_code","tau1","tau1_sd","tau2","tau2_sd","tau3","tau3_sd","tau4","tau4_sd","tau5","tau5_sd","tau6","tau6_sd"
0.515543736357381,0.0121647646365671,1.01435547730506,0.0249936807263551,0.902741139669265,0.00354189906030102,1,0.0184745418393732,0.0376092338025132,0.708518441547736,0.0120580535404999,0.688693579730725,0.0120857215313269,0.70443510569838,0.0136201493074635,0.679596878250155,0.0167755941253845,0.716617925733696,0.0204339212652832
