"beta","beta_sd","omega","omega_sd","rho","rho_sd","conv_code","tau1","tau1_sd","tau2","tau2_sd","tau3","tau3_sd","tau4","tau4_sd","tau5","tau5_sd","tau6","tau6_sd"
0.103188874429992,0.0350883944944852,16.0776654460756,0.394839356587939,0.590966956699217,0.0288125674785361,1,-0.0252054488997503,0.0328770339376708,0.701944187223825,0.0136695112991689,0.691732334669889,0.0145241456129185,0.708477939900734,0.0158722670249577,0.712355670917854,0.0170792633145187,0.73195290251092,0.0187921674804116
