"beta","beta_sd","omega","omega_sd","rho","rho_sd","conv_code","tau1","tau1_sd","tau2","tau2_sd","tau3","tau3_sd","tau4","tau4_sd","tau5","tau5_sd","tau6","tau6_sd"
1.60501975566773,0.019110266382365,0.991416265584904,0.0248679767953879,-0.328721341898086,0.0174078133829597,1,0.0261852304091184,0.0278888271654539,0.695777668829717,0.0142640422044863,0.686136467551956,0.0139124570440466,0.711897643641594,0.0148329208388473,0.706761020419496,0.0156803006878453,0.680757126133913,0.0175635678087208
