"beta","beta_sd","omega","omega_sd","rho","rho_sd","conv_code","tau1","tau1_sd","tau2","tau2_sd","tau3","tau3_sd","tau4","tau4_sd","tau5","tau5_sd","tau6","tau6_sd"
0.985751331961414,0.014828694891602,1.01509171528229,0.023918438695239,0.0861366786035095,0.0245808435134369,1,-0.0502638357145322,0.02959095347089,0.685961866164732,0.0123159969461947,0.671155386835491,0.012868575562569,0.697984116899705,0.0143833677642639,0.699843614978613,0.0166873289896149,0.698228928786694,0.0197293086582359
