"beta","beta_sd","omega","omega_sd","rho","rho_sd","conv_code","tau1","tau1_sd","tau2","tau2_sd","tau3","tau3_sd","tau4","tau4_sd","tau5","tau5_sd","tau6","tau6_sd"
3.15400213364957,0.0723621367703934,15.6822061590899,0.689993445638127,-0.589956027662055,0.0191175724580755,1,0.0355560447842618,0.0467681490187312,0.684541200790589,0.0259162516585698,0.681851547787377,0.0263600665825234,0.702443616470275,0.0268002010373618,0.686996561871857,0.0273057424358107,0.665825500880975,0.0281471482636671
