"beta","beta_sd","omega","omega_sd","rho","rho_sd","conv_code","tau1","tau1_sd","tau2","tau2_sd","tau3","tau3_sd","tau4","tau4_sd","tau5","tau5_sd","tau6","tau6_sd"
2.51064407686357,0.0181259413008985,0.0636569661785375,0.00202044940238786,-0.899900598229455,0.00180776894753812,1,0.0297322872811222,0.0287297105415239,0.677795562309006,0.0167517692335864,0.701256635841438,0.0129437451362517,0.698708917907183,0.011605536470186,0.682784740303961,0.0115023414408704,0.714483703356453,0.0116804860811801
