"beta","beta_sd","omega","omega_sd","rho","rho_sd","conv_code","tau1","tau1_sd","tau2","tau2_sd","tau3","tau3_sd","tau4","tau4_sd","tau5","tau5_sd","tau6","tau6_sd"
1.50191501560044,0.00650356078447403,0.0616310168449751,0.00172869210957977,0.606130637179419,0.00700537407842778,1,-0.0258798867488398,0.021432582677353,0.704875208361185,0.00961102016549613,0.693592282227295,0.00704159738193046,0.693114452377981,0.00677616003798199,0.692632874154649,0.00736692258083864,0.694866477534206,0.00814090735531474
