"beta","beta_sd","omega","omega_sd","rho","rho_sd","conv_code","tau1","tau1_sd","tau2","tau2_sd","tau3","tau3_sd","tau4","tau4_sd","tau5","tau5_sd","tau6","tau6_sd"
1.18458744835409,0.0137877062287675,0.952843083388163,0.0216287008626896,0.042285750156928,0.0247809237350744,1,0.026601832663799,0.0258850905845107,0.684716433301052,0.0121735779422801,0.667890150851824,0.0124389797431684,0.683875071591393,0.0137394874478188,0.679891963249376,0.0152363678120613,0.675422856153069,0.0177852789523224
