"beta","beta_sd","omega","omega_sd","rho","rho_sd","conv_code","tau1","tau1_sd","tau2","tau2_sd","tau3","tau3_sd","tau4","tau4_sd","tau5","tau5_sd","tau6","tau6_sd"
3.87642726804953,0.0530911211220536,0.551150627969297,0.021246644232562,-0.281939853949923,0.0262754541736683,1,-0.00759404612134813,0.0490374772323263,0.694151745452027,0.0291658027862096,0.687082975007765,0.0229349268138231,0.665112309278532,0.0204174841943647,0.692599654868271,0.0196137655918637,0.67434999474939,0.0197473604265288
