"beta","beta_sd","omega","omega_sd","rho","rho_sd","conv_code","tau1","tau1_sd","tau2","tau2_sd","tau3","tau3_sd","tau4","tau4_sd","tau5","tau5_sd","tau6","tau6_sd"
2.45752358075734,0.0467342767378179,16.993465498153,0.53815884377843,0.258215200518505,0.0505822856841826,1,-0.113686517703031,0.0394253274260883,0.729492355436148,0.0184356882765085,0.754501682895456,0.0193538803681852,0.697978544797791,0.0210424823221301,0.723759256927695,0.0215293505710445,0.745752003876991,0.0233075423763785
