"beta","beta_sd","omega","omega_sd","rho","rho_sd","conv_code","tau1","tau1_sd","tau2","tau2_sd","tau3","tau3_sd","tau4","tau4_sd","tau5","tau5_sd","tau6","tau6_sd"
1.38900712910168,0.0144781852087778,0.993256364519957,0.019295106893689,-0.899935353796683,0.00186711873321848,1,0.0194390332658087,0.0283767682859775,0.688515584283773,0.0119689963374187,0.690386665659277,0.0112166493390622,0.698484360732588,0.0113486746529784,0.69064395256489,0.012450204440604,0.688115614261689,0.0140955252023993
