"beta","beta_sd","omega","omega_sd","rho","rho_sd","conv_code","tau1","tau1_sd","tau2","tau2_sd","tau3","tau3_sd","tau4","tau4_sd","tau5","tau5_sd","tau6","tau6_sd"
1.50237525289896,0.00941338295883916,0.0631850586874118,0.00201913461849673,0.281290634921183,0.0162881087741194,1,0.0462243087940665,0.0263792578481349,0.689360550078259,0.0132938104689723,0.677093429586274,0.00985181215550799,0.701198968269451,0.00983810191567911,0.677659024793683,0.0111242701822758,0.684738352826658,0.0125021130594367
