"beta","beta_sd","omega","omega_sd","rho","rho_sd","conv_code","tau1","tau1_sd","tau2","tau2_sd","tau3","tau3_sd","tau4","tau4_sd","tau5","tau5_sd","tau6","tau6_sd"
0.489127810974993,0.0102898057910244,0.997347176495138,0.0181680845959944,-0.59793447656488,0.0069550925373327,1,-0.0416244171802861,0.0226323821901678,0.69656461365991,0.00936495464440778,0.689495791263992,0.0102695990941496,0.689313486682087,0.0121635893580645,0.657400373190008,0.0146478227045995,0.693260782570835,0.0177310230149138
