"beta","beta_sd","omega","omega_sd","rho","rho_sd","conv_code","tau1","tau1_sd","tau2","tau2_sd","tau3","tau3_sd","tau4","tau4_sd","tau5","tau5_sd","tau6","tau6_sd"
3.33591837250039,0.0233124143283296,0.0655387203643646,0.00272266110406106,-0.902263212780346,0.00179111818124708,1,0.0138517312013521,0.0304636084794004,0.685624059842593,0.0177274527940543,0.710326902071704,0.0138199764957311,0.717077567446114,0.0119349842731078,0.703683556678892,0.0112261832564603,0.689222829312437,0.0113190173613352
