"beta","beta_sd","omega","omega_sd","rho","rho_sd","conv_code","tau1","tau1_sd","tau2","tau2_sd","tau3","tau3_sd","tau4","tau4_sd","tau5","tau5_sd","tau6","tau6_sd"
0.205200817440338,0.0344401585788853,15.9896659762743,0.398107318025455,0.28804003436477,0.0334698282966212,1,-0.0261712336534957,0.0304791898969916,0.696772913113121,0.0138862591162443,0.706262875787731,0.0147713779713047,0.672449232926198,0.0165068016389809,0.694319735484569,0.0173389934397828,0.697310409116263,0.019113461911998
