"beta","beta_sd","omega","omega_sd","rho","rho_sd","conv_code","tau1","tau1_sd","tau2","tau2_sd","tau3","tau3_sd","tau4","tau4_sd","tau5","tau5_sd","tau6","tau6_sd"
3.51393256823549,0.0306873507378707,0.251072817733132,0.00744575564426201,-0.601294739672976,0.00908424931610029,1,0.0730443193548048,0.0379396800403267,0.655513843400177,0.0229226019173792,0.701638541948309,0.0167576792282185,0.680833003833602,0.0142673925781532,0.707824447095364,0.0134333974013044,0.702069340121761,0.0136534444898029
