"beta","beta_sd","omega","omega_sd","rho","rho_sd","conv_code","tau1","tau1_sd","tau2","tau2_sd","tau3","tau3_sd","tau4","tau4_sd","tau5","tau5_sd","tau6","tau6_sd"
3.5932657453022,0.0239732172591859,0.0633637226735604,0.00902032124603741,0.89950355549838,0.00195686939221521,1,0.0153482035858444,0.0406108887345264,0.692223396238084,0.0184607393664209,0.677755634662878,0.0142757494593905,0.69320559783309,0.0122603344540004,0.697166953188954,0.0110746068574278,0.697900332520413,0.0108171175949108
