"beta","beta_sd","omega","omega_sd","rho","rho_sd","conv_code","tau1","tau1_sd","tau2","tau2_sd","tau3","tau3_sd","tau4","tau4_sd","tau5","tau5_sd","tau6","tau6_sd"
3.89297186160856,0.0247681623826613,0.245123843168919,0.00802509519799611,0.300244092105097,0.018760066226162,1,-0.0329900115343339,0.0362717929268428,0.700690702586638,0.0203877381335588,0.696737841323875,0.014764106198439,0.687815866249199,0.0122329296484651,0.69064595474738,0.0113101203455367,0.686032619676881,0.0110306629441971
