"beta","beta_sd","omega","omega_sd","rho","rho_sd","conv_code","tau1","tau1_sd","tau2","tau2_sd","tau3","tau3_sd","tau4","tau4_sd","tau5","tau5_sd","tau6","tau6_sd"
1.90050155811821,0.0135235573936855,0.980928272922156,0.0174655167397633,0.339181086762214,0.0210303852989452,1,-0.0107435128830982,0.0244462316060127,0.697375570636503,0.0109056500886306,0.703430915837733,0.00938278439668448,0.696263721346673,0.00968573804239269,0.689646028158243,0.0104271067447555,0.685319468932567,0.0116394622404218
