"beta","beta_sd","omega","omega_sd","rho","rho_sd","conv_code","tau1","tau1_sd","tau2","tau2_sd","tau3","tau3_sd","tau4","tau4_sd","tau5","tau5_sd","tau6","tau6_sd"
3.95343987304147,0.0485227298194024,16.0259824674885,0.386948049863901,0.629710888992267,0.0257442079542009,1,0.00955704651183782,0.0366434344214925,0.710980832701009,0.0160851555327175,0.671127563310321,0.0156925994150856,0.706151282071997,0.0152939688960171,0.702765694475946,0.0159327395751209,0.700307608666019,0.0167985545058035
