"beta","beta_sd","omega","omega_sd","rho","rho_sd","conv_code","tau1","tau1_sd","tau2","tau2_sd","tau3","tau3_sd","tau4","tau4_sd","tau5","tau5_sd","tau6","tau6_sd"
0.404351750372981,0.0106799548182567,1.00298323822265,0.022036860884583,0.560815337797619,0.0234051150029489,1,-0.0193584502292405,0.0269939271384389,0.69677350106288,0.0101635108168605,0.689617510970168,0.0116863859445876,0.681519815131293,0.0145656835203343,0.711526254570975,0.0179691108941435,0.664382279623678,0.0223488827133468
