"beta","beta_sd","omega","omega_sd","rho","rho_sd","conv_code","tau1","tau1_sd","tau2","tau2_sd","tau3","tau3_sd","tau4","tau4_sd","tau5","tau5_sd","tau6","tau6_sd"
2.32678702313383,0.0284605206433162,1.03768207687379,0.0285791297027643,-0.308019563171163,0.0193697273123919,1,0.00126047052102954,0.0329770032410885,0.696715850777601,0.0179783073170181,0.716245334670278,0.0156911512952315,0.700476453923653,0.0158876930910696,0.715332875373628,0.0162501539983188,0.695434073532297,0.0172064961620988
