"beta","beta_sd","omega","omega_sd","rho","rho_sd","conv_code","tau1","tau1_sd","tau2","tau2_sd","tau3","tau3_sd","tau4","tau4_sd","tau5","tau5_sd","tau6","tau6_sd"
3.7751107550392,0.0294748590541133,0.248799295880673,0.00832552097542307,0.0295053091691509,0.0223628926507698,1,0.031946085940013,0.0383133249523483,0.667939414702743,0.0228968257548335,0.69403969079922,0.0166555644386472,0.670507370441856,0.0140742762968971,0.686549662488885,0.0130580074207893,0.693189345265073,0.0131234298710522
