"beta","beta_sd","omega","omega_sd","rho","rho_sd","conv_code","tau1","tau1_sd","tau2","tau2_sd","tau3","tau3_sd","tau4","tau4_sd","tau5","tau5_sd","tau6","tau6_sd"
2.20619731439158,0.0177945226510627,0.0642811880359077,0.00226445672878973,-0.29614567963682,0.014610760837575,1,0.0255737018053614,0.0328398384181341,0.688405699431321,0.0186867264753772,0.691921925556041,0.0136083893671661,0.698590951488255,0.0123903051995587,0.696067824363023,0.0125986011917549,0.690001686691212,0.0134333097884531
