"beta","beta_sd","omega","omega_sd","rho","rho_sd","conv_code","tau1","tau1_sd","tau2","tau2_sd","tau3","tau3_sd","tau4","tau4_sd","tau5","tau5_sd","tau6","tau6_sd"
2.18752916669716,0.0144947037978797,0.0616638422815025,0.00170314418116451,-0.901388274420068,0.00168128456901763,1,-0.0171283819869839,0.0258317244975428,0.695379558799118,0.0148202428882492,0.67902785565448,0.0119230666072124,0.693516994677271,0.0108251392844692,0.688089888865486,0.0106303755886344,0.687455670397841,0.0113486704884873
