"beta","beta_sd","omega","omega_sd","rho","rho_sd","conv_code","tau1","tau1_sd","tau2","tau2_sd","tau3","tau3_sd","tau4","tau4_sd","tau5","tau5_sd","tau6","tau6_sd"
3.90525057775521,0.0468423411205385,16.4600982168121,0.379361117812329,-0.318635022851556,0.015360217884721,1,-0.0588756932818024,0.0301441737137096,0.724949796778859,0.0141112723245688,0.690942646857993,0.0135958033699882,0.69208354849974,0.0141273160101715,0.707114395518166,0.0143153131354581,0.677190362559602,0.0154655058989838
