"beta","beta_sd","omega","omega_sd","rho","rho_sd","conv_code","tau1","tau1_sd","tau2","tau2_sd","tau3","tau3_sd","tau4","tau4_sd","tau5","tau5_sd","tau6","tau6_sd"
2.47528012372995,0.0384194712731996,16.2485477794977,0.380698365746506,0.8992776994193,0.00410650377687737,1,-0.0253327112699483,0.0406676708374131,0.706496252239058,0.0139046294374967,0.699989748274952,0.0137445120359702,0.703906173184969,0.0134183311496902,0.696844392440987,0.0139887555286729,0.688348455624447,0.0148944960933595
