"beta","beta_sd","omega","omega_sd","rho","rho_sd","conv_code","tau1","tau1_sd","tau2","tau2_sd","tau3","tau3_sd","tau4","tau4_sd","tau5","tau5_sd","tau6","tau6_sd"
3.49954418782505,0.0257692215679664,1.01537324930051,0.027113091989149,0.894786929020294,0.00281563348184928,1,0.0945002917946956,0.042412826387425,0.669426983391193,0.0177166956169431,0.700796195913011,0.0132386788455816,0.703472496528118,0.0114494669490665,0.693130407467069,0.0109779095141533,0.698009146318575,0.011051265460836
