"beta","beta_sd","omega","omega_sd","rho","rho_sd","conv_code","tau1","tau1_sd","tau2","tau2_sd","tau3","tau3_sd","tau4","tau4_sd","tau5","tau5_sd","tau6","tau6_sd"
2.19464938437841,0.0131281063805702,1.00935672829304,0.0169527370556055,0.587402475886099,0.0141286230455019,1,-0.0306200613653047,0.0249770596648102,0.699287897285256,0.0108829430229225,0.683602180410866,0.00867193676730934,0.690493473046332,0.00840887702679915,0.689359385984828,0.00876964861891714,0.680931665510743,0.00971995855557495
