"beta","beta_sd","omega","omega_sd","rho","rho_sd","conv_code","tau1","tau1_sd","tau2","tau2_sd","tau3","tau3_sd","tau4","tau4_sd","tau5","tau5_sd","tau6","tau6_sd"
3.88848658945177,0.0287044161500441,0.255633392967807,0.00741489909877685,-0.282604795615743,0.014675536494568,1,-0.0448551231465,0.0370164506376476,0.68606976556417,0.0217048500644838,0.698004219112606,0.0153913960852906,0.703671397408817,0.0129363567128211,0.681991425775435,0.012144192374446,0.698868992232188,0.0117509960168688
