"beta","beta_sd","omega","omega_sd","rho","rho_sd","conv_code","tau1","tau1_sd","tau2","tau2_sd","tau3","tau3_sd","tau4","tau4_sd","tau5","tau5_sd","tau6","tau6_sd"
4.00678169260233,0.0398892712151284,1.00522215565132,0.0262091998785827,-0.901036917866721,0.00234444804405894,1,-0.0837670310110529,0.0392701929757907,0.697447078863281,0.0211407993230199,0.708022015043712,0.0167317466224297,0.707221220011116,0.0150267948427843,0.686893815586959,0.0141587526589159,0.707473333814759,0.0140468586251815
