"beta","beta_sd","omega","omega_sd","rho","rho_sd","conv_code","tau1","tau1_sd","tau2","tau2_sd","tau3","tau3_sd","tau4","tau4_sd","tau5","tau5_sd","tau6","tau6_sd"
3.6793677951719,0.0241173122284357,0.548265918654873,0.014095252515383,0.583950701495607,0.0138678224792139,1,-0.0264572913410274,0.0359081226959273,0.677559460782015,0.0193481552150743,0.715091481045675,0.013788020588364,0.667992633653088,0.0119174839663872,0.6975948922122,0.0109557992706958,0.672334497437734,0.0109344506305939
