"beta","beta_sd","omega","omega_sd","rho","rho_sd","conv_code","tau1","tau1_sd","tau2","tau2_sd","tau3","tau3_sd","tau4","tau4_sd","tau5","tau5_sd","tau6","tau6_sd"
2.13225837905275,0.0424582812301361,16.234886651437,0.466891947302693,-0.898613330132125,0.00296064930325019,1,-0.0017574727571146,0.0460486537507768,0.69258368111906,0.0181609581121556,0.683508733193037,0.0179714968601442,0.693825384387111,0.0182790142812299,0.705556685130468,0.0188685065693821,0.67818573091672,0.0196107418527789
