"beta","beta_sd","omega","omega_sd","rho","rho_sd","conv_code","tau1","tau1_sd","tau2","tau2_sd","tau3","tau3_sd","tau4","tau4_sd","tau5","tau5_sd","tau6","tau6_sd"
3.62987412364176,0.0404389030709334,0.265058753718562,0.0179684836672819,0.894782408749149,0.00315079240395791,1,0.0565560914640446,0.0555947296457602,0.694103695635663,0.0270689078240136,0.680978294426838,0.0212341771510604,0.701514368523477,0.017367370646921,0.698000737029519,0.0167930815831487,0.694428028326128,0.0170971764071074
