"beta","beta_sd","omega","omega_sd","rho","rho_sd","conv_code","tau1","tau1_sd","tau2","tau2_sd","tau3","tau3_sd","tau4","tau4_sd","tau5","tau5_sd","tau6","tau6_sd"
0.924225805976677,0.0113988257687525,0.997067894573479,0.0203572108968011,0.592809761301452,0.0198686535811581,1,0.0329501182567135,0.0271216892466587,0.687414436652756,0.0106449628915362,0.700980046076293,0.0108860100171737,0.705152196721888,0.0124709415649194,0.686483925610296,0.0148769441446132,0.66489612850225,0.0182454815026907
