"beta","beta_sd","omega","omega_sd","rho","rho_sd","conv_code","tau1","tau1_sd","tau2","tau2_sd","tau3","tau3_sd","tau4","tau4_sd","tau5","tau5_sd","tau6","tau6_sd"
2.5230061277263,0.0389331943415486,16.3410424021526,0.378880870582966,-0.606583649163021,0.00829647354300843,1,0.00141990320995443,0.0304051858239479,0.691453817439278,0.0138078413144975,0.667421858261739,0.013827005989244,0.697591181330198,0.0142107159870776,0.711602309319717,0.0144806931138254,0.712134849209962,0.0155012822257229
