"beta","beta_sd","omega","omega_sd","rho","rho_sd","conv_code","tau1","tau1_sd","tau2","tau2_sd","tau3","tau3_sd","tau4","tau4_sd","tau5","tau5_sd","tau6","tau6_sd"
1.09047918565733,0.034341582843545,16.259721328586,0.386301622007547,0.598876985271433,0.0276999137505111,1,-0.00268972260901429,0.0323813744280097,0.675726006278462,0.0145123391820515,0.68332322931304,0.014257313700483,0.702661759232923,0.0148463247558138,0.672548435750615,0.016203009423581,0.681628515718428,0.0178990921362184
