"beta","beta_sd","omega","omega_sd","rho","rho_sd","conv_code","tau1","tau1_sd","tau2","tau2_sd","tau3","tau3_sd","tau4","tau4_sd","tau5","tau5_sd","tau6","tau6_sd"
1.20064385932838,0.00822866001988632,0.0612496447248879,0.00169003098795629,-0.0226016154759137,0.0156318374304183,2,0.0102964522309727,0.0220088611081728,0.687816096133508,0.0112335449123477,0.701784955057529,0.00912726747582509,0.685738578508215,0.0101516940767531,0.681454968966357,0.0115406527028313,0.695064504976041,0.0141258737284101
