"beta","beta_sd","omega","omega_sd","rho","rho_sd","conv_code","tau1","tau1_sd","tau2","tau2_sd","tau3","tau3_sd","tau4","tau4_sd","tau5","tau5_sd","tau6","tau6_sd"
1.2004813025184,0.0098705342524782,1.00706170330141,0.014958031661051,0.324414271491097,0.01501542285442,1,0.0275379488054426,0.0190020373490785,0.682511259811784,0.00758855015645008,0.705729933472111,0.00737670219420066,0.686781279132118,0.00831112111683506,0.693715574492736,0.00950089836049379,0.685086574228732,0.0113122050650632
