"beta","beta_sd","omega","omega_sd","rho","rho_sd","conv_code","tau1","tau1_sd","tau2","tau2_sd","tau3","tau3_sd","tau4","tau4_sd","tau5","tau5_sd","tau6","tau6_sd"
1.47850335951659,0.0104580226732134,0.968145154092395,0.0152397870739583,0.634250763081659,0.0118544874770689,1,-0.0327219262114198,0.0220063288530915,0.689125320571557,0.00862779229677692,0.696932615922346,0.00759878195604281,0.691361024221506,0.00795803411890788,0.687327578454919,0.00892808235255163,0.68607213867695,0.0103215483364856
