"beta","beta_sd","omega","omega_sd","rho","rho_sd","conv_code","tau1","tau1_sd","tau2","tau2_sd","tau3","tau3_sd","tau4","tau4_sd","tau5","tau5_sd","tau6","tau6_sd"
0.583368531535483,0.00942792313532031,1.02970557529038,0.0157878977876588,0.0071103472805825,0.0126065976559345,1,-0.0417334414357708,0.018151783147718,0.712844138995958,0.00701240849680321,0.695125252052567,0.00797746074376984,0.708025164855489,0.00960107949251146,0.717988694413568,0.0115593938789797,0.666838626651544,0.0148497652542257
