"beta","beta_sd","omega","omega_sd","rho","rho_sd","conv_code","tau1","tau1_sd","tau2","tau2_sd","tau3","tau3_sd","tau4","tau4_sd","tau5","tau5_sd","tau6","tau6_sd"
1.30195224467929,0.00565030335843408,0.0629722225746382,0.00117571708264665,0.0114278156759637,0.00919658063234662,1,0.00991139891348038,0.0165580674293065,0.69484443628373,0.00835076392459752,0.688645146196942,0.00636765515709429,0.701675775150516,0.00668328931842415,0.692941162927567,0.00760316556622294,0.684857805535153,0.00879502578048594
