"beta","beta_sd","omega","omega_sd","rho","rho_sd","conv_code","tau1","tau1_sd","tau2","tau2_sd","tau3","tau3_sd","tau4","tau4_sd","tau5","tau5_sd","tau6","tau6_sd"
2.77632018811568,0.0190115447856141,0.9701699521765,0.0201257574930641,0.619644075621203,0.0152004430414759,1,0.00281598798062106,0.0331808484412397,0.686424931407091,0.0159750679106029,0.688675866003942,0.0118697959433169,0.678284927225197,0.0107171819673962,0.679951901543659,0.0108863949395221,0.691347085965295,0.011427101741987
