"beta","beta_sd","omega","omega_sd","rho","rho_sd","conv_code","tau1","tau1_sd","tau2","tau2_sd","tau3","tau3_sd","tau4","tau4_sd","tau5","tau5_sd","tau6","tau6_sd"
0.310384330255334,0.0354944148244407,16.4197165816892,0.407465306731108,0.902440225396759,0.00410542312073798,1,0.00964547631586183,0.0411732443650082,0.694700253284476,0.0134811989069319,0.714394141323921,0.0134048583640431,0.694040689287208,0.0141488456658368,0.685015347371621,0.0157978536900504,0.704752355279401,0.0166058153383731
