"beta","beta_sd","omega","omega_sd","rho","rho_sd","conv_code","tau1","tau1_sd","tau2","tau2_sd","tau3","tau3_sd","tau4","tau4_sd","tau5","tau5_sd","tau6","tau6_sd"
0.989570599099761,0.00525834277832227,0.0612441131569674,0.00103963400723679,-0.599987316317763,0.00432540311956067,1,-0.0269359779842346,0.0144146626443916,0.695416590256135,0.00738859747988426,0.682212010882948,0.00640983054636035,0.67810715953152,0.0071450368618844,0.690344259388823,0.0085123088466661,0.689826420121395,0.0113457926137397
