"beta","beta_sd","omega","omega_sd","rho","rho_sd","conv_code","tau1","tau1_sd","tau2","tau2_sd","tau3","tau3_sd","tau4","tau4_sd","tau5","tau5_sd","tau6","tau6_sd"
1.00446219907381,0.00665672888042845,0.0600645591675277,0.00196661019675738,0.600777817718651,0.00915346945162689,1,0.0360529204260402,0.0230386758685983,0.671969578268244,0.0102084821028327,0.688538481840901,0.00858209826663802,0.704247158504084,0.00930762344729474,0.68648225317877,0.0112513827603616,0.694205647680276,0.0151568485596305
