"beta","beta_sd","omega","omega_sd","rho","rho_sd","conv_code","tau1","tau1_sd","tau2","tau2_sd","tau3","tau3_sd","tau4","tau4_sd","tau5","tau5_sd","tau6","tau6_sd"
0.990208526031406,0.0047695229291838,0.0618473963351238,0.00122197816321311,0.292063026468916,0.00982267879831817,1,-0.00693238449123124,0.0154846858974658,0.680401256960957,0.00696580085031698,0.692643925726579,0.00575219359107505,0.696738664665737,0.00653394188786622,0.681354124783691,0.00802614208332915,0.686164943033437,0.0108447208410294
