"beta","beta_sd","omega","omega_sd","rho","rho_sd","conv_code","tau1","tau1_sd","tau2","tau2_sd","tau3","tau3_sd","tau4","tau4_sd","tau5","tau5_sd","tau6","tau6_sd"
2.9262558918336,0.0238794343574616,1.02678482073184,0.0213647122700488,-0.310344190618147,0.0140009933019039,1,0.0365552984117475,0.0311775211080723,0.669713437226539,0.0170056566750044,0.697969138729048,0.0130543105943388,0.718422026053223,0.0119555917220657,0.699342585602868,0.0122020503491836,0.712161323889667,0.0125111629281303
