"beta","beta_sd","omega","omega_sd","rho","rho_sd","conv_code","tau1","tau1_sd","tau2","tau2_sd","tau3","tau3_sd","tau4","tau4_sd","tau5","tau5_sd","tau6","tau6_sd"
3.21451089236615,0.0317386260212688,0.246767227158378,0.00906970425139909,0.0293016033228048,0.0273315314065573,1,-0.0186611935440831,0.0441352170058906,0.721636451448373,0.0246666262272608,0.701842006660773,0.0176806850884599,0.701643595883776,0.0153999460618761,0.675756754453114,0.0153481885154965,0.700720053023839,0.0156277286803962
