"beta","beta_sd","omega","omega_sd","rho","rho_sd","conv_code","tau1","tau1_sd","tau2","tau2_sd","tau3","tau3_sd","tau4","tau4_sd","tau5","tau5_sd","tau6","tau6_sd"
1.68962465498197,0.042686559105597,15.7019195648995,0.575133209066843,-0.276276930228021,0.0300020023582492,1,-0.0365124453040427,0.0405194930063518,0.675993406076704,0.0217080582970468,0.703253513202794,0.022300233728823,0.688275313018435,0.0235176256753973,0.658327158479691,0.0251336291068286,0.701733694753752,0.0249725670038436
