"beta","beta_sd","omega","omega_sd","rho","rho_sd","conv_code","tau1","tau1_sd","tau2","tau2_sd","tau3","tau3_sd","tau4","tau4_sd","tau5","tau5_sd","tau6","tau6_sd"
0.801319385264121,0.00532776673553203,0.0607145369169205,0.00114066199571967,-0.599271764223769,0.0052579277209625,1,0.0171681766321213,0.0150473890317756,0.686574700656645,0.00773436759680003,0.69435903871629,0.00730103763206417,0.693618906467677,0.00864019681371227,0.684912889168552,0.011482880435776,0.690559212607832,0.0177482938804924
