"beta","beta_sd","omega","omega_sd","rho","rho_sd","conv_code","tau1","tau1_sd","tau2","tau2_sd","tau3","tau3_sd","tau4","tau4_sd","tau5","tau5_sd","tau6","tau6_sd"
1.19583256851853,0.00596979003056162,0.0620887591355043,0.00145484476360389,0.307600490234404,0.0117917632282952,1,-0.0138447060595864,0.0189732561002675,0.692283394166758,0.00905298593214395,0.686953020584256,0.00709882274948528,0.684104749804015,0.00755260346053304,0.682158572549013,0.00878597885182832,0.710060995737717,0.0102249385407379
