"beta","beta_sd","omega","omega_sd","rho","rho_sd","conv_code","tau1","tau1_sd","tau2","tau2_sd","tau3","tau3_sd","tau4","tau4_sd","tau5","tau5_sd","tau6","tau6_sd"
1.1123186504065,0.0338982433708533,16.4242184434822,0.365209038167506,-0.0219465004157717,0.0195636506829967,1,0.00689450226129093,0.0264243897156709,0.69991977920163,0.0119111984685604,0.717567935568676,0.0126149556140412,0.685116699350122,0.0137038463152505,0.711216114552265,0.0141942671528624,0.690022587131226,0.0157112340038412
