"beta","beta_sd","omega","omega_sd","rho","rho_sd","conv_code","tau1","tau1_sd","tau2","tau2_sd","tau3","tau3_sd","tau4","tau4_sd","tau5","tau5_sd","tau6","tau6_sd"
1.00290418824157,0.0348494176425602,16.5349554032146,0.396291441076375,0.90199399023377,0.00397984901883874,1,-0.0178789556838051,0.0405602624151711,0.681839855768236,0.0138535176160108,0.718009481034326,0.0133584096201918,0.706673708681604,0.0134322182921073,0.713283728784161,0.0141650231736884,0.678540240285235,0.0159017113882751
