"beta","beta_sd","omega","omega_sd","rho","rho_sd","conv_code","tau1","tau1_sd","tau2","tau2_sd","tau3","tau3_sd","tau4","tau4_sd","tau5","tau5_sd","tau6","tau6_sd"
2.64740683840112,0.0373559083023637,16.1344387453819,0.349783746754704,0.593562176084355,0.0222834556135923,1,0.00154056019161654,0.0298423987022001,0.691419480851463,0.0128859952589069,0.68627603948185,0.012627047933423,0.691954022681108,0.0127896720872464,0.697238249252542,0.0133727274279546,0.690060727439152,0.014362399982401
