"beta","beta_sd","omega","omega_sd","rho","rho_sd","conv_code","tau1","tau1_sd","tau2","tau2_sd","tau3","tau3_sd","tau4","tau4_sd","tau5","tau5_sd","tau6","tau6_sd"
1.50164151262172,0.00805482437808347,0.0646049641614994,0.00135084854250912,-0.318694708667358,0.00881815237349922,1,-0.0120840609668054,0.0204848958841081,0.697258164174694,0.011149373993409,0.69847934113041,0.00827915102421122,0.701946199740644,0.00833380755594274,0.685541097154108,0.00921728224783155,0.693428275858885,0.0102081982405333
