"beta","beta_sd","omega","omega_sd","rho","rho_sd","conv_code","tau1","tau1_sd","tau2","tau2_sd","tau3","tau3_sd","tau4","tau4_sd","tau5","tau5_sd","tau6","tau6_sd"
3.47322792966951,0.0479440469507114,0.065579246996542,0.00477124415458466,-0.904783160004415,0.00287583902070236,1,-0.0163419080198937,0.0481117687796782,0.716014487850819,0.0278202956218097,0.725581469843798,0.0224056371811335,0.689216519769876,0.0201171637974563,0.746662612477945,0.0186205455588596,0.701104740626572,0.0195341769514836
