"beta","beta_sd","omega","omega_sd","rho","rho_sd","conv_code","tau1","tau1_sd","tau2","tau2_sd","tau3","tau3_sd","tau4","tau4_sd","tau5","tau5_sd","tau6","tau6_sd"
0.950454440556159,0.0369410677341782,16.3423715024004,0.488846462782339,-0.905449002977623,0.00283472682651838,1,-0.0796239251321212,0.0472394359319801,0.721548178797876,0.0178789940751792,0.718226860103464,0.0181754576473111,0.696928109573181,0.0187282822662448,0.71198414405788,0.0199337577629676,0.68367289627738,0.021353566136485
