"beta","beta_sd","omega","omega_sd","rho","rho_sd","conv_code","tau1","tau1_sd","tau2","tau2_sd","tau3","tau3_sd","tau4","tau4_sd","tau5","tau5_sd","tau6","tau6_sd"
3.52857023104206,0.0290522487248669,1.02344058203656,0.0236654286489836,0.00127845312582501,0.0239482682836865,1,0.0184979135425435,0.0351242028481986,0.671666672920993,0.0200836310096023,0.705632859098004,0.0149224085959623,0.70419481387407,0.0130791207446744,0.717133729854026,0.0127818277174545,0.677682062942315,0.0132435485927082
