"beta","beta_sd","omega","omega_sd","rho","rho_sd","conv_code","tau1","tau1_sd","tau2","tau2_sd","tau3","tau3_sd","tau4","tau4_sd","tau5","tau5_sd","tau6","tau6_sd"
0.405963637691065,0.00399183919610888,0.0626098060147686,0.00107370465235251,-0.601538417714047,0.00443882074058773,1,0.0133507439978508,0.0127681519522155,0.697945359274958,0.00565505606717612,0.691459480600574,0.00658924189499184,0.703006117857853,0.01033769480698,0.666176209872274,0.0205417417368258,0.656483414342094,0.0493467839901625
