"beta","beta_sd","omega","omega_sd","rho","rho_sd","conv_code","tau1","tau1_sd","tau2","tau2_sd","tau3","tau3_sd","tau4","tau4_sd","tau5","tau5_sd","tau6","tau6_sd"
3.1016390687737,0.02535231997439,0.250622287354274,0.00655444531369507,-0.601941470445104,0.00834864372226574,1,0.0488690465199934,0.0354712093314513,0.672567099984659,0.020466872577042,0.688088742164906,0.0152093120888858,0.700226908551877,0.0130857981578117,0.707271782114622,0.0124411436013496,0.668778609426477,0.0128982086340759
