"beta","beta_sd","omega","omega_sd","rho","rho_sd","conv_code","tau1","tau1_sd","tau2","tau2_sd","tau3","tau3_sd","tau4","tau4_sd","tau5","tau5_sd","tau6","tau6_sd"
2.68039248406607,0.025866973884395,1.00179810529352,0.0228556354674025,-0.897938591618537,0.00224106756022268,2,-0.0204065958382704,0.0344432018605014,0.676174611548555,0.0171522709314167,0.681652175871412,0.0142798218633223,0.700946400792002,0.0132401504922996,0.692754041187948,0.0133572809206676,0.688587553820661,0.013796140795995
