"beta","beta_sd","omega","omega_sd","rho","rho_sd","conv_code","tau1","tau1_sd","tau2","tau2_sd","tau3","tau3_sd","tau4","tau4_sd","tau5","tau5_sd","tau6","tau6_sd"
1.18674165337957,0.0132483280171608,0.98672798540194,0.0186190718734657,-0.898083178962445,0.00185173319575412,1,-0.00968763816139898,0.0277860626431916,0.690590106839223,0.011367052197264,0.679498518977221,0.0109641148023745,0.682067142117157,0.011314926762651,0.687034205959739,0.0125466830685235,0.694080086526615,0.0141032957114705
