"beta","beta_sd","omega","omega_sd","rho","rho_sd","conv_code","tau1","tau1_sd","tau2","tau2_sd","tau3","tau3_sd","tau4","tau4_sd","tau5","tau5_sd","tau6","tau6_sd"
3.79466667496021,0.0293265550620125,0.54628477577501,0.0160884351155655,0.604275868639951,0.0146586534644845,1,0.0657899132664496,0.0417672234144569,0.648489733724324,0.0234900301145071,0.691255864028043,0.0166821876264574,0.69856711540154,0.013653556326476,0.687143931986049,0.0130068744237746,0.694121039864472,0.0127671411991707
