"beta","beta_sd","omega","omega_sd","rho","rho_sd","conv_code","tau1","tau1_sd","tau2","tau2_sd","tau3","tau3_sd","tau4","tau4_sd","tau5","tau5_sd","tau6","tau6_sd"
0.307571939754799,0.0114197015590681,0.952228807018682,0.0277061326185924,-0.572034833857903,0.0123943940724029,1,0.0657788748114883,0.0277636454085639,0.663528660683259,0.0147996047335135,0.657429163949754,0.0163994837240158,0.6653471159257,0.0190542696947001,0.674574788725616,0.0223807634727862,0.674653533483377,0.0271575863922964
