"beta","beta_sd","omega","omega_sd","rho","rho_sd","conv_code","tau1","tau1_sd","tau2","tau2_sd","tau3","tau3_sd","tau4","tau4_sd","tau5","tau5_sd","tau6","tau6_sd"
1.51797092132283,0.0151677997365474,1.02504213361441,0.0227796893555494,0.280575751257812,0.0276829918333908,1,0.0189819240642044,0.0270708666269185,0.702269742938473,0.01189307443498,0.687678463109297,0.0117030142049232,0.686968862054809,0.0129708347128926,0.714700962232225,0.013942824586877,0.686489564173543,0.0160559119929035
