"beta","beta_sd","omega","omega_sd","rho","rho_sd","conv_code","tau1","tau1_sd","tau2","tau2_sd","tau3","tau3_sd","tau4","tau4_sd","tau5","tau5_sd","tau6","tau6_sd"
0.585712849032042,0.0341162909417262,15.4721239457632,0.389451357361553,-0.895066020144459,0.0025106703353195,1,0.00416793697660738,0.0382175109021326,0.692442773355857,0.014742794468632,0.67220230060234,0.0150128666758708,0.694358576857577,0.015721103116677,0.675347361216987,0.0163982080117382,0.672560684034559,0.017793855231084
