"beta","beta_sd","omega","omega_sd","rho","rho_sd","conv_code","tau1","tau1_sd","tau2","tau2_sd","tau3","tau3_sd","tau4","tau4_sd","tau5","tau5_sd","tau6","tau6_sd"
2.10892474225261,0.012684409446756,0.99130633649292,0.0157797889251233,0.290666566762558,0.0161359378608245,1,-0.0138682544313044,0.0221184896841045,0.691920940588359,0.0101987819794428,0.691196994746634,0.00835036120001946,0.696991916995351,0.0083476506084877,0.692017858018949,0.00880334747558023,0.693205304193427,0.00974698892735884
