"beta","beta_sd","omega","omega_sd","rho","rho_sd","conv_code","tau1","tau1_sd","tau2","tau2_sd","tau3","tau3_sd","tau4","tau4_sd","tau5","tau5_sd","tau6","tau6_sd"
2.25815976925109,0.0508289133923058,16.2500050779359,0.614339648028332,-0.330275922468264,0.0279985597640226,1,0.00703180756728524,0.0410191303984711,0.709181555455986,0.0224476489701575,0.716711444738608,0.0232851043747166,0.686889417932124,0.023675795497336,0.693125461795103,0.0245505705797177,0.729235924055225,0.0254900485716583
