"beta","beta_sd","omega","omega_sd","rho","rho_sd","conv_code","tau1","tau1_sd","tau2","tau2_sd","tau3","tau3_sd","tau4","tau4_sd","tau5","tau5_sd","tau6","tau6_sd"
3.23369307085489,0.050505413512981,1.02707574998342,0.0364208163002847,-0.613621801339049,0.0138852408626554,1,0.000497290469715018,0.0424886514175934,0.684058609968268,0.0262564236590788,0.717978201660636,0.0213870585262634,0.701807297421746,0.0203470963283608,0.710496135182026,0.0201572669186019,0.677162690525164,0.0206601176201905
