"beta","beta_sd","omega","omega_sd","rho","rho_sd","conv_code","tau1","tau1_sd","tau2","tau2_sd","tau3","tau3_sd","tau4","tau4_sd","tau5","tau5_sd","tau6","tau6_sd"
2.79252393094703,0.0223623976818532,0.984678343738424,0.0200071480346728,-0.316329374371819,0.0138145158296327,1,0.0531255694195889,0.0293097721825627,0.658344183933075,0.0160920451560938,0.698527291244415,0.0126810855953172,0.686579805774756,0.0118854156966138,0.689264043192323,0.0120236685476715,0.701534710661631,0.0123490316963589
