"beta","beta_sd","omega","omega_sd","rho","rho_sd","conv_code","tau1","tau1_sd","tau2","tau2_sd","tau3","tau3_sd","tau4","tau4_sd","tau5","tau5_sd","tau6","tau6_sd"
0.793934494885664,0.00591537647511761,0.0633140728985734,0.00179399580015322,0.300657682051735,0.0153045790795266,1,-0.0482218111123264,0.0195798140967873,0.710447690783544,0.00843860190425589,0.694024973706625,0.00815620912016687,0.708682705105913,0.0100092607408033,0.686671618866456,0.0139509382466733,0.669071392992797,0.022435706704874
