"beta","beta_sd","omega","omega_sd","rho","rho_sd","conv_code","tau1","tau1_sd","tau2","tau2_sd","tau3","tau3_sd","tau4","tau4_sd","tau5","tau5_sd","tau6","tau6_sd"
0.897193932681916,0.00460184321729075,0.061208612299754,0.001216707289389,0.30727974393472,0.00998304429717429,1,-0.00837525257507571,0.0152367416766835,0.697728027226933,0.00640504545060965,0.700729927299869,0.00560466857958323,0.676299680440495,0.00660391774718836,0.692640858517352,0.00850649368377414,0.698510038783303,0.0126886971911874
