"beta","beta_sd","omega","omega_sd","rho","rho_sd","conv_code","tau1","tau1_sd","tau2","tau2_sd","tau3","tau3_sd","tau4","tau4_sd","tau5","tau5_sd","tau6","tau6_sd"
3.47671602396977,0.0212588780100175,0.0634899482364149,0.00271108500239422,-0.293252017883825,0.0116597870639534,1,-0.0154562325821463,0.0320678768644503,0.695888754903994,0.0187515424481161,0.675004167875546,0.0136382427020888,0.691018025301786,0.0112983239429168,0.684656711776855,0.0105674337518429,0.715705299855653,0.0103518625457206
