"beta","beta_sd","omega","omega_sd","rho","rho_sd","conv_code","tau1","tau1_sd","tau2","tau2_sd","tau3","tau3_sd","tau4","tau4_sd","tau5","tau5_sd","tau6","tau6_sd"
0.50372595080945,0.00559127266044163,0.0576605661106228,0.00301608036401149,0.902168946106614,0.00170536921516605,1,0.00141806924975883,0.0274162547428539,0.695330580555702,0.00729390031337808,0.69520812652277,0.00731109676020845,0.684673020349254,0.00922962271224625,0.68675810001534,0.0133304016673449,0.684989766793586,0.0242314205290046
