"beta","beta_sd","omega","omega_sd","rho","rho_sd","conv_code","tau1","tau1_sd","tau2","tau2_sd","tau3","tau3_sd","tau4","tau4_sd","tau5","tau5_sd","tau6","tau6_sd"
2.31113882545355,0.0151348304647049,1.02784993440285,0.0215958954081594,0.899597670342219,0.00253115404022146,1,-0.0521423476388582,0.0338553901652649,0.71593726409369,0.0118375462488275,0.694874370818382,0.00980171719599003,0.701091884267992,0.00901202115902634,0.695842351294216,0.0090596136496736,0.700364220251015,0.00970949563464524
