"beta","beta_sd","omega","omega_sd","rho","rho_sd","conv_code","tau1","tau1_sd","tau2","tau2_sd","tau3","tau3_sd","tau4","tau4_sd","tau5","tau5_sd","tau6","tau6_sd"
2.32108492328378,0.0217649204657964,0.0617729618785264,0.00235582529239071,-0.614424981994676,0.00884313646420196,1,0.0422671446447875,0.0354825635565741,0.687833117022589,0.0202205147238409,0.699619428387734,0.0146028512193937,0.696082752521316,0.0138202891548187,0.722119818583058,0.0136934794261905,0.689292647879401,0.0146218817278357
