"beta","beta_sd","omega","omega_sd","rho","rho_sd","conv_code","tau1","tau1_sd","tau2","tau2_sd","tau3","tau3_sd","tau4","tau4_sd","tau5","tau5_sd","tau6","tau6_sd"
3.38687857849494,0.0245046096818877,0.998814856594334,0.0203799954680747,-0.310381730789969,0.0131950031188749,1,-0.0457009113988983,0.0296828605945105,0.702705701184923,0.0168864868687853,0.704000041485192,0.0127918987708509,0.675812385171031,0.011457538756961,0.69050280847179,0.0110473321629171,0.699147248580321,0.011167397818698
