"beta","beta_sd","omega","omega_sd","rho","rho_sd","conv_code","tau1","tau1_sd","tau2","tau2_sd","tau3","tau3_sd","tau4","tau4_sd","tau5","tau5_sd","tau6","tau6_sd"
2.08261287439222,0.0367766476160391,16.1227357052302,0.379303818083932,0.89850657703108,0.00425880339557699,1,0.0538026423931325,0.0403480876361709,0.67208267331946,0.0142803641923262,0.692780511443784,0.0134067612210787,0.673321981385764,0.0136227717101548,0.714103904111305,0.0138173450673672,0.688541325054332,0.0147707261609854
