"beta","beta_sd","omega","omega_sd","rho","rho_sd","conv_code","tau1","tau1_sd","tau2","tau2_sd","tau3","tau3_sd","tau4","tau4_sd","tau5","tau5_sd","tau6","tau6_sd"
0.989585119573997,0.0101512787596647,0.986191817897907,0.0165731861265949,0.290901564315034,0.019575307876047,1,-0.058291091665656,0.0212084103173913,0.716167809182714,0.00834641976251426,0.693549189039681,0.00877538153385689,0.683065072393495,0.0101006594797404,0.697285848489098,0.0115643818344359,0.687704806705892,0.0138279479104683
