"beta","beta_sd","omega","omega_sd","rho","rho_sd","conv_code","tau1","tau1_sd","tau2","tau2_sd","tau3","tau3_sd","tau4","tau4_sd","tau5","tau5_sd","tau6","tau6_sd"
2.51654990233314,0.0156357906736717,1.02242619755058,0.0172537511945376,-0.0172354603393292,0.0145402917776023,1,-0.0198806129631311,0.0239170042454787,0.700640269015495,0.0119593324349071,0.708218253655126,0.00945872614923118,0.708910365133795,0.00906483420008778,0.698764801380583,0.00927337649112423,0.686201785108734,0.00999637695359245
