"beta","beta_sd","omega","omega_sd","rho","rho_sd","conv_code","tau1","tau1_sd","tau2","tau2_sd","tau3","tau3_sd","tau4","tau4_sd","tau5","tau5_sd","tau6","tau6_sd"
0.805157422262367,0.00973096231122393,1.00365122958387,0.0152386862327621,-0.331409172092765,0.00867852132712862,1,-0.0168501364294008,0.0188704054972917,0.714479521939643,0.00748880934650937,0.706831726129775,0.00791975981079122,0.70697864855457,0.00929494705069929,0.687501614102835,0.0110022733357807,0.706118439277189,0.0130940782085425
