"beta","beta_sd","omega","omega_sd","rho","rho_sd","conv_code","tau1","tau1_sd","tau2","tau2_sd","tau3","tau3_sd","tau4","tau4_sd","tau5","tau5_sd","tau6","tau6_sd"
2.59168521854824,0.0183846602624289,0.0609755158003202,0.00357573868900958,0.315229487659651,0.0180636194695489,1,-0.0255648749725784,0.0376044851597457,0.697264769288124,0.0203518192161379,0.684630439303129,0.014621999432378,0.704690516367033,0.012289565380009,0.691116907250765,0.0122494473870575,0.685092259130435,0.0126337946575981
