"beta","beta_sd","omega","omega_sd","rho","rho_sd","conv_code","tau1","tau1_sd","tau2","tau2_sd","tau3","tau3_sd","tau4","tau4_sd","tau5","tau5_sd","tau6","tau6_sd"
1.31012475935898,0.00755178564223405,0.0594827138080403,0.00329230156715315,0.900226550422071,0.00165145064615286,1,0.0323235808463397,0.0292174108197858,0.684295357364265,0.010155443821156,0.685995737002627,0.00838057115150032,0.705537306585539,0.00793894811545571,0.680806190521875,0.00859392330708273,0.698578479812461,0.0101051925879283
