"beta","beta_sd","omega","omega_sd","rho","rho_sd","conv_code","tau1","tau1_sd","tau2","tau2_sd","tau3","tau3_sd","tau4","tau4_sd","tau5","tau5_sd","tau6","tau6_sd"
1.00402575962018,0.00582278448754422,0.0648255602402925,0.00123149674689797,-0.306071089188895,0.00842365351377585,1,-0.0181210130563977,0.0162953080728638,0.704345125405092,0.00826182983056971,0.695193280799659,0.00716672100260839,0.688312852506074,0.00799043979488736,0.706647917790833,0.00971086478709525,0.679978547611143,0.0131725476523251
