"beta","beta_sd","omega","omega_sd","rho","rho_sd","conv_code","tau1","tau1_sd","tau2","tau2_sd","tau3","tau3_sd","tau4","tau4_sd","tau5","tau5_sd","tau6","tau6_sd"
1.29213956442432,0.0345184337247188,15.8220621417182,0.395462438008521,-0.0169982641620588,0.0260194662982646,1,0.0504929085166578,0.0300006227151038,0.688599877159009,0.014471302335816,0.673902487675187,0.0155091480138161,0.719304436370543,0.0159449352393882,0.67027421869122,0.0169724256735598,0.730319671164447,0.017883318960628
