"beta","beta_sd","omega","omega_sd","rho","rho_sd","conv_code","tau1","tau1_sd","tau2","tau2_sd","tau3","tau3_sd","tau4","tau4_sd","tau5","tau5_sd","tau6","tau6_sd"
0.544878836676456,0.034512347048256,15.7593981009045,0.382705642117044,0.904141282123294,0.0039056774854321,1,0.0528625294123061,0.0416283957698593,0.683276954124296,0.0138257549226927,0.699817842239582,0.0134582125098831,0.693541671873707,0.0138312119999531,0.672304165209425,0.0148548535112617,0.700961657088451,0.0160013334395735
