"beta","beta_sd","omega","omega_sd","rho","rho_sd","conv_code","tau1","tau1_sd","tau2","tau2_sd","tau3","tau3_sd","tau4","tau4_sd","tau5","tau5_sd","tau6","tau6_sd"
2.09030678038433,0.0251156406064809,0.98344497743344,0.0266234100136568,-0.284723367406642,0.0199924879289094,1,-0.00229124081446925,0.0302989099016375,0.685694067621212,0.0163476336907365,0.677917663876766,0.0150709091439919,0.674674198082739,0.015403416138308,0.691529564247651,0.0159768484781333,0.687399862104013,0.0171486956859691
