"beta","beta_sd","omega","omega_sd","rho","rho_sd","conv_code","tau1","tau1_sd","tau2","tau2_sd","tau3","tau3_sd","tau4","tau4_sd","tau5","tau5_sd","tau6","tau6_sd"
0.563880216627538,0.0339159480976568,16.0119782744543,0.380517464462728,-0.599061422737863,0.00834793396900263,1,0.0237250262495084,0.0292369492309411,0.687311101846499,0.0131773770585164,0.695196967221474,0.0137499653445277,0.69581679197223,0.0144806662182567,0.696901720009549,0.0155328392723961,0.682758328904213,0.0171949992795524
