"beta","beta_sd","omega","omega_sd","rho","rho_sd","conv_code","tau1","tau1_sd","tau2","tau2_sd","tau3","tau3_sd","tau4","tau4_sd","tau5","tau5_sd","tau6","tau6_sd"
1.67262762340229,0.0352269339428691,16.3364609336751,0.379552842592653,0.582965678320877,0.0267953807098234,1,0.0134310988100506,0.0319795696283663,0.687573544168874,0.0140471233014176,0.702966338459419,0.0141501015601904,0.68703965601244,0.0148888681725096,0.689680327499237,0.0156720027378272,0.698926068782614,0.0171676992437329
