"beta","beta_sd","omega","omega_sd","rho","rho_sd","conv_code","tau1","tau1_sd","tau2","tau2_sd","tau3","tau3_sd","tau4","tau4_sd","tau5","tau5_sd","tau6","tau6_sd"
2.30890591425391,0.0153943403454204,0.987497404392824,0.0186532875305837,0.589925443318879,0.0161224533718588,1,0.0487750760173527,0.0282206691480268,0.68210603581907,0.0129753787519652,0.700488226454655,0.0101431231561577,0.683291101419109,0.00987254080199206,0.699376767520452,0.0101965661922724,0.695815655642459,0.0112252949141072
