"beta","beta_sd","omega","omega_sd","rho","rho_sd","conv_code","tau1","tau1_sd","tau2","tau2_sd","tau3","tau3_sd","tau4","tau4_sd","tau5","tau5_sd","tau6","tau6_sd"
3.90326033082438,0.0443502058785282,16.0614108248588,0.354683192356195,0.265894572529018,0.0259524887072789,1,0.00156578322874679,0.0291991952896043,0.682856260866535,0.0137494985080492,0.679091546267158,0.0134308955162493,0.667477162882712,0.0137130693671839,0.713040581393328,0.0134459917394238,0.708691267702298,0.0141493199700823
