"beta","beta_sd","omega","omega_sd","rho","rho_sd","conv_code","tau1","tau1_sd","tau2","tau2_sd","tau3","tau3_sd","tau4","tau4_sd","tau5","tau5_sd","tau6","tau6_sd"
3.09791838236866,0.019318963080618,0.0642224933751239,0.00463094472582227,0.605577153327513,0.00911484566742629,1,-0.00941615693527069,0.0365085058799831,0.692913022890331,0.0196961315820625,0.692334427793637,0.0140636142603431,0.691972155806017,0.0117042826867198,0.695438982833981,0.0108645435728447,0.700954586970888,0.0109963018859032
