"beta","beta_sd","omega","omega_sd","rho","rho_sd","conv_code","tau1","tau1_sd","tau2","tau2_sd","tau3","tau3_sd","tau4","tau4_sd","tau5","tau5_sd","tau6","tau6_sd"
0.693572029015636,0.00927969870887783,1.01142643810741,0.0154543660672107,0.303105892079499,0.014979536819812,1,0.0181779692832303,0.0186498780909176,0.683970902273926,0.00703261164826706,0.688647712656244,0.00766820578998392,0.705291809373872,0.00906014429842947,0.687677558202252,0.0110264621774868,0.679783141933463,0.0134527017362958
