"beta","beta_sd","omega","omega_sd","rho","rho_sd","conv_code","tau1","tau1_sd","tau2","tau2_sd","tau3","tau3_sd","tau4","tau4_sd","tau5","tau5_sd","tau6","tau6_sd"
0.301816924420596,0.0038339273009501,0.0627176078931054,0.00110255986218329,-0.298590610360612,0.00751071460561337,1,0.0155983814831774,0.0126874156353394,0.69424200053434,0.00520653807616977,0.697614468070206,0.0068664938594143,0.715263562237734,0.0126288392403877,0.742841217229197,0.0299536357777185,0.593843974220475,0.0939848278005092
