"beta","beta_sd","omega","omega_sd","rho","rho_sd","conv_code","tau1","tau1_sd","tau2","tau2_sd","tau3","tau3_sd","tau4","tau4_sd","tau5","tau5_sd","tau6","tau6_sd"
1.78819854193639,0.0361260451325071,0.977540849635624,0.0407089216105455,-0.90010006385466,0.00400549047943065,1,-0.0224549075256387,0.0373210822140346,0.686270562433791,0.0231026666921151,0.682448236097387,0.0222157055896497,0.702219380258539,0.0224089768633959,0.688127649930541,0.0230149038749883,0.693700492821485,0.0241991980267342
