"beta","beta_sd","omega","omega_sd","rho","rho_sd","conv_code","tau1","tau1_sd","tau2","tau2_sd","tau3","tau3_sd","tau4","tau4_sd","tau5","tau5_sd","tau6","tau6_sd"
1.52142470432405,0.0362623910732697,15.8159687010444,0.391864576408425,-0.898650204606667,0.00239828065678343,1,-0.0734641833145975,0.0395556277173207,0.721115596825469,0.0147161317253569,0.674247792920055,0.0149767058300011,0.716843121308056,0.0150595169656887,0.690248277717515,0.0159639551829934,0.667143437649563,0.0173604181947246
