"beta","beta_sd","omega","omega_sd","rho","rho_sd","conv_code","tau1","tau1_sd","tau2","tau2_sd","tau3","tau3_sd","tau4","tau4_sd","tau5","tau5_sd","tau6","tau6_sd"
0.596965989786174,0.00410921658524055,0.062705227041976,0.00109610773175572,0.0104309441847393,0.00902499538121741,1,-0.0288190134995432,0.0132904041604277,0.69740210519376,0.00539554966620427,0.691956402278744,0.00571463166326931,0.684294941718141,0.00788907677180452,0.704191752897427,0.0127313249239737,0.669661006229594,0.0280774909047045
