"beta","beta_sd","omega","omega_sd","rho","rho_sd","conv_code","tau1","tau1_sd","tau2","tau2_sd","tau3","tau3_sd","tau4","tau4_sd","tau5","tau5_sd","tau6","tau6_sd"
0.10424657670702,0.00454370411899923,0.0603662875414663,0.00174172506325878,-0.593500280518131,0.00851968858217351,1,0.0332282771057643,0.017191593640518,0.685038032114358,0.0098937923466014,0.697144780568344,0.0138060295692332,0.692222372928292,0.0299510823356519,0.543834935943803,0.0802108728289857,2.16070871843076,999.999999999082
