"beta","beta_sd","omega","omega_sd","rho","rho_sd","conv_code","tau1","tau1_sd","tau2","tau2_sd","tau3","tau3_sd","tau4","tau4_sd","tau5","tau5_sd","tau6","tau6_sd"
0.995558354911777,0.0113529006352615,0.998817093811907,0.0171919155701703,-0.594978315532674,0.00663379400410381,1,0.0038386194536496,0.0229793684854609,0.687989040221752,0.00968390970990847,0.690794882571565,0.00975573632892545,0.701730077910046,0.010730617335537,0.713262015079184,0.0123734893262414,0.67277717265106,0.0148793619790101
