"beta","beta_sd","omega","omega_sd","rho","rho_sd","conv_code","tau1","tau1_sd","tau2","tau2_sd","tau3","tau3_sd","tau4","tau4_sd","tau5","tau5_sd","tau6","tau6_sd"
1.60012344899186,0.0126257738020371,0.984713710736279,0.0166602033437334,-0.0130510085064573,0.0158035276471041,1,-0.0277016452819553,0.0225466518843978,0.705289396493178,0.00996583971444831,0.696034757712649,0.00928225297501346,0.685202729110042,0.00991545858702382,0.68111727477044,0.010854639472938,0.700154909389648,0.012169608686992
