"beta","beta_sd","omega","omega_sd","rho","rho_sd","conv_code","tau1","tau1_sd","tau2","tau2_sd","tau3","tau3_sd","tau4","tau4_sd","tau5","tau5_sd","tau6","tau6_sd"
2.18611912884346,0.0134892658648088,0.997987120388672,0.0158692922521368,-0.00094788643247697,0.0134501517581534,1,-0.00492980438338082,0.0219465532431572,0.677314857136684,0.0107536828575703,0.705199924354851,0.00863136458519644,0.698823475147049,0.00864981445424308,0.687663715729688,0.00900992280057126,0.696034335824572,0.00982783652632738
