"beta","beta_sd","omega","omega_sd","rho","rho_sd","conv_code","tau1","tau1_sd","tau2","tau2_sd","tau3","tau3_sd","tau4","tau4_sd","tau5","tau5_sd","tau6","tau6_sd"
0.0880484252845212,0.0101731205689327,1.00402221453969,0.0191046031007015,-0.320028151399696,0.0123699158926394,1,0.0167480841794995,0.0213683979484261,0.691746948797784,0.00917770199180535,0.695341602899423,0.0109073489732065,0.710850946703331,0.0136506425599528,0.688268305052809,0.0174528998360789,0.684949301376551,0.0226356069404874
