"beta","beta_sd","omega","omega_sd","rho","rho_sd","conv_code","tau1","tau1_sd","tau2","tau2_sd","tau3","tau3_sd","tau4","tau4_sd","tau5","tau5_sd","tau6","tau6_sd"
3.60035562562501,0.0280140227455739,0.245895598170118,0.00778020318052336,-0.00582797339657947,0.0207703775985064,1,-0.00130627116114664,0.038876690677983,0.714407353076404,0.0218652727394317,0.670391735906609,0.016485981734778,0.689570496170705,0.0137524170744989,0.675576654506758,0.0128880883585584,0.695784229651316,0.0128437047327386
