"beta","beta_sd","omega","omega_sd","rho","rho_sd","conv_code","tau1","tau1_sd","tau2","tau2_sd","tau3","tau3_sd","tau4","tau4_sd","tau5","tau5_sd","tau6","tau6_sd"
2.09775336443895,0.00928773814986084,0.0632816963837847,0.00176297711734444,0.297271971028518,0.0113782977778401,1,-0.00194741886437182,0.0238457371259441,0.687977369533812,0.0125117438612315,0.684796245908371,0.00853866910910556,0.696160169751659,0.00766454622310981,0.701574533767378,0.007731233275401,0.696228131558184,0.00847691133416619
