"beta","beta_sd","omega","omega_sd","rho","rho_sd","conv_code","tau1","tau1_sd","tau2","tau2_sd","tau3","tau3_sd","tau4","tau4_sd","tau5","tau5_sd","tau6","tau6_sd"
3.59116565110056,0.0376115421245105,1.0004317423669,0.029892914051954,0.289759903542071,0.0348820834734823,1,-0.0260283774559583,0.0446533918539186,0.712879024563206,0.0241618034729847,0.669648340444876,0.0189245662430254,0.699824557811421,0.016393591166715,0.686799461106521,0.0163422031880495,0.710320756454124,0.0168648215162237
