"beta","beta_sd","omega","omega_sd","rho","rho_sd","conv_code","tau1","tau1_sd","tau2","tau2_sd","tau3","tau3_sd","tau4","tau4_sd","tau5","tau5_sd","tau6","tau6_sd"
0.966687983102234,0.017288288192108,1.00053083445778,0.0317811140033123,0.242669382582283,0.0393762195862121,1,-0.0313299731463616,0.0353957291272032,0.703683679887637,0.0154900857256496,0.655661767941798,0.0170860196524248,0.672352472698623,0.0193730205980939,0.703904643672757,0.0214354031009504,0.750792095789821,0.0253572853426835
