"beta","beta_sd","omega","omega_sd","rho","rho_sd","conv_code","tau1","tau1_sd","tau2","tau2_sd","tau3","tau3_sd","tau4","tau4_sd","tau5","tau5_sd","tau6","tau6_sd"
3.58078518389035,0.0569307165433926,15.5751954082964,0.46912126661151,-0.891286870693236,0.00334674490659175,1,-0.00594291953827027,0.0480137249213674,0.667377268652162,0.0198336518791479,0.671076372972586,0.0189544528038968,0.670660325231743,0.0188148963453323,0.686777862294262,0.019252886429449,0.675743388477884,0.0200237103323121
