"beta","beta_sd","omega","omega_sd","rho","rho_sd","conv_code","tau1","tau1_sd","tau2","tau2_sd","tau3","tau3_sd","tau4","tau4_sd","tau5","tau5_sd","tau6","tau6_sd"
0.982786811531386,0.00764894868908253,0.0604569482305133,0.00158059943628774,-0.294736041305144,0.0124645629971514,1,-0.0217217964232676,0.019535938277793,0.683553366114772,0.0105075082763079,0.679837510491469,0.00935668435294106,0.678936681787781,0.0107498504423936,0.698671402972441,0.0128954193631908,0.665337843289625,0.0171657676369292
