"beta","beta_sd","omega","omega_sd","rho","rho_sd","conv_code","tau1","tau1_sd","tau2","tau2_sd","tau3","tau3_sd","tau4","tau4_sd","tau5","tau5_sd","tau6","tau6_sd"
1.1454822633582,0.0398447603427718,14.8989207770365,0.627663454641243,-0.591287662411786,0.0181245734983945,1,0.0271784959802351,0.0444073190656096,0.682391966369522,0.024251307173519,0.660805917088016,0.0250898943226491,0.683160049320996,0.026006346819571,0.651918650143043,0.0271637869436919,0.662132998828152,0.0285637360133012
