"beta","beta_sd","omega","omega_sd","rho","rho_sd","conv_code","tau1","tau1_sd","tau2","tau2_sd","tau3","tau3_sd","tau4","tau4_sd","tau5","tau5_sd","tau6","tau6_sd"
0.425643210978628,0.0370602874332448,16.4709335037079,0.742377007639351,-0.620030342244319,0.0177735411188895,1,-0.0771967263148718,0.0460366455684417,0.707982087232229,0.0256422918195383,0.700082354159919,0.026573786228885,0.737875697170852,0.027181209584027,0.684421793679929,0.0287574118405814,0.727490290660325,0.0306200139668795
