"beta","beta_sd","omega","omega_sd","rho","rho_sd","conv_code","tau1","tau1_sd","tau2","tau2_sd","tau3","tau3_sd","tau4","tau4_sd","tau5","tau5_sd","tau6","tau6_sd"
0.30118731261255,0.00466776065926709,0.0638303133586053,0.00181245192947699,0.287541546595186,0.015891695843288,1,0.00774949291038095,0.0179061515899074,0.692176932007353,0.00697069189779193,0.698454757995714,0.00971437464630947,0.724485988408538,0.0177108313442959,0.720275643808666,0.0413053057665499,0.599012339468331,0.114724976936519
