"beta","beta_sd","omega","omega_sd","rho","rho_sd","conv_code","tau1","tau1_sd","tau2","tau2_sd","tau3","tau3_sd","tau4","tau4_sd","tau5","tau5_sd","tau6","tau6_sd"
2.40296648653548,0.0226561318679775,0.993975769022172,0.0242554613063872,0.32482393164995,0.0305032438108586,1,0.0276548477954693,0.0336090336282805,0.682538029710185,0.0163683972725314,0.691473988612807,0.0137673245206286,0.680307109974696,0.0134207061113676,0.689831685054408,0.0137090445082429,0.693463139493786,0.0152195046601065
