"beta","beta_sd","omega","omega_sd","rho","rho_sd","conv_code","tau1","tau1_sd","tau2","tau2_sd","tau3","tau3_sd","tau4","tau4_sd","tau5","tau5_sd","tau6","tau6_sd"
1.61476047529988,0.041979471275111,16.3949380182764,0.593406179253651,-0.268896998379648,0.029877407174881,1,-0.0368362864072166,0.040898354973622,0.719907350908746,0.0213579364067505,0.683254371701427,0.0222020162263893,0.703155162339007,0.0226089896163563,0.702747786516784,0.0244858065908031,0.684428426930721,0.0260141852191307
