"beta","beta_sd","omega","omega_sd","rho","rho_sd","conv_code","tau1","tau1_sd","tau2","tau2_sd","tau3","tau3_sd","tau4","tau4_sd","tau5","tau5_sd","tau6","tau6_sd"
3.83373673604775,0.0331992019497515,0.261579927499566,0.00800766775484371,-0.900851344083825,0.00215605416234329,1,-0.0164406997497931,0.0361629541014962,0.723838691825629,0.0201443842376006,0.700517098005842,0.0161676066015372,0.686154982948898,0.0142979082415664,0.682965748035971,0.0134364401910812,0.717230906323994,0.0130311445415039
