"beta","beta_sd","omega","omega_sd","rho","rho_sd","conv_code","tau1","tau1_sd","tau2","tau2_sd","tau3","tau3_sd","tau4","tau4_sd","tau5","tau5_sd","tau6","tau6_sd"
3.2864020496134,0.0429050792779196,16.1362182718643,0.37904886149144,0.590824388555879,0.0274157046416405,1,-0.0581679057778455,0.0340442190109467,0.705388689373201,0.0149795338273223,0.695237411156707,0.0147403433057933,0.693647967300101,0.0149686476930834,0.692015670509549,0.0158973439438445,0.674995247566565,0.0166318930656427
