"beta","beta_sd","omega","omega_sd","rho","rho_sd","conv_code","tau1","tau1_sd","tau2","tau2_sd","tau3","tau3_sd","tau4","tau4_sd","tau5","tau5_sd","tau6","tau6_sd"
0.696138934136797,0.00696575899036878,0.0652646216215287,0.00352052235268931,0.900044376131192,0.00199092553863238,1,0.00135295089274011,0.0304780022736458,0.69710767136576,0.00978006204264669,0.689126510722974,0.00921463416370255,0.707348158626646,0.0103692726694172,0.685734793160538,0.013990691847827,0.716913972746945,0.0206168608076362
