"beta","beta_sd","omega","omega_sd","rho","rho_sd","conv_code","tau1","tau1_sd","tau2","tau2_sd","tau3","tau3_sd","tau4","tau4_sd","tau5","tau5_sd","tau6","tau6_sd"
0.706266141992895,0.00452659370609834,0.0622424107938104,0.00104711138480236,-0.597183628427781,0.00433170398266093,1,0.026404693740197,0.0131765690117325,0.687432978648139,0.00629100241610688,0.69644956053793,0.00616959659903331,0.697864451219736,0.00764987134996431,0.685328366782577,0.0112284337688282,0.676271714966026,0.0198800987593384
