"beta","beta_sd","omega","omega_sd","rho","rho_sd","conv_code","tau1","tau1_sd","tau2","tau2_sd","tau3","tau3_sd","tau4","tau4_sd","tau5","tau5_sd","tau6","tau6_sd"
3.50469139380045,0.0312740458360192,1.01419501793105,0.0239002398806672,-0.302424462698171,0.0168723412540762,1,-0.0127006484057715,0.0356637742026522,0.711968770121503,0.0199641506013782,0.687091938864312,0.0154236009443879,0.695443281177811,0.0138643353985431,0.690327221869066,0.0134279782525592,0.706523659646063,0.0133790010994085
