"beta","beta_sd","omega","omega_sd","rho","rho_sd","conv_code","tau1","tau1_sd","tau2","tau2_sd","tau3","tau3_sd","tau4","tau4_sd","tau5","tau5_sd","tau6","tau6_sd"
1.01745886111086,0.0358192940986402,15.8553442001233,0.505282407703743,0.265961080984218,0.0526812092683447,1,-0.00285056927210601,0.0368065554016118,0.696885112362723,0.0178220384576882,0.6825808613246,0.0198973827053829,0.695409722991154,0.021384750375288,0.704369217413734,0.0224695558646954,0.663596006278961,0.0241878715421933
