"beta","beta_sd","omega","omega_sd","rho","rho_sd","conv_code","tau1","tau1_sd","tau2","tau2_sd","tau3","tau3_sd","tau4","tau4_sd","tau5","tau5_sd","tau6","tau6_sd"
2.68667186451843,0.0171051011738962,0.0614796174876014,0.0021551051191035,-0.295416105230404,0.0117430321301167,1,-0.00526971651205708,0.0322998815663006,0.68060119920057,0.0184571064380672,0.692133018802234,0.0127761664087268,0.696610263232485,0.0109833103843468,0.696541897449066,0.0107849033493959,0.687362607997654,0.0108457843033334
