"beta","beta_sd","omega","omega_sd","rho","rho_sd","conv_code","tau1","tau1_sd","tau2","tau2_sd","tau3","tau3_sd","tau4","tau4_sd","tau5","tau5_sd","tau6","tau6_sd"
2.01865115964812,0.013627501547012,1.01393823138953,0.0206549547517894,0.905122219354332,0.00242200057132236,1,-0.00665549120007328,0.0325771960350821,0.68154002472315,0.0109697560566691,0.714867040872154,0.00906655006175078,0.709608917312955,0.008758232612037,0.705764236878989,0.00913575060586939,0.684177838721802,0.0100145136082907
