"beta","beta_sd","omega","omega_sd","rho","rho_sd","conv_code","tau1","tau1_sd","tau2","tau2_sd","tau3","tau3_sd","tau4","tau4_sd","tau5","tau5_sd","tau6","tau6_sd"
1.20812082145847,0.00757940053268469,0.0624090433079581,0.00181191694977219,0.301761951511288,0.0148448523788735,1,0.0218155725636915,0.0229468158685172,0.689945926964286,0.0110658443732506,0.703089027326584,0.008743710310801,0.701410094314405,0.0094775261224499,0.693774276194458,0.0109670760123619,0.690812893540617,0.0133755060059005
