"beta","beta_sd","omega","omega_sd","rho","rho_sd","conv_code","tau1","tau1_sd","tau2","tau2_sd","tau3","tau3_sd","tau4","tau4_sd","tau5","tau5_sd","tau6","tau6_sd"
1.91608566869204,0.0361674263358615,16.1293989393203,0.374780023005519,-0.596479438598118,0.00844840292047789,1,0.0285027674100091,0.0292539118835247,0.67444320321583,0.013689619302719,0.708180354744659,0.0135117923370322,0.683380647123373,0.0141671519419927,0.699712728501923,0.0147337697076359,0.69797255924357,0.0156363510136419
