"beta","beta_sd","omega","omega_sd","rho","rho_sd","conv_code","tau1","tau1_sd","tau2","tau2_sd","tau3","tau3_sd","tau4","tau4_sd","tau5","tau5_sd","tau6","tau6_sd"
3.94800934928153,0.0578849270569417,15.6767731135614,0.456085915056146,0.58847513749363,0.0390046846770833,1,-0.0351908238321959,0.0444626478068044,0.69346478992887,0.0203934712911705,0.707369246529596,0.0191431747951067,0.674506795002904,0.0198926755650941,0.677836546505383,0.0198063955307486,0.697607722694643,0.0212486582386076
