"beta","beta_sd","omega","omega_sd","rho","rho_sd","conv_code","tau1","tau1_sd","tau2","tau2_sd","tau3","tau3_sd","tau4","tau4_sd","tau5","tau5_sd","tau6","tau6_sd"
0.400050550191351,0.00428437734601025,0.0636152007529155,0.00154590720845801,0.602295438602159,0.00710679684185385,1,-0.00838094570788477,0.0166151478204761,0.69214795233892,0.00509851027702498,0.697844002302621,0.00591385514315628,0.70564532726596,0.00975768754438271,0.700634969689671,0.0201399940480826,0.729627988237736,0.0488760968220947
