"beta","beta_sd","omega","omega_sd","rho","rho_sd","conv_code","tau1","tau1_sd","tau2","tau2_sd","tau3","tau3_sd","tau4","tau4_sd","tau5","tau5_sd","tau6","tau6_sd"
2.31703975229287,0.0189407935547454,0.994147443180309,0.019277212532882,-0.603247251072629,0.00744622849505465,1,0.0218796074088959,0.0277621216184122,0.71614781911136,0.0138204666481434,0.679520322553576,0.0116865613356779,0.69568747735717,0.0113625286726989,0.705459392994586,0.011642246560247,0.695708923302514,0.0125085425097101
