"beta","beta_sd","omega","omega_sd","rho","rho_sd","conv_code","tau1","tau1_sd","tau2","tau2_sd","tau3","tau3_sd","tau4","tau4_sd","tau5","tau5_sd","tau6","tau6_sd"
1.88819195321012,0.0513370979196283,16.3508279909591,0.718261055399662,-0.600281286932779,0.0184468318047502,1,-0.0225282985211148,0.0459621276197218,0.716636539857817,0.0252540912526285,0.68329290894661,0.0262729675187757,0.715354041677258,0.026240757420942,0.72691980377929,0.0271708249137868,0.704445010680046,0.0284697852940322
