"beta","beta_sd","omega","omega_sd","rho","rho_sd","conv_code","tau1","tau1_sd","tau2","tau2_sd","tau3","tau3_sd","tau4","tau4_sd","tau5","tau5_sd","tau6","tau6_sd"
3.60585085792786,0.0441208425119263,0.960224462250775,0.0352636443225351,0.903569331652106,0.00347918034633485,1,0.00401307993584537,0.0596033897845229,0.709214976046036,0.0266864846161864,0.701643756177819,0.0205049908080504,0.697254915884735,0.0175955173869484,0.67914502668261,0.0175247458814627,0.691594951404153,0.0176679635029487
