"beta","beta_sd","omega","omega_sd","rho","rho_sd","conv_code","tau1","tau1_sd","tau2","tau2_sd","tau3","tau3_sd","tau4","tau4_sd","tau5","tau5_sd","tau6","tau6_sd"
3.2665538818158,0.0193194464010475,0.237429170387655,0.00735488023917533,0.607541100862558,0.0102223728745853,1,-0.0114853978005132,0.033764230324574,0.674554077907518,0.0180053197135108,0.689376111155758,0.012866434704678,0.696671082050656,0.0105923660759139,0.661104240296369,0.010181646828231,0.705978266491664,0.00986233028713273
