"beta","beta_sd","omega","omega_sd","rho","rho_sd","conv_code","tau1","tau1_sd","tau2","tau2_sd","tau3","tau3_sd","tau4","tau4_sd","tau5","tau5_sd","tau6","tau6_sd"
3.39276607849686,0.0306213089940151,0.550828553456433,0.0138094120278311,-0.595155008254525,0.00939370139121129,1,-0.0477368265595917,0.0369373598985995,0.718507290227718,0.0208971828215087,0.680703079035349,0.0161142782262871,0.693219172914743,0.0140860600920485,0.695546282618937,0.0134433100752015,0.684083648851595,0.0136880809557268
