"beta","beta_sd","omega","omega_sd","rho","rho_sd","conv_code","tau1","tau1_sd","tau2","tau2_sd","tau3","tau3_sd","tau4","tau4_sd","tau5","tau5_sd","tau6","tau6_sd"
0.99460849802117,0.00646447834059031,0.0632030593696047,0.00119379369157573,-0.899269349194478,0.00145645714880919,1,-0.00117740336118085,0.0172897794551922,0.686075068540585,0.00951024561375051,0.693604624406814,0.00850006141955991,0.685184622020259,0.00888573567690032,0.701046478147797,0.0100841355401432,0.676125195773096,0.0129991786932319
