"beta","beta_sd","omega","omega_sd","rho","rho_sd","conv_code","tau1","tau1_sd","tau2","tau2_sd","tau3","tau3_sd","tau4","tau4_sd","tau5","tau5_sd","tau6","tau6_sd"
2.7611643446121,0.0229912014223846,0.970502226434027,0.020007761610483,-0.595110368336258,0.00812898616985984,1,0.00516061999908025,0.0305596100357897,0.689832731517666,0.016503295217454,0.680143040678688,0.0131396119248684,0.684672398075108,0.0121552154890111,0.667026182275102,0.0122398021324279,0.674565601931957,0.0127857405431679
