"beta","beta_sd","omega","omega_sd","rho","rho_sd","conv_code","tau1","tau1_sd","tau2","tau2_sd","tau3","tau3_sd","tau4","tau4_sd","tau5","tau5_sd","tau6","tau6_sd"
1.6034260885644,0.00910990908141839,0.0644997450747448,0.00135913701658384,-0.609770207304975,0.00562146956842415,1,0.0229156320901767,0.0213513474488609,0.680585030380673,0.0120542959584413,0.70700633243306,0.00886131379593513,0.684777664607823,0.00884375716235117,0.69472940335305,0.00953668377590859,0.698373585831302,0.0105282820296116
