"beta","beta_sd","omega","omega_sd","rho","rho_sd","conv_code","tau1","tau1_sd","tau2","tau2_sd","tau3","tau3_sd","tau4","tau4_sd","tau5","tau5_sd","tau6","tau6_sd"
3.13466022827557,0.0311708731904582,0.596144857550324,0.015300660516717,-0.902813669817287,0.00230684352882065,1,-0.0735626832063713,0.0370463312349069,0.752416586852823,0.0193732840825165,0.694779284303698,0.0162774874344158,0.700651750125024,0.0147498919490052,0.709065199950637,0.0141349894710673,0.705026041407152,0.0141176491388512
