"beta","beta_sd","omega","omega_sd","rho","rho_sd","conv_code","tau1","tau1_sd","tau2","tau2_sd","tau3","tau3_sd","tau4","tau4_sd","tau5","tau5_sd","tau6","tau6_sd"
3.24932637978684,0.0452060021420332,16.2429994099389,0.40662656871896,0.00690912123163087,0.0268478146737121,1,0.0555825248370762,0.0315261293055824,0.67565133071275,0.0158661945839421,0.704202930516768,0.0155244983985595,0.681880450065893,0.0161542254676417,0.691254437046795,0.0164303985645471,0.706950528179275,0.0175154769003716
