"beta","beta_sd","omega","omega_sd","rho","rho_sd","conv_code","tau1","tau1_sd","tau2","tau2_sd","tau3","tau3_sd","tau4","tau4_sd","tau5","tau5_sd","tau6","tau6_sd"
3.44699933442628,0.0319009447246248,0.27457323832215,0.011618148394004,0.575849162380735,0.0158245538395801,1,-0.0227936034491992,0.0480610868502718,0.725704573730822,0.0252031671105748,0.680362736033588,0.018693294516877,0.709640276776577,0.0160089419258305,0.705089901337703,0.0152100363061892,0.714594198218294,0.0152617834763084
