"beta","beta_sd","omega","omega_sd","rho","rho_sd","conv_code","tau1","tau1_sd","tau2","tau2_sd","tau3","tau3_sd","tau4","tau4_sd","tau5","tau5_sd","tau6","tau6_sd"
1.70163575894389,0.036972431829832,15.4549398112544,0.419061466053817,0.603356289404728,0.0358156603718097,1,0.00996212523215209,0.0400842751904451,0.685883679313715,0.0183205840004323,0.661042696112847,0.017845343501244,0.711064114096907,0.0185895994022031,0.685367053527075,0.0195995981524482,0.693575944110139,0.0212610524378884
