"beta","beta_sd","omega","omega_sd","rho","rho_sd","conv_code","tau1","tau1_sd","tau2","tau2_sd","tau3","tau3_sd","tau4","tau4_sd","tau5","tau5_sd","tau6","tau6_sd"
1.37889664408311,0.0128117515086961,1.00339378264404,0.0175431162959125,-0.598253919409571,0.00669769420297347,1,0.00431878165077441,0.0233436322323738,0.680755542077686,0.0103491582609292,0.694375579382544,0.0098735559970958,0.690106844335424,0.0105693770849872,0.683872153289209,0.0117963142674113,0.682123913564644,0.0132833833054285
