"beta","beta_sd","omega","omega_sd","rho","rho_sd","conv_code","tau1","tau1_sd","tau2","tau2_sd","tau3","tau3_sd","tau4","tau4_sd","tau5","tau5_sd","tau6","tau6_sd"
0.198181954725195,0.00465958833310404,0.0615229981489888,0.00170301004802513,-0.59635545592231,0.0081757908709599,1,0.00230747840236182,0.0168876647820147,0.690024705545492,0.00963071419615901,0.682074673635876,0.012627562296773,0.674827063556906,0.0224649081366145,0.817754607401866,0.0577135918761147,0.718103068346648,0.20018189620418
