"beta","beta_sd","omega","omega_sd","rho","rho_sd","conv_code","tau1","tau1_sd","tau2","tau2_sd","tau3","tau3_sd","tau4","tau4_sd","tau5","tau5_sd","tau6","tau6_sd"
1.41182302243634,0.035566958566229,15.732923831976,0.400397603684041,0.895080364058393,0.00503784491013125,1,-0.0416699296395587,0.0440068392232418,0.711700785982303,0.015723951389669,0.701644825227403,0.0156785034338014,0.68526776216492,0.015705468032641,0.67805392397477,0.016188806838672,0.660879169483197,0.0181188414768714
