"beta","beta_sd","omega","omega_sd","rho","rho_sd","conv_code","tau1","tau1_sd","tau2","tau2_sd","tau3","tau3_sd","tau4","tau4_sd","tau5","tau5_sd","tau6","tau6_sd"
3.6512951438926,0.054330589944037,0.540949587959491,0.0206145496725225,-0.58340884381695,0.0146514755440039,1,-0.0258511723941301,0.0478246691918609,0.68571760959949,0.0291737540245272,0.666881979713086,0.0230849417871752,0.706707739635215,0.0208190868295368,0.676232111348603,0.0200451935141771,0.711658023876312,0.0201459873253639
