"beta","beta_sd","omega","omega_sd","rho","rho_sd","conv_code","tau1","tau1_sd","tau2","tau2_sd","tau3","tau3_sd","tau4","tau4_sd","tau5","tau5_sd","tau6","tau6_sd"
0.973855973125339,0.0332180527727954,15.8308493642772,0.351646710886672,0.0123747410366408,0.0198957564819496,1,-0.0408077508974033,0.0257470001961259,0.689677999474264,0.0120908201234499,0.694145736908977,0.0124431045769739,0.694117445043999,0.0133440126357376,0.677963180827017,0.0146684093232989,0.669780053409228,0.0158123515230528
