"beta","beta_sd","omega","omega_sd","rho","rho_sd","conv_code","tau1","tau1_sd","tau2","tau2_sd","tau3","tau3_sd","tau4","tau4_sd","tau5","tau5_sd","tau6","tau6_sd"
0.507544286330829,0.00446110237974792,0.0636096816632842,0.00113595795408427,-0.899791783136364,0.00128475503645062,1,0.0171091381121999,0.0146005258359889,0.689706589507761,0.00692313046922508,0.702615399890442,0.00703894705941723,0.694921018906742,0.00872916397431364,0.691367150849458,0.0129712771580117,0.717668163297784,0.0225744518706118
