"beta","beta_sd","omega","omega_sd","rho","rho_sd","conv_code","tau1","tau1_sd","tau2","tau2_sd","tau3","tau3_sd","tau4","tau4_sd","tau5","tau5_sd","tau6","tau6_sd"
0.695936099781785,0.0381611923325944,16.6193975391773,0.731277223435812,-0.609763395159773,0.0179082005057061,1,-0.03966589854956,0.0448303890968553,0.714917210766133,0.0247119278753153,0.703112431593579,0.0260389011960831,0.733817290538142,0.0271554631272127,0.676236347720874,0.02860949581322,0.696760101065594,0.030180013302762
