"beta","beta_sd","omega","omega_sd","rho","rho_sd","conv_code","tau1","tau1_sd","tau2","tau2_sd","tau3","tau3_sd","tau4","tau4_sd","tau5","tau5_sd","tau6","tau6_sd"
3.51187375731544,0.0262412087105206,0.24615840258648,0.00647477875964497,-0.603549199457482,0.00754751980972948,1,-0.0018310945251874,0.0347123649414001,0.725282812430195,0.0192407725528549,0.68586438425963,0.0143477900362316,0.692228094445957,0.0122794194621247,0.680753620641526,0.0118156831250987,0.702403341711345,0.0115781535804502
