"beta","beta_sd","omega","omega_sd","rho","rho_sd","conv_code","tau1","tau1_sd","tau2","tau2_sd","tau3","tau3_sd","tau4","tau4_sd","tau5","tau5_sd","tau6","tau6_sd"
1.39616232288491,0.0146333117613496,1.01136555559155,0.0241646971777667,0.901553006579719,0.00324836466370487,1,-0.00851804405684609,0.0373744140253056,0.702514771023728,0.0132870514660563,0.707726173067878,0.0121536989487064,0.684733795147031,0.0127778067594251,0.695173355644164,0.0136407982530684,0.701681126666965,0.0155173521777216
