"beta","beta_sd","omega","omega_sd","rho","rho_sd","conv_code","tau1","tau1_sd","tau2","tau2_sd","tau3","tau3_sd","tau4","tau4_sd","tau5","tau5_sd","tau6","tau6_sd"
3.33971169511507,0.043428728423633,15.907730291385,0.368610766817231,-0.605212068903336,0.00837815687514117,1,-0.04401750874147,0.0311795587938277,0.701269238174601,0.0143581073474546,0.720112254362942,0.0137690016637979,0.687482566088595,0.0143398490650313,0.692902537293487,0.0146883165750392,0.719809994878365,0.0150824595963707
