"beta","beta_sd","omega","omega_sd","rho","rho_sd","conv_code","tau1","tau1_sd","tau2","tau2_sd","tau3","tau3_sd","tau4","tau4_sd","tau5","tau5_sd","tau6","tau6_sd"
2.26995542984568,0.0884473557689198,19.2651971119521,1.37192811183732,-0.911442515658422,0.00636637806191448,1,0.0594555346032705,0.0705098187524777,0.761316179554961,0.0384438780496577,0.75623542807914,0.0389832789122452,0.784109663941008,0.0392571423674667,0.760667375435789,0.0398587683646029,0.827643750820294,0.040276377570278
