"beta","beta_sd","omega","omega_sd","rho","rho_sd","conv_code","tau1","tau1_sd","tau2","tau2_sd","tau3","tau3_sd","tau4","tau4_sd","tau5","tau5_sd","tau6","tau6_sd"
2.27659663331128,0.0165721383271864,0.0603558290147128,0.00249427210262909,0.0186449097994217,0.0185617735927363,1,-0.0382306118576799,0.0342060032289487,0.708013235329908,0.0184386110766029,0.665604693730441,0.0132883161044273,0.69682228510096,0.0118128825128415,0.674194992595918,0.0121513061889809,0.675367881892797,0.0128633137590194
