"beta","beta_sd","omega","omega_sd","rho","rho_sd","conv_code","tau1","tau1_sd","tau2","tau2_sd","tau3","tau3_sd","tau4","tau4_sd","tau5","tau5_sd","tau6","tau6_sd"
3.11844922372847,0.0185528521201211,0.567042033283075,0.0124039680540282,0.607837963720021,0.0124251768569259,1,-0.0271724873432625,0.0331199764095441,0.713699142779869,0.0164900547160405,0.687088234031177,0.0118547452195054,0.711645135915733,0.00995061491931342,0.691869627284419,0.0097470920014983,0.696254895358304,0.010003801787372
