"beta","beta_sd","omega","omega_sd","rho","rho_sd","conv_code","tau1","tau1_sd","tau2","tau2_sd","tau3","tau3_sd","tau4","tau4_sd","tau5","tau5_sd","tau6","tau6_sd"
3.37334152621031,0.0382918680056883,0.255611278372024,0.00991086311281944,-0.31507653030298,0.0206012329819542,1,-0.0244825003502642,0.0458839662759026,0.684672669436294,0.0271511479607372,0.692245131260695,0.019539319485474,0.679558143503531,0.0175168730684098,0.700820407007582,0.0170404893673687,0.659562147815264,0.0173399758544467
