"beta","beta_sd","omega","omega_sd","rho","rho_sd","conv_code","tau1","tau1_sd","tau2","tau2_sd","tau3","tau3_sd","tau4","tau4_sd","tau5","tau5_sd","tau6","tau6_sd"
3.07122482337692,0.0524318124348519,15.5602685553724,0.486019093581045,0.902071063151781,0.00565480456708956,1,0.00849987659794147,0.0541756453068718,0.690801061748898,0.021302616899514,0.675163131944402,0.0204620559889445,0.64653381970046,0.0204871306770532,0.705078422376376,0.0207414772944312,0.708160263533132,0.0220663492212538
