"beta","beta_sd","omega","omega_sd","rho","rho_sd","conv_code","tau1","tau1_sd","tau2","tau2_sd","tau3","tau3_sd","tau4","tau4_sd","tau5","tau5_sd","tau6","tau6_sd"
1.36211745950228,0.0386669969484507,16.1599717336872,0.547803353305763,0.0037764485745203,0.0412285282144652,1,-0.0508318771740766,0.0380613040881094,0.720098510966822,0.019386967723038,0.701946998739021,0.0202593823778494,0.715359640575369,0.0219979176757195,0.713767228631545,0.022922417210039,0.685568792866059,0.0248608375182422
