"beta","beta_sd","omega","omega_sd","rho","rho_sd","conv_code","tau1","tau1_sd","tau2","tau2_sd","tau3","tau3_sd","tau4","tau4_sd","tau5","tau5_sd","tau6","tau6_sd"
3.9130121880302,0.0341087183993518,0.255161625569353,0.00817402719076979,-0.902270723289637,0.00213639440915715,1,0.04836982663216,0.0364556071033707,0.66621777200037,0.0210359922845925,0.690283072151919,0.0164673633902889,0.72109371689731,0.0139891805029002,0.689828279087516,0.0133822243767412,0.704782727859131,0.0132079369246248
