"beta","beta_sd","omega","omega_sd","rho","rho_sd","conv_code","tau1","tau1_sd","tau2","tau2_sd","tau3","tau3_sd","tau4","tau4_sd","tau5","tau5_sd","tau6","tau6_sd"
1.58334539379402,0.0109909599399733,0.994327168293024,0.0149332278400262,0.0195396697912315,0.0125229917690661,1,0.0083378515531484,0.0193337304101075,0.692889665375775,0.00849620990356804,0.682726326239483,0.00789068019579378,0.695681953239192,0.00829127660979366,0.69119271688471,0.00909589876995829,0.70675151322876,0.010188295270356
