"beta","beta_sd","omega","omega_sd","rho","rho_sd","conv_code","tau1","tau1_sd","tau2","tau2_sd","tau3","tau3_sd","tau4","tau4_sd","tau5","tau5_sd","tau6","tau6_sd"
-0.00256642862511932,0.00405351870876048,0.0614186651509524,0.00143689902084038,0.308884943222625,0.0116538230596005,1,-0.00269400829005418,0.0145643674714479,0.689186915926185,0.00516877841455579,0.691684069271238,0.0101820796969675,0.647157657160717,0.029600526506935,0.926857939358412,0.0955887104686829,1.56823071032376,574.641647855927
