"beta","beta_sd","omega","omega_sd","rho","rho_sd","conv_code","tau1","tau1_sd","tau2","tau2_sd","tau3","tau3_sd","tau4","tau4_sd","tau5","tau5_sd","tau6","tau6_sd"
1.09761633415539,0.0103412751405146,0.9883283614737,0.0167831948117495,0.624481297236283,0.0144564043253691,1,0.0294129207688998,0.0230887687475665,0.683008291033755,0.00883648929951135,0.685300080468473,0.00851979322092449,0.687023950365986,0.00960017605338989,0.694872120650778,0.011064918122742,0.688154255915819,0.013102395493951
