"beta","beta_sd","omega","omega_sd","rho","rho_sd","conv_code","tau1","tau1_sd","tau2","tau2_sd","tau3","tau3_sd","tau4","tau4_sd","tau5","tau5_sd","tau6","tau6_sd"
2.75059264538045,0.0479021220853579,15.96858655452,0.49385481798383,0.334792319117397,0.0536326605108629,1,-0.00591675518756976,0.039540344756329,0.690106790619426,0.0188977860396342,0.709284213044953,0.0193613085576191,0.697702609700126,0.0203160224476116,0.704793584196241,0.0217002157722379,0.685431760560139,0.0228454641406113
