"beta","beta_sd","omega","omega_sd","rho","rho_sd","conv_code","tau1","tau1_sd","tau2","tau2_sd","tau3","tau3_sd","tau4","tau4_sd","tau5","tau5_sd","tau6","tau6_sd"
0.798381689860911,0.0108721845624105,0.985816685447847,0.0172476266728824,-0.602278467597296,0.00661814151099911,1,-0.0405388919991771,0.0228773281390237,0.690503230057399,0.00944723030436897,0.690196246479271,0.00986110701383673,0.696029113963377,0.0111222849026684,0.667003607340301,0.0132003678622945,0.670197402908282,0.0157220984240285
