"beta","beta_sd","omega","omega_sd","rho","rho_sd","conv_code","tau1","tau1_sd","tau2","tau2_sd","tau3","tau3_sd","tau4","tau4_sd","tau5","tau5_sd","tau6","tau6_sd"
3.50476609357096,0.0243080604502426,0.0665308156585474,0.00604299113633306,0.608963520553125,0.00987259761258129,1,-0.0318885242066897,0.039783512952378,0.696725396796261,0.021711174402074,0.695301502604954,0.0158701026932556,0.700846429127374,0.0130525196668112,0.694751775488873,0.012087177969042,0.697056508631046,0.0119811071468783
