"beta","beta_sd","omega","omega_sd","rho","rho_sd","conv_code","tau1","tau1_sd","tau2","tau2_sd","tau3","tau3_sd","tau4","tau4_sd","tau5","tau5_sd","tau6","tau6_sd"
1.00691109579681,0.0146896465125094,1.02604055217203,0.0252113239879785,0.715181444254043,0.0154198820465206,1,-0.0130885171031468,0.0339190939043644,0.70279276081392,0.0124549676542286,0.709217773034226,0.0121149354914462,0.697308719842088,0.0139339313914369,0.721532288616807,0.0162256481788491,0.700135246676565,0.019242963897956
