"beta","beta_sd","omega","omega_sd","rho","rho_sd","conv_code","tau1","tau1_sd","tau2","tau2_sd","tau3","tau3_sd","tau4","tau4_sd","tau5","tau5_sd","tau6","tau6_sd"
3.53016363360278,0.0232450974415943,0.0741268258721208,0.00927056404880974,0.900004884593929,0.00194066992231006,1,0.0346530214393535,0.0394553531305162,0.690495765970509,0.0178588445815576,0.704083676355951,0.0138251602292807,0.701910587648411,0.0117657464459312,0.696416267926433,0.0108885010508144,0.675271205923699,0.0109017473302516
