"beta","beta_sd","omega","omega_sd","rho","rho_sd","conv_code","tau1","tau1_sd","tau2","tau2_sd","tau3","tau3_sd","tau4","tau4_sd","tau5","tau5_sd","tau6","tau6_sd"
3.13957803924064,0.0224351465023468,0.580627086114736,0.0135651686526508,0.277439762132142,0.0236857827713407,1,0.0686456845930143,0.0356362533477678,0.674605516393045,0.019063224278326,0.710027368366218,0.0132273439093066,0.692015319790455,0.0118525937163301,0.697666292844526,0.011519738406408,0.712584961201272,0.0118688698380516
