"beta","beta_sd","omega","omega_sd","rho","rho_sd","conv_code","tau1","tau1_sd","tau2","tau2_sd","tau3","tau3_sd","tau4","tau4_sd","tau5","tau5_sd","tau6","tau6_sd"
1.30790843301936,0.010015953044964,0.0609582548069259,0.00165154194377444,-0.321441557239388,0.0124828041999854,1,-0.00768289314280904,0.0229937955376007,0.70754349504062,0.0124688807351303,0.695796081335905,0.0102207554440011,0.693302419132465,0.0108958350446494,0.70573152672911,0.0120836672614491,0.683076664977887,0.0139354817803949
