"beta","beta_sd","omega","omega_sd","rho","rho_sd","conv_code","tau1","tau1_sd","tau2","tau2_sd","tau3","tau3_sd","tau4","tau4_sd","tau5","tau5_sd","tau6","tau6_sd"
3.50604801066686,0.0558692303873286,16.432512220747,0.505080227365683,0.303049152063157,0.0489906071912307,1,0.0609579484373419,0.039840717748677,0.678742269920804,0.0199975035595569,0.676242670248819,0.0198164244698216,0.728039125347606,0.0200977373223653,0.683352928409551,0.0216737961438581,0.718535246612269,0.0220453410562989
