"beta","beta_sd","omega","omega_sd","rho","rho_sd","conv_code","tau1","tau1_sd","tau2","tau2_sd","tau3","tau3_sd","tau4","tau4_sd","tau5","tau5_sd","tau6","tau6_sd"
1.57912849266292,0.0142431355866279,0.973533479746009,0.0203095624541013,0.619599694438591,0.0178478188116122,1,0.0282993603407473,0.0296728145986543,0.661684766689703,0.012625979222509,0.684422305238375,0.0110671556532521,0.665585054793887,0.0118080842441425,0.70112655522405,0.0126574682078718,0.68821551906448,0.0145838951145562
