"beta","beta_sd","omega","omega_sd","rho","rho_sd","conv_code","tau1","tau1_sd","tau2","tau2_sd","tau3","tau3_sd","tau4","tau4_sd","tau5","tau5_sd","tau6","tau6_sd"
1.94977457222605,0.0179082656401673,0.955982024822864,0.0191474403290123,-0.896363698738655,0.00199983118016778,1,-0.0380455724568245,0.0297684671989762,0.684377388807813,0.0135761489024364,0.677393154318866,0.0119648082605864,0.683276819362259,0.0116626297858157,0.66558955532677,0.0123824032826193,0.677282069694183,0.0132971737602778
