"beta","beta_sd","omega","omega_sd","rho","rho_sd","conv_code","tau1","tau1_sd","tau2","tau2_sd","tau3","tau3_sd","tau4","tau4_sd","tau5","tau5_sd","tau6","tau6_sd"
3.79290233868495,0.031367602277684,0.0653022999401855,0.00375011927397919,-0.598627267147039,0.00886162766411266,1,-0.00535796433580394,0.0422992874244781,0.7017569597066,0.0240779510530294,0.679791510806455,0.0178003471682488,0.697193119630442,0.0147545321492862,0.682174716604074,0.0138851333121467,0.689050266446484,0.0132933897875331
