"beta","beta_sd","omega","omega_sd","rho","rho_sd","conv_code","tau1","tau1_sd","tau2","tau2_sd","tau3","tau3_sd","tau4","tau4_sd","tau5","tau5_sd","tau6","tau6_sd"
3.72069814464714,0.0521928286910509,15.4605615910531,0.413743595742965,-0.594834171120109,0.011212353225328,1,-0.0342550730956082,0.0368556748300454,0.685047397737472,0.0173165015238947,0.706278669209441,0.0167037920274731,0.688460673784432,0.0173762571665381,0.687706580928577,0.017761484966378,0.658284635475685,0.0185358614424606
