"beta","beta_sd","omega","omega_sd","rho","rho_sd","conv_code","tau1","tau1_sd","tau2","tau2_sd","tau3","tau3_sd","tau4","tau4_sd","tau5","tau5_sd","tau6","tau6_sd"
1.29554082587164,0.00679806789540521,0.0629053898049075,0.00115758172278186,-0.899822305669669,0.00130188979471988,1,0.00602942851306059,0.0166566199935158,0.675677087282614,0.00928495956767447,0.696041706997516,0.00782818612259841,0.699209440093798,0.00763444665010721,0.690631479613171,0.00837301626598847,0.694235642940881,0.00966278964590024
