"beta","beta_sd","omega","omega_sd","rho","rho_sd","conv_code","tau1","tau1_sd","tau2","tau2_sd","tau3","tau3_sd","tau4","tau4_sd","tau5","tau5_sd","tau6","tau6_sd"
1.71321051598349,0.0352783460701171,15.925359647405,0.371915202156718,0.895216400776846,0.0043255562105496,1,0.0521242499254477,0.0398248454274839,0.683680807707444,0.0138288105773284,0.717708658033701,0.0130029523148587,0.696724888382389,0.0134968200142097,0.697364083651084,0.0139888814010066,0.729405338794888,0.014836937867238
