"beta","beta_sd","omega","omega_sd","rho","rho_sd","conv_code","tau1","tau1_sd","tau2","tau2_sd","tau3","tau3_sd","tau4","tau4_sd","tau5","tau5_sd","tau6","tau6_sd"
2.02874801207617,0.0380213939746524,15.976857946405,0.407247805946294,0.901366013956782,0.0044173909114532,1,-0.0610299409633257,0.0448653221320883,0.714932765239626,0.0157653442525696,0.695961086965328,0.0155141608083137,0.71239949265262,0.0157504777381451,0.672723819755948,0.0161384854079648,0.651105128624722,0.0176107726233781
