"beta","beta_sd","omega","omega_sd","rho","rho_sd","conv_code","tau1","tau1_sd","tau2","tau2_sd","tau3","tau3_sd","tau4","tau4_sd","tau5","tau5_sd","tau6","tau6_sd"
3.81025971661362,0.02724861891881,0.0613183660489506,0.00424243193583264,0.00758023469773936,0.0185273794898796,1,-0.0818073743648935,0.0395453062946231,0.727263770007371,0.0223296480675511,0.705207627461406,0.0166032856734254,0.703981386151842,0.013553704195432,0.691635859416932,0.0127160525176494,0.69732323030153,0.0124751069550812
