"beta","beta_sd","omega","omega_sd","rho","rho_sd","conv_code","tau1","tau1_sd","tau2","tau2_sd","tau3","tau3_sd","tau4","tau4_sd","tau5","tau5_sd","tau6","tau6_sd"
3.0641365873753,0.0201460271666322,0.0588026485958058,0.00221026432552916,-0.899337014860734,0.00174855118519,1,-0.00457266479482534,0.0291657643519303,0.668614081965118,0.01692254812663,0.691657083193754,0.0129818474249719,0.688088699009888,0.0114476741072469,0.683629672255895,0.0108511552389645,0.68644715100772,0.0108581881666579
