"beta","beta_sd","omega","omega_sd","rho","rho_sd","conv_code","tau1","tau1_sd","tau2","tau2_sd","tau3","tau3_sd","tau4","tau4_sd","tau5","tau5_sd","tau6","tau6_sd"
2.11437230964674,0.0199214946437006,1.02427315528131,0.0213796116919128,-0.902744918241894,0.0019326505606926,1,0.0158723386276567,0.0318212139981279,0.68571024841008,0.014280964636843,0.689663268825844,0.0125327199903634,0.707051443153319,0.0122275534249945,0.677657430995864,0.0126353384666772,0.693004508598203,0.0132879482968671
