"beta","beta_sd","omega","omega_sd","rho","rho_sd","conv_code","tau1","tau1_sd","tau2","tau2_sd","tau3","tau3_sd","tau4","tau4_sd","tau5","tau5_sd","tau6","tau6_sd"
2.89538003855671,0.0449501835319653,16.0830814241971,0.427638999224128,-0.603368128092322,0.010772083337677,1,-0.0213806120247599,0.0353227370688342,0.706369222378584,0.0163446406335948,0.70869884136111,0.0162769838644106,0.688890105936847,0.0170920768039909,0.675384731173313,0.0180785389376073,0.689884531354704,0.0185433503232826
