"beta","beta_sd","omega","omega_sd","rho","rho_sd","conv_code","tau1","tau1_sd","tau2","tau2_sd","tau3","tau3_sd","tau4","tau4_sd","tau5","tau5_sd","tau6","tau6_sd"
3.76164835110057,0.0856904595647244,15.7368707046027,0.706771172805923,-0.595455572119217,0.0189365810686526,1,-0.0706943011187983,0.0487720208112764,0.70788010220218,0.026627728971854,0.681186609382755,0.0267288019239564,0.664593629572058,0.0273914549171821,0.684084734594092,0.0280777815808277,0.663084986595319,0.0284927466590666
