"beta","beta_sd","omega","omega_sd","rho","rho_sd","conv_code","tau1","tau1_sd","tau2","tau2_sd","tau3","tau3_sd","tau4","tau4_sd","tau5","tau5_sd","tau6","tau6_sd"
1.54984152176797,0.0339547573448196,16.1801515614687,0.349359013905757,0.308404890830558,0.0241581422691709,1,-0.00750785603220562,0.0265045251781242,0.705210944143487,0.0117654501053753,0.70509630395807,0.0122167228973615,0.678963777777051,0.013042672647675,0.697583744688767,0.0138475629324205,0.677280722238673,0.015058026871111
