"beta","beta_sd","omega","omega_sd","rho","rho_sd","conv_code","tau1","tau1_sd","tau2","tau2_sd","tau3","tau3_sd","tau4","tau4_sd","tau5","tau5_sd","tau6","tau6_sd"
0.291918329794431,0.00452315486919776,0.0604165244021577,0.00164763368189238,0.0245841669132184,0.0163541060201116,1,-0.0224853975387643,0.0167859317475075,0.693742244648425,0.00737299355985899,0.668790426288733,0.0100852762191038,0.695421757913423,0.0190051883956464,0.671048983560148,0.0442745359468964,0.71150154690211,0.135391760115769
