"beta","beta_sd","omega","omega_sd","rho","rho_sd","conv_code","tau1","tau1_sd","tau2","tau2_sd","tau3","tau3_sd","tau4","tau4_sd","tau5","tau5_sd","tau6","tau6_sd"
0.996499305842458,0.00500532453294761,0.0625238283718365,0.00153476596419955,0.603616697257903,0.00692473621090943,1,0.00214231072114072,0.0180554215294571,0.689418300161693,0.00729794336333461,0.694174040578348,0.00583684120883479,0.677854006731081,0.00648137418604589,0.686757640850468,0.00786778412152307,0.703507972930957,0.0106104628772144
