"beta","beta_sd","omega","omega_sd","rho","rho_sd","conv_code","tau1","tau1_sd","tau2","tau2_sd","tau3","tau3_sd","tau4","tau4_sd","tau5","tau5_sd","tau6","tau6_sd"
0.403377816767706,0.0108033514905938,1.00054045995116,0.0213449355109576,0.896126227034101,0.00327177996658678,1,0.0439226664118492,0.0328449681783411,0.687738999937043,0.00922681322736294,0.700728885040816,0.00967445235942919,0.690122694248582,0.0113341503537055,0.6834162130172,0.0138727348497628,0.664401709457252,0.0176397403153101
