"beta","beta_sd","omega","omega_sd","rho","rho_sd","conv_code","tau1","tau1_sd","tau2","tau2_sd","tau3","tau3_sd","tau4","tau4_sd","tau5","tau5_sd","tau6","tau6_sd"
3.07513790775086,0.0462093701163754,16.3871898506954,0.431446229179654,-0.602237822825735,0.0107904831832868,1,-0.058433352858626,0.0358824175477842,0.701845884849628,0.016609314613497,0.704805225625119,0.0163454194804373,0.704812873817273,0.0169594269569063,0.666364714383842,0.0177182856334659,0.718339950980546,0.0183695371357496
