"beta","beta_sd","omega","omega_sd","rho","rho_sd","conv_code","tau1","tau1_sd","tau2","tau2_sd","tau3","tau3_sd","tau4","tau4_sd","tau5","tau5_sd","tau6","tau6_sd"
3.10382918758356,0.0182720019498047,0.577225155791699,0.0116889834972597,0.278382548808229,0.0194534074747777,1,-0.00685373574294349,0.0305591870600592,0.683758857806885,0.0166053409170884,0.709198297029552,0.0113772789573436,0.695971995559377,0.0100522263299432,0.701022832718427,0.00973509745473897,0.683000775721,0.0100799894091353
