"beta","beta_sd","omega","omega_sd","rho","rho_sd","conv_code","tau1","tau1_sd","tau2","tau2_sd","tau3","tau3_sd","tau4","tau4_sd","tau5","tau5_sd","tau6","tau6_sd"
2.5077584180884,0.018293326733492,0.0645633341227871,0.00396053375682765,0.61485227671348,0.0102427187595568,1,-0.0489304697027582,0.0406551173960182,0.683412513266971,0.0210409526124082,0.73178452321242,0.0143540509220638,0.699800573676094,0.0123942184490534,0.700672353827272,0.0122501289936342,0.70262743709789,0.0125477279950725
