"beta","beta_sd","omega","omega_sd","rho","rho_sd","conv_code","tau1","tau1_sd","tau2","tau2_sd","tau3","tau3_sd","tau4","tau4_sd","tau5","tau5_sd","tau6","tau6_sd"
1.30716407040642,0.00798834004455581,0.0635800623257782,0.00188337702029574,0.270648127900852,0.0156750469711052,1,0.0212133371945406,0.0235779118998443,0.681791760446278,0.0117692600246055,0.696273943117125,0.00902468743622891,0.703503449474869,0.0094808032529266,0.703093018577685,0.0109323183411547,0.693343079484714,0.0126241753228819
