"beta","beta_sd","omega","omega_sd","rho","rho_sd","conv_code","tau1","tau1_sd","tau2","tau2_sd","tau3","tau3_sd","tau4","tau4_sd","tau5","tau5_sd","tau6","tau6_sd"
2.00656172993594,0.00915793373253876,0.0630426317794679,0.00147129104050114,-0.0139014967026296,0.0105348773782378,1,-0.0186994595149072,0.0222148262686997,0.708059067571035,0.0118933726953865,0.697040698282532,0.00841260513794067,0.691550597492397,0.00768122962976477,0.688855729547165,0.00790588867849451,0.698874700884586,0.0084892499593089
