"beta","beta_sd","omega","omega_sd","rho","rho_sd","conv_code","tau1","tau1_sd","tau2","tau2_sd","tau3","tau3_sd","tau4","tau4_sd","tau5","tau5_sd","tau6","tau6_sd"
1.38149590967084,0.00998122382768265,0.0545792318053903,0.00377730759602322,0.901752729392495,0.00187748901156061,1,-0.0385638531326356,0.0343887005606347,0.687771934863391,0.013086913124958,0.688344032393492,0.0107169663362887,0.691047652780037,0.0101537423077229,0.674854812321112,0.0109581646125012,0.681484198334068,0.0124474422248267
