"beta","beta_sd","omega","omega_sd","rho","rho_sd","conv_code","tau1","tau1_sd","tau2","tau2_sd","tau3","tau3_sd","tau4","tau4_sd","tau5","tau5_sd","tau6","tau6_sd"
1.5078117799269,0.0106598521962479,1.01948059002456,0.0152515886380517,0.29887228910942,0.0150925583471759,1,0.0344179575085273,0.0200515836451491,0.69518287804912,0.00818372439127311,0.700376554039383,0.0076090744096286,0.703158556634257,0.00817150031601661,0.698494299467906,0.00905552103325354,0.692372506631394,0.0103613748788613
