"beta","beta_sd","omega","omega_sd","rho","rho_sd","conv_code","tau1","tau1_sd","tau2","tau2_sd","tau3","tau3_sd","tau4","tau4_sd","tau5","tau5_sd","tau6","tau6_sd"
0.373373509494846,0.0352297019610489,15.9168307269034,0.421657727393971,0.899642488455597,0.00476260910331071,1,-0.024199686858691,0.0449463424836047,0.688281213043106,0.0155282542637601,0.669938232627571,0.0156711614414833,0.683385319350932,0.0162402350472994,0.670155203758542,0.0173179665009175,0.711066463831336,0.018445161650126
