"beta","beta_sd","omega","omega_sd","rho","rho_sd","conv_code","tau1","tau1_sd","tau2","tau2_sd","tau3","tau3_sd","tau4","tau4_sd","tau5","tau5_sd","tau6","tau6_sd"
1.40039500596745,0.0147816254319831,1.04698851432983,0.0233749686519372,0.300594019348294,0.0284342399941762,1,0.0260706764261231,0.0269720281704537,0.680196273838788,0.0119193172717902,0.690195014292433,0.0118458434617088,0.708485221756089,0.0129833106480019,0.692567411742487,0.0145069830218139,0.684366845595695,0.0162362958986784
