"beta","beta_sd","omega","omega_sd","rho","rho_sd","conv_code","tau1","tau1_sd","tau2","tau2_sd","tau3","tau3_sd","tau4","tau4_sd","tau5","tau5_sd","tau6","tau6_sd"
2.83020456198429,0.0183787696961465,0.0634165445039843,0.00229843588365556,-0.326982340248584,0.0114863656500887,1,-0.0697871697409244,0.0329986796146546,0.730004421477559,0.0183855141010206,0.71739686076018,0.0130276553696802,0.6986209088015,0.0111913254767183,0.708251034976569,0.0108396819552762,0.692940726733867,0.0111680163995716
