"beta","beta_sd","omega","omega_sd","rho","rho_sd","conv_code","tau1","tau1_sd","tau2","tau2_sd","tau3","tau3_sd","tau4","tau4_sd","tau5","tau5_sd","tau6","tau6_sd"
3.20402138348637,0.0738468539103271,16.9119938240913,0.74651479802472,-0.625339196355178,0.0174297993762366,1,0.0641962257516585,0.0468568581774479,0.733179627132454,0.0257006304957212,0.730369063607249,0.0261578606701189,0.717027835363507,0.0272076324774911,0.736995475230331,0.0272501511569563,0.719240283206428,0.0284439743307377
