"beta","beta_sd","omega","omega_sd","rho","rho_sd","conv_code","tau1","tau1_sd","tau2","tau2_sd","tau3","tau3_sd","tau4","tau4_sd","tau5","tau5_sd","tau6","tau6_sd"
1.84683491319262,0.0219609690740653,1.05809597548465,0.0272158704375394,-0.325775991546358,0.0178117243481577,1,0.0502363543365912,0.0295078068809682,0.703219139767825,0.0152764366302679,0.70449614008718,0.0144323090628142,0.738863063948509,0.0147409784447006,0.730953674182775,0.015881609869327,0.711675164354215,0.0172383880532685
