"beta","beta_sd","omega","omega_sd","rho","rho_sd","conv_code","tau1","tau1_sd","tau2","tau2_sd","tau3","tau3_sd","tau4","tau4_sd","tau5","tau5_sd","tau6","tau6_sd"
3.37669646231762,0.0225452133801519,0.976259495290874,0.019358944497982,0.0183711540134668,0.0180574769269589,1,-0.0152788566785744,0.0296475468799889,0.700907581828574,0.0163551786859003,0.672360608735265,0.0123458589944837,0.685410022978209,0.0108437385536274,0.70411181131645,0.0103569116544188,0.690472630067468,0.0108543438084018
