"beta","beta_sd","omega","omega_sd","rho","rho_sd","conv_code","tau1","tau1_sd","tau2","tau2_sd","tau3","tau3_sd","tau4","tau4_sd","tau5","tau5_sd","tau6","tau6_sd"
3.07367422590905,0.0335303492648525,0.247318148561137,0.00873873327591869,-0.262427644684765,0.0205689484956821,1,-0.0362047790463721,0.0450160082467539,0.683882450699941,0.0258794972268595,0.680573551633693,0.018711820703676,0.705525628884898,0.0160899394944859,0.682841705189468,0.0159906326872978,0.686720221874383,0.0163423326549707
