"beta","beta_sd","omega","omega_sd","rho","rho_sd","conv_code","tau1","tau1_sd","tau2","tau2_sd","tau3","tau3_sd","tau4","tau4_sd","tau5","tau5_sd","tau6","tau6_sd"
3.00722192203599,0.0551181787818792,0.529020472915573,0.0223363748282649,-0.891052078138478,0.00419347028617816,1,-0.0235657700940535,0.0467553838296594,0.661092700872952,0.0282835303926768,0.675340208319071,0.0239918685390275,0.668036811954324,0.0226787393401155,0.642849513536324,0.0227945286019821,0.678787928819224,0.0227154118556102
