"beta","beta_sd","omega","omega_sd","rho","rho_sd","conv_code","tau1","tau1_sd","tau2","tau2_sd","tau3","tau3_sd","tau4","tau4_sd","tau5","tau5_sd","tau6","tau6_sd"
1.00439646079914,0.00576781402805612,0.0625796563533701,0.00119221525152984,-0.297044107588808,0.00861952332761103,1,-0.00371675703411035,0.0161620179871747,0.696761453730333,0.00828820537972799,0.690011251611671,0.00712235814834121,0.70820422517697,0.00801788139870133,0.701951541281812,0.00962542355824481,0.686548926292908,0.0130971909173244
