"beta","beta_sd","omega","omega_sd","rho","rho_sd","conv_code","tau1","tau1_sd","tau2","tau2_sd","tau3","tau3_sd","tau4","tau4_sd","tau5","tau5_sd","tau6","tau6_sd"
2.41171229756585,0.0416434944148313,16.2621603346573,0.432144898347182,-0.593812267715227,0.0110634142205396,1,-0.0351368897107481,0.0344878512880969,0.688706099390245,0.0164476501202559,0.707342332487952,0.0163749048226475,0.677302951131849,0.0172330433436688,0.681771700229093,0.0178320121831042,0.698067444683554,0.0185119072442626
