"beta","beta_sd","omega","omega_sd","rho","rho_sd","conv_code","tau1","tau1_sd","tau2","tau2_sd","tau3","tau3_sd","tau4","tau4_sd","tau5","tau5_sd","tau6","tau6_sd"
1.54843126330331,0.0344231211235762,15.5549394919589,0.36102181719036,-0.592287325783689,0.00859935247458345,1,-0.0268195987875889,0.0291607829245011,0.700745241218768,0.0132143697962883,0.683956229045356,0.0135993563269417,0.679165760738142,0.0143185037569187,0.697478974338359,0.0147184191662446,0.703805101798039,0.0159144890673498
