"beta","beta_sd","omega","omega_sd","rho","rho_sd","conv_code","tau1","tau1_sd","tau2","tau2_sd","tau3","tau3_sd","tau4","tau4_sd","tau5","tau5_sd","tau6","tau6_sd"
0.609967867681561,0.00548895148960235,0.0620239195771861,0.00197973505179744,0.609760470616187,0.00927524503889669,1,0.0176253541440612,0.0208485489828661,0.686135474361484,0.00808481511680218,0.709992042227223,0.00794328685084863,0.709007775269926,0.0109361961303109,0.704427400276738,0.0180301283107281,0.711637398859589,0.0372253924319929
