"beta","beta_sd","omega","omega_sd","rho","rho_sd","conv_code","tau1","tau1_sd","tau2","tau2_sd","tau3","tau3_sd","tau4","tau4_sd","tau5","tau5_sd","tau6","tau6_sd"
3.69787118203366,0.0306638314417132,0.228828108764636,0.0143883051180149,0.901535632857822,0.00234989665432861,1,0.028912563404496,0.0471888194665301,0.698419544018117,0.0217782831300655,0.695676102217351,0.0168278829303331,0.689139163167136,0.0143916331099985,0.698497870901042,0.0132268162830174,0.69636086403444,0.0130649160009091
