"beta","beta_sd","omega","omega_sd","rho","rho_sd","conv_code","tau1","tau1_sd","tau2","tau2_sd","tau3","tau3_sd","tau4","tau4_sd","tau5","tau5_sd","tau6","tau6_sd"
2.18873973745307,0.0134580559892939,0.0606457648658991,0.00160248906915771,-0.597212484111591,0.00636468096983849,1,-0.0204770510509567,0.0273035328019008,0.694594797853138,0.0154269440455926,0.700705713080714,0.0110041390580739,0.683790614915287,0.00994695173569665,0.679107103736995,0.0101610776053836,0.69924889224196,0.0106443209127653
