"beta","beta_sd","omega","omega_sd","rho","rho_sd","conv_code","tau1","tau1_sd","tau2","tau2_sd","tau3","tau3_sd","tau4","tau4_sd","tau5","tau5_sd","tau6","tau6_sd"
3.83765996594591,0.0255113052890066,0.577516354101116,0.0153220652558305,0.585783664790406,0.0138258584536648,1,-0.0126576312157247,0.0374552169637769,0.709926629974527,0.0200794669438368,0.702128513373415,0.0144031625802074,0.703934381963215,0.0117954029055276,0.691432678689282,0.0110770541641767,0.698731841191847,0.0111256212328416
