"beta","beta_sd","omega","omega_sd","rho","rho_sd","conv_code","tau1","tau1_sd","tau2","tau2_sd","tau3","tau3_sd","tau4","tau4_sd","tau5","tau5_sd","tau6","tau6_sd"
2.94056592127196,0.025916730551782,0.968941317062807,0.0212775107638945,-0.580822040622835,0.00906889096335706,1,-0.00483147578508473,0.0324254018551408,0.654115130235667,0.0181449810474994,0.678620677697301,0.0141262557238862,0.685820791316545,0.012789611390812,0.682672996439408,0.0127639404868782,0.684788312781359,0.013259399644052
