"beta","beta_sd","omega","omega_sd","rho","rho_sd","conv_code","tau1","tau1_sd","tau2","tau2_sd","tau3","tau3_sd","tau4","tau4_sd","tau5","tau5_sd","tau6","tau6_sd"
0.98846347064053,0.0106833755840043,0.0622635991480085,0.00182208490962564,-0.898224593346573,0.00228400630155493,1,-0.00760827681527354,0.020564615126213,0.677369979963517,0.0134035570323094,0.686726737994281,0.0129167538660511,0.68400234722701,0.0133739741647597,0.676355393655083,0.015207057646963,0.681299566527922,0.0184271872855086
