"beta","beta_sd","omega","omega_sd","rho","rho_sd","conv_code","tau1","tau1_sd","tau2","tau2_sd","tau3","tau3_sd","tau4","tau4_sd","tau5","tau5_sd","tau6","tau6_sd"
0.00116060479814355,0.0105919891603094,0.978994059428111,0.0194696483557056,0.609922350478134,0.0174344883968907,1,-0.0026745564745363,0.0247684590455422,0.679500583076932,0.00845816190110828,0.670519878233153,0.010181069688132,0.711156350121644,0.0131153119614085,0.665748577653035,0.0176601284790347,0.700200939831572,0.0229113176232294
