"beta","beta_sd","omega","omega_sd","rho","rho_sd","conv_code","tau1","tau1_sd","tau2","tau2_sd","tau3","tau3_sd","tau4","tau4_sd","tau5","tau5_sd","tau6","tau6_sd"
2.69101234673851,0.0135495062571149,0.0613395869629125,0.00200264329241727,0.0107329309938118,0.0119895449439137,1,-0.0225080098192033,0.0281634607432106,0.70386539831573,0.0155056558110987,0.687993096002815,0.0106213328295729,0.697024861129252,0.00903952730518546,0.676447710005767,0.00892891751866356,0.691135717297713,0.00900789720036641
