"beta","beta_sd","omega","omega_sd","rho","rho_sd","conv_code","tau1","tau1_sd","tau2","tau2_sd","tau3","tau3_sd","tau4","tau4_sd","tau5","tau5_sd","tau6","tau6_sd"
3.31146788333171,0.0226144010144874,0.255209174705691,0.00759718058609053,0.284641665513633,0.0209584554585955,1,0.0208601045972614,0.0360757265480794,0.693846637189043,0.0201351751993855,0.701024270632054,0.0143557191717445,0.685590469930482,0.0122827528552117,0.704812124221006,0.0117047766346267,0.68683019317875,0.0118086796072008
