"beta","beta_sd","omega","omega_sd","rho","rho_sd","conv_code","tau1","tau1_sd","tau2","tau2_sd","tau3","tau3_sd","tau4","tau4_sd","tau5","tau5_sd","tau6","tau6_sd"
1.81203450259424,0.0251867348878834,1.03124158606023,0.0302506722538883,-0.604727709482376,0.0115060773261493,1,-0.0458568903291419,0.0312483209061509,0.72197066069204,0.0169659145302984,0.692590167090868,0.0163678446268557,0.723251702128446,0.0166842660069238,0.693424764826232,0.0175579696420542,0.700865020173366,0.0187580043363978
