"beta","beta_sd","omega","omega_sd","rho","rho_sd","conv_code","tau1","tau1_sd","tau2","tau2_sd","tau3","tau3_sd","tau4","tau4_sd","tau5","tau5_sd","tau6","tau6_sd"
3.70752630752291,0.0302246948891521,0.0638163750828248,0.0108946191886349,0.901027240035957,0.00215534094492091,1,0.0469794334818462,0.0464237410317593,0.664970546101223,0.0226219959696605,0.710998728192312,0.016725850003943,0.704757823701265,0.0141534589016425,0.69228166044002,0.0133404679415621,0.696938458395578,0.0129886033176538
