"beta","beta_sd","omega","omega_sd","rho","rho_sd","conv_code","tau1","tau1_sd","tau2","tau2_sd","tau3","tau3_sd","tau4","tau4_sd","tau5","tau5_sd","tau6","tau6_sd"
1.68038946193074,0.0472223099591792,15.8742998277249,0.682680902868096,-0.598121561395796,0.0182739567219668,1,0.041399699487713,0.0456760482539406,0.708151470611988,0.0247509869729892,0.677424652285465,0.0255833327256316,0.683503196219896,0.0262832379605726,0.700060082290853,0.0271419890360167,0.705775605305872,0.0285914023441669
