"beta","beta_sd","omega","omega_sd","rho","rho_sd","conv_code","tau1","tau1_sd","tau2","tau2_sd","tau3","tau3_sd","tau4","tau4_sd","tau5","tau5_sd","tau6","tau6_sd"
0.92619105460674,0.0352272211281427,15.7142520562489,0.479633334737195,0.372781678072427,0.0509016868040773,1,0.0588194143015452,0.0380652107689402,0.676109471449979,0.0177975361586461,0.654469823508158,0.0189992775007711,0.689183782819436,0.0207166584202295,0.724627704608681,0.0216746916484607,0.683254043950367,0.0241147907445647
