"beta","beta_sd","omega","omega_sd","rho","rho_sd","conv_code","tau1","tau1_sd","tau2","tau2_sd","tau3","tau3_sd","tau4","tau4_sd","tau5","tau5_sd","tau6","tau6_sd"
3.01559065989829,0.0242962183594245,1.01383080882018,0.0264751435897637,0.899252047038654,0.00284836707853857,1,0.0020156625154099,0.0428743251939822,0.689602622028906,0.017547605492394,0.701812818159791,0.0136530356482575,0.686129672283895,0.0121429303363843,0.70701667784869,0.0117375364191489,0.683961419770559,0.0123201885531139
