"beta","beta_sd","omega","omega_sd","rho","rho_sd","conv_code","tau1","tau1_sd","tau2","tau2_sd","tau3","tau3_sd","tau4","tau4_sd","tau5","tau5_sd","tau6","tau6_sd"
1.80995624385059,0.0125727735672342,0.0600873215888337,0.00201699911504381,0.0342320336350149,0.0174208855119225,1,0.012639627140908,0.0293636107386967,0.705619489251655,0.0153817235311925,0.705449886152916,0.0112803004075318,0.676704893977207,0.0108399086404465,0.70003704769438,0.0113921756759164,0.70348493906077,0.0126881947502907
