"beta","beta_sd","omega","omega_sd","rho","rho_sd","conv_code","tau1","tau1_sd","tau2","tau2_sd","tau3","tau3_sd","tau4","tau4_sd","tau5","tau5_sd","tau6","tau6_sd"
1.50499219248185,0.00759313676805043,0.0628515368740604,0.00142280274139366,0.00299316407814023,0.011835258233646,1,-0.00784943695141065,0.0208436765933043,0.701953308582323,0.0107934677767904,0.689396188697411,0.00803613803720827,0.691588038996529,0.0080917446919748,0.692762173672112,0.00881540687467183,0.701100463612575,0.00985131279994489
