"beta","beta_sd","omega","omega_sd","rho","rho_sd","conv_code","tau1","tau1_sd","tau2","tau2_sd","tau3","tau3_sd","tau4","tau4_sd","tau5","tau5_sd","tau6","tau6_sd"
0.901896551899783,0.0119840910494341,1.01781432583608,0.0228330225575943,0.277037068285518,0.0286174412414105,1,0.00579834967133089,0.0257430292261326,0.699386870196442,0.0107965701210884,0.691345189340704,0.0118844755330133,0.713607889977788,0.0136190829469164,0.679910671891762,0.0156811466782057,0.691470736973316,0.0190286889347267
