"beta","beta_sd","omega","omega_sd","rho","rho_sd","conv_code","tau1","tau1_sd","tau2","tau2_sd","tau3","tau3_sd","tau4","tau4_sd","tau5","tau5_sd","tau6","tau6_sd"
3.2591852090544,0.0254409275526008,0.240275709954388,0.00669646957456672,-0.285355761857291,0.015281705972528,1,0.0315783411682696,0.0364360807603157,0.646225881946326,0.021633920507358,0.710271193808357,0.0147918188858909,0.679897813211929,0.0131616868229633,0.67436245104343,0.0126149095509058,0.691011436489179,0.0127425163144764
