"beta","beta_sd","omega","omega_sd","rho","rho_sd","conv_code","tau1","tau1_sd","tau2","tau2_sd","tau3","tau3_sd","tau4","tau4_sd","tau5","tau5_sd","tau6","tau6_sd"
0.990242180294259,0.0332613234156241,15.9227621173019,0.34659555172407,0.294191671978228,0.0240513783789975,1,-0.00573893763889741,0.0260152165191177,0.699398388025563,0.0115972552029343,0.690981840660705,0.0121634917389226,0.704673816871457,0.0130709411266714,0.698847525464139,0.0141217334007638,0.670936674027642,0.0155270833424729
