"beta","beta_sd","omega","omega_sd","rho","rho_sd","conv_code","tau1","tau1_sd","tau2","tau2_sd","tau3","tau3_sd","tau4","tau4_sd","tau5","tau5_sd","tau6","tau6_sd"
3.43647283758316,0.03289506516161,1.04829633748357,0.028715025042293,0.578272159957312,0.0209978190779628,1,0.0666193006058305,0.0454074469740873,0.68826855724392,0.0241445714226915,0.698708998928107,0.0175228704229915,0.698158690607852,0.0158510819027097,0.710616469296514,0.0152813578097938,0.692942097567,0.0152887030522511
