"beta","beta_sd","omega","omega_sd","rho","rho_sd","conv_code","tau1","tau1_sd","tau2","tau2_sd","tau3","tau3_sd","tau4","tau4_sd","tau5","tau5_sd","tau6","tau6_sd"
3.32173797288944,0.0764737243885471,15.7924522313697,0.703198796334951,-0.583504867811921,0.0195485860808294,1,0.0441129521981782,0.0455717109390804,0.687870213759443,0.0260652744010052,0.646976794590121,0.0271075069472892,0.659900366773363,0.0270629217305108,0.67995013287028,0.0277372411066738,0.64842297159127,0.0288107432904728
