"beta","beta_sd","omega","omega_sd","rho","rho_sd","conv_code","tau1","tau1_sd","tau2","tau2_sd","tau3","tau3_sd","tau4","tau4_sd","tau5","tau5_sd","tau6","tau6_sd"
3.12586379363137,0.0457303043937375,16.5395900289306,0.427144126953602,-0.357371717082659,0.0173402779017505,1,0.0327855921412061,0.0337013497078129,0.701131336283121,0.0158713766346085,0.693446811584916,0.0161946736856718,0.713388049188139,0.0166607172653292,0.707895555031539,0.0171692767487561,0.714527790166976,0.0178760920483518
