"beta","beta_sd","omega","omega_sd","rho","rho_sd","conv_code","tau1","tau1_sd","tau2","tau2_sd","tau3","tau3_sd","tau4","tau4_sd","tau5","tau5_sd","tau6","tau6_sd"
2.39755717829602,0.0128630264097214,0.0613669034387439,0.00232984485212816,0.298704143218488,0.0139029688069383,1,-0.0203974183010495,0.0304689160350333,0.717664408570999,0.015901902813059,0.673966842379872,0.01103650121652,0.694441841738662,0.00954308303672972,0.697132580292907,0.00941608718699913,0.695237368290518,0.00996462933847528
