"beta","beta_sd","omega","omega_sd","rho","rho_sd","conv_code","tau1","tau1_sd","tau2","tau2_sd","tau3","tau3_sd","tau4","tau4_sd","tau5","tau5_sd","tau6","tau6_sd"
2.58251941888794,0.0189125217434937,0.0583316887352212,0.00395937433253527,0.587692355667244,0.011303517453136,1,0.0258345642226287,0.0396204000272824,0.679265931839419,0.0215356753109666,0.675937850336146,0.0151214331356668,0.689640412316775,0.012706277165369,0.675429235788393,0.0124928967760043,0.701917104889062,0.0126567722638393
