"beta","beta_sd","omega","omega_sd","rho","rho_sd","conv_code","tau1","tau1_sd","tau2","tau2_sd","tau3","tau3_sd","tau4","tau4_sd","tau5","tau5_sd","tau6","tau6_sd"
0.181907087667884,0.0117926115298814,1.02237860493694,0.0310556748530172,-0.603123852067108,0.0120229889819637,1,-0.0305306911499551,0.0290078174778766,0.699780855629418,0.0154191193315774,0.698353686086604,0.016911607828168,0.680895674895422,0.0199723241797034,0.685982321176142,0.0235400190970369,0.729795047020926,0.0283709120991034
