"beta","beta_sd","omega","omega_sd","rho","rho_sd","conv_code","tau1","tau1_sd","tau2","tau2_sd","tau3","tau3_sd","tau4","tau4_sd","tau5","tau5_sd","tau6","tau6_sd"
0.298694262601069,0.00934417662046625,0.994185090885692,0.0159204011267495,0.0074107791623876,0.0129863820432137,1,0.0100524520221703,0.0186754253895982,0.689584206667645,0.00711786542437901,0.692481053765804,0.00845227253905797,0.676140828868289,0.0105317680974671,0.700698963857048,0.012682752530856,0.709363157509985,0.0163104829941464
