"beta","beta_sd","omega","omega_sd","rho","rho_sd","conv_code","tau1","tau1_sd","tau2","tau2_sd","tau3","tau3_sd","tau4","tau4_sd","tau5","tau5_sd","tau6","tau6_sd"
1.10317714226217,0.0113429147212995,1.02143442400134,0.0206833246010947,0.901409391168732,0.00284171538394438,1,-0.021852076780239,0.0317428675378787,0.705407909564754,0.0100177945614356,0.700274755929346,0.00939719111691596,0.681522200609636,0.00980338401099806,0.703729195486419,0.0110684913237484,0.690930416526099,0.0131377734894714
