"beta","beta_sd","omega","omega_sd","rho","rho_sd","conv_code","tau1","tau1_sd","tau2","tau2_sd","tau3","tau3_sd","tau4","tau4_sd","tau5","tau5_sd","tau6","tau6_sd"
3.46557597388783,0.024941674953572,0.588653863687457,0.0127463833902041,-0.326830150837838,0.0128890342255617,1,-0.0261553497194998,0.0327437166377706,0.716530049474398,0.0182159161256647,0.717509513970445,0.0132708424842922,0.712252485289386,0.0116421747891966,0.702318433074956,0.0111798047225627,0.718843203597847,0.0111113166361507
