"beta","beta_sd","omega","omega_sd","rho","rho_sd","conv_code","tau1","tau1_sd","tau2","tau2_sd","tau3","tau3_sd","tau4","tau4_sd","tau5","tau5_sd","tau6","tau6_sd"
1.43212614318218,0.0367192924246551,16.0684802422022,0.444397406798583,0.618704014140802,0.0314084889626093,1,0.0124730077531774,0.0406859759609644,0.696156356484482,0.0177560604025297,0.705702178108215,0.0179770612070627,0.707865100765785,0.0190901120156656,0.699428524631564,0.0203913013350768,0.731592201538304,0.0215913666379107
