"beta","beta_sd","omega","omega_sd","rho","rho_sd","conv_code","tau1","tau1_sd","tau2","tau2_sd","tau3","tau3_sd","tau4","tau4_sd","tau5","tau5_sd","tau6","tau6_sd"
0.779426809970677,0.018588369252426,0.972733259888798,0.0390999488263429,-0.899761579143723,0.00387779474682212,1,-0.0413373268876249,0.0350595303337233,0.674482695009374,0.0209542515001505,0.696995550206005,0.0210343528660812,0.662821269558157,0.0225677054989059,0.703361795774096,0.0237967743010988,0.645576490174634,0.0265110868865481
