"beta","beta_sd","omega","omega_sd","rho","rho_sd","conv_code","tau1","tau1_sd","tau2","tau2_sd","tau3","tau3_sd","tau4","tau4_sd","tau5","tau5_sd","tau6","tau6_sd"
1.11498643899186,0.0130630985219357,1.00407094435659,0.0187825322739658,-0.903226361462714,0.00173638810406806,1,0.0203497077782562,0.0284482389697646,0.715354770728631,0.0110693659739833,0.686090848032587,0.0108784669276976,0.69527635848333,0.0112964852849027,0.70211618065144,0.0125655600505588,0.72611477098846,0.0144533453717283
