"beta","beta_sd","omega","omega_sd","rho","rho_sd","conv_code","tau1","tau1_sd","tau2","tau2_sd","tau3","tau3_sd","tau4","tau4_sd","tau5","tau5_sd","tau6","tau6_sd"
1.00936712378888,0.0096907556897271,1.00591241491952,0.0154817749177293,0.591536382664114,0.0135889921506961,1,-0.0129845373926797,0.0207774819603729,0.693946200417472,0.00743625708913378,0.708623531149591,0.00730892051052235,0.68935355427512,0.00851745210148655,0.681233464889885,0.00989873150469639,0.698149393068873,0.0116248746427672
