"beta","beta_sd","omega","omega_sd","rho","rho_sd","conv_code","tau1","tau1_sd","tau2","tau2_sd","tau3","tau3_sd","tau4","tau4_sd","tau5","tau5_sd","tau6","tau6_sd"
0.469864435268074,0.0350591702079632,15.8836700798749,0.416245167550278,0.894625175666566,0.0049722503304075,1,0.00434578273924206,0.0440027468463936,0.690800392860841,0.0155855983009811,0.659128308791968,0.015731748968033,0.684575409075811,0.0164155939089714,0.693264702312525,0.0168582538404807,0.706514898468399,0.0186342227158123
