"beta","beta_sd","omega","omega_sd","rho","rho_sd","conv_code","tau1","tau1_sd","tau2","tau2_sd","tau3","tau3_sd","tau4","tau4_sd","tau5","tau5_sd","tau6","tau6_sd"
3.04190486238013,0.038965520526331,16.2159427406061,0.349181506527018,0.300493229830307,0.0248131995100596,1,-0.00641639474405475,0.0276809059797061,0.689296329238298,0.0127624214724071,0.707497668183195,0.012412720405543,0.691927059727064,0.0128821011983888,0.677419870815827,0.0134902057889418,0.71124240122686,0.0140794976596918
