"beta","beta_sd","omega","omega_sd","rho","rho_sd","conv_code","tau1","tau1_sd","tau2","tau2_sd","tau3","tau3_sd","tau4","tau4_sd","tau5","tau5_sd","tau6","tau6_sd"
3.9920208482889,0.0326844318213255,1.01213915735322,0.0267406789982842,0.568571987375499,0.0190765607548841,1,0.0163042154442162,0.042375607271378,0.696405461910347,0.022811282673113,0.688487765196459,0.0165456328668435,0.692550066364964,0.0140547931809321,0.686638953822276,0.0133899974896051,0.676430192674003,0.0134796864269307
