"beta","beta_sd","omega","omega_sd","rho","rho_sd","conv_code","tau1","tau1_sd","tau2","tau2_sd","tau3","tau3_sd","tau4","tau4_sd","tau5","tau5_sd","tau6","tau6_sd"
3.58963521142225,0.0273251998817847,0.255645240819162,0.00689491127646628,-0.600682028633644,0.00783209253808153,1,0.0485426115788794,0.0341110268465928,0.64344008413079,0.0204573209144128,0.695307204904198,0.0149764872711527,0.698494951296229,0.0126197008232888,0.689769114440594,0.0119117747924329,0.697368367544329,0.0118537269085154
