"beta","beta_sd","omega","omega_sd","rho","rho_sd","conv_code","tau1","tau1_sd","tau2","tau2_sd","tau3","tau3_sd","tau4","tau4_sd","tau5","tau5_sd","tau6","tau6_sd"
3.10887719845907,0.0189115626006635,0.0670274461291253,0.00721939224760458,0.899283629381284,0.00183745012540314,1,0.0059475523228237,0.0374030109763924,0.693195311919097,0.0164663326666425,0.708832463103974,0.0123963560551191,0.685829061651796,0.0108283532403608,0.711250694534874,0.0098437147492516,0.674265479319906,0.0100507902466602
