"beta","beta_sd","omega","omega_sd","rho","rho_sd","conv_code","tau1","tau1_sd","tau2","tau2_sd","tau3","tau3_sd","tau4","tau4_sd","tau5","tau5_sd","tau6","tau6_sd"
3.14036515675888,0.110660000414315,16.4669336713824,1.13559954216397,-0.906022221827004,0.00657118659154338,1,-0.0432294119005689,0.0667951867850701,0.757488350831359,0.0372887295156561,0.720730156176397,0.0382460883057702,0.714680609764595,0.0384844003696259,0.715027049747983,0.0386286071691905,0.720839284073845,0.039428177124435
