"beta","beta_sd","omega","omega_sd","rho","rho_sd","conv_code","tau1","tau1_sd","tau2","tau2_sd","tau3","tau3_sd","tau4","tau4_sd","tau5","tau5_sd","tau6","tau6_sd"
2.72604494828449,0.0433317294889148,16.2674539357305,0.409042636012836,-0.903855940075594,0.00231916527961647,1,0.0232257728070006,0.0406293185247335,0.704785873832282,0.0154992276032392,0.694169726595538,0.0151696451085032,0.689217938748274,0.0157077979210605,0.722255363196334,0.0158954122310289,0.687940201155734,0.0169640885114014
