"beta","beta_sd","omega","omega_sd","rho","rho_sd","conv_code","tau1","tau1_sd","tau2","tau2_sd","tau3","tau3_sd","tau4","tau4_sd","tau5","tau5_sd","tau6","tau6_sd"
2.06797194307221,0.04352506601133,16.4451533493403,0.510598276963907,0.898571051826971,0.00613427282928251,1,0.0939219610371445,0.05241478713143,0.673890156801501,0.0206451868233805,0.710957048994613,0.0206142365294029,0.692386731469531,0.0202965414711033,0.707184030021118,0.0204907764198045,0.716839156608914,0.0227000147449162
