"beta","beta_sd","omega","omega_sd","rho","rho_sd","conv_code","tau1","tau1_sd","tau2","tau2_sd","tau3","tau3_sd","tau4","tau4_sd","tau5","tau5_sd","tau6","tau6_sd"
2.65991489374803,0.0463226696984051,15.8092065540649,0.483526061775516,0.320064248086986,0.0527681042119531,1,-0.0582726120525278,0.0412370597239357,0.721646157708127,0.0188764548731971,0.686301796310181,0.0194364314515497,0.676032981582981,0.0203723907377797,0.692075173710746,0.0210679771482616,0.683783820550096,0.0226656066502177
