"beta","beta_sd","omega","omega_sd","rho","rho_sd","conv_code","tau1","tau1_sd","tau2","tau2_sd","tau3","tau3_sd","tau4","tau4_sd","tau5","tau5_sd","tau6","tau6_sd"
2.5024553931222,0.0138944285917547,0.0682597041806991,0.00513840835446338,0.900978206480896,0.00168441840325589,1,-0.0127860653164669,0.0340891608270793,0.688179354709111,0.0138963716043659,0.698706159251615,0.0106662257429673,0.682210047925518,0.00931059472474611,0.693542688414924,0.00882646789535598,0.70203394291666,0.00909252591980682
