"beta","beta_sd","omega","omega_sd","rho","rho_sd","conv_code","tau1","tau1_sd","tau2","tau2_sd","tau3","tau3_sd","tau4","tau4_sd","tau5","tau5_sd","tau6","tau6_sd"
2.19713261858537,0.011529191609027,0.0556187385571566,0.00420272403901482,0.90161882029155,0.00157726380120883,1,0.0360171174885952,0.0323938994680536,0.674505838355137,0.0124107845010324,0.696352886699901,0.00953778734463774,0.696081199779711,0.00853048616289779,0.685760911042674,0.00833572387624246,0.690718595878687,0.0088174182843526
