"beta","beta_sd","omega","omega_sd","rho","rho_sd","conv_code","tau1","tau1_sd","tau2","tau2_sd","tau3","tau3_sd","tau4","tau4_sd","tau5","tau5_sd","tau6","tau6_sd"
1.70619506952444,0.0120998031555645,0.990241734731758,0.0172588080935307,0.620887988995751,0.014223852115003,1,0.0288244891267629,0.0244940912363449,0.678986067153103,0.0102826657398282,0.709326062926577,0.00886153998392179,0.674357281306311,0.00940124898791738,0.693018075061121,0.0102576354174507,0.709523840058487,0.0113654252411951
