"beta","beta_sd","omega","omega_sd","rho","rho_sd","conv_code","tau1","tau1_sd","tau2","tau2_sd","tau3","tau3_sd","tau4","tau4_sd","tau5","tau5_sd","tau6","tau6_sd"
1.68136316609138,0.00831564883690964,0.0596917105900186,0.00204384817295781,0.606126306521052,0.00761816748673276,1,-0.0314318287930205,0.0255432393616646,0.691111444393488,0.0121348208566318,0.680712344940972,0.00875213220913564,0.693899929035167,0.00809131999156702,0.690628976552879,0.00852288060107607,0.683658940872647,0.00949316201900878
