"beta","beta_sd","omega","omega_sd","rho","rho_sd","conv_code","tau1","tau1_sd","tau2","tau2_sd","tau3","tau3_sd","tau4","tau4_sd","tau5","tau5_sd","tau6","tau6_sd"
2.00207487465405,0.0121392968458454,0.969330474564388,0.0158062084061023,0.58895597140187,0.0134946358005626,1,0.0213525946805295,0.0235430786634722,0.691383010624828,0.010116006012477,0.685010609348774,0.00828654686414279,0.692446380137344,0.00823732229332877,0.681919356449931,0.00879593095998923,0.680405517241618,0.00967331761347004
