"beta","beta_sd","omega","omega_sd","rho","rho_sd","conv_code","tau1","tau1_sd","tau2","tau2_sd","tau3","tau3_sd","tau4","tau4_sd","tau5","tau5_sd","tau6","tau6_sd"
3.28240872389461,0.0252756098491689,0.966310724341559,0.0198512239487068,-0.595093314140501,0.00757550678415252,1,0.0147582935524656,0.0312530752842822,0.685911219757726,0.0175049739254239,0.686503414454434,0.0132835284264119,0.68892162733137,0.0118566798954012,0.698311958492367,0.0113150996751349,0.68610165065813,0.0117324186029799
