"beta","beta_sd","omega","omega_sd","rho","rho_sd","conv_code","tau1","tau1_sd","tau2","tau2_sd","tau3","tau3_sd","tau4","tau4_sd","tau5","tau5_sd","tau6","tau6_sd"
-0.00189865213806147,0.0047521484980693,0.0634144865803926,0.00199860663916977,0.589698515817164,0.00914582164421329,1,-0.00968418019696282,0.0188398847973732,0.684754805862871,0.00621538159345514,0.702463953308085,0.0107115368164697,0.669835485460228,0.0299225109332376,0.771714497828572,0.0972268398176429,0.392092737253809,0.35691328903159
