"beta","beta_sd","omega","omega_sd","rho","rho_sd","conv_code","tau1","tau1_sd","tau2","tau2_sd","tau3","tau3_sd","tau4","tau4_sd","tau5","tau5_sd","tau6","tau6_sd"
-0.00420591581836828,0.0131559335521306,0.957595121741109,0.0417230574035837,-0.896526602462502,0.00436741858107778,1,0.0177449661233539,0.036823966279738,0.660089827812139,0.0222309031698908,0.682746507056163,0.0232552496411159,0.668532223001043,0.0254569323269671,0.664215999583599,0.0292993870671056,0.628995424680713,0.0349081415895018
