"beta","beta_sd","omega","omega_sd","rho","rho_sd","conv_code","tau1","tau1_sd","tau2","tau2_sd","tau3","tau3_sd","tau4","tau4_sd","tau5","tau5_sd","tau6","tau6_sd"
0.403772520588488,0.0339060553879059,16.1539053190664,0.364910504041061,-0.0330047612198239,0.0196200783294884,1,-0.0346968546619247,0.0263579739461653,0.709265449034945,0.011963529416035,0.710660086513147,0.0129001054645432,0.702062731779898,0.0136600287555347,0.691423734668363,0.0146389669253326,0.715665177336405,0.016065643040494
