"beta","beta_sd","omega","omega_sd","rho","rho_sd","conv_code","tau1","tau1_sd","tau2","tau2_sd","tau3","tau3_sd","tau4","tau4_sd","tau5","tau5_sd","tau6","tau6_sd"
3.6339153571441,0.0578264262417456,15.4280515703292,0.46354923303514,-0.89766429454012,0.0031402260849955,1,-0.0170510820044534,0.0492157134502577,0.678098456364543,0.0199126273079021,0.6550566000012,0.0191442180760824,0.671911302084477,0.0188823732441171,0.685383522142559,0.0191916507357132,0.690089394697719,0.0195735915519112
