"beta","beta_sd","omega","omega_sd","rho","rho_sd","conv_code","tau1","tau1_sd","tau2","tau2_sd","tau3","tau3_sd","tau4","tau4_sd","tau5","tau5_sd","tau6","tau6_sd"
1.9026840107145,0.00979454370152044,0.0615666846324135,0.00227979570027576,0.596720649031545,0.00812091943710379,1,-0.0169345931606161,0.0269544999819986,0.704132793287412,0.0131107752122761,0.697354014598469,0.00941845842291858,0.7004054199436,0.00852239518718591,0.681345437295264,0.0089402220542876,0.705576498114321,0.00981253112080958
