"beta","beta_sd","omega","omega_sd","rho","rho_sd","conv_code","tau1","tau1_sd","tau2","tau2_sd","tau3","tau3_sd","tau4","tau4_sd","tau5","tau5_sd","tau6","tau6_sd"
3.82995057459459,0.0366304708497517,1.00172746597747,0.0249462580535238,-0.901724643803593,0.00224340855065767,1,0.08109287484443,0.0378085421979759,0.683160170645081,0.0200289659781017,0.700394770694631,0.016044289253589,0.679847341199165,0.0146163434845441,0.694440471089015,0.0137266248050778,0.711342608830544,0.0136232612662724
