"beta","beta_sd","omega","omega_sd","rho","rho_sd","conv_code","tau1","tau1_sd","tau2","tau2_sd","tau3","tau3_sd","tau4","tau4_sd","tau5","tau5_sd","tau6","tau6_sd"
2.90394984560812,0.0358040196806508,0.0613349319974355,0.00335791291058643,-0.900959986462903,0.00270522671404797,1,-0.0203258565030821,0.0401522199353751,0.698594507875842,0.024190118995057,0.684478201146783,0.0196293666738071,0.699911207585974,0.0175994519082566,0.7025265066472,0.0170329121993918,0.700397829162667,0.0176033572973818
