"beta","beta_sd","omega","omega_sd","rho","rho_sd","conv_code","tau1","tau1_sd","tau2","tau2_sd","tau3","tau3_sd","tau4","tau4_sd","tau5","tau5_sd","tau6","tau6_sd"
2.01924439690533,0.0122067203814291,1.01277285965676,0.015835783968467,0.305773107324784,0.0159248081001516,1,0.0084831323133017,0.0213497291535126,0.690518600449201,0.00968307981720905,0.698317009300512,0.0082411269831801,0.700533616346498,0.00816425047248268,0.698593743147037,0.0087975055585552,0.69432493743071,0.00972764921724606
