"beta","beta_sd","omega","omega_sd","rho","rho_sd","conv_code","tau1","tau1_sd","tau2","tau2_sd","tau3","tau3_sd","tau4","tau4_sd","tau5","tau5_sd","tau6","tau6_sd"
3.85576555527073,0.0363015486724859,0.0571629280403822,0.00384977030945518,-0.895516945225103,0.00243656330574776,1,-0.0273463897945619,0.0416902181296722,0.684565906725475,0.0244325943285565,0.689941767692871,0.0185221902516736,0.691766649721525,0.0159251067420487,0.663248228909305,0.0151008503635209,0.704224989082358,0.014316051558734
