"beta","beta_sd","omega","omega_sd","rho","rho_sd","conv_code","tau1","tau1_sd","tau2","tau2_sd","tau3","tau3_sd","tau4","tau4_sd","tau5","tau5_sd","tau6","tau6_sd"
2.10884679324784,0.0486275971440532,16.1324301572179,0.608964026226876,-0.293233119859404,0.0295021296829151,1,-0.0750325495737852,0.0408274374623063,0.679651588952865,0.0220181773488467,0.687856493245914,0.0228651412504441,0.701009045380153,0.0236534213047307,0.661917286710152,0.024596389170123,0.702666785431934,0.0261037039364809
