"beta","beta_sd","omega","omega_sd","rho","rho_sd","conv_code","tau1","tau1_sd","tau2","tau2_sd","tau3","tau3_sd","tau4","tau4_sd","tau5","tau5_sd","tau6","tau6_sd"
0.500461300907136,0.0353671358202303,16.5220086583373,0.42069240557006,-0.903890947592033,0.0023314455467143,1,0.028682144391181,0.0404241511834504,0.695052963827337,0.0150160886040823,0.689206711801518,0.0152613431850523,0.719849422953338,0.0155366641246786,0.723287470075103,0.0163742651788302,0.666723236828693,0.0181479930288737
