"beta","beta_sd","omega","omega_sd","rho","rho_sd","conv_code","tau1","tau1_sd","tau2","tau2_sd","tau3","tau3_sd","tau4","tau4_sd","tau5","tau5_sd","tau6","tau6_sd"
1.03183893506165,0.0370650873999918,15.9602206698382,0.553066839554346,-0.0449900162039955,0.0397190458037275,1,-0.000485888710409863,0.0385108795713094,0.713535572532221,0.0197071548149979,0.67798622073783,0.0213625741242979,0.690863869993591,0.0221547715050992,0.712552574083779,0.0237661139428861,0.724754694125079,0.0257993262104714
