"beta","beta_sd","omega","omega_sd","rho","rho_sd","conv_code","tau1","tau1_sd","tau2","tau2_sd","tau3","tau3_sd","tau4","tau4_sd","tau5","tau5_sd","tau6","tau6_sd"
3.85006956986909,0.031916700295338,0.533443629764963,0.0132978938250081,-0.594007201164345,0.00863667306010724,1,-0.0800476009830141,0.0362624366115968,0.709385334216113,0.0208398204929459,0.694792004333571,0.0157064934976098,0.667601762084761,0.0135932214066669,0.68626398984088,0.0128173405978472,0.699366952769135,0.0125354961217226
