"beta","beta_sd","omega","omega_sd","rho","rho_sd","conv_code","tau1","tau1_sd","tau2","tau2_sd","tau3","tau3_sd","tau4","tau4_sd","tau5","tau5_sd","tau6","tau6_sd"
3.90690805063721,0.0403266292139014,1.04599171141379,0.0321352880410506,0.567982025439159,0.0233712835925106,1,0.0282677335813833,0.0491009438015278,0.686088504851175,0.0268319040857834,0.688422584730767,0.020387621073856,0.690549545224216,0.0178833234837601,0.684455986615857,0.0168620692490289,0.690479137616551,0.0167588408925828
