"beta","beta_sd","omega","omega_sd","rho","rho_sd","conv_code","tau1","tau1_sd","tau2","tau2_sd","tau3","tau3_sd","tau4","tau4_sd","tau5","tau5_sd","tau6","tau6_sd"
1.06934853778644,0.0330813337444038,15.7243851460256,0.342571743354338,0.308462389212195,0.02444951839983,1,-0.0439583610770459,0.0260453280873208,0.707243360595877,0.0115340837856076,0.690966907041274,0.0121361253037682,0.68244851303731,0.013125521787315,0.692100995404314,0.0141888155999799,0.680577712370168,0.0156616381819779
