"beta","beta_sd","omega","omega_sd","rho","rho_sd","conv_code","tau1","tau1_sd","tau2","tau2_sd","tau3","tau3_sd","tau4","tau4_sd","tau5","tau5_sd","tau6","tau6_sd"
1.80306752170014,0.0139019585259083,0.993374869113953,0.0209455870739913,0.895899678913311,0.00291718121042686,1,-0.00895480227749958,0.0331613370245377,0.701263288521975,0.0116412828902141,0.700231454833789,0.00991999307710416,0.690247854416222,0.00985734957328395,0.698834023809964,0.0105801128187016,0.695814379726703,0.0117609591245072
