"beta","beta_sd","omega","omega_sd","rho","rho_sd","conv_code","tau1","tau1_sd","tau2","tau2_sd","tau3","tau3_sd","tau4","tau4_sd","tau5","tau5_sd","tau6","tau6_sd"
3.68407461880609,0.054805102984625,16.1006603123353,0.467659479265253,0.627647155421414,0.0328080332077407,1,0.0286701143909441,0.0442660498846281,0.688035382243071,0.0201301211603038,0.662905303639159,0.0202511462276711,0.684527990054907,0.0194357214967899,0.682901220656995,0.0203645480024614,0.688868477528003,0.021722958673438
