"beta","beta_sd","omega","omega_sd","rho","rho_sd","conv_code","tau1","tau1_sd","tau2","tau2_sd","tau3","tau3_sd","tau4","tau4_sd","tau5","tau5_sd","tau6","tau6_sd"
0.112710652532775,0.0108398399796346,0.967964073373524,0.0238929012354979,0.307130862495691,0.0306760751892853,1,0.0162243818709517,0.0263297186592678,0.696412054852453,0.0108182593752798,0.685005856218959,0.0135426316734154,0.699510988640537,0.0170517835349663,0.697838019329636,0.0220846343256988,0.662387840218351,0.0281379132085088
