"beta","beta_sd","omega","omega_sd","rho","rho_sd","conv_code","tau1","tau1_sd","tau2","tau2_sd","tau3","tau3_sd","tau4","tau4_sd","tau5","tau5_sd","tau6","tau6_sd"
0.190133037657694,0.010057280012216,1.01418008278409,0.0186407651837667,-0.310845079441193,0.0121145353033377,1,-0.00719689872942479,0.0215011795186702,0.671929051529706,0.00911658368862255,0.704950578280744,0.0103981594701864,0.717668905505951,0.0128978388711679,0.702235512516037,0.0164591786001944,0.72895223943037,0.02056478257954
