"beta","beta_sd","omega","omega_sd","rho","rho_sd","conv_code","tau1","tau1_sd","tau2","tau2_sd","tau3","tau3_sd","tau4","tau4_sd","tau5","tau5_sd","tau6","tau6_sd"
3.74834483425799,0.0278859271347125,0.0559231196220568,0.00313072814474888,-0.897314112396979,0.00200310429136861,1,0.018869901279884,0.0337000656598665,0.677991477300909,0.0198002343099631,0.667747252739853,0.0156144727298982,0.687337552874911,0.0133220249764677,0.673827301835964,0.0122378552873403,0.692550744405628,0.012077919829194
