"beta","beta_sd","omega","omega_sd","rho","rho_sd","conv_code","tau1","tau1_sd","tau2","tau2_sd","tau3","tau3_sd","tau4","tau4_sd","tau5","tau5_sd","tau6","tau6_sd"
1.01171133435378,0.0355142216092455,15.7411854170155,0.493885505830345,0.295835071701075,0.048653674265336,1,0.0182954772677023,0.0382557102042492,0.675713930897361,0.0181984536078028,0.67965225576236,0.0195768082961139,0.683283690875458,0.0210939287920421,0.696750326801328,0.0222669882379552,0.658721367577557,0.0235928654633683
