"beta","beta_sd","omega","omega_sd","rho","rho_sd","conv_code","tau1","tau1_sd","tau2","tau2_sd","tau3","tau3_sd","tau4","tau4_sd","tau5","tau5_sd","tau6","tau6_sd"
3.63534758459443,0.0226515559344445,0.244296478372636,0.00855925749777991,0.607037807403604,0.0107677564599943,1,0.0351758220184412,0.0364394895327309,0.687477196551122,0.0196443718662523,0.697671036226751,0.0139034874479276,0.7130789059287,0.011371090181759,0.696397678671358,0.0107074924446742,0.697151148397046,0.0106180222679014
