"beta","beta_sd","omega","omega_sd","rho","rho_sd","conv_code","tau1","tau1_sd","tau2","tau2_sd","tau3","tau3_sd","tau4","tau4_sd","tau5","tau5_sd","tau6","tau6_sd"
3.70529847332991,0.0245614777092714,0.986298916296486,0.0207630376285898,0.272444058417444,0.0224751605143248,1,1.66864015664121e-05,0.0320915371257735,0.698282431935403,0.0176521445229822,0.70421819157322,0.0129703410054671,0.712891732796828,0.0111793811497425,0.677122845734173,0.0109504179448452,0.703665634668457,0.0108708380014068
