"beta","beta_sd","omega","omega_sd","rho","rho_sd","conv_code","tau1","tau1_sd","tau2","tau2_sd","tau3","tau3_sd","tau4","tau4_sd","tau5","tau5_sd","tau6","tau6_sd"
0.288551037563907,0.0345975478587002,15.3530039548573,0.47792583005652,0.375251448690237,0.0495257085831587,1,0.0422041716213819,0.0381021713063346,0.681435563456724,0.0177264592865907,0.706662951294969,0.0191281854242825,0.674192159703332,0.0208523586719556,0.704877375536805,0.0228736098853436,0.668938270091204,0.0250082718903806
