"beta","beta_sd","omega","omega_sd","rho","rho_sd","conv_code","tau1","tau1_sd","tau2","tau2_sd","tau3","tau3_sd","tau4","tau4_sd","tau5","tau5_sd","tau6","tau6_sd"
2.10052986982727,0.0145594356669126,1.0188982373033,0.0167862416291255,-0.603852030618026,0.0056878729645475,1,-0.00665449979953134,0.0234819683767837,0.694318479206229,0.0110788132999604,0.700532982952322,0.00927300496064877,0.697315179626188,0.00920010862147301,0.698345513459745,0.00954432433125658,0.706018475561944,0.0105432945270269
