"beta","beta_sd","omega","omega_sd","rho","rho_sd","conv_code","tau1","tau1_sd","tau2","tau2_sd","tau3","tau3_sd","tau4","tau4_sd","tau5","tau5_sd","tau6","tau6_sd"
0.99847258365008,0.00602926820231695,0.0639515503014724,0.00118799736668749,-0.605405255608404,0.00515775141417165,1,-0.0113396687233733,0.0161703452461975,0.690285004390799,0.00870806369618472,0.707325176918133,0.00744403100718633,0.688190151409533,0.00832102436754311,0.681882251571043,0.0100076754742495,0.714159717070648,0.0130240649903003
