"beta","beta_sd","omega","omega_sd","rho","rho_sd","conv_code","tau1","tau1_sd","tau2","tau2_sd","tau3","tau3_sd","tau4","tau4_sd","tau5","tau5_sd","tau6","tau6_sd"
2.23348990736564,0.0406085886368135,16.1408371054434,0.446803226978333,0.54385177105765,0.0422226033241985,1,-0.01188842102311,0.0393491118666045,0.703898084445267,0.0176174755407388,0.690556621318965,0.0181027849752262,0.681073884793924,0.0194630821149609,0.712183134466641,0.0195894038753611,0.676523138674814,0.0217759910595257
