"beta","beta_sd","omega","omega_sd","rho","rho_sd","conv_code","tau1","tau1_sd","tau2","tau2_sd","tau3","tau3_sd","tau4","tau4_sd","tau5","tau5_sd","tau6","tau6_sd"
3.21401362080475,0.0270854080118761,0.066085355519498,0.00425101870158931,-0.00371190523463004,0.0227041889809724,1,-0.0186062382997384,0.0430021311683027,0.713606359636056,0.0243642853874709,0.693602541007534,0.0175272702439619,0.691208704221042,0.0148310910298981,0.702058556147851,0.0139253868457252,0.714916253532265,0.0143351425598034
