"beta","beta_sd","omega","omega_sd","rho","rho_sd","conv_code","tau1","tau1_sd","tau2","tau2_sd","tau3","tau3_sd","tau4","tau4_sd","tau5","tau5_sd","tau6","tau6_sd"
3.24585330023866,0.0338110788019157,0.0556120223765786,0.00360007152145674,-0.586208104747893,0.0109036588145451,1,-0.0333132566804649,0.0449914295576789,0.669316113327053,0.0264864284611658,0.702549204797064,0.0194261505976208,0.675865928371523,0.0166241843274522,0.693238178134913,0.0158407433722984,0.661498053576048,0.016193190595371
