"beta","beta_sd","omega","omega_sd","rho","rho_sd","conv_code","tau1","tau1_sd","tau2","tau2_sd","tau3","tau3_sd","tau4","tau4_sd","tau5","tau5_sd","tau6","tau6_sd"
3.51241492724362,0.029758122089557,0.061413153413207,0.00325906762427032,-0.899491476936802,0.00214308830255841,1,-0.0222399477345231,0.037714425951842,0.705078026973454,0.0215257290940553,0.709324560476506,0.0165182344404638,0.692605401264644,0.0145376363567069,0.688074633624629,0.0138129142439934,0.701290466173257,0.0133813111411625
