"beta","beta_sd","omega","omega_sd","rho","rho_sd","conv_code","tau1","tau1_sd","tau2","tau2_sd","tau3","tau3_sd","tau4","tau4_sd","tau5","tau5_sd","tau6","tau6_sd"
2.31341567470953,0.02261125891587,1.02779927023621,0.0276508951230769,0.892758372563122,0.00369563961225809,1,0.014431961514736,0.0428659014994224,0.686622281013336,0.0177043774915826,0.688197120067143,0.0144387750496673,0.7110773693409,0.0133996942674267,0.691368155242434,0.0137728199204621,0.682125732195546,0.0149701631005944
