"beta","beta_sd","omega","omega_sd","rho","rho_sd","conv_code","tau1","tau1_sd","tau2","tau2_sd","tau3","tau3_sd","tau4","tau4_sd","tau5","tau5_sd","tau6","tau6_sd"
0.0684222584445097,0.0358584235119967,15.9576739494631,0.519777452835804,0.30065734547748,0.0515110941617679,1,-0.0152814755879651,0.0381753999471391,0.679830384688707,0.018712064997047,0.674308851365588,0.0205733956347696,0.672503704695309,0.0217371336609264,0.676936442234848,0.0233692187271877,0.679945762529747,0.0256605270328826
