"beta","beta_sd","omega","omega_sd","rho","rho_sd","conv_code","tau1","tau1_sd","tau2","tau2_sd","tau3","tau3_sd","tau4","tau4_sd","tau5","tau5_sd","tau6","tau6_sd"
4.06427036635322,0.0497552108017314,16.2253632463357,0.388331730459697,-0.605051207393828,0.00882696743643926,1,-0.0514235660002878,0.0320476313145554,0.707231019745836,0.0150610662902871,0.707470462425371,0.0145622823911045,0.679183023846845,0.0147919397212845,0.701038117919101,0.0151967298900512,0.690040032992601,0.0157645935954574
