"beta","beta_sd","omega","omega_sd","rho","rho_sd","conv_code","tau1","tau1_sd","tau2","tau2_sd","tau3","tau3_sd","tau4","tau4_sd","tau5","tau5_sd","tau6","tau6_sd"
3.52749229085476,0.0378523431841196,0.0438549955919879,0.0119287538618564,0.904867376984421,0.00251192473561746,1,-0.0535248747991328,0.0537290233460081,0.737930954505577,0.0253788164945866,0.67853030207609,0.0210820918129188,0.709025004582639,0.0176851316699666,0.675817096400959,0.0163506016381263,0.711559190060374,0.016345342384239
