"beta","beta_sd","omega","omega_sd","rho","rho_sd","conv_code","tau1","tau1_sd","tau2","tau2_sd","tau3","tau3_sd","tau4","tau4_sd","tau5","tau5_sd","tau6","tau6_sd"
3.17668308335892,0.0221252613988405,0.55393285769891,0.0137332145003175,0.584020789819914,0.0150701264579048,1,-0.0271764410598487,0.0385132349804586,0.689198046447237,0.0198559376471996,0.685025508120827,0.0138942421832851,0.695751996205842,0.0117555285759903,0.683741241649832,0.0114884953050133,0.698682320725488,0.0118078780567865
