"beta","beta_sd","omega","omega_sd","rho","rho_sd","conv_code","tau1","tau1_sd","tau2","tau2_sd","tau3","tau3_sd","tau4","tau4_sd","tau5","tau5_sd","tau6","tau6_sd"
3.31669768717193,0.0384726646142273,0.259373620296234,0.00969528135345398,-0.303398624535328,0.0216088881797262,1,0.0145738007235152,0.0459379924542844,0.693609543567038,0.02732115858095,0.696718560465008,0.0194847624106216,0.695785127167591,0.0171291574025015,0.701997960923121,0.0167800975517953,0.699697254776067,0.0170849731575582
