"beta","beta_sd","omega","omega_sd","rho","rho_sd","conv_code","tau1","tau1_sd","tau2","tau2_sd","tau3","tau3_sd","tau4","tau4_sd","tau5","tau5_sd","tau6","tau6_sd"
1.59985628949251,0.00812663696253311,0.0628392557506418,0.00147905429914307,0.00776385078835088,0.0118244520506896,1,0.00607037619528662,0.0216514917093929,0.687540558126179,0.0113816371715891,0.693613130972943,0.00821785715985914,0.702845260835028,0.00803640327790126,0.684761017298916,0.00903598204623567,0.687105463420819,0.0100035201672341
