"beta","beta_sd","omega","omega_sd","rho","rho_sd","conv_code","tau1","tau1_sd","tau2","tau2_sd","tau3","tau3_sd","tau4","tau4_sd","tau5","tau5_sd","tau6","tau6_sd"
0.911267039596303,0.0348911496079613,16.1281827925174,0.426135221560488,-0.595695101530204,0.010514027575342,1,-0.00345904166195667,0.0337843510349726,0.689769003388679,0.01555001370108,0.696912388766659,0.0158317748707485,0.691998216345138,0.0175090422411298,0.693355496457109,0.0181943778638538,0.671108992656862,0.0197279931294244
