"beta","beta_sd","omega","omega_sd","rho","rho_sd","conv_code","tau1","tau1_sd","tau2","tau2_sd","tau3","tau3_sd","tau4","tau4_sd","tau5","tau5_sd","tau6","tau6_sd"
2.79218818414769,0.0137640399357904,0.0607637025056531,0.00245755906589336,0.300495240699786,0.0129121267116578,1,0.00689957662137178,0.029360812280325,0.689736024129688,0.0160083181115509,0.70026272235841,0.0108989905364388,0.684410042399629,0.00926800073418524,0.693580919503558,0.00884107592230758,0.690029894945794,0.00907494975794858
