"beta","beta_sd","omega","omega_sd","rho","rho_sd","conv_code","tau1","tau1_sd","tau2","tau2_sd","tau3","tau3_sd","tau4","tau4_sd","tau5","tau5_sd","tau6","tau6_sd"
3.39844768595924,0.0230283250045543,0.256858401903425,0.00632037375769609,-0.306151098726926,0.0126485080848153,1,-0.0251095061711749,0.0312074982934365,0.702574566676967,0.0182856543919878,0.700426893264166,0.0136173182259194,0.678824705986584,0.0115682118822116,0.703720322205842,0.0109442817308105,0.697254040661692,0.0110250315097212
