"beta","beta_sd","omega","omega_sd","rho","rho_sd","conv_code","tau1","tau1_sd","tau2","tau2_sd","tau3","tau3_sd","tau4","tau4_sd","tau5","tau5_sd","tau6","tau6_sd"
0.600629287590959,0.00537024959481579,0.0653184169239044,0.00181601545517385,0.273678041290529,0.0156385738716176,1,-0.0318161912195647,0.0183947252135635,0.713173885694688,0.00745974060193133,0.706100189399538,0.00823133541610106,0.7100047796938,0.0118859291568165,0.702768036085571,0.0191486019145009,0.63146963286268,0.0389500275851065
