"beta","beta_sd","omega","omega_sd","rho","rho_sd","conv_code","tau1","tau1_sd","tau2","tau2_sd","tau3","tau3_sd","tau4","tau4_sd","tau5","tau5_sd","tau6","tau6_sd"
1.15668144946225,0.0366241588226477,16.3957981596243,0.459152314964496,0.653923746873737,0.0305788242456253,1,-0.000491866795365345,0.0422728738760313,0.707381098445859,0.0179090399722523,0.687610222335813,0.0178749620721474,0.692246072757653,0.0191343793362676,0.716901156854267,0.0209184405303064,0.693033488994371,0.0224122707800522
