"beta","beta_sd","omega","omega_sd","rho","rho_sd","conv_code","tau1","tau1_sd","tau2","tau2_sd","tau3","tau3_sd","tau4","tau4_sd","tau5","tau5_sd","tau6","tau6_sd"
0.364608383046913,0.0337509539159794,15.5015672950509,0.389199213490408,-0.048891057322331,0.0248129352418679,1,-0.0317261647987068,0.030034959626537,0.689014795308893,0.0142473477749778,0.693051239380333,0.0151302513935929,0.673078575164183,0.016571274538737,0.689533372159685,0.0174819983941503,0.71952010349401,0.0187620537920794
