"beta","beta_sd","omega","omega_sd","rho","rho_sd","conv_code","tau1","tau1_sd","tau2","tau2_sd","tau3","tau3_sd","tau4","tau4_sd","tau5","tau5_sd","tau6","tau6_sd"
0.619769756371178,0.0345056530796171,15.9216130228941,0.427569548395374,-0.609949711138019,0.0104596207786599,1,0.0120490096665801,0.0339517744530018,0.680547954941607,0.0158801341477683,0.690867547161126,0.0160039966959247,0.712408733690242,0.0170631270885401,0.673455218031694,0.0186809371404573,0.673716913096605,0.0205342868276166
