"beta","beta_sd","omega","omega_sd","rho","rho_sd","conv_code","tau1","tau1_sd","tau2","tau2_sd","tau3","tau3_sd","tau4","tau4_sd","tau5","tau5_sd","tau6","tau6_sd"
3.10958521968748,0.0215283114252179,1.00347683586267,0.0190905216592026,-0.292244299817547,0.0128587591278727,1,-0.0481770448263234,0.0286724586528618,0.716972710879869,0.015650033086381,0.708654325266944,0.0117801175289526,0.676055181977982,0.010766328718173,0.696709155741977,0.010449218388479,0.707541711159993,0.0107163652979154
