"beta","beta_sd","omega","omega_sd","rho","rho_sd","conv_code","tau1","tau1_sd","tau2","tau2_sd","tau3","tau3_sd","tau4","tau4_sd","tau5","tau5_sd","tau6","tau6_sd"
1.88533096842781,0.0163972775260019,0.0629522295165097,0.00200160976229992,-0.601759253076541,0.00837175210346043,1,0.0582034051995082,0.0298934964839238,0.646416213420462,0.0176232348908128,0.696111703123053,0.0131525039872744,0.687539823126315,0.0124618003684808,0.705341816134966,0.0128990801733732,0.667047987082888,0.0143174091239157
