"beta","beta_sd","omega","omega_sd","rho","rho_sd","conv_code","tau1","tau1_sd","tau2","tau2_sd","tau3","tau3_sd","tau4","tau4_sd","tau5","tau5_sd","tau6","tau6_sd"
3.04688005654441,0.0468935048033778,16.5677777184695,0.439124230448226,-0.590465654287235,0.0109783774187795,1,0.00592985722950269,0.0365496489852716,0.678932687894417,0.0169732962350674,0.704518155688383,0.0163002240723865,0.675553863676437,0.0173071344605533,0.720896285379325,0.0174145237705603,0.686970838846629,0.0184463846167729
