"beta","beta_sd","omega","omega_sd","rho","rho_sd","conv_code","tau1","tau1_sd","tau2","tau2_sd","tau3","tau3_sd","tau4","tau4_sd","tau5","tau5_sd","tau6","tau6_sd"
3.78723932439713,0.0268583890730085,0.0621622028648505,0.00311078257117975,-0.598884787770299,0.00751963523933249,1,0.00533300750391242,0.0358034603387952,0.672836171918828,0.0209752548439105,0.710503554698657,0.015197611566113,0.702926318434065,0.0126216993124649,0.679562108187346,0.0118693807103485,0.679183806551151,0.0116964464283397
