"beta","beta_sd","omega","omega_sd","rho","rho_sd","conv_code","tau1","tau1_sd","tau2","tau2_sd","tau3","tau3_sd","tau4","tau4_sd","tau5","tau5_sd","tau6","tau6_sd"
2.09346166334327,0.0109922892050278,0.0633124381659353,0.00416507205985244,0.897320815183349,0.00166544609017352,1,0.0256784214913525,0.0318360593871111,0.696232558500098,0.012094424059815,0.688222750834514,0.00933576221007657,0.683202746866359,0.00835122857594471,0.679238162723223,0.0082714576401897,0.679458596745459,0.00884142704395215
