"beta","beta_sd","omega","omega_sd","rho","rho_sd","conv_code","tau1","tau1_sd","tau2","tau2_sd","tau3","tau3_sd","tau4","tau4_sd","tau5","tau5_sd","tau6","tau6_sd"
3.80639790267825,0.0320390183892494,0.0816689929765093,0.01187922905685,0.897784509737308,0.00231603427810941,1,0.088849932243957,0.0468784861115547,0.704197683186847,0.0217589819782614,0.645117918881445,0.0177533267982122,0.684330415302533,0.0150003602088341,0.686476865235881,0.0139596824166259,0.705692646161058,0.0132953405462729
