"beta","beta_sd","omega","omega_sd","rho","rho_sd","conv_code","tau1","tau1_sd","tau2","tau2_sd","tau3","tau3_sd","tau4","tau4_sd","tau5","tau5_sd","tau6","tau6_sd"
0.198378653062103,0.00446977205241199,0.0616132311955426,0.00177360594562813,0.593216615745696,0.00839652827962953,1,-0.0155451010847793,0.0180961093254797,0.69432912038117,0.00576737131735576,0.674327209267348,0.00820227083121067,0.708200154956116,0.016544493434507,0.772939663239309,0.0441715152962311,0.728833767302189,0.134215285001527
