"beta","beta_sd","omega","omega_sd","rho","rho_sd","conv_code","tau1","tau1_sd","tau2","tau2_sd","tau3","tau3_sd","tau4","tau4_sd","tau5","tau5_sd","tau6","tau6_sd"
2.52518648449125,0.0402877487347975,16.625028476627,0.40820176327479,-0.00953866380406895,0.0257045407085492,1,-0.0319396245229245,0.0310679465791005,0.723738267889855,0.014760857798127,0.702687955455159,0.0151736028718412,0.706627564817258,0.0157954311849748,0.695760860182771,0.0165064998671249,0.698670067622771,0.0175512882512377
