"beta","beta_sd","omega","omega_sd","rho","rho_sd","conv_code","tau1","tau1_sd","tau2","tau2_sd","tau3","tau3_sd","tau4","tau4_sd","tau5","tau5_sd","tau6","tau6_sd"
1.09928784422261,0.00610139168528083,0.0623187331985926,0.00119796207321247,-0.303044576765327,0.00850417809812198,1,0.0112518657975286,0.0171049613085279,0.691809577984014,0.00884397666157132,0.690278789191834,0.00732019799709258,0.690686756670517,0.0080563798199436,0.689347050308507,0.0092724131633675,0.694527820159572,0.0115940776799619
