"beta","beta_sd","omega","omega_sd","rho","rho_sd","conv_code","tau1","tau1_sd","tau2","tau2_sd","tau3","tau3_sd","tau4","tau4_sd","tau5","tau5_sd","tau6","tau6_sd"
3.67316523133251,0.0492710529263367,15.579237679601,0.409213068496784,0.906378218320811,0.00426694710001943,1,-0.0697914292793233,0.047527907763607,0.686754935478423,0.0177415920063033,0.707057050778528,0.0163798565062681,0.68059657897055,0.0161931410889379,0.661515946763797,0.0161901660963042,0.699569988362742,0.0170736330822339
