"beta","beta_sd","omega","omega_sd","rho","rho_sd","conv_code","tau1","tau1_sd","tau2","tau2_sd","tau3","tau3_sd","tau4","tau4_sd","tau5","tau5_sd","tau6","tau6_sd"
2.19280610195288,0.0421268806591437,16.3437802138101,0.49301311788319,0.347439317269607,0.050564364906454,1,0.0259983276652426,0.0396731069174497,0.730664685924437,0.0181754280911872,0.660506118804621,0.0198993299045415,0.664590590674119,0.0202741716993812,0.686202465027263,0.0216400834631588,0.699317373554392,0.0227617540453
