"beta","beta_sd","omega","omega_sd","rho","rho_sd","conv_code","tau1","tau1_sd","tau2","tau2_sd","tau3","tau3_sd","tau4","tau4_sd","tau5","tau5_sd","tau6","tau6_sd"
1.77548064121962,0.0186378828965956,0.0618627144935234,0.00212833253951561,-0.896707679769429,0.00237344394026177,1,-0.0121616514753442,0.0276721552831628,0.672037314926393,0.0173186093792912,0.687345069592776,0.0147400276968399,0.702339477057809,0.0138965789656872,0.664837675197933,0.0148746225942527,0.680416408727752,0.0157310372974212
