"beta","beta_sd","omega","omega_sd","rho","rho_sd","conv_code","tau1","tau1_sd","tau2","tau2_sd","tau3","tau3_sd","tau4","tau4_sd","tau5","tau5_sd","tau6","tau6_sd"
2.37994417871435,0.015638207969268,0.96635657856986,0.0181809566403285,0.604329361188768,0.014856764097576,1,-0.031955657551059,0.0287382260839868,0.701197293178031,0.0133886281600115,0.693591119891617,0.0103917273610999,0.685302785554859,0.00989365566299014,0.687311752445226,0.010214047592064,0.693575903546375,0.0111139563261266
