"beta","beta_sd","omega","omega_sd","rho","rho_sd","conv_code","tau1","tau1_sd","tau2","tau2_sd","tau3","tau3_sd","tau4","tau4_sd","tau5","tau5_sd","tau6","tau6_sd"
3.30047789744688,0.0222807256491253,0.0647722138336034,0.00339477807618873,-0.00519829112393126,0.0172383997402613,1,0.0358920378779446,0.0366333822660714,0.66307940383278,0.0215310839515682,0.700865729095342,0.0147826838423257,0.689475142051778,0.0124768780287432,0.698001165438528,0.011554114451199,0.701515042764773,0.011664520795933
