"beta","beta_sd","omega","omega_sd","rho","rho_sd","conv_code","tau1","tau1_sd","tau2","tau2_sd","tau3","tau3_sd","tau4","tau4_sd","tau5","tau5_sd","tau6","tau6_sd"
0.800382653770315,0.00495614530242693,0.0655595575444659,0.00144210147559179,0.283791575172878,0.0118937485387754,1,-0.0174311263848959,0.0165028140401133,0.690660082673035,0.00697117745983608,0.700546539583544,0.00643543129924579,0.690873990273334,0.00807692623288172,0.696788469974881,0.0109167751971208,0.725870122644507,0.0177847406237696
