"beta","beta_sd","omega","omega_sd","rho","rho_sd","conv_code","tau1","tau1_sd","tau2","tau2_sd","tau3","tau3_sd","tau4","tau4_sd","tau5","tau5_sd","tau6","tau6_sd"
3.00822771596276,0.0393413486431652,16.0744608145402,0.354454391841306,0.0129871827193576,0.0208689117375411,1,-0.0297712526771419,0.0271500801519522,0.685215382703978,0.0131457040628298,0.716658272374409,0.012580528260293,0.7130066820974,0.0132225055676699,0.679373781211237,0.0139725491024384,0.719108845714923,0.0144628814469998
