"beta","beta_sd","omega","omega_sd","rho","rho_sd","conv_code","tau1","tau1_sd","tau2","tau2_sd","tau3","tau3_sd","tau4","tau4_sd","tau5","tau5_sd","tau6","tau6_sd"
2.39376133804989,0.020000032559861,0.061671808757256,0.00585530347720245,0.899116362788908,0.00218762300131965,1,0.0186801415759655,0.0423549119392352,0.713412749223876,0.0183596847000139,0.675362869613058,0.0151269013656211,0.685626346602767,0.0132001484779855,0.701289764419634,0.0129046582597998,0.693889980571294,0.0131888170809548
