"beta","beta_sd","omega","omega_sd","rho","rho_sd","conv_code","tau1","tau1_sd","tau2","tau2_sd","tau3","tau3_sd","tau4","tau4_sd","tau5","tau5_sd","tau6","tau6_sd"
3.81443401836993,0.0291671381771799,0.57802632862681,0.0136844479088397,-0.295152629958485,0.0146980140568238,1,0.0299759812214173,0.0347697618250609,0.690551156291793,0.0203311291576672,0.678935440488207,0.0149696353905464,0.704347016032372,0.0126261403044242,0.692910268987613,0.0120023820142868,0.695735906137532,0.0120078485312277
