"beta","beta_sd","omega","omega_sd","rho","rho_sd","conv_code","tau1","tau1_sd","tau2","tau2_sd","tau3","tau3_sd","tau4","tau4_sd","tau5","tau5_sd","tau6","tau6_sd"
0.627263731997533,0.0327583200216372,15.2011498447252,0.352729369222872,-0.265489144663558,0.0157160127119581,1,0.0359805013815922,0.0262878875494759,0.675271480018343,0.0126948487383048,0.672984881121297,0.0132918421169979,0.673318007238755,0.0140305274185262,0.676021724255463,0.014865926127388,0.676012959041241,0.0162861283593234
