"beta","beta_sd","omega","omega_sd","rho","rho_sd","conv_code","tau1","tau1_sd","tau2","tau2_sd","tau3","tau3_sd","tau4","tau4_sd","tau5","tau5_sd","tau6","tau6_sd"
2.6893648276163,0.0383780631403292,17.1358514513638,0.373060396221017,0.591702539329841,0.0215849763733952,1,-0.0543489780453585,0.0302619126438374,0.712674145799742,0.0130192372935293,0.704641194240294,0.0124813289256426,0.682126759707058,0.013003296565871,0.694635594544065,0.0134350227320218,0.714192505738454,0.0143307313614826
