"beta","beta_sd","omega","omega_sd","rho","rho_sd","conv_code","tau1","tau1_sd","tau2","tau2_sd","tau3","tau3_sd","tau4","tau4_sd","tau5","tau5_sd","tau6","tau6_sd"
2.89907435612168,0.0147276011842715,0.0589119122345751,0.00270881319045389,0.313674776349094,0.0132880512802649,1,-0.0234334166447517,0.0306468307959626,0.691195933513522,0.0168327147425639,0.706907485318176,0.0112633249420137,0.687863897054528,0.00947121224403179,0.704179125613534,0.00900168415488013,0.687211447087364,0.00919423593068783
