"beta","beta_sd","omega","omega_sd","rho","rho_sd","conv_code","tau1","tau1_sd","tau2","tau2_sd","tau3","tau3_sd","tau4","tau4_sd","tau5","tau5_sd","tau6","tau6_sd"
2.78361133164213,0.0324218204432061,0.0598415668675914,0.00311872279232947,-0.90013030921887,0.00263525383641057,1,0.0019103316513731,0.0387421690134703,0.694871373598359,0.0229104523428916,0.683614283579483,0.0190857229066248,0.683717956504923,0.0170580129277523,0.682968414280181,0.0166043928280311,0.700639644005336,0.017042444866938
