"beta","beta_sd","omega","omega_sd","rho","rho_sd","conv_code","tau1","tau1_sd","tau2","tau2_sd","tau3","tau3_sd","tau4","tau4_sd","tau5","tau5_sd","tau6","tau6_sd"
2.1052684898393,0.0141847999267228,1.01452733271013,0.0184751925591905,0.617337870384802,0.0145772842084401,1,0.00908601376990039,0.0271958699528667,0.674585929118511,0.0121520587790172,0.701453958748044,0.00957469326642947,0.690223017363152,0.00961096933440867,0.683580199664634,0.0102909917430791,0.707703159829677,0.0110337625806101
