"beta","beta_sd","omega","omega_sd","rho","rho_sd","conv_code","tau1","tau1_sd","tau2","tau2_sd","tau3","tau3_sd","tau4","tau4_sd","tau5","tau5_sd","tau6","tau6_sd"
2.14570661899443,0.0367474118248339,16.6168615751232,0.378449734779627,-0.317721899757461,0.0144696278712561,1,0.0338809628517941,0.0275777311140657,0.705379650955991,0.0129220067369696,0.697749898339449,0.0131210464712931,0.716916698733419,0.0135889070723845,0.686654665662892,0.0144973352633829,0.692694723640956,0.0152506206703258
