"beta","beta_sd","omega","omega_sd","rho","rho_sd","conv_code","tau1","tau1_sd","tau2","tau2_sd","tau3","tau3_sd","tau4","tau4_sd","tau5","tau5_sd","tau6","tau6_sd"
1.18511104177909,0.0128955946100797,0.977579143957279,0.0210055640998289,0.30660523840881,0.0270879844707623,1,-0.0507313311086956,0.0262731350146364,0.704847255211411,0.0112002224444594,0.676829068088393,0.0114440737198387,0.697625152199764,0.0126794546509485,0.675036478973324,0.0145659532489468,0.690497847466035,0.0170826743066387
