"beta","beta_sd","omega","omega_sd","rho","rho_sd","conv_code","tau1","tau1_sd","tau2","tau2_sd","tau3","tau3_sd","tau4","tau4_sd","tau5","tau5_sd","tau6","tau6_sd"
2.33461342718981,0.0368614805441333,16.0671912250538,0.357580816155638,-0.301192964227284,0.0148971231618048,1,-0.00672448822668353,0.0266955252987907,0.699582458205231,0.0125787898781892,0.694713236066154,0.0128608908483725,0.683161341156158,0.0136150887521992,0.686819171743854,0.0142456083614162,0.690778269626002,0.0152948805760166
