"beta","beta_sd","omega","omega_sd","rho","rho_sd","conv_code","tau1","tau1_sd","tau2","tau2_sd","tau3","tau3_sd","tau4","tau4_sd","tau5","tau5_sd","tau6","tau6_sd"
0.199453180591992,0.00375610033395712,0.0610550020506794,0.00109136917968983,-0.295996025370395,0.00774355885345612,1,0.00356471218893423,0.0127085448457423,0.688190256922031,0.00520817450504562,0.691317810151779,0.00774359504486196,0.682224021219487,0.0160044189243292,0.689641577834615,0.0415169351537064,0.538979543465756,0.144123037870659
