"beta","beta_sd","omega","omega_sd","rho","rho_sd","conv_code","tau1","tau1_sd","tau2","tau2_sd","tau3","tau3_sd","tau4","tau4_sd","tau5","tau5_sd","tau6","tau6_sd"
3.37454998054499,0.0255387923330207,0.564249345136277,0.01231319652654,-0.591355196096374,0.00773831988369952,1,0.0510155201448165,0.0323319142473674,0.649035390736886,0.019027717768255,0.708811141655284,0.0135919388205235,0.673867548073366,0.0121251745364324,0.674080862613248,0.0116062515627109,0.706143244451856,0.0114170579879604
