"beta","beta_sd","omega","omega_sd","rho","rho_sd","conv_code","tau1","tau1_sd","tau2","tau2_sd","tau3","tau3_sd","tau4","tau4_sd","tau5","tau5_sd","tau6","tau6_sd"
1.39409284612942,0.0068561190599117,0.0603926558739823,0.00183116924291737,0.59852489670761,0.00778258313005173,1,0.0398355670022092,0.0228973132700943,0.685164997642671,0.0104142847764269,0.6916277084472,0.00773207629186682,0.680936345310229,0.00768927509393577,0.694672298977871,0.00844918814643804,0.682508126889391,0.00968272262812956
