"beta","beta_sd","omega","omega_sd","rho","rho_sd","conv_code","tau1","tau1_sd","tau2","tau2_sd","tau3","tau3_sd","tau4","tau4_sd","tau5","tau5_sd","tau6","tau6_sd"
3.87519974109228,0.0469798445491038,16.1076281706001,0.387690913384853,0.894579200709589,0.0043824301414031,1,0.0721159688270649,0.0424223104567231,0.659865403537812,0.0155321540725997,0.67818316563939,0.0142642522019938,0.691509601736331,0.0137944075998856,0.693724444201693,0.014139441642003,0.707956302917643,0.014612820195134
