"beta","beta_sd","omega","omega_sd","rho","rho_sd","conv_code","tau1","tau1_sd","tau2","tau2_sd","tau3","tau3_sd","tau4","tau4_sd","tau5","tau5_sd","tau6","tau6_sd"
3.57630264357066,0.0262144123433265,0.240578868092348,0.00975696166712202,0.613068913775805,0.0116692529755731,1,-0.0240915069420271,0.0421093765678696,0.679780164621123,0.0229745291301499,0.732809632598583,0.0154621667266212,0.650618916866443,0.0137513380150809,0.687639302555897,0.0124512988448241,0.702901021749044,0.0123363446597051
