"beta","beta_sd","omega","omega_sd","rho","rho_sd","conv_code","tau1","tau1_sd","tau2","tau2_sd","tau3","tau3_sd","tau4","tau4_sd","tau5","tau5_sd","tau6","tau6_sd"
1.47536111253564,0.0150828365871748,0.978005602254483,0.0236078721275838,0.901628130674926,0.00323954031994915,1,-0.0767701571737553,0.0380025066852505,0.696100980011645,0.0138601740165493,0.699360600696701,0.0124683852220177,0.679838313450297,0.0124696425076301,0.685761800444549,0.0132704560063956,0.685319227848576,0.0152899584176377
