"beta","beta_sd","omega","omega_sd","rho","rho_sd","conv_code","tau1","tau1_sd","tau2","tau2_sd","tau3","tau3_sd","tau4","tau4_sd","tau5","tau5_sd","tau6","tau6_sd"
1.77153492766426,0.039865331190907,15.0948913000462,0.460918356188087,0.897604190743805,0.0059859577915042,1,-0.0362184004695559,0.0512606494330829,0.690255367063939,0.0195170745136885,0.689024934155578,0.0194419028400109,0.653918354262096,0.0205003424980076,0.678907003129813,0.020776197446763,0.662055699545456,0.0224596978705144
