"beta","beta_sd","omega","omega_sd","rho","rho_sd","conv_code","tau1","tau1_sd","tau2","tau2_sd","tau3","tau3_sd","tau4","tau4_sd","tau5","tau5_sd","tau6","tau6_sd"
3.19502142980467,0.0305663546492568,0.546427688131117,0.0169138395122278,0.36830884106697,0.0283180023367619,1,0.0240928977106518,0.0447857508194075,0.694091221574056,0.0239857750764409,0.698083085377898,0.0168844584623852,0.683175681529167,0.0154568369272685,0.71848242545855,0.0146689374754093,0.682115646285706,0.0155297551794483
