"beta","beta_sd","omega","omega_sd","rho","rho_sd","conv_code","tau1","tau1_sd","tau2","tau2_sd","tau3","tau3_sd","tau4","tau4_sd","tau5","tau5_sd","tau6","tau6_sd"
3.95622411627073,0.0468909821706959,0.989379510474834,0.0294731618197692,-0.898760693864639,0.00287046105674365,1,0.0251318604720836,0.0441095508913778,0.692238338785911,0.024426781846161,0.658476637855428,0.0200481866202758,0.693950314219249,0.0175316153974007,0.688924096940391,0.0169184007496311,0.673307839181017,0.0167048744966787
