"beta","beta_sd","omega","omega_sd","rho","rho_sd","conv_code","tau1","tau1_sd","tau2","tau2_sd","tau3","tau3_sd","tau4","tau4_sd","tau5","tau5_sd","tau6","tau6_sd"
1.34654398633066,0.0256853869336442,0.881776524270912,0.0334631657496718,-0.889070873342117,0.0040732324668221,1,0.0604603952436831,0.0348980880224171,0.637784354641329,0.0208922126862171,0.636583034729405,0.0204369855929165,0.664213606106194,0.0208456617063967,0.623438736892943,0.021862137194348,0.665068269838922,0.0230465685063384
