"beta","beta_sd","omega","omega_sd","rho","rho_sd","conv_code","tau1","tau1_sd","tau2","tau2_sd","tau3","tau3_sd","tau4","tau4_sd","tau5","tau5_sd","tau6","tau6_sd"
1.00935470798471,0.0357852687770734,15.3670976433873,0.448804564115885,-0.897513979507263,0.00300280665631425,1,-0.0635255756694472,0.0449133530854856,0.698527167824537,0.0173910039717987,0.684648145543481,0.0177414668586512,0.684656524564447,0.0185430867038894,0.677100527900083,0.0194532865859637,0.701481308110278,0.0207632655242984
