"beta","beta_sd","omega","omega_sd","rho","rho_sd","conv_code","tau1","tau1_sd","tau2","tau2_sd","tau3","tau3_sd","tau4","tau4_sd","tau5","tau5_sd","tau6","tau6_sd"
0.00449108422833141,0.00982995424332379,0.997812118626126,0.0172641255329209,0.284450337894637,0.0167675907161993,1,0.00352307670271136,0.0195647794776946,0.693360330984156,0.00718055511719815,0.680161083671469,0.00897374306358588,0.699256305538977,0.0117185046805556,0.684816967432076,0.015156854098829,0.6732560306839,0.0198310735846127
