"beta","beta_sd","omega","omega_sd","rho","rho_sd","conv_code","tau1","tau1_sd","tau2","tau2_sd","tau3","tau3_sd","tau4","tau4_sd","tau5","tau5_sd","tau6","tau6_sd"
3.20140025039263,0.0253256636613232,1.00779668969736,0.0221375791648081,0.0118155851654212,0.022052606618954,1,0.00292690813716904,0.0328951947310321,0.689882363182393,0.0182187450451563,0.698437991497889,0.0134538410779975,0.697641915848926,0.012352308291253,0.6883233396338,0.0122685603272284,0.700542644416413,0.0126157029139275
