"beta","beta_sd","omega","omega_sd","rho","rho_sd","conv_code","tau1","tau1_sd","tau2","tau2_sd","tau3","tau3_sd","tau4","tau4_sd","tau5","tau5_sd","tau6","tau6_sd"
3.02756433972815,0.0303261381798521,0.531538602382981,0.0193303315282277,0.891378053881815,0.0032966103755295,1,-0.0588027597445628,0.0523280262732868,0.690297198707344,0.0235179585241026,0.672315374779467,0.0180733133865627,0.664240228576745,0.0160757648366644,0.676976750426011,0.0151054644852255,0.701358034825398,0.0146686579258329
