"beta","beta_sd","omega","omega_sd","rho","rho_sd","conv_code","tau1","tau1_sd","tau2","tau2_sd","tau3","tau3_sd","tau4","tau4_sd","tau5","tau5_sd","tau6","tau6_sd"
2.50017019431868,0.0209350459707525,1.00204596176466,0.0200647884859032,-0.612452900478373,0.00753128596803825,1,-0.0177677184128599,0.0298338924222693,0.726136984155925,0.0150089813189945,0.675022758741002,0.0124007084383352,0.714496182897253,0.0114650878015151,0.695049311886152,0.011947885427765,0.6965070903386,0.0127287955240034
