"beta","beta_sd","omega","omega_sd","rho","rho_sd","conv_code","tau1","tau1_sd","tau2","tau2_sd","tau3","tau3_sd","tau4","tau4_sd","tau5","tau5_sd","tau6","tau6_sd"
3.85232265317478,0.0348806834279691,0.0573330653684018,0.00577547338440105,0.0172715041716396,0.025446290780479,1,-0.0056019091779015,0.0499527455040729,0.670281879712397,0.0294157589709437,0.694860055750074,0.0204486925064102,0.6681516196771,0.0173530786628538,0.705551160915665,0.0157787390951162,0.675609863342424,0.0154991436721598
