"beta","beta_sd","omega","omega_sd","rho","rho_sd","conv_code","tau1","tau1_sd","tau2","tau2_sd","tau3","tau3_sd","tau4","tau4_sd","tau5","tau5_sd","tau6","tau6_sd"
3.08823377411125,0.0250252521769922,0.566718141789528,0.0126883703854138,-0.90009020659551,0.00198057065643578,1,0.0287847818638187,0.0316023130132192,0.673912812453877,0.0170969768278821,0.687864629315215,0.0137295062826767,0.679181338144902,0.012285211155017,0.697751388337221,0.0117512058585739,0.685350845280193,0.0120130120798276
