"beta","beta_sd","omega","omega_sd","rho","rho_sd","conv_code","tau1","tau1_sd","tau2","tau2_sd","tau3","tau3_sd","tau4","tau4_sd","tau5","tau5_sd","tau6","tau6_sd"
3.49918275630451,0.0234617121579542,0.0589220718293389,0.00270744469230248,-0.592032454808275,0.00716280193664429,1,-0.0303770800416568,0.0334213581201802,0.708184895991064,0.0194473026223723,0.702255771432269,0.0139896242063096,0.677161236312325,0.012042089113392,0.707371103858292,0.0110136357118625,0.689583980867569,0.0109587302854307
