"beta","beta_sd","omega","omega_sd","rho","rho_sd","conv_code","tau1","tau1_sd","tau2","tau2_sd","tau3","tau3_sd","tau4","tau4_sd","tau5","tau5_sd","tau6","tau6_sd"
2.01733468873158,0.0158318451937354,1.04057019578222,0.0184633838655536,-0.902256968841783,0.00159044967025089,1,-0.00949355893514037,0.0272609383602503,0.70305584236176,0.0116608829835036,0.696717025690702,0.0102253854220475,0.714506556715321,0.00989331935687903,0.70181091363746,0.0104619306334918,0.693942233025681,0.0112554134073692
