"beta","beta_sd","omega","omega_sd","rho","rho_sd","conv_code","tau1","tau1_sd","tau2","tau2_sd","tau3","tau3_sd","tau4","tau4_sd","tau5","tau5_sd","tau6","tau6_sd"
0.00421611995029765,0.0041604079384474,0.0633374969236669,0.00139929782628306,-0.292474737978197,0.0101541763922868,1,0.0173680027042087,0.0145823779115956,0.688024564677812,0.00668014702315829,0.702946473645517,0.0123065138000578,0.706712675676151,0.0340496137474518,0.875808725313683,0.145779298977326,1.79820642811143,440.223626998278
