"beta","beta_sd","omega","omega_sd","rho","rho_sd","conv_code","tau1","tau1_sd","tau2","tau2_sd","tau3","tau3_sd","tau4","tau4_sd","tau5","tau5_sd","tau6","tau6_sd"
1.86262227659458,0.0147054730399281,1.01425757709914,0.017924107510046,-0.28295709410449,0.012270311711959,1,-0.0425299104682879,0.0240835691878028,0.694939162465619,0.0115006856859048,0.691235284945733,0.0101366210363211,0.696023601009372,0.0102689069510386,0.678478224455107,0.0110314450701077,0.706373656286459,0.0122907441696378
