"beta","beta_sd","omega","omega_sd","rho","rho_sd","conv_code","tau1","tau1_sd","tau2","tau2_sd","tau3","tau3_sd","tau4","tau4_sd","tau5","tau5_sd","tau6","tau6_sd"
3.48356146349006,0.0256520860740988,0.0573508856414056,0.00321678898495368,-0.303482657661526,0.0141042194982086,1,-0.0100347461694658,0.0379855536413795,0.699991749285764,0.0222013719616935,0.696481273933725,0.016342318101335,0.659602453894314,0.0134559050193065,0.69552802666851,0.0123614697745677,0.693318938783815,0.0123008457622466
