"beta","beta_sd","omega","omega_sd","rho","rho_sd","conv_code","tau1","tau1_sd","tau2","tau2_sd","tau3","tau3_sd","tau4","tau4_sd","tau5","tau5_sd","tau6","tau6_sd"
1.70965303150778,0.0388628260609797,15.479579660479,0.474319237136441,0.288922634884619,0.049888616385799,1,0.0209075784612611,0.0382840151672886,0.676492142323804,0.0186010479006487,0.691278378112908,0.0189496165812953,0.684733568216751,0.020769534904735,0.691466928165146,0.0217284494508412,0.694217515334396,0.0229027715926279
