"beta","beta_sd","omega","omega_sd","rho","rho_sd","conv_code","tau1","tau1_sd","tau2","tau2_sd","tau3","tau3_sd","tau4","tau4_sd","tau5","tau5_sd","tau6","tau6_sd"
3.62062971122527,0.0409357197979408,1.00543126359139,0.0278185805226893,-0.901634162194003,0.00260601322170234,1,0.0551280682465071,0.0412410042139866,0.673358603237286,0.0226035262321071,0.696273463233215,0.0182514074795125,0.684424364815665,0.0166732747720036,0.706479166156535,0.0156070024148002,0.706155085538786,0.0156614573691503
