"beta","beta_sd","omega","omega_sd","rho","rho_sd","conv_code","tau1","tau1_sd","tau2","tau2_sd","tau3","tau3_sd","tau4","tau4_sd","tau5","tau5_sd","tau6","tau6_sd"
1.88696430673839,0.0380256517410572,16.239858421179,0.425805859179792,-0.606328808225806,0.010396732804246,1,0.0394885136187989,0.0345521447454385,0.697945451196501,0.0157695131653387,0.741842337484541,0.0155953578284246,0.669671694290432,0.0170692412747145,0.682887212133458,0.0179902389296135,0.732064101533412,0.0183452077936957
