"beta","beta_sd","omega","omega_sd","rho","rho_sd","conv_code","tau1","tau1_sd","tau2","tau2_sd","tau3","tau3_sd","tau4","tau4_sd","tau5","tau5_sd","tau6","tau6_sd"
3.20625330398336,0.0235794589921015,0.560656021448159,0.0136909868231871,0.266286482447288,0.0243667221573928,1,-0.0136421396665795,0.0370480870700131,0.684887503199298,0.0201003133347343,0.689164556608071,0.0140154885836147,0.713756817751387,0.0120485989543681,0.694571341923694,0.0117617437717189,0.704238913649584,0.0120420123069153
