"beta","beta_sd","omega","omega_sd","rho","rho_sd","conv_code","tau1","tau1_sd","tau2","tau2_sd","tau3","tau3_sd","tau4","tau4_sd","tau5","tau5_sd","tau6","tau6_sd"
1.62361739353359,0.0113213990038241,0.0677505626316169,0.00202270560442594,-0.0245822612158168,0.016756004086665,1,0.0342368150352109,0.0267470624237933,0.690500134494743,0.0142717071612934,0.695933478099332,0.0104502888851938,0.714897778687717,0.0104484950006791,0.717401883340513,0.0113944901843111,0.70890932136216,0.0128928774226084
