"beta","beta_sd","omega","omega_sd","rho","rho_sd","conv_code","tau1","tau1_sd","tau2","tau2_sd","tau3","tau3_sd","tau4","tau4_sd","tau5","tau5_sd","tau6","tau6_sd"
0.302606358040807,0.00554016638310727,0.0636113172514144,0.00198201254238026,-0.900155383751795,0.00237180300839522,1,0.0084302917974679,0.0193639813629754,0.697284499707513,0.0125080982398849,0.681542495404963,0.0135927393834742,0.694209558277996,0.01720761222621,0.685325755934834,0.0264797544178887,0.67884027548984,0.0523697221425253
