"beta","beta_sd","omega","omega_sd","rho","rho_sd","conv_code","tau1","tau1_sd","tau2","tau2_sd","tau3","tau3_sd","tau4","tau4_sd","tau5","tau5_sd","tau6","tau6_sd"
2.2746096844577,0.0237061903451348,0.962277267815533,0.0243410121670705,0.0547517979047588,0.0278528042289428,1,-0.042078673325581,0.0314355623963485,0.693727488716222,0.0165822034727432,0.690799293518537,0.0140117084563443,0.673071278136481,0.0141840495810659,0.678850892947144,0.0148876320849354,0.672131582025926,0.0161373221591147
