"beta","beta_sd","omega","omega_sd","rho","rho_sd","conv_code","tau1","tau1_sd","tau2","tau2_sd","tau3","tau3_sd","tau4","tau4_sd","tau5","tau5_sd","tau6","tau6_sd"
0.10918994416201,0.0104852580000003,1.02529422331279,0.019804478931537,0.620531476975816,0.0164571726415461,1,0.0438787389237502,0.0245662191578645,0.686503624170336,0.00831945207520363,0.699695924458631,0.00997239839840229,0.708720938866535,0.0125401382869862,0.688269232789983,0.0164580755301855,0.713838842994305,0.0212839865770344
