"beta","beta_sd","omega","omega_sd","rho","rho_sd","conv_code","tau1","tau1_sd","tau2","tau2_sd","tau3","tau3_sd","tau4","tau4_sd","tau5","tau5_sd","tau6","tau6_sd"
1.48905760442969,0.0369292831037013,16.0916458938919,0.446122453697639,0.55832546088148,0.0391092227304598,1,0.00935198182795671,0.0404523363677085,0.700917182670362,0.0170472369901891,0.678878213892442,0.0179053696366226,0.656667787880662,0.0192629927727011,0.692930961457499,0.0203118908807933,0.705384076463132,0.0219108726138157
