"beta","beta_sd","omega","omega_sd","rho","rho_sd","conv_code","tau1","tau1_sd","tau2","tau2_sd","tau3","tau3_sd","tau4","tau4_sd","tau5","tau5_sd","tau6","tau6_sd"
3.70394684822775,0.03063955070424,0.556839844179911,0.0145828195443155,-0.0142924649284963,0.0226634895941226,3,-0.0068642478534433,0.0379258493773852,0.697147492851844,0.0220565740779182,0.698496961302985,0.0161739446887727,0.695817109649562,0.0138931331151545,0.709996941201089,0.0131505940325157,0.698682022644179,0.0132324927939896
