"beta","beta_sd","omega","omega_sd","rho","rho_sd","conv_code","tau1","tau1_sd","tau2","tau2_sd","tau3","tau3_sd","tau4","tau4_sd","tau5","tau5_sd","tau6","tau6_sd"
2.58024374230714,0.0143492347582764,0.0604886519323467,0.00266977055218542,0.31547821081718,0.0139799374688946,1,-0.0473239946726742,0.0331667583423224,0.686132466393117,0.0178387270863894,0.7136178740844,0.0116036045235463,0.674380573289533,0.0102304107015384,0.691673706913848,0.00982735735843702,0.698791995208409,0.0100171020142959
