"beta","beta_sd","omega","omega_sd","rho","rho_sd","conv_code","tau1","tau1_sd","tau2","tau2_sd","tau3","tau3_sd","tau4","tau4_sd","tau5","tau5_sd","tau6","tau6_sd"
2.50567946225241,0.0289619909447585,0.0609421198394999,0.00285595850300116,-0.900370729683181,0.00254840275371134,1,-0.0481291183798024,0.0364090867505033,0.721358651734188,0.021210985692791,0.703279901860223,0.017451849747385,0.688418065649266,0.0163849052839867,0.685762150406117,0.0162133087883249,0.685932339775302,0.0166136609142086
