"beta","beta_sd","omega","omega_sd","rho","rho_sd","conv_code","tau1","tau1_sd","tau2","tau2_sd","tau3","tau3_sd","tau4","tau4_sd","tau5","tau5_sd","tau6","tau6_sd"
1.06421451131493,0.0384556759148656,16.798851314035,0.606489318466587,-0.0843327487916943,0.0380264316614067,1,-0.0037173409632211,0.0387226124177195,0.751214417754151,0.0202600272543379,0.68738043878569,0.0222284490610048,0.722771023838235,0.022647889745435,0.682315971366991,0.0243864512910353,0.721371123577775,0.0258836284811626
