"beta","beta_sd","omega","omega_sd","rho","rho_sd","conv_code","tau1","tau1_sd","tau2","tau2_sd","tau3","tau3_sd","tau4","tau4_sd","tau5","tau5_sd","tau6","tau6_sd"
3.68067375892759,0.0276384616316235,0.5563637650122,0.0160560949170245,0.589812038805413,0.0152645777104634,1,0.00847692953897983,0.0417740906297401,0.689349687324958,0.0224167004902291,0.700521750778502,0.0159106510795372,0.69368298018801,0.0132044399390655,0.669901477740079,0.0128060428214195,0.684945533524541,0.0127273228186054
