"beta","beta_sd","omega","omega_sd","rho","rho_sd","conv_code","tau1","tau1_sd","tau2","tau2_sd","tau3","tau3_sd","tau4","tau4_sd","tau5","tau5_sd","tau6","tau6_sd"
2.36611687646906,0.0280413213377893,0.989488122088027,0.0270438556800718,-0.277698522783907,0.0203642197762711,1,-0.00413700927362916,0.0329119225613652,0.681186485816917,0.0180996442188096,0.67329623013607,0.015811501831956,0.66805972825007,0.0156003215104197,0.70466144332765,0.0158180825456001,0.688148893656872,0.0169805985329523
