"beta","beta_sd","omega","omega_sd","rho","rho_sd","conv_code","tau1","tau1_sd","tau2","tau2_sd","tau3","tau3_sd","tau4","tau4_sd","tau5","tau5_sd","tau6","tau6_sd"
3.97494728635535,0.0376954708015985,0.983478226011052,0.0319496546875278,0.901087638809624,0.00289525567276455,1,0.0187735737051856,0.0517893839257125,0.68395329067209,0.0233996558766066,0.70010737633583,0.0175846204611025,0.682288996910631,0.0152316769295494,0.695697985030767,0.0142039639278784,0.683147140239778,0.0140944175083252
