"beta","beta_sd","omega","omega_sd","rho","rho_sd","conv_code","tau1","tau1_sd","tau2","tau2_sd","tau3","tau3_sd","tau4","tau4_sd","tau5","tau5_sd","tau6","tau6_sd"
2.29768032944354,0.0849795632760641,17.6642825815663,1.21599378598614,-0.908855277169138,0.00636527197989551,1,-0.0296047198845005,0.0683676204567849,0.72190834819531,0.0376902139458121,0.730540605976159,0.037901009806507,0.747459608336976,0.0380939519181493,0.712028643200181,0.0390589456334858,0.766031211654742,0.0393066211666089
