"beta","beta_sd","omega","omega_sd","rho","rho_sd","conv_code","tau1","tau1_sd","tau2","tau2_sd","tau3","tau3_sd","tau4","tau4_sd","tau5","tau5_sd","tau6","tau6_sd"
1.99945163515562,0.0119490645621111,0.0615916212423962,0.00152614909113949,-0.606621281059816,0.00602532402703109,1,0.00201393085128419,0.0250904138730164,0.686489914685531,0.0142963898140531,0.698237028856157,0.01026742005899,0.688794387106256,0.00956943853169978,0.695270798824229,0.00989811251064434,0.701868209622042,0.0105840466658203
