"beta","beta_sd","omega","omega_sd","rho","rho_sd","conv_code","tau1","tau1_sd","tau2","tau2_sd","tau3","tau3_sd","tau4","tau4_sd","tau5","tau5_sd","tau6","tau6_sd"
3.80406737133687,0.0355639050092141,0.0621623460459985,0.00563862588091731,0.0206755562180855,0.0269325580446447,1,0.00530617984228434,0.0489801642661164,0.68523631788005,0.0284252574148731,0.716716304091872,0.0207209275943204,0.688440460299841,0.0168976793145933,0.685042088229742,0.0158678985417893,0.682060406385508,0.0155768114040473
