"beta","beta_sd","omega","omega_sd","rho","rho_sd","conv_code","tau1","tau1_sd","tau2","tau2_sd","tau3","tau3_sd","tau4","tau4_sd","tau5","tau5_sd","tau6","tau6_sd"
0.102221422673716,0.0346733359712431,16.2741092192663,0.383760418174692,-0.342141035108836,0.014111228891396,1,-0.00948464053383758,0.0270056467309149,0.707536123845009,0.0127338973926502,0.685888861976896,0.0135498652897445,0.71105719380583,0.0141193587326518,0.712575858297953,0.0153150053791535,0.709780524633038,0.0168626590199678
