"beta","beta_sd","omega","omega_sd","rho","rho_sd","conv_code","tau1","tau1_sd","tau2","tau2_sd","tau3","tau3_sd","tau4","tau4_sd","tau5","tau5_sd","tau6","tau6_sd"
0.594583201433293,0.00931040357050047,1.01457427777866,0.0154263358396373,0.312901462968574,0.0149975606812129,1,-0.0116648040663486,0.0187090272100199,0.690189815062099,0.00685840163636344,0.693574141515189,0.00768862511124531,0.704281631136839,0.00924190022284904,0.689146185788671,0.0116190401916776,0.681021428663175,0.0141597960513688
