"beta","beta_sd","omega","omega_sd","rho","rho_sd","conv_code","tau1","tau1_sd","tau2","tau2_sd","tau3","tau3_sd","tau4","tau4_sd","tau5","tau5_sd","tau6","tau6_sd"
2.91806044413419,0.0401776757640794,15.9053649283828,0.37014057930381,0.574266307951036,0.0281612381539014,1,0.0407230379325308,0.0336808618728862,0.67627843044604,0.0150303525231206,0.698035735990204,0.0144090663656728,0.683049167828185,0.0147476908860006,0.691355834458201,0.0156880051096225,0.688248661457959,0.016567366466841
