"beta","beta_sd","omega","omega_sd","rho","rho_sd","conv_code","tau1","tau1_sd","tau2","tau2_sd","tau3","tau3_sd","tau4","tau4_sd","tau5","tau5_sd","tau6","tau6_sd"
2.95196655383841,0.0488795255061775,15.7039093673932,0.450986901211161,-0.898307548579914,0.00296703059352276,1,0.055295974641263,0.0468129373163728,0.668021905166863,0.0186947390817973,0.692973852825365,0.0182256664085089,0.695443718939034,0.0181283651143713,0.666240799986325,0.0187934023708518,0.692851623186428,0.019470199218666
