"beta","beta_sd","omega","omega_sd","rho","rho_sd","conv_code","tau1","tau1_sd","tau2","tau2_sd","tau3","tau3_sd","tau4","tau4_sd","tau5","tau5_sd","tau6","tau6_sd"
1.84268535892529,0.0341487875302283,15.5603881878051,0.333880022046372,0.601743894971721,0.0215493581810513,1,0.00235928085541356,0.0292141329039266,0.685358053897884,0.0125181001025855,0.695741663687933,0.0122385470470302,0.658700975684502,0.0130713599915274,0.693479873404117,0.0133864070282102,0.694495541555432,0.0146100097899723
