"beta","beta_sd","omega","omega_sd","rho","rho_sd","conv_code","tau1","tau1_sd","tau2","tau2_sd","tau3","tau3_sd","tau4","tau4_sd","tau5","tau5_sd","tau6","tau6_sd"
2.71571222354463,0.0218655143239962,1.01184304024528,0.0201820488903599,-0.89936396380869,0.00184924789101523,1,-0.00078743628988645,0.0299081527964582,0.694340428527897,0.0145912124809183,0.702373092807618,0.0121421766328274,0.697148309291152,0.0112698047054503,0.705087732399619,0.0110520395964966,0.69260276445664,0.0117025198753437
