"beta","beta_sd","omega","omega_sd","rho","rho_sd","conv_code","tau1","tau1_sd","tau2","tau2_sd","tau3","tau3_sd","tau4","tau4_sd","tau5","tau5_sd","tau6","tau6_sd"
2.4717573609365,0.0233963974166082,0.985826792299774,0.0217308879143495,-0.895887136278898,0.00221976313521036,1,-0.0277926986499125,0.0328744013962353,0.691003055204263,0.0161417898929097,0.68583458459321,0.013694220498356,0.683963105257738,0.012828982734361,0.680637981305766,0.012880593430688,0.679268308560323,0.0136009463197422
