"beta","beta_sd","omega","omega_sd","rho","rho_sd","conv_code","tau1","tau1_sd","tau2","tau2_sd","tau3","tau3_sd","tau4","tau4_sd","tau5","tau5_sd","tau6","tau6_sd"
0.887604981628962,0.0334218605078817,15.5339253639942,0.376432118882279,0.318784455890343,0.0329053324667294,1,0.00337724014976564,0.0305094611971725,0.678615890009033,0.0137399405676761,0.680754667696096,0.0146030783981719,0.684684523651575,0.0157218085588169,0.679865010181872,0.0166893698812106,0.688189946489861,0.0176898659380348
