"beta","beta_sd","omega","omega_sd","rho","rho_sd","conv_code","tau1","tau1_sd","tau2","tau2_sd","tau3","tau3_sd","tau4","tau4_sd","tau5","tau5_sd","tau6","tau6_sd"
3.20421283367822,0.0227532675580754,1.02147511487438,0.0221340721795636,0.582731949925735,0.0173858015136404,1,0.0118710107067131,0.0361616646961806,0.684579828242765,0.0181709152611916,0.67977323827429,0.0133843914647922,0.681952387861879,0.0118812678287594,0.696811674909812,0.0113754155651025,0.711123700101031,0.0116551516182086
