"beta","beta_sd","omega","omega_sd","rho","rho_sd","conv_code","tau1","tau1_sd","tau2","tau2_sd","tau3","tau3_sd","tau4","tau4_sd","tau5","tau5_sd","tau6","tau6_sd"
3.68375145701386,0.0520108492442441,0.069271167477813,0.00530396908347969,-0.90722919447339,0.00287668765819174,1,-0.101439366458762,0.049753770410269,0.767768617129902,0.0283760655536449,0.719483473848053,0.0230681044907104,0.721679280490314,0.020727475832652,0.704122593489236,0.0196779268302786,0.734617981090323,0.0196272612524933
