"beta","beta_sd","omega","omega_sd","rho","rho_sd","conv_code","tau1","tau1_sd","tau2","tau2_sd","tau3","tau3_sd","tau4","tau4_sd","tau5","tau5_sd","tau6","tau6_sd"
2.08749697679141,0.0109277096522277,0.0609735618459551,0.00199492842833702,0.292880086332306,0.0132753033302302,1,-0.034772450772868,0.0274794451042723,0.691033367133283,0.0144429010532746,0.693728455035021,0.00996105640490445,0.692124987825767,0.00892005803706629,0.695274845285003,0.00903412286545629,0.682878443573203,0.00982282348804808
