"beta","beta_sd","omega","omega_sd","rho","rho_sd","conv_code","tau1","tau1_sd","tau2","tau2_sd","tau3","tau3_sd","tau4","tau4_sd","tau5","tau5_sd","tau6","tau6_sd"
2.00111014227548,0.0214854053553841,1.02487549002097,0.0254312030584769,-0.000530891344383215,0.0259206183845942,1,-0.0133848085610332,0.0300520340124946,0.692357925784397,0.0149881041261726,0.700294128561738,0.0135240926478304,0.706578374886433,0.0139522927633982,0.677387521987212,0.0150719835154602,0.690849823050051,0.0163044311310767
