"beta","beta_sd","omega","omega_sd","rho","rho_sd","conv_code","tau1","tau1_sd","tau2","tau2_sd","tau3","tau3_sd","tau4","tau4_sd","tau5","tau5_sd","tau6","tau6_sd"
3.21983193940437,0.0211742354017786,0.980074828795721,0.0187714544672023,-0.012614989976167,0.0168198334774703,1,0.0199691628802608,0.0282330644090128,0.695255653157147,0.0156158287051443,0.690449607465173,0.0116679492809592,0.712994052068653,0.0103487187324229,0.692301862602803,0.0102427690674675,0.70477366338937,0.0105042677488956
