"beta","beta_sd","omega","omega_sd","rho","rho_sd","conv_code","tau1","tau1_sd","tau2","tau2_sd","tau3","tau3_sd","tau4","tau4_sd","tau5","tau5_sd","tau6","tau6_sd"
3.37735542956259,0.0441228692725699,16.4835082039127,0.397265088346097,0.902067175214894,0.00415589069743308,1,0.0208849069229815,0.0426955564515726,0.720669184299753,0.0148115915383211,0.698350836585779,0.0139393349340851,0.698988037991574,0.0139176416937669,0.679182635963638,0.0144397720954044,0.678694876086953,0.0149737908566688
