"beta","beta_sd","omega","omega_sd","rho","rho_sd","conv_code","tau1","tau1_sd","tau2","tau2_sd","tau3","tau3_sd","tau4","tau4_sd","tau5","tau5_sd","tau6","tau6_sd"
2.59776172496422,0.0194488917902788,1.00179385097841,0.0195313983229041,-0.02339178061565,0.0186520092094948,1,-0.00548453955593514,0.0276704656755273,0.685523700123913,0.0144835910837633,0.693073350970434,0.0115319499192513,0.684752869462877,0.0111642025023363,0.704529754820775,0.011263284377418,0.701442202736228,0.0118937807759524
