"beta","beta_sd","omega","omega_sd","rho","rho_sd","conv_code","tau1","tau1_sd","tau2","tau2_sd","tau3","tau3_sd","tau4","tau4_sd","tau5","tau5_sd","tau6","tau6_sd"
1.36774983582951,0.0338399928399057,16.1441753744001,0.351713154299083,-0.0306418459418069,0.0191671464910609,1,-0.0245702675714274,0.025793588893675,0.694782822874363,0.0121891401247601,0.699067283913402,0.0124208722562005,0.710613653013676,0.0131830314711956,0.695411283510513,0.0138804604142316,0.713702483066968,0.0150477574861593
