"beta","beta_sd","omega","omega_sd","rho","rho_sd","conv_code","tau1","tau1_sd","tau2","tau2_sd","tau3","tau3_sd","tau4","tau4_sd","tau5","tau5_sd","tau6","tau6_sd"
1.00648912555427,0.0054404064635053,0.0625674073000639,0.00143427269788822,0.299846972287064,0.0118528069848299,1,0.0198467162665368,0.0178242055127861,0.680099636605361,0.00812427425594507,0.704476463923444,0.00664220321113224,0.701896815656954,0.00756416556817182,0.705936716036796,0.00921995957532717,0.711704403417098,0.0126090747132598
