"beta","beta_sd","omega","omega_sd","rho","rho_sd","conv_code","tau1","tau1_sd","tau2","tau2_sd","tau3","tau3_sd","tau4","tau4_sd","tau5","tau5_sd","tau6","tau6_sd"
0.352590862719335,0.0340203296649668,15.4439675138076,0.418077415821761,-0.575266106567586,0.0116232863130161,1,-0.041599780501406,0.0333013748814486,0.700224200205926,0.015724430863875,0.690404701759764,0.0163495897517208,0.693271245489632,0.0174341375268537,0.668256902877076,0.0189259679935069,0.668264902740793,0.0206447997233225
