"beta","beta_sd","omega","omega_sd","rho","rho_sd","conv_code","tau1","tau1_sd","tau2","tau2_sd","tau3","tau3_sd","tau4","tau4_sd","tau5","tau5_sd","tau6","tau6_sd"
2.30170184413428,0.0142091959800681,1.00270069681105,0.0163341240389753,0.0169101803088895,0.0138853199675967,1,-0.00823604325993191,0.0223412758219453,0.701274071004366,0.0110338046225502,0.690396521608916,0.00912350545270003,0.708234317462764,0.00876826641254518,0.67728760803252,0.00919339943871232,0.699174203615276,0.00969943541679629
