"beta","beta_sd","omega","omega_sd","rho","rho_sd","conv_code","tau1","tau1_sd","tau2","tau2_sd","tau3","tau3_sd","tau4","tau4_sd","tau5","tau5_sd","tau6","tau6_sd"
1.69791484574571,0.0111384850059819,0.991218004007329,0.0157501609577151,0.598826816053973,0.0131713250106153,1,0.00188957375924532,0.0224623274531502,0.702446419523477,0.00895029860152098,0.690486903873818,0.00788908202190279,0.692161365977609,0.00809551151553629,0.695079683319419,0.00880191069001889,0.690640027067734,0.00987495082725261
