"beta","beta_sd","omega","omega_sd","rho","rho_sd","conv_code","tau1","tau1_sd","tau2","tau2_sd","tau3","tau3_sd","tau4","tau4_sd","tau5","tau5_sd","tau6","tau6_sd"
1.09348397090411,0.00593484558328634,0.0620552679270764,0.00109349843873618,-0.9009561039646,0.00126066985485227,1,0.00374774977512568,0.0157285313755785,0.678410606076114,0.00852277556906097,0.688470434161203,0.00738219431109339,0.692178542213123,0.00757443393976848,0.686232781712167,0.00848099493451455,0.680695265294189,0.0104082718686673
