"beta","beta_sd","omega","omega_sd","rho","rho_sd","conv_code","tau1","tau1_sd","tau2","tau2_sd","tau3","tau3_sd","tau4","tau4_sd","tau5","tau5_sd","tau6","tau6_sd"
1.90852590781016,0.0149174132847164,0.0617235997968944,0.00200725700280323,-0.310961658352667,0.0137923453514581,1,-0.0284220379748989,0.0300156932336341,0.702332621513862,0.0167285893451802,0.697365924684344,0.0122616398178992,0.700358056126937,0.0116385910722072,0.693222646615505,0.0122344689857479,0.694994061139613,0.0131657203415324
