"beta","beta_sd","omega","omega_sd","rho","rho_sd","conv_code","tau1","tau1_sd","tau2","tau2_sd","tau3","tau3_sd","tau4","tau4_sd","tau5","tau5_sd","tau6","tau6_sd"
2.09863072659453,0.0390827751730495,15.8840723437344,0.418702835255994,-0.598478202515099,0.010712826420816,1,-0.0314592496542394,0.0337222566409357,0.713347092536411,0.0160601248754634,0.668260077086479,0.0164076247574432,0.704353746650581,0.0167721074341139,0.692021674335383,0.017773478559506,0.687353479047467,0.0185905315343346
