"beta","beta_sd","omega","omega_sd","rho","rho_sd","conv_code","tau1","tau1_sd","tau2","tau2_sd","tau3","tau3_sd","tau4","tau4_sd","tau5","tau5_sd","tau6","tau6_sd"
3.38745736468252,0.0528845145106729,0.991234923796595,0.0353250132493405,-0.595445192625549,0.0144553112588079,1,0.0261762482774476,0.0449657295355739,0.698582488146773,0.0267216336879223,0.657110722980318,0.0222608622706712,0.699545097466349,0.0203834684481326,0.682163361135588,0.0202660325411046,0.695224442669987,0.020444680568125
