"beta","beta_sd","omega","omega_sd","rho","rho_sd","conv_code","tau1","tau1_sd","tau2","tau2_sd","tau3","tau3_sd","tau4","tau4_sd","tau5","tau5_sd","tau6","tau6_sd"
2.2094517964707,0.0147519794770577,1.02822263276302,0.0215596478138208,0.903104680100335,0.00243866125652597,1,-0.00949281589883756,0.0339056894144049,0.709403324113674,0.011584664092834,0.701272261068443,0.00951228898451374,0.708334259371161,0.00898598805249801,0.70422730542453,0.00905757717155719,0.701274284372064,0.00992002924328868
