"beta","beta_sd","omega","omega_sd","rho","rho_sd","conv_code","tau1","tau1_sd","tau2","tau2_sd","tau3","tau3_sd","tau4","tau4_sd","tau5","tau5_sd","tau6","tau6_sd"
1.29933921131729,0.00657653941367377,0.0626442556959035,0.00132890629955681,-0.00657266290740147,0.0112647888139201,1,-0.0140619670269153,0.0189448245835388,0.699513956406462,0.00967044795177536,0.68908030463741,0.00749493681287622,0.687742048141533,0.00779930390593561,0.694994609389807,0.00881501722845455,0.704312584247436,0.0101255950276352
