"beta","beta_sd","omega","omega_sd","rho","rho_sd","conv_code","tau1","tau1_sd","tau2","tau2_sd","tau3","tau3_sd","tau4","tau4_sd","tau5","tau5_sd","tau6","tau6_sd"
1.02984272773253,0.0369813208262508,15.3113775374725,0.482416708402989,0.900076000049928,0.00594540734273341,1,0.0549759887880004,0.0533715298847334,0.670929518834509,0.0205910371267224,0.657415672633413,0.0201605533521171,0.707204349087174,0.0202516027431121,0.693689760703342,0.0215727538919011,0.692778037103408,0.0235704382158021
