"beta","beta_sd","omega","omega_sd","rho","rho_sd","conv_code","tau1","tau1_sd","tau2","tau2_sd","tau3","tau3_sd","tau4","tau4_sd","tau5","tau5_sd","tau6","tau6_sd"
1.2518169287,0.0363642906770835,15.1616944947824,0.436099055917038,-0.895438102739254,0.00300841047072577,1,0.0300216935398631,0.0443811988297514,0.674108487329107,0.0175975154274226,0.680704069547045,0.0175390218626862,0.671750588820393,0.0182731116031064,0.65394315135241,0.0191837447584233,0.664032201004063,0.0201608713490257
