"beta","beta_sd","omega","omega_sd","rho","rho_sd","conv_code","tau1","tau1_sd","tau2","tau2_sd","tau3","tau3_sd","tau4","tau4_sd","tau5","tau5_sd","tau6","tau6_sd"
2.6014319609854,0.0153347125157052,0.996392018082041,0.0178122113269621,0.58462175895708,0.0139159706209661,1,0.0170770188774939,0.0267995196746178,0.689445938805841,0.0125206701686959,0.682659285327028,0.00969457565242983,0.701663097156421,0.00886863318155274,0.694538792193232,0.00900197013321257,0.705546811331282,0.00956210843447364
