"beta","beta_sd","omega","omega_sd","rho","rho_sd","conv_code","tau1","tau1_sd","tau2","tau2_sd","tau3","tau3_sd","tau4","tau4_sd","tau5","tau5_sd","tau6","tau6_sd"
2.69800234875776,0.0396608224085975,15.7396493934688,0.36883503284114,-0.602270005746871,0.0084862512442193,1,-0.0184045455453123,0.0305385637250522,0.702806815350515,0.0138215854153544,0.682464283044958,0.014001223235957,0.683429872336836,0.0142708171353781,0.684285290851874,0.0147414653114328,0.707077779365171,0.015434761312929
