"beta","beta_sd","omega","omega_sd","rho","rho_sd","conv_code","tau1","tau1_sd","tau2","tau2_sd","tau3","tau3_sd","tau4","tau4_sd","tau5","tau5_sd","tau6","tau6_sd"
0.696220849583048,0.00687237748240435,0.063508451969174,0.00165593273720596,-0.605843084981316,0.00765530992510365,1,-0.00329328743523236,0.017664293398283,0.699080216445639,0.0101163799296,0.683422726246492,0.0104341976515034,0.687097505784405,0.0126682276100833,0.715135494061631,0.0171724286503582,0.691852726805912,0.0291584485137335
