"beta","beta_sd","omega","omega_sd","rho","rho_sd","conv_code","tau1","tau1_sd","tau2","tau2_sd","tau3","tau3_sd","tau4","tau4_sd","tau5","tau5_sd","tau6","tau6_sd"
3.29121361759818,0.0610518148513721,16.1109754538779,0.566817545733445,-0.0265379227711264,0.0409270704256793,1,0.0253110934760304,0.0404667273770533,0.709985011901584,0.0209591445617823,0.681283762646123,0.0214505642625404,0.68117918592539,0.0228953323121613,0.722818023130355,0.0228332513768078,0.702609215257334,0.0246680110655774
