"beta","beta_sd","omega","omega_sd","rho","rho_sd","conv_code","tau1","tau1_sd","tau2","tau2_sd","tau3","tau3_sd","tau4","tau4_sd","tau5","tau5_sd","tau6","tau6_sd"
0.894999288174824,0.00495551933584017,0.063057099996263,0.00105304480935387,-0.602785537122138,0.00427321389632838,1,-0.0111168952807802,0.0138089444494902,0.689661363572589,0.00701460825851048,0.692051021229417,0.00625295272013054,0.699264646610474,0.00712323355194431,0.678223031676567,0.0089888299886793,0.699878969611178,0.0130872399125072
