"beta","beta_sd","omega","omega_sd","rho","rho_sd","conv_code","tau1","tau1_sd","tau2","tau2_sd","tau3","tau3_sd","tau4","tau4_sd","tau5","tau5_sd","tau6","tau6_sd"
1.20721215629679,0.0379625565289561,16.1064958901715,0.50335285304377,0.898604783516897,0.00575731677533762,1,0.0161904327957465,0.0525143711054875,0.695911821068172,0.0201885405906369,0.698664819371511,0.0198617129464454,0.701974239738454,0.0203851465373632,0.680904470705506,0.0215598021016662,0.67821687798996,0.0234859841705019
