"beta","beta_sd","omega","omega_sd","rho","rho_sd","conv_code","tau1","tau1_sd","tau2","tau2_sd","tau3","tau3_sd","tau4","tau4_sd","tau5","tau5_sd","tau6","tau6_sd"
2.3233138472688,0.0161926012672375,0.0645905036966496,0.00351824260264246,0.596669033070061,0.0104948203707724,1,0.0345302258300704,0.0373115558634608,0.704736254725765,0.0192374961159082,0.68064932583131,0.0134981626583883,0.718952962063761,0.0116141337712434,0.670863671369899,0.012086248953489,0.709286963043535,0.0124131013537944
