"beta","beta_sd","omega","omega_sd","rho","rho_sd","conv_code","tau1","tau1_sd","tau2","tau2_sd","tau3","tau3_sd","tau4","tau4_sd","tau5","tau5_sd","tau6","tau6_sd"
0.00716107976009198,0.00469458274282067,0.064704882952213,0.00190540642245128,-0.325284377403632,0.0141463809938493,1,0.0189435087213804,0.017322373510108,0.707998383893514,0.00930486585548075,0.717764019982633,0.0157469382064559,0.701729429116312,0.0441478495206604,0.595328350443208,0.150016012646685,1.66021931512315,670.766862754953
