"beta","beta_sd","omega","omega_sd","rho","rho_sd","conv_code","tau1","tau1_sd","tau2","tau2_sd","tau3","tau3_sd","tau4","tau4_sd","tau5","tau5_sd","tau6","tau6_sd"
0.997838398188485,0.0066066642366999,0.0599175302063439,0.00198354326379269,0.606969452608638,0.00935975840886935,1,-0.0294898135330361,0.0231429052682029,0.709108206391269,0.0101611479999025,0.686427209944242,0.00853245474791986,0.690569357151031,0.00933728297165434,0.683702386978974,0.0113250362923748,0.692220381373975,0.0158535874367843
