"beta","beta_sd","omega","omega_sd","rho","rho_sd","conv_code","tau1","tau1_sd","tau2","tau2_sd","tau3","tau3_sd","tau4","tau4_sd","tau5","tau5_sd","tau6","tau6_sd"
0.823927659959697,0.0343071323779235,16.4353669063458,0.394423468047578,-0.59925500198951,0.00852795611193419,1,0.0505659924088645,0.0291320048795373,0.691754959561193,0.0132231804194826,0.685252861452833,0.013750559972488,0.696504641896431,0.0148994098163708,0.702871941820172,0.0159317705424896,0.691451764765798,0.0171076734373489
