"beta","beta_sd","omega","omega_sd","rho","rho_sd","conv_code","tau1","tau1_sd","tau2","tau2_sd","tau3","tau3_sd","tau4","tau4_sd","tau5","tau5_sd","tau6","tau6_sd"
3.73246406382478,0.0494327559364568,0.582651452698997,0.0208326599446134,-0.353622892263468,0.0219683504122178,1,-0.0659778613836294,0.0504508173735674,0.739304414696157,0.028450643178178,0.693311818426351,0.0219232856661187,0.716229164883854,0.0194509224427775,0.672691914261937,0.0191583053294464,0.707828470511168,0.0190137450350135
