"beta","beta_sd","omega","omega_sd","rho","rho_sd","conv_code","tau1","tau1_sd","tau2","tau2_sd","tau3","tau3_sd","tau4","tau4_sd","tau5","tau5_sd","tau6","tau6_sd"
3.51863377662849,0.0202625068582973,0.0610647444339704,0.0030265481246064,0.00441096016021708,0.014117656857769,1,0.0456238035755945,0.0327925720673131,0.666402274686881,0.0192220594312303,0.718353621828923,0.013129390220486,0.69076125477022,0.0109995704113065,0.69431974374835,0.0102221710807713,0.694153537031104,0.0102238716279006
