"beta","beta_sd","omega","omega_sd","rho","rho_sd","conv_code","tau1","tau1_sd","tau2","tau2_sd","tau3","tau3_sd","tau4","tau4_sd","tau5","tau5_sd","tau6","tau6_sd"
3.63461506805922,0.0321878515100838,0.255795827812773,0.00767953033419449,-0.599368150814536,0.00945362400929133,1,0.058856614937704,0.0411094144546709,0.669614530217956,0.0240763387514576,0.7042668867425,0.0171812382959452,0.700929287751585,0.0147235083814935,0.70324289327993,0.013774638570602,0.711342587399995,0.0138228486843722
