"beta","beta_sd","omega","omega_sd","rho","rho_sd","conv_code","tau1","tau1_sd","tau2","tau2_sd","tau3","tau3_sd","tau4","tau4_sd","tau5","tau5_sd","tau6","tau6_sd"
3.58109063946531,0.0403286259505852,0.070062073575403,0.0128250639126603,0.896177947361858,0.00293467948944162,1,-0.0107815470915064,0.0556582377199381,0.672343106802868,0.0279520840236015,0.686005476434675,0.0214346900009343,0.692055579128596,0.0184205937271464,0.698856494133823,0.0172987962067035,0.691388286995697,0.0170296319475745
