"beta","beta_sd","omega","omega_sd","rho","rho_sd","conv_code","tau1","tau1_sd","tau2","tau2_sd","tau3","tau3_sd","tau4","tau4_sd","tau5","tau5_sd","tau6","tau6_sd"
2.3947448053646,0.0166652439229058,1.00461313707994,0.0189951510758487,0.313461188532087,0.0219309457371605,1,-0.00173261929327193,0.0265223855508137,0.701211246496292,0.0128858940556199,0.671034513307776,0.0107053017784473,0.685600618745892,0.0103390250349323,0.694568392115841,0.010648951009756,0.691678893103923,0.0115348698062559
