"beta","beta_sd","omega","omega_sd","rho","rho_sd","conv_code","tau1","tau1_sd","tau2","tau2_sd","tau3","tau3_sd","tau4","tau4_sd","tau5","tau5_sd","tau6","tau6_sd"
0.704469709803681,0.00481170697760207,0.0625444378012696,0.00108877106193369,-0.9010200975488,0.00124982837716011,1,0.02426426891301,0.0146809789792866,0.682935340906474,0.00732822665295053,0.697912245270833,0.00694949237755279,0.708870034479958,0.00791053163563978,0.689646411476088,0.0104755956942954,0.692225573426906,0.015821155392158
