"beta","beta_sd","omega","omega_sd","rho","rho_sd","conv_code","tau1","tau1_sd","tau2","tau2_sd","tau3","tau3_sd","tau4","tau4_sd","tau5","tau5_sd","tau6","tau6_sd"
3.45222910112206,0.0561505070891469,0.983274623546555,0.0367428928691529,-0.609986346059611,0.0146950325757227,1,0.0597713031713272,0.0484867798717069,0.663005647139158,0.0289572813414725,0.669934668177633,0.023012797133302,0.68919179384664,0.0212900512224859,0.702395479110531,0.0208823177097666,0.673837408686825,0.0214133537494232
