"beta","beta_sd","omega","omega_sd","rho","rho_sd","conv_code","tau1","tau1_sd","tau2","tau2_sd","tau3","tau3_sd","tau4","tau4_sd","tau5","tau5_sd","tau6","tau6_sd"
3.71843041087744,0.0435870447459339,0.571930159144196,0.0244409625607244,0.90124367541925,0.00326091319920472,1,-0.0508887349417003,0.0594762014963506,0.703625008890044,0.0277596404333905,0.755318719680597,0.0202180998183047,0.676587151310312,0.017982839827973,0.678939190792862,0.0174242462824598,0.695105643681001,0.0174680855750038
