"beta","beta_sd","omega","omega_sd","rho","rho_sd","conv_code","tau1","tau1_sd","tau2","tau2_sd","tau3","tau3_sd","tau4","tau4_sd","tau5","tau5_sd","tau6","tau6_sd"
1.80199770262033,0.0112803712177798,0.0621058605278554,0.00147100485863272,-0.900282944804136,0.00157978780611559,1,-0.0170387358050219,0.0222600321673819,0.700803588522792,0.0127345940110384,0.703467534004133,0.010511999818768,0.681568206021966,0.0099427826028066,0.681932536172088,0.0102040675478605,0.712905762524752,0.0107275953854642
