"beta","beta_sd","omega","omega_sd","rho","rho_sd","conv_code","tau1","tau1_sd","tau2","tau2_sd","tau3","tau3_sd","tau4","tau4_sd","tau5","tau5_sd","tau6","tau6_sd"
1.20241223463903,0.0176129360886899,0.997735731117425,0.0276563861773666,-0.595341726064449,0.011100177549148,1,0.00982008576005777,0.0279426312188972,0.700690003822492,0.0148365551364872,0.69279699874214,0.0151516807802041,0.681491867842334,0.0163594253449206,0.676445355485578,0.0179956340423833,0.720495971743806,0.0197064431907063
