"beta","beta_sd","omega","omega_sd","rho","rho_sd","conv_code","tau1","tau1_sd","tau2","tau2_sd","tau3","tau3_sd","tau4","tau4_sd","tau5","tau5_sd","tau6","tau6_sd"
2.42560788104737,0.0143327530906512,1.0179153190325,0.0175227793790742,0.592762370654568,0.0138053648093987,1,0.0344997472554902,0.026155220896396,0.694114013397618,0.0118905322630382,0.683035107484584,0.00911189882046526,0.689882398104775,0.0086282317505992,0.705740909430865,0.00889458380989868,0.693626733069515,0.00960885991225043
