"beta","beta_sd","omega","omega_sd","rho","rho_sd","conv_code","tau1","tau1_sd","tau2","tau2_sd","tau3","tau3_sd","tau4","tau4_sd","tau5","tau5_sd","tau6","tau6_sd"
0.760006626320687,0.0347788211485571,15.2713454164642,0.492806489406123,0.255959030358803,0.0517750492056233,1,-0.015256153278227,0.0373473763265945,0.68034613609002,0.0181607656645728,0.680923167482099,0.020189038426293,0.694287746413709,0.0211311318037778,0.676365021259138,0.0229715755448071,0.694243370250286,0.0243134192962984
