"beta","beta_sd","omega","omega_sd","rho","rho_sd","conv_code","tau1","tau1_sd","tau2","tau2_sd","tau3","tau3_sd","tau4","tau4_sd","tau5","tau5_sd","tau6","tau6_sd"
1.80240777921486,0.01180125312393,1.0150476872167,0.0154170124596917,0.00508965634791071,0.0127960184880672,1,0.019782349357835,0.0201954561730922,0.683461889034148,0.0091797246150485,0.683318154972694,0.00808764400581216,0.69953068191765,0.00836791875079002,0.691824684042372,0.00900299267552304,0.696357808950527,0.0100750130745121
