"beta","beta_sd","omega","omega_sd","rho","rho_sd","conv_code","tau1","tau1_sd","tau2","tau2_sd","tau3","tau3_sd","tau4","tau4_sd","tau5","tau5_sd","tau6","tau6_sd"
3.33700110125957,0.0717185479609314,0.965947170010916,0.0452443763923298,-0.898557472855031,0.00449888281299102,1,-0.076465606457041,0.0517184894394728,0.721903288459017,0.0302391723036178,0.670473372036895,0.0270382150933957,0.667025623829539,0.0259752006796912,0.671512562440072,0.0258705985654646,0.702852893915381,0.025713998315318
