"beta","beta_sd","omega","omega_sd","rho","rho_sd","conv_code","tau1","tau1_sd","tau2","tau2_sd","tau3","tau3_sd","tau4","tau4_sd","tau5","tau5_sd","tau6","tau6_sd"
3.69117342775781,0.0338158234503144,0.0570483486398137,0.00527784829295999,-0.00857486438900358,0.0259370319774896,1,-0.0559787479584896,0.047824849153518,0.741989257961902,0.026722528379524,0.675393279914306,0.0206278094545567,0.681923397392882,0.016736420809707,0.687858259687732,0.0154214554639397,0.691083319832389,0.0152859675473567
