"beta","beta_sd","omega","omega_sd","rho","rho_sd","conv_code","tau1","tau1_sd","tau2","tau2_sd","tau3","tau3_sd","tau4","tau4_sd","tau5","tau5_sd","tau6","tau6_sd"
1.20912646057184,0.0126149747752449,0.0626164837971042,0.00186975453779527,-0.902683593909286,0.00218006952484401,1,0.0438837233671291,0.0221011120612889,0.683312661241799,0.0143587376743273,0.699014779378255,0.0129903130663697,0.699131703138298,0.0133695885545423,0.679594065692931,0.0146700317461698,0.732719962408759,0.016405252547949
