"beta","beta_sd","omega","omega_sd","rho","rho_sd","conv_code","tau1","tau1_sd","tau2","tau2_sd","tau3","tau3_sd","tau4","tau4_sd","tau5","tau5_sd","tau6","tau6_sd"
2.75649194183561,0.0439089867214374,15.7283777326292,0.419479371314666,-0.607927831715798,0.0106056130884171,1,-0.0268794361119609,0.0354242127539125,0.711525692358182,0.0163760806646197,0.685511232340671,0.0164815704473847,0.690601610959096,0.0169297814334075,0.656723417122266,0.0180541394675876,0.687779777865285,0.0189288846027765
