"beta","beta_sd","omega","omega_sd","rho","rho_sd","conv_code","tau1","tau1_sd","tau2","tau2_sd","tau3","tau3_sd","tau4","tau4_sd","tau5","tau5_sd","tau6","tau6_sd"
0.298410098863619,0.0104830450211619,1.03822478699182,0.0193835336348732,-0.610438655025768,0.00694186639134949,1,-0.0373906438552791,0.0234763200171313,0.727485893137675,0.00937439533550549,0.699797563847729,0.0106867150061907,0.693024558065146,0.0131171862848218,0.71162445004167,0.0159841167410832,0.717055753543928,0.0198250034700019
