"beta","beta_sd","omega","omega_sd","rho","rho_sd","conv_code","tau1","tau1_sd","tau2","tau2_sd","tau3","tau3_sd","tau4","tau4_sd","tau5","tau5_sd","tau6","tau6_sd"
3.41739355476324,0.0223214263142464,0.567904925535045,0.0120711169895459,0.00362667080821869,0.0174616427431246,1,-0.0362558468600162,0.0323788515177417,0.727351052456762,0.017615976745003,0.680462793451352,0.0128387343033765,0.712559005314895,0.0109496079985721,0.693248882997534,0.010686846678451,0.698263697610331,0.0108724051422375
