"beta","beta_sd","omega","omega_sd","rho","rho_sd","conv_code","tau1","tau1_sd","tau2","tau2_sd","tau3","tau3_sd","tau4","tau4_sd","tau5","tau5_sd","tau6","tau6_sd"
1.17433321881253,0.0351375832071388,15.6237781373865,0.419699216807481,-0.592413204888064,0.0110863011414854,1,-0.021209539009708,0.0337098305616695,0.696783184985376,0.0158668384406308,0.684912790215883,0.0162935173291167,0.683077620242895,0.0175535980430258,0.677316055031117,0.018450947227042,0.697954355177965,0.0195849356927885
