"beta","beta_sd","omega","omega_sd","rho","rho_sd","conv_code","tau1","tau1_sd","tau2","tau2_sd","tau3","tau3_sd","tau4","tau4_sd","tau5","tau5_sd","tau6","tau6_sd"
1.18871968373643,0.0357250406470253,15.7233427879679,0.442622790542856,0.581802894219555,0.0376377274246899,1,0.0323797797232834,0.041100733395451,0.68740679192404,0.0171862164217743,0.689222208647375,0.0180961641062888,0.670870468475811,0.019490170562617,0.707323330459439,0.0203899324529647,0.697894206538035,0.0224419939603722
