"beta","beta_sd","omega","omega_sd","rho","rho_sd","conv_code","tau1","tau1_sd","tau2","tau2_sd","tau3","tau3_sd","tau4","tau4_sd","tau5","tau5_sd","tau6","tau6_sd"
3.80861649048219,0.0753185154998919,15.2320321584748,0.597921138464705,-0.28938848440626,0.0318959888417131,1,0.0212898881292116,0.043257530939645,0.662182295694567,0.0243774505554399,0.688684462574038,0.0237669878009466,0.66907851803962,0.024774240575629,0.655415033075359,0.0248926808750915,0.690269631205705,0.0260426598429443
