"beta","beta_sd","omega","omega_sd","rho","rho_sd","conv_code","tau1","tau1_sd","tau2","tau2_sd","tau3","tau3_sd","tau4","tau4_sd","tau5","tau5_sd","tau6","tau6_sd"
1.00459785547658,0.022275869521217,1.03684361798145,0.0419797998415928,-0.900153784794128,0.00390694013183128,1,0.00987014204532508,0.0356229659742156,0.702052209333875,0.0212801247590174,0.707799479483503,0.0213499464246428,0.693147003248018,0.0223531542642197,0.714572423231111,0.0237465739950817,0.698978802418082,0.0256631231644955
