"beta","beta_sd","omega","omega_sd","rho","rho_sd","conv_code","tau1","tau1_sd","tau2","tau2_sd","tau3","tau3_sd","tau4","tau4_sd","tau5","tau5_sd","tau6","tau6_sd"
2.46536664428863,0.0301663084196497,0.982141866142884,0.027893138574483,-0.304033907370344,0.0201641182347383,1,-0.00177172294717311,0.0339415326657656,0.681102259513404,0.0188239763186596,0.679310823190304,0.0163336055576717,0.66907427348007,0.0161376451483381,0.678520410371874,0.0165669362157722,0.689631604156369,0.0172546881508548
