"beta","beta_sd","omega","omega_sd","rho","rho_sd","conv_code","tau1","tau1_sd","tau2","tau2_sd","tau3","tau3_sd","tau4","tau4_sd","tau5","tau5_sd","tau6","tau6_sd"
2.40310688740123,0.0227595607868072,0.0626472784640099,0.00248010872672178,-0.605642365590227,0.00912174844825985,1,-0.0161460168417207,0.0366599321817548,0.683289662297103,0.020942554642355,0.707834363698359,0.0151331329071715,0.683244820241942,0.0140905539024805,0.727603945890063,0.0138957875690523,0.684261563476397,0.0147548878727446
