"beta","beta_sd","omega","omega_sd","rho","rho_sd","conv_code","tau1","tau1_sd","tau2","tau2_sd","tau3","tau3_sd","tau4","tau4_sd","tau5","tau5_sd","tau6","tau6_sd"
3.00519714537018,0.0236958327482232,0.0650604644708178,0.00263469141799206,-0.901193748648889,0.00195099064378751,1,-0.0406115242495511,0.0331192742175222,0.698978033852018,0.0191922320410093,0.711439406591329,0.014854019976079,0.696153455174033,0.0130915525731233,0.700206459157506,0.0125614811560957,0.6803750296128,0.0127644995737516
