"beta","beta_sd","omega","omega_sd","rho","rho_sd","conv_code","tau1","tau1_sd","tau2","tau2_sd","tau3","tau3_sd","tau4","tau4_sd","tau5","tau5_sd","tau6","tau6_sd"
0.816072887235247,0.0338509904716663,15.6985324673733,0.398753083642519,-0.0198078168407527,0.0260619559201601,1,-0.0167638771177555,0.0306178317519286,0.725697412719049,0.0143607537027353,0.685425629891249,0.0153723374349902,0.701667065102147,0.0164238803613735,0.674002690476792,0.0177639353455952,0.722519443071956,0.0182722511470144
