"beta","beta_sd","omega","omega_sd","rho","rho_sd","conv_code","tau1","tau1_sd","tau2","tau2_sd","tau3","tau3_sd","tau4","tau4_sd","tau5","tau5_sd","tau6","tau6_sd"
0.598645140214883,0.00428367898056572,0.0619372663117493,0.00103976845097449,-0.593708479871865,0.00439512608716951,1,-0.00504003301683408,0.0129051325075365,0.694193877328883,0.00597240745971088,0.696426703581308,0.00616454360788493,0.688850315074484,0.00811782959992016,0.700427117061133,0.0128910565691286,0.707410056898598,0.0259537230163253
