"beta","beta_sd","omega","omega_sd","rho","rho_sd","conv_code","tau1","tau1_sd","tau2","tau2_sd","tau3","tau3_sd","tau4","tau4_sd","tau5","tau5_sd","tau6","tau6_sd"
1.96022624033594,0.0786388768092224,19.0904211033499,1.36016980461001,-0.916696466877737,0.00595964007660312,1,0.118143772151038,0.0677705591756614,0.757205780094962,0.0386499649942559,0.797504035835444,0.0387378670227687,0.784976438937324,0.0393496896491426,0.803151583203145,0.0400613143276501,0.779338024526783,0.0412466049980106
