"beta","beta_sd","omega","omega_sd","rho","rho_sd","conv_code","tau1","tau1_sd","tau2","tau2_sd","tau3","tau3_sd","tau4","tau4_sd","tau5","tau5_sd","tau6","tau6_sd"
3.04869105224546,0.0422306170975856,15.982289574063,0.377705034225436,-0.593006807240693,0.00894942847850319,1,-0.0219956633654822,0.030715882163272,0.679807436726146,0.0143083303283924,0.678391532819076,0.014181765827585,0.68992671139027,0.0143701966874139,0.680741789729826,0.0150166720848101,0.665584421751336,0.0157476427028562
