"beta","beta_sd","omega","omega_sd","rho","rho_sd","conv_code","tau1","tau1_sd","tau2","tau2_sd","tau3","tau3_sd","tau4","tau4_sd","tau5","tau5_sd","tau6","tau6_sd"
3.13527133459773,0.033828040759154,0.557936995772927,0.0171960076620841,-0.00479424907612154,0.0289168019680279,1,0.00156378462509565,0.0429048559273468,0.723786084093893,0.0230849023189507,0.707172406388555,0.0172612088934246,0.69744786142947,0.0161606031458781,0.6996464412839,0.0157203807468319,0.688595263145148,0.0163722188233486
