"beta","beta_sd","omega","omega_sd","rho","rho_sd","conv_code","tau1","tau1_sd","tau2","tau2_sd","tau3","tau3_sd","tau4","tau4_sd","tau5","tau5_sd","tau6","tau6_sd"
3.29227372606382,0.0429336120716575,0.575041976346242,0.0193988248955178,-0.329692240581941,0.0214860244357595,1,-0.0235046851723584,0.0427638229793134,0.699314441144248,0.0257253120921346,0.69266893266203,0.0196694998330747,0.687643524726242,0.0182156776159473,0.681308385055352,0.0180817275772552,0.69827742225219,0.0184960237651441
