"beta","beta_sd","omega","omega_sd","rho","rho_sd","conv_code","tau1","tau1_sd","tau2","tau2_sd","tau3","tau3_sd","tau4","tau4_sd","tau5","tau5_sd","tau6","tau6_sd"
3.4015199941396,0.0559680128374162,16.2205417445809,0.491667162241292,-0.903987495170878,0.00294562349800468,1,0.00722380547815487,0.0484857418595128,0.691275614961128,0.0199341886928083,0.681445411387416,0.0188342657163503,0.695558416917312,0.0189390375873595,0.708487864146308,0.0192009709238321,0.704110320747058,0.0201487030139018
