"beta","beta_sd","omega","omega_sd","rho","rho_sd","conv_code","tau1","tau1_sd","tau2","tau2_sd","tau3","tau3_sd","tau4","tau4_sd","tau5","tau5_sd","tau6","tau6_sd"
2.80093684300153,0.022750676008159,0.95814619935562,0.0196187805049172,-0.897931332494683,0.00192680967982879,1,-0.0113181169936131,0.0311939747668191,0.690029904082834,0.0151906732160937,0.706946833982134,0.0122923304058072,0.68063545376451,0.0115687047091361,0.664502061298386,0.0115402569298792,0.704660771718879,0.0117737314378093
