"beta","beta_sd","omega","omega_sd","rho","rho_sd","conv_code","tau1","tau1_sd","tau2","tau2_sd","tau3","tau3_sd","tau4","tau4_sd","tau5","tau5_sd","tau6","tau6_sd"
1.64522073663008,0.0357148992402555,16.2457682763321,0.401186668414954,0.0382713746708751,0.027863336316323,1,0.0259541223887793,0.0304247781254095,0.708399941361973,0.0143745017377746,0.69427979363209,0.0151074892248086,0.666796335525928,0.0159699780603606,0.730494083385343,0.0165367246619889,0.677124494354897,0.0181514313406328
