"beta","beta_sd","omega","omega_sd","rho","rho_sd","conv_code","tau1","tau1_sd","tau2","tau2_sd","tau3","tau3_sd","tau4","tau4_sd","tau5","tau5_sd","tau6","tau6_sd"
3.53664553136211,0.0492478557715257,16.1262942900405,0.408948382238658,-0.902449691303244,0.00238226125434276,1,0.00929295782137375,0.0419214950045411,0.691946645410985,0.0162651707851477,0.676493856972941,0.0157104635495348,0.704681751072704,0.0155059242181512,0.708032408817985,0.0157285033520578,0.73210544431379,0.016408796643274
