"beta","beta_sd","omega","omega_sd","rho","rho_sd","conv_code","tau1","tau1_sd","tau2","tau2_sd","tau3","tau3_sd","tau4","tau4_sd","tau5","tau5_sd","tau6","tau6_sd"
1.9126623942298,0.0143439153922171,1.00363181612764,0.01760182379932,0.00676236437163801,0.0168800436578652,1,0.0218589136353729,0.0238939428333886,0.686261294783734,0.0112260124137291,0.691655105248852,0.0098322586066979,0.69837023790081,0.0100872366507495,0.68778392017315,0.0106853811016625,0.70111911052869,0.0118251338260996
