"beta","beta_sd","omega","omega_sd","rho","rho_sd","conv_code","tau1","tau1_sd","tau2","tau2_sd","tau3","tau3_sd","tau4","tau4_sd","tau5","tau5_sd","tau6","tau6_sd"
1.92891784948727,0.0355613125107326,15.8536446867393,0.367004212285132,0.604501858076473,0.0261121730679455,1,-0.0225105816773953,0.0328563200236471,0.700908282652927,0.0142462214885365,0.713153877865967,0.0138238890024025,0.71146343938802,0.0146496625704749,0.70272499757685,0.0155523563807813,0.699236967594473,0.0167187820124556
