"beta","beta_sd","omega","omega_sd","rho","rho_sd","conv_code","tau1","tau1_sd","tau2","tau2_sd","tau3","tau3_sd","tau4","tau4_sd","tau5","tau5_sd","tau6","tau6_sd"
1.31013649645414,0.0135178601754046,0.0637886983855179,0.00191147372876275,-0.899910425970843,0.00223590699772205,1,0.0190270017340228,0.0223041642022641,0.694732060953497,0.0146353069466973,0.69809191091779,0.0130372252913078,0.677542860504288,0.013508644083719,0.71076800148744,0.0144161904857513,0.701142790163839,0.0160635424296033
