"beta","beta_sd","omega","omega_sd","rho","rho_sd","conv_code","tau1","tau1_sd","tau2","tau2_sd","tau3","tau3_sd","tau4","tau4_sd","tau5","tau5_sd","tau6","tau6_sd"
3.7087442083752,0.0307392290948495,1.00645264776522,0.0224222077690274,-0.606015353067853,0.00804515181003804,1,-0.0343401807336182,0.0345268419049025,0.724331674975747,0.0189495227363709,0.707577673003844,0.0144643835583013,0.686013831855015,0.0129152446420064,0.696166522139958,0.0123648983325167,0.706559684122011,0.0123669344196985
