"beta","beta_sd","omega","omega_sd","rho","rho_sd","conv_code","tau1","tau1_sd","tau2","tau2_sd","tau3","tau3_sd","tau4","tau4_sd","tau5","tau5_sd","tau6","tau6_sd"
2.25709450515194,0.0441983274831845,15.9073288626337,0.486943592748971,0.899495509374671,0.00585388687807185,1,0.0128986285497412,0.0532215224497508,0.632849305734294,0.0207558606596058,0.6827673576651,0.0191930922614188,0.71732079531199,0.0199542351111896,0.677188136675463,0.0210726547081183,0.673466519949392,0.0220635530562169
