"beta","beta_sd","omega","omega_sd","rho","rho_sd","conv_code","tau1","tau1_sd","tau2","tau2_sd","tau3","tau3_sd","tau4","tau4_sd","tau5","tau5_sd","tau6","tau6_sd"
3.87112592122455,0.0365361439603807,0.0597976719499179,0.00862940168413782,0.58828231698339,0.0139052425433835,1,-0.00912069501027345,0.053102338524724,0.685575362321744,0.0296860258039379,0.684620890286834,0.021631370557117,0.696476565792866,0.0175957247220825,0.679308713656283,0.0162331641336408,0.701490779295463,0.0158723054008226
