"beta","beta_sd","omega","omega_sd","rho","rho_sd","conv_code","tau1","tau1_sd","tau2","tau2_sd","tau3","tau3_sd","tau4","tau4_sd","tau5","tau5_sd","tau6","tau6_sd"
2.40285934849714,0.0122698868694423,0.0638240728388435,0.00163748025208202,-0.307387949470662,0.00906941521502255,1,-0.0144557831828839,0.0253056231691272,0.695393768716827,0.0140878130555701,0.705566869694684,0.00987040844364154,0.683920945020488,0.00878001232002762,0.695910049995599,0.00865602978483155,0.690990159474364,0.00900323005519256
