"beta","beta_sd","omega","omega_sd","rho","rho_sd","conv_code","tau1","tau1_sd","tau2","tau2_sd","tau3","tau3_sd","tau4","tau4_sd","tau5","tau5_sd","tau6","tau6_sd"
0.103486000887254,0.0344323100323262,15.8142179600538,0.360374935585182,0.57995790593528,0.0227053877094206,1,0.00131526616741712,0.0290651508988493,0.66682895785649,0.012131694386821,0.708092545854142,0.0124822353719001,0.65559466943312,0.0139628273736438,0.702720033047305,0.014471039809737,0.68161775166174,0.016172835815896
