"beta","beta_sd","omega","omega_sd","rho","rho_sd","conv_code","tau1","tau1_sd","tau2","tau2_sd","tau3","tau3_sd","tau4","tau4_sd","tau5","tau5_sd","tau6","tau6_sd"
2.715869713673,0.0229867512356287,0.999333772464465,0.020713487101926,-0.604116555370586,0.0079900994010017,1,0.00603015411107733,0.0314873842531764,0.685287739379243,0.0166182827106625,0.714102662664952,0.0129584763462713,0.695911332475857,0.0122885306059826,0.707217614549678,0.0122052927252535,0.682518925302466,0.0128266600247838
