"beta","beta_sd","omega","omega_sd","rho","rho_sd","conv_code","tau1","tau1_sd","tau2","tau2_sd","tau3","tau3_sd","tau4","tau4_sd","tau5","tau5_sd","tau6","tau6_sd"
0.886674529223389,0.0339477819658622,15.9539677788456,0.378811504665534,0.596151416024006,0.028401250530465,1,-0.00790050792408379,0.0323664099143075,0.692660848054783,0.0140103051499643,0.701043408658327,0.0141663054968627,0.680701164057271,0.0154458909608768,0.688816559345918,0.0163746768071367,0.693651710201331,0.0178108170680371
