"beta","beta_sd","omega","omega_sd","rho","rho_sd","conv_code","tau1","tau1_sd","tau2","tau2_sd","tau3","tau3_sd","tau4","tau4_sd","tau5","tau5_sd","tau6","tau6_sd"
1.39341017883025,0.00797850335674061,0.0625437314705999,0.00342187219509579,0.899364831155906,0.00169438554934764,1,-0.0422627754158805,0.0299675197772383,0.714090047555734,0.0104974442946051,0.682800254959013,0.0086500314271249,0.698373876352713,0.00806564420298198,0.687122278038063,0.00864511240549379,0.688960162296479,0.00983922269630301
