"beta","beta_sd","omega","omega_sd","rho","rho_sd","conv_code","tau1","tau1_sd","tau2","tau2_sd","tau3","tau3_sd","tau4","tau4_sd","tau5","tau5_sd","tau6","tau6_sd"
3.63359213657228,0.0430118006900874,15.7351676656553,0.350222951442439,-0.010196194975081,0.0210444560521558,1,0.01307612700042,0.0283614047747085,0.667496364734037,0.0137616476874887,0.691847806807014,0.0134127668542292,0.709172750607341,0.0133369125426714,0.695682367686077,0.0137893681708881,0.712866608678087,0.0145815481307509
