"beta","beta_sd","omega","omega_sd","rho","rho_sd","conv_code","tau1","tau1_sd","tau2","tau2_sd","tau3","tau3_sd","tau4","tau4_sd","tau5","tau5_sd","tau6","tau6_sd"
0.808899152803719,0.00476403861085199,0.0637958389680111,0.00106052193659327,-0.60065558577321,0.00429328817275729,1,0.00564028922411155,0.0135507883925143,0.700341478029914,0.00662143241563421,0.702048048994934,0.0061744729160867,0.703336858095473,0.00735331118942931,0.672938839876525,0.00999347830173691,0.710722628549266,0.0154614475084918
