"beta","beta_sd","omega","omega_sd","rho","rho_sd","conv_code","tau1","tau1_sd","tau2","tau2_sd","tau3","tau3_sd","tau4","tau4_sd","tau5","tau5_sd","tau6","tau6_sd"
2.11234076023691,0.0441269657466612,15.4553268419533,0.520750991468065,0.0541474317351678,0.0422208252706653,1,0.0570582339379954,0.037526042879647,0.648666689650199,0.0203613416968797,0.695888023452098,0.0203065674703934,0.64625598258732,0.0218985159540003,0.709565322446122,0.0226093892517557,0.711982026449009,0.024068919650125
