"beta","beta_sd","omega","omega_sd","rho","rho_sd","conv_code","tau1","tau1_sd","tau2","tau2_sd","tau3","tau3_sd","tau4","tau4_sd","tau5","tau5_sd","tau6","tau6_sd"
0.798283512973742,0.00439525274584737,0.0616053314770073,0.00108612990464036,-0.00357856506433992,0.00887913939426815,2,0.00234502422057615,0.0138043265105441,0.691670853016192,0.00611621824136604,0.694200538402444,0.00561144295740511,0.685372698212593,0.00693226751630325,0.695507595332907,0.00944686278485718,0.676709718712883,0.0160923847929987
