"beta","beta_sd","omega","omega_sd","rho","rho_sd","conv_code","tau1","tau1_sd","tau2","tau2_sd","tau3","tau3_sd","tau4","tau4_sd","tau5","tau5_sd","tau6","tau6_sd"
3.21666366992798,0.0187216056503033,0.258302347261693,0.00738204384513219,0.595735247876038,0.0108575946589593,1,-0.00556635294069405,0.0331044076347515,0.704262800620402,0.0172632282804113,0.702935287938424,0.0122809362603168,0.696634017338772,0.0104787903431865,0.699801932424086,0.00995116674721465,0.699229882603959,0.00994870263949059
