"beta","beta_sd","omega","omega_sd","rho","rho_sd","conv_code","tau1","tau1_sd","tau2","tau2_sd","tau3","tau3_sd","tau4","tau4_sd","tau5","tau5_sd","tau6","tau6_sd"
-0.0166572169765713,0.0357904535359553,15.9556327170157,0.394036335061219,0.896977790904749,0.0043449568548417,1,-0.0495531160656496,0.0411427602956152,0.692973242154429,0.0133337992205152,0.694034380066608,0.0135243487420861,0.689237547615654,0.0143752409400265,0.682626673307501,0.0153919366903855,0.689000627310619,0.0172408287821634
