"beta","beta_sd","omega","omega_sd","rho","rho_sd","conv_code","tau1","tau1_sd","tau2","tau2_sd","tau3","tau3_sd","tau4","tau4_sd","tau5","tau5_sd","tau6","tau6_sd"
3.18114900097898,0.0314775379231511,0.547145057173594,0.0142329284136153,-0.89766824174851,0.00242885834752712,1,-0.032117024600756,0.0377514859956436,0.707221497008754,0.0204186653950984,0.710822150881043,0.0163495221384515,0.660950711403616,0.0148815220947095,0.691351541075858,0.0142797221641634,0.68018785520898,0.0144079215704959
