"beta","beta_sd","omega","omega_sd","rho","rho_sd","conv_code","tau1","tau1_sd","tau2","tau2_sd","tau3","tau3_sd","tau4","tau4_sd","tau5","tau5_sd","tau6","tau6_sd"
2.09842209373303,0.0138388504704926,0.996718755432353,0.0159429868191763,-0.303269266875601,0.0098129811461651,1,0.0022254332844286,0.0220864740887223,0.702147324796641,0.0106084339717165,0.697764655781038,0.00879876445387812,0.682968540862981,0.00887439781519096,0.697074816185194,0.00925225971091525,0.691775840265761,0.010195332635861
