"beta","beta_sd","omega","omega_sd","rho","rho_sd","conv_code","tau1","tau1_sd","tau2","tau2_sd","tau3","tau3_sd","tau4","tau4_sd","tau5","tau5_sd","tau6","tau6_sd"
0.10032933331346,0.00999891358729807,1.0121763827365,0.0176950109163665,0.603036679709686,0.0138940414442002,1,-0.000120260872747495,0.0217849791140064,0.694380899070557,0.00714392652856424,0.692861041775426,0.00847846230268273,0.69609861453293,0.0111573813006004,0.701865196409588,0.0143171391287274,0.672446204671393,0.0190264898383865
