"beta","beta_sd","omega","omega_sd","rho","rho_sd","conv_code","tau1","tau1_sd","tau2","tau2_sd","tau3","tau3_sd","tau4","tau4_sd","tau5","tau5_sd","tau6","tau6_sd"
2.2415926145459,0.0208538164932324,1.037109630774,0.021485521512423,-0.902274050615178,0.00196614250998641,1,0.00381349907383865,0.0316695017637827,0.696692361137889,0.0146610290661657,0.685072267326819,0.0128152993163508,0.740210534117426,0.011958113204633,0.702615895456626,0.0125177128036866,0.704169282587288,0.0133144662220019
