"beta","beta_sd","omega","omega_sd","rho","rho_sd","conv_code","tau1","tau1_sd","tau2","tau2_sd","tau3","tau3_sd","tau4","tau4_sd","tau5","tau5_sd","tau6","tau6_sd"
0.0962784741555879,0.00996196298281972,0.992331793857138,0.0173501130699142,-0.600439499556049,0.00592239946250406,1,0.00925871699085603,0.0206395864595155,0.701856555666152,0.00807469160890629,0.695032078016935,0.00949703391760807,0.688164440675597,0.0120016531345916,0.722769759578332,0.0152080037797313,0.656963850308713,0.020442583251042
