"beta","beta_sd","omega","omega_sd","rho","rho_sd","conv_code","tau1","tau1_sd","tau2","tau2_sd","tau3","tau3_sd","tau4","tau4_sd","tau5","tau5_sd","tau6","tau6_sd"
0.987929586727676,0.00874074251518286,0.0605458076570468,0.00161105574580659,-0.589209514239691,0.00789062495307307,1,0.00812965127854285,0.0196334640518796,0.67359072776187,0.01142521078186,0.680748736063345,0.0103438315534542,0.688090779469975,0.0116261057524019,0.686139313444208,0.0138246520716047,0.655389544930883,0.017701295317903
