"beta","beta_sd","omega","omega_sd","rho","rho_sd","conv_code","tau1","tau1_sd","tau2","tau2_sd","tau3","tau3_sd","tau4","tau4_sd","tau5","tau5_sd","tau6","tau6_sd"
3.57445055902822,0.0266832500938445,0.981418035302166,0.0269875777204578,0.898679482573702,0.00268598294433098,1,0.00640309902598504,0.0426700515153995,0.674361166464079,0.0177271273981,0.689640432998976,0.0135634093802544,0.682164594292879,0.0118401821319843,0.691645900989311,0.0111967847430465,0.684750143853789,0.0113743463292203
