"beta","beta_sd","omega","omega_sd","rho","rho_sd","conv_code","tau1","tau1_sd","tau2","tau2_sd","tau3","tau3_sd","tau4","tau4_sd","tau5","tau5_sd","tau6","tau6_sd"
0.361454624797991,0.0340973919798403,15.7935080980308,0.392683625717545,0.29205890734337,0.033661604354684,1,0.0252387638696284,0.031392983887399,0.704062730639877,0.0139718480141863,0.6944419525733,0.0147874725217844,0.713221985946872,0.0157994949375795,0.700034898032146,0.0174949346442775,0.674117828232773,0.0190965127762926
