"beta","beta_sd","omega","omega_sd","rho","rho_sd","conv_code","tau1","tau1_sd","tau2","tau2_sd","tau3","tau3_sd","tau4","tau4_sd","tau5","tau5_sd","tau6","tau6_sd"
3.11000543079997,0.0206342348927945,0.571262955137227,0.0161734820785107,0.903110122233537,0.00222379943755733,1,-0.0600499092877761,0.0395445313614241,0.709236224415193,0.0161328503570884,0.697871346012258,0.012404509926321,0.693593458309819,0.0106374424486809,0.710025561179247,0.00991257103306904,0.700127451035672,0.0102285071861736
