"beta","beta_sd","omega","omega_sd","rho","rho_sd","conv_code","tau1","tau1_sd","tau2","tau2_sd","tau3","tau3_sd","tau4","tau4_sd","tau5","tau5_sd","tau6","tau6_sd"
2.61443172211645,0.025313388636104,1.00607917117808,0.022561234913754,-0.901938218083966,0.0021346306469446,1,0.025127478494441,0.0339942141796171,0.692402700051454,0.0166974813536876,0.693071300744664,0.0141262578813314,0.698340079534514,0.0131395562738088,0.70843677981294,0.0130467813437359,0.694456221656687,0.0137177308345229
