"beta","beta_sd","omega","omega_sd","rho","rho_sd","conv_code","tau1","tau1_sd","tau2","tau2_sd","tau3","tau3_sd","tau4","tau4_sd","tau5","tau5_sd","tau6","tau6_sd"
3.56636079055071,0.02760864600827,0.266733563961128,0.00818526372208807,0.00100509510196747,0.0211598588980095,1,0.02545037200296,0.038005357180146,0.706901377060447,0.0216158591702932,0.70086208710428,0.0158916914586445,0.695968627070286,0.0135991114171035,0.705509927923704,0.0127111546238538,0.712677141880943,0.0127598050022866
