"beta","beta_sd","omega","omega_sd","rho","rho_sd","conv_code","tau1","tau1_sd","tau2","tau2_sd","tau3","tau3_sd","tau4","tau4_sd","tau5","tau5_sd","tau6","tau6_sd"
1.29718368484276,0.00573108827691092,0.0623902176952628,0.00164819962963861,0.612403137310365,0.00675934432419513,1,-0.0372795845959996,0.0200854909798458,0.703879660888383,0.00862110238538033,0.689488237751898,0.0065199447458012,0.701330716183442,0.00651572345172444,0.683132351166882,0.00734219114200938,0.702700206064878,0.00844611468777491
