"beta","beta_sd","omega","omega_sd","rho","rho_sd","conv_code","tau1","tau1_sd","tau2","tau2_sd","tau3","tau3_sd","tau4","tau4_sd","tau5","tau5_sd","tau6","tau6_sd"
3.811908322728,0.0258020333212284,0.960795083014705,0.0216219159432046,0.609279163686135,0.0144374506090458,1,-0.00369610752902337,0.0360720822771753,0.699606015137598,0.0191040791967184,0.697039500237444,0.0138020686814354,0.698200293856293,0.0118179446211815,0.701754891133882,0.0110905629809894,0.695738235637226,0.0111097187841549
