"beta","beta_sd","omega","omega_sd","rho","rho_sd","conv_code","tau1","tau1_sd","tau2","tau2_sd","tau3","tau3_sd","tau4","tau4_sd","tau5","tau5_sd","tau6","tau6_sd"
0.538133274053962,0.0338985643771114,15.7050337273044,0.406361436049554,-0.306583710767433,0.0182305376419298,1,-0.00342555849261662,0.0304323703474054,0.683315777805163,0.0148585839520156,0.698069586039533,0.0154765424579726,0.672646546070227,0.0169026788393109,0.687343490610955,0.0182349961638385,0.676657040043739,0.0194562231126214
