"beta","beta_sd","omega","omega_sd","rho","rho_sd","conv_code","tau1","tau1_sd","tau2","tau2_sd","tau3","tau3_sd","tau4","tau4_sd","tau5","tau5_sd","tau6","tau6_sd"
0.702944342391536,0.0111410830335623,1.00418232683516,0.0224715309276786,0.280654451085684,0.0288039068695908,1,0.0216960632192949,0.0255357404117241,0.690445219653611,0.0107172623668939,0.676232579365197,0.012101277022477,0.697803394744067,0.0144038261879564,0.68864232077915,0.0164395680415214,0.722121864164201,0.019871443216728
