"beta","beta_sd","omega","omega_sd","rho","rho_sd","conv_code","tau1","tau1_sd","tau2","tau2_sd","tau3","tau3_sd","tau4","tau4_sd","tau5","tau5_sd","tau6","tau6_sd"
3.4195717871688,0.0280785239772259,1.02132237064395,0.0228425846464269,-0.0105464657643669,0.0226051772108382,1,0.0237093683809253,0.0338646882465141,0.69676519386194,0.0189787084325949,0.674281558529016,0.0145877692014318,0.702654761912498,0.0129227387817988,0.707243415227924,0.0125898844490066,0.709571571397639,0.012986877900215
