"beta","beta_sd","omega","omega_sd","rho","rho_sd","conv_code","tau1","tau1_sd","tau2","tau2_sd","tau3","tau3_sd","tau4","tau4_sd","tau5","tau5_sd","tau6","tau6_sd"
3.33489379237416,0.0427456075609012,0.252587505095188,0.00968944774808237,-0.604312369660517,0.0124315202377073,1,0.0112977273180016,0.0470631085143452,0.664180889514087,0.0281149641628298,0.75136613410718,0.0202992468515406,0.685827932905,0.0185656480156735,0.711919663171312,0.0178581759710052,0.711951013455386,0.0182830725029084
