"beta","beta_sd","omega","omega_sd","rho","rho_sd","conv_code","tau1","tau1_sd","tau2","tau2_sd","tau3","tau3_sd","tau4","tau4_sd","tau5","tau5_sd","tau6","tau6_sd"
2.14895620330758,0.0362354895332849,15.4046262451392,0.3585142253333,0.896789510819452,0.00424277841395995,1,-0.0417260332424189,0.0397318666539694,0.68562388041337,0.0136639137247885,0.688523317262762,0.013078969486469,0.691285478660759,0.0134119513011445,0.677140235234612,0.014189459134434,0.676348211426081,0.0150470904329176
