"beta","beta_sd","omega","omega_sd","rho","rho_sd","conv_code","tau1","tau1_sd","tau2","tau2_sd","tau3","tau3_sd","tau4","tau4_sd","tau5","tau5_sd","tau6","tau6_sd"
2.29912141796063,0.021160604196903,0.984226093991609,0.023441783395036,0.305830415455041,0.0297400704525072,1,-0.052024015155181,0.032479930950988,0.708423934065359,0.0157810447810657,0.685089884465293,0.0131860987357771,0.689993272099894,0.0134054299953558,0.696589672706172,0.0136742920252599,0.690795618747361,0.014995291442855
