"beta","beta_sd","omega","omega_sd","rho","rho_sd","conv_code","tau1","tau1_sd","tau2","tau2_sd","tau3","tau3_sd","tau4","tau4_sd","tau5","tau5_sd","tau6","tau6_sd"
2.08786664769874,0.0155277795879358,0.982222575826834,0.0214853519751874,0.899498495793719,0.00268563727486094,1,-0.0490288568851149,0.0353919618982219,0.703789779884972,0.0129333125206925,0.687124640953449,0.010756297541271,0.687455093878626,0.0102170859799815,0.694146468113549,0.0103375150042937,0.693139138008726,0.0112720303571584
