"beta","beta_sd","omega","omega_sd","rho","rho_sd","conv_code","tau1","tau1_sd","tau2","tau2_sd","tau3","tau3_sd","tau4","tau4_sd","tau5","tau5_sd","tau6","tau6_sd"
3.104955840756,0.0481226998888663,15.934136187362,0.451986911729525,0.553258009699573,0.0396313651953231,1,-0.0594994133459469,0.0417366535801006,0.682833881833313,0.0186570422900618,0.696911704058813,0.0189415102933857,0.688089292368599,0.019374372676586,0.732697112442193,0.0192417519913543,0.668555083326814,0.0212865235485729
