"beta","beta_sd","omega","omega_sd","rho","rho_sd","conv_code","tau1","tau1_sd","tau2","tau2_sd","tau3","tau3_sd","tau4","tau4_sd","tau5","tau5_sd","tau6","tau6_sd"
2.80293905315582,0.0143550225495301,0.0619317675683463,0.00214804993407101,-0.00248023788483244,0.0120932650954403,1,-0.0447910448289885,0.0288036209435183,0.714559534273921,0.0158616174501686,0.692660863114005,0.0110857389398025,0.699254144360629,0.00938311213166509,0.693161788860993,0.00902026734530567,0.688547337985988,0.00914924044261777
