"beta","beta_sd","omega","omega_sd","rho","rho_sd","conv_code","tau1","tau1_sd","tau2","tau2_sd","tau3","tau3_sd","tau4","tau4_sd","tau5","tau5_sd","tau6","tau6_sd"
1.35039311073777,0.0337488571530544,15.3124239657027,0.356319087408539,-0.597561309196955,0.0084309105582284,1,-0.038214424503929,0.0290795347167546,0.6850843297613,0.0133235087031416,0.665837633730415,0.0138014955315691,0.690422189963834,0.0142647814314633,0.687082650252882,0.0149315337597962,0.679281110838434,0.0159891837792519
