"beta","beta_sd","omega","omega_sd","rho","rho_sd","conv_code","tau1","tau1_sd","tau2","tau2_sd","tau3","tau3_sd","tau4","tau4_sd","tau5","tau5_sd","tau6","tau6_sd"
1.22080608040444,0.0103612143429974,0.997018382130294,0.0149143309826074,-0.285232811053485,0.0092578653702986,1,0.0434637365229191,0.0190559395771761,0.698353574925989,0.00800344057325937,0.690831092422657,0.00790437688045803,0.701919401356648,0.00863204590241875,0.678106050183055,0.0098776518797601,0.678782142865442,0.0114737062245228
