"beta","beta_sd","omega","omega_sd","rho","rho_sd","conv_code","tau1","tau1_sd","tau2","tau2_sd","tau3","tau3_sd","tau4","tau4_sd","tau5","tau5_sd","tau6","tau6_sd"
2.56318630569794,0.0409622269553148,16.0312076384349,0.410119388323464,0.89551704267634,0.00485348974740443,1,-0.0392451781516207,0.0437791036107036,0.69704611552168,0.016243989372897,0.697589102290886,0.0156283303493694,0.67843678790697,0.0158375388212089,0.698347480176982,0.0163448018095726,0.685404600268662,0.0171197662286783
