"beta","beta_sd","omega","omega_sd","rho","rho_sd","conv_code","tau1","tau1_sd","tau2","tau2_sd","tau3","tau3_sd","tau4","tau4_sd","tau5","tau5_sd","tau6","tau6_sd"
0.196540171033649,0.0354604806057358,16.2164695466393,0.401803321678918,0.902455433428684,0.00408420876116404,1,0.035113455292045,0.041311579931776,0.672689189698938,0.013911432636683,0.72042287166348,0.013395878252094,0.69853718064265,0.0142159244610405,0.686262367553095,0.0151006519810296,0.717749950455582,0.0163002376635205
