"beta","beta_sd","omega","omega_sd","rho","rho_sd","conv_code","tau1","tau1_sd","tau2","tau2_sd","tau3","tau3_sd","tau4","tau4_sd","tau5","tau5_sd","tau6","tau6_sd"
0.990858084130116,0.0114113716696001,1.00966603519869,0.0166485763789239,-0.900859991619494,0.00150254465350538,1,-0.0511046967132385,0.0252743795632735,0.696756622075791,0.0093512682823476,0.708548984818513,0.0089951464527208,0.692832086650757,0.00974758562908766,0.698081732303777,0.0108682358221618,0.707785079190428,0.0126627121135482
