"beta","beta_sd","omega","omega_sd","rho","rho_sd","conv_code","tau1","tau1_sd","tau2","tau2_sd","tau3","tau3_sd","tau4","tau4_sd","tau5","tau5_sd","tau6","tau6_sd"
3.66378294274259,0.0302258566616391,0.2471692216024,0.00768428492781301,-0.276261104770598,0.016428113313629,1,0.00819152727548946,0.0405227169966559,0.696057471494159,0.0231714695840318,0.670216800308637,0.0168642422257034,0.684176257630017,0.0144376319799885,0.676157391792066,0.0132926744515378,0.688693025089235,0.0134210408448612
