"beta","beta_sd","omega","omega_sd","rho","rho_sd","conv_code","tau1","tau1_sd","tau2","tau2_sd","tau3","tau3_sd","tau4","tau4_sd","tau5","tau5_sd","tau6","tau6_sd"
3.39595521478112,0.0214795966634348,0.992515731283293,0.0195519149847834,0.278315946110398,0.0215708617939349,1,0.0198215902048952,0.0305284053092681,0.674477614002854,0.0167326362730923,0.696598038246717,0.0121612638373295,0.697236450629056,0.0106197287551147,0.692860896309206,0.0101560467213356,0.693039852826613,0.0105223365084498
