"beta","beta_sd","omega","omega_sd","rho","rho_sd","conv_code","tau1","tau1_sd","tau2","tau2_sd","tau3","tau3_sd","tau4","tau4_sd","tau5","tau5_sd","tau6","tau6_sd"
4.18965781831538,0.0981369986830107,17.7630254241381,0.828931468620392,-0.630207661433409,0.0182974154678841,1,-0.0904036272006029,0.0489499777712031,0.760925303121636,0.0278002941998537,0.757861949791809,0.0272821620491126,0.742935035162199,0.0281268630643496,0.75128493847595,0.0290672376032468,0.768418644678692,0.0289092188523721
