"beta","beta_sd","omega","omega_sd","rho","rho_sd","conv_code","tau1","tau1_sd","tau2","tau2_sd","tau3","tau3_sd","tau4","tau4_sd","tau5","tau5_sd","tau6","tau6_sd"
3.39419297194195,0.027387645791798,0.0675625477043388,0.00541313530023515,0.288966054260035,0.022249777216375,1,0.105571522246436,0.0444181609130499,0.64616926125421,0.0260279106332142,0.685192132576073,0.0185775328638661,0.68445833537474,0.015514671334418,0.69633100853646,0.0140758242834846,0.706708315417894,0.014156503362625
