"beta","beta_sd","omega","omega_sd","rho","rho_sd","conv_code","tau1","tau1_sd","tau2","tau2_sd","tau3","tau3_sd","tau4","tau4_sd","tau5","tau5_sd","tau6","tau6_sd"
0.479917545937635,0.0334607982001009,15.874199940982,0.357789515914938,-0.0264219969390744,0.019328567119609,1,0.0151213053775187,0.0255376331506966,0.681176920344595,0.0121137647987714,0.682470848971981,0.012731084934078,0.697295523684599,0.0136299315813938,0.700554166654381,0.0146498257136931,0.69931812763162,0.0162637558394694
