"beta","beta_sd","omega","omega_sd","rho","rho_sd","conv_code","tau1","tau1_sd","tau2","tau2_sd","tau3","tau3_sd","tau4","tau4_sd","tau5","tau5_sd","tau6","tau6_sd"
3.47500182698393,0.0293842392397229,0.0469245576658843,0.0055780422228044,0.327833424577903,0.0208285005945744,1,0.00261235284857978,0.0489057904629244,0.695958966274258,0.0272594170865628,0.668069138853048,0.0193661801108926,0.692037533625285,0.0157124067849431,0.701563493896303,0.0144381477214939,0.670245851360632,0.0147457986081713
