"beta","beta_sd","omega","omega_sd","rho","rho_sd","conv_code","tau1","tau1_sd","tau2","tau2_sd","tau3","tau3_sd","tau4","tau4_sd","tau5","tau5_sd","tau6","tau6_sd"
1.51737135382633,0.00684950323586023,0.0641895990590717,0.0011789444990246,-0.302514981903151,0.00749602285848399,1,0.0135571962071116,0.0179539256374784,0.697065997238843,0.0095719418790355,0.704559890369318,0.00705365750148406,0.706528798146367,0.00701598070248868,0.700261127358714,0.00779931125105252,0.710241205438359,0.00853581771656341
