"beta","beta_sd","omega","omega_sd","rho","rho_sd","conv_code","tau1","tau1_sd","tau2","tau2_sd","tau3","tau3_sd","tau4","tau4_sd","tau5","tau5_sd","tau6","tau6_sd"
2.0073077576917,0.0102841541009701,0.0643352113614963,0.0040421600840512,0.901225738282995,0.00157231671591869,1,0.00637313752046129,0.0311574283391166,0.711205542417273,0.0114949198590389,0.683972733835011,0.00906192793993059,0.695562213698479,0.00809710680741609,0.700258498231188,0.00804107134385865,0.67719631927932,0.00871853743923748
