"beta","beta_sd","omega","omega_sd","rho","rho_sd","conv_code","tau1","tau1_sd","tau2","tau2_sd","tau3","tau3_sd","tau4","tau4_sd","tau5","tau5_sd","tau6","tau6_sd"
3.55565649206076,0.0798674403836613,15.7547026310621,0.691573643069177,-0.584657610875912,0.0194222783929283,1,0.0280487869028714,0.0468085346670792,0.669122418503008,0.0263779397151398,0.676816774235393,0.0259713312470175,0.683359621818444,0.0269987953485645,0.696778907424822,0.0269460880237164,0.692640584819138,0.0282859885577897
