"beta","beta_sd","omega","omega_sd","rho","rho_sd","conv_code","tau1","tau1_sd","tau2","tau2_sd","tau3","tau3_sd","tau4","tau4_sd","tau5","tau5_sd","tau6","tau6_sd"
0.496644514980847,0.00534578059450156,0.0660485183956756,0.00299145331218777,0.901046227777105,0.00161705821961943,2,-0.0364422284997588,0.0261749375016838,0.708013658125156,0.00628011568201103,0.693665743439654,0.00635884772025617,0.685520268058602,0.00809203293852596,0.699066816074557,0.0122289715170983,0.690363778910815,0.0208150745873127
