"beta","beta_sd","omega","omega_sd","rho","rho_sd","conv_code","tau1","tau1_sd","tau2","tau2_sd","tau3","tau3_sd","tau4","tau4_sd","tau5","tau5_sd","tau6","tau6_sd"
2.11586729559178,0.0162861512787448,0.989276203978883,0.0176832178208027,-0.901297661601232,0.00162158092850705,1,0.00719998745407339,0.0274595511378644,0.704956013419109,0.0120546263737313,0.696660653473275,0.0104274672835158,0.701920120714928,0.0100528406162006,0.700891373785739,0.0103350548577217,0.695953487583254,0.0111724124520577
