"beta","beta_sd","omega","omega_sd","rho","rho_sd","conv_code","tau1","tau1_sd","tau2","tau2_sd","tau3","tau3_sd","tau4","tau4_sd","tau5","tau5_sd","tau6","tau6_sd"
3.8168488943403,0.0608309282747119,17.0496411316179,0.512651740176573,-0.902260922974558,0.002987434751914,1,0.0749664948474194,0.0502392168164444,0.69945535303325,0.0199222364384466,0.683179769587918,0.0193089310146277,0.704199992152379,0.0188199965675032,0.694775914669265,0.0193245645441262,0.711584971740565,0.0198919659233245
