"beta","beta_sd","omega","omega_sd","rho","rho_sd","conv_code","tau1","tau1_sd","tau2","tau2_sd","tau3","tau3_sd","tau4","tau4_sd","tau5","tau5_sd","tau6","tau6_sd"
1.50093250939756,0.0395279722371197,16.7559753364695,0.494611139202364,-0.901338665372902,0.00291557245990193,1,-0.0262414163357349,0.0475171068798788,0.686014953168026,0.018474772321014,0.727956252931531,0.0176168468919911,0.69166451139261,0.0183665562983422,0.699734494891642,0.0194295770536939,0.712655703697781,0.0205245822261546
