"beta","beta_sd","omega","omega_sd","rho","rho_sd","conv_code","tau1","tau1_sd","tau2","tau2_sd","tau3","tau3_sd","tau4","tau4_sd","tau5","tau5_sd","tau6","tau6_sd"
3.61260122288417,0.0269599766669423,0.0617122164776809,0.00290647859770784,-0.898774775115678,0.00195663310840963,1,0.0423944014836117,0.0323602599804677,0.674597994174352,0.0191134101447811,0.702000598844818,0.0150233224220742,0.690206084461151,0.0128622707496896,0.704067353790647,0.0120658794413656,0.687301715129876,0.0119795676488173
