"beta","beta_sd","omega","omega_sd","rho","rho_sd","conv_code","tau1","tau1_sd","tau2","tau2_sd","tau3","tau3_sd","tau4","tau4_sd","tau5","tau5_sd","tau6","tau6_sd"
0.40844076813364,0.0336477900356581,15.6217398290311,0.375444823798235,-0.590573685935262,0.00868733237407369,1,0.0625216550730794,0.0289489462292819,0.652443936764297,0.0137720098299977,0.698164630701664,0.0137239042113375,0.682233343874343,0.0146284782208385,0.675885521980241,0.015774374409341,0.694683006966729,0.0170064337367458
