"beta","beta_sd","omega","omega_sd","rho","rho_sd","conv_code","tau1","tau1_sd","tau2","tau2_sd","tau3","tau3_sd","tau4","tau4_sd","tau5","tau5_sd","tau6","tau6_sd"
0.0227768119242981,0.0358291119999335,16.5191841284324,0.407763871958649,0.567044364615541,0.0288380795363274,1,0.0319086557836871,0.0340022740245432,0.715540654236193,0.0141377762279343,0.707023076952501,0.0149651024894666,0.709564747278321,0.0159962710250752,0.71669963109027,0.0171046395441348,0.719491433179,0.0184560814558296
