"beta","beta_sd","omega","omega_sd","rho","rho_sd","conv_code","tau1","tau1_sd","tau2","tau2_sd","tau3","tau3_sd","tau4","tau4_sd","tau5","tau5_sd","tau6","tau6_sd"
2.50192893519967,0.0197554932267165,1.02860144553628,0.0196673635239019,-0.905668597762977,0.00167197909006239,1,-0.0258886454489106,0.0297534076035226,0.692862013110735,0.0138159774332202,0.683354420650473,0.0116449712357623,0.711624063237869,0.0106952664809826,0.699342939404858,0.0107443748958996,0.697888368183955,0.011305406305357
