"beta","beta_sd","omega","omega_sd","rho","rho_sd","conv_code","tau1","tau1_sd","tau2","tau2_sd","tau3","tau3_sd","tau4","tau4_sd","tau5","tau5_sd","tau6","tau6_sd"
0.391300970505673,0.00451862947623667,0.0609367049390675,0.00166446331859748,0.599738896086509,0.0079853008839756,1,-0.0350192487186977,0.0179231216628311,0.689417917356498,0.00584340959606934,0.690011286746259,0.00691506125757897,0.697678218952493,0.0114238970417651,0.703471186523586,0.022958277380047,0.682877830960407,0.0569359022679413
