"beta","beta_sd","omega","omega_sd","rho","rho_sd","conv_code","tau1","tau1_sd","tau2","tau2_sd","tau3","tau3_sd","tau4","tau4_sd","tau5","tau5_sd","tau6","tau6_sd"
1.42489439391597,0.0582260051331196,15.9792312949778,1.05512238526222,-0.898229818346953,0.00674185675146201,1,0.0299154365480388,0.0629972036540209,0.707157467480432,0.0359907804514218,0.666535879376729,0.036493070364398,0.709353603022244,0.0370127350023668,0.661386059780597,0.0377786062028675,0.678549362213057,0.0391927684155846
