"beta","beta_sd","omega","omega_sd","rho","rho_sd","conv_code","tau1","tau1_sd","tau2","tau2_sd","tau3","tau3_sd","tau4","tau4_sd","tau5","tau5_sd","tau6","tau6_sd"
3.37306469072577,0.0245789084742836,0.549716380318265,0.0139871877575381,0.310025411259457,0.0243677232411364,1,-0.0347211001134532,0.039424137140471,0.701096475682232,0.0210244821450695,0.680867301966607,0.0147190536182857,0.695041083479589,0.0122726179218995,0.688977140706223,0.0121475220969525,0.708063265754676,0.0121165114033033
