"beta","beta_sd","omega","omega_sd","rho","rho_sd","conv_code","tau1","tau1_sd","tau2","tau2_sd","tau3","tau3_sd","tau4","tau4_sd","tau5","tau5_sd","tau6","tau6_sd"
1.00551947086247,0.00975513688003792,1.00004272487151,0.0148593534259527,-0.00977091378276314,0.0119043416983858,1,-0.00797176214381966,0.0185816412001092,0.703745847740641,0.00743759486872644,0.698557818712313,0.00763604255543212,0.678920890028179,0.00872163579899767,0.698604031907709,0.00998432062215809,0.679976159022056,0.0121270623760743
