"beta","beta_sd","omega","omega_sd","rho","rho_sd","conv_code","tau1","tau1_sd","tau2","tau2_sd","tau3","tau3_sd","tau4","tau4_sd","tau5","tau5_sd","tau6","tau6_sd"
2.10004535731001,0.0232019104372377,0.0644666193709171,0.00248006220254154,-0.899535440888348,0.00242991446225872,1,0.0181509307685037,0.0306913996395105,0.683973670920243,0.0188722113198329,0.698444678926298,0.0160214153830165,0.680186347607943,0.0151798205026076,0.702842229669981,0.0153179203151495,0.696458021566719,0.0160003833533941
