"beta","beta_sd","omega","omega_sd","rho","rho_sd","conv_code","tau1","tau1_sd","tau2","tau2_sd","tau3","tau3_sd","tau4","tau4_sd","tau5","tau5_sd","tau6","tau6_sd"
2.0631372241344,0.0361941555343648,15.547429248984,0.36767251397604,0.290588146148644,0.0329173808878818,1,-0.023765998336154,0.0304515467558816,0.686567524568508,0.0141509371695721,0.687994517887061,0.0142834811972912,0.677261958279438,0.0154215178922861,0.679441929948713,0.0161527540143413,0.692463630175176,0.0169066976695153
