"beta","beta_sd","omega","omega_sd","rho","rho_sd","conv_code","tau1","tau1_sd","tau2","tau2_sd","tau3","tau3_sd","tau4","tau4_sd","tau5","tau5_sd","tau6","tau6_sd"
3.80260557413547,0.0436782530366724,16.379836105163,0.357874788964689,0.590341025394273,0.0231560810678308,1,-0.0135366191026991,0.0312509756749457,0.693501478991195,0.013848695056947,0.701801040307433,0.012962949653739,0.704057310503498,0.0129151342683318,0.700537154774042,0.0135913938664208,0.702628769729604,0.0145605126000169
