"beta","beta_sd","omega","omega_sd","rho","rho_sd","conv_code","tau1","tau1_sd","tau2","tau2_sd","tau3","tau3_sd","tau4","tau4_sd","tau5","tau5_sd","tau6","tau6_sd"
2.38458438558425,0.017868077231556,0.0614522340462978,0.0026370888183396,-0.00119744581950434,0.0192885814060779,1,-0.0528381818256263,0.0368482568183247,0.712894905582918,0.0200043584215718,0.68144722258802,0.0140772426790028,0.695665388370633,0.012254350330351,0.675756903646915,0.0123710571485981,0.682438661055523,0.0130861010721932
