"beta","beta_sd","omega","omega_sd","rho","rho_sd","conv_code","tau1","tau1_sd","tau2","tau2_sd","tau3","tau3_sd","tau4","tau4_sd","tau5","tau5_sd","tau6","tau6_sd"
2.6153504925042,0.0432186745563538,16.3825560997998,0.434401154593115,-0.586790085432458,0.0114248979692527,1,-0.0571336123577984,0.0351377629603715,0.698508689812893,0.0162837550239499,0.707799708649613,0.0163690784190533,0.662474754730699,0.0174512702016343,0.681655498282574,0.0177127288495419,0.700615966457067,0.0185975945990844
