"beta","beta_sd","omega","omega_sd","rho","rho_sd","conv_code","tau1","tau1_sd","tau2","tau2_sd","tau3","tau3_sd","tau4","tau4_sd","tau5","tau5_sd","tau6","tau6_sd"
2.7802251689255,0.0447178434247956,15.5164278040743,0.429716023316264,0.660505383993656,0.0275309209531526,1,-0.0881685790165675,0.0424686811929227,0.728860109956426,0.0189134390470492,0.705661997684094,0.0182089264816546,0.679033229737591,0.0190173505141869,0.710693198282322,0.0193496751926387,0.712579774435088,0.0206306796603769
