"beta","beta_sd","omega","omega_sd","rho","rho_sd","conv_code","tau1","tau1_sd","tau2","tau2_sd","tau3","tau3_sd","tau4","tau4_sd","tau5","tau5_sd","tau6","tau6_sd"
3.65360867627615,0.0272803165879318,0.542066555268854,0.0125576740128059,-0.297235641890171,0.0143054231361886,1,-0.0901844680871805,0.0349575029745408,0.714221614678466,0.0196285620565463,0.695672523471767,0.0143075760965451,0.676818370808435,0.012416625806748,0.68093630708934,0.0116393936337669,0.702301882902907,0.0116708279260674
