"beta","beta_sd","omega","omega_sd","rho","rho_sd","conv_code","tau1","tau1_sd","tau2","tau2_sd","tau3","tau3_sd","tau4","tau4_sd","tau5","tau5_sd","tau6","tau6_sd"
1.7056748238249,0.0127474894866901,1.02254969938345,0.0176782143378241,0.291595537454465,0.020690962919991,1,-0.00766064005984665,0.0232906298967784,0.701786879134308,0.0102185104180512,0.702146492066305,0.00915265873636288,0.692003610264704,0.00969282597782465,0.699282380499443,0.0105736536644222,0.690809307641137,0.0119039629564869
