"beta","beta_sd","omega","omega_sd","rho","rho_sd","conv_code","tau1","tau1_sd","tau2","tau2_sd","tau3","tau3_sd","tau4","tau4_sd","tau5","tau5_sd","tau6","tau6_sd"
0.0611066459547294,0.0358785049651743,15.7347820349929,0.615930762433057,-0.321089691989331,0.0286565269510537,1,-0.00395444220961035,0.0419782680795942,0.680755642442144,0.0226060971272408,0.695199120832097,0.0235195833570028,0.70869609246715,0.024722689178072,0.703556498527291,0.0266172325484539,0.731378285409855,0.0277665313992266
