"beta","beta_sd","omega","omega_sd","rho","rho_sd","conv_code","tau1","tau1_sd","tau2","tau2_sd","tau3","tau3_sd","tau4","tau4_sd","tau5","tau5_sd","tau6","tau6_sd"
3.62165197721139,0.0339175339660177,0.573626618987788,0.0150260289835392,-0.603057740824998,0.00973184436416547,1,0.0208268643169504,0.0397007340258808,0.686677070128797,0.0226899671347628,0.672363890249457,0.0172301804611531,0.708150987835601,0.0145448362224211,0.723099752605755,0.0139601287268459,0.691340960008007,0.0141732788541435
