"beta","beta_sd","omega","omega_sd","rho","rho_sd","conv_code","tau1","tau1_sd","tau2","tau2_sd","tau3","tau3_sd","tau4","tau4_sd","tau5","tau5_sd","tau6","tau6_sd"
2.90242654471473,0.0510480683442448,16.0515496695891,0.50388988564904,0.905305650940185,0.0055610865355433,1,0.0319373197827409,0.0543623905303572,0.667301489623311,0.0216908201275759,0.715837897034655,0.0198415403399943,0.6871442591534,0.0205004154823402,0.678323658005378,0.0211551863968296,0.694307981272371,0.0223057927660404
