"beta","beta_sd","omega","omega_sd","rho","rho_sd","conv_code","tau1","tau1_sd","tau2","tau2_sd","tau3","tau3_sd","tau4","tau4_sd","tau5","tau5_sd","tau6","tau6_sd"
2.55159716320889,0.0935699430257956,18.2618739489806,1.2713579015956,-0.913043404449384,0.00612367827679034,1,-0.00460804550678923,0.0679385830048333,0.755011976349104,0.0379993226074188,0.75063971129198,0.038801816027098,0.756296022107861,0.0387106724991106,0.738883847030985,0.0390710349622197,0.757752143907839,0.0396681771875935
