"beta","beta_sd","omega","omega_sd","rho","rho_sd","conv_code","tau1","tau1_sd","tau2","tau2_sd","tau3","tau3_sd","tau4","tau4_sd","tau5","tau5_sd","tau6","tau6_sd"
2.79978654339632,0.0958856873728948,15.7236257229719,1.036044142827,-0.896202516223705,0.00688530661151255,1,-0.0029293505045797,0.065312311357564,0.691798152267695,0.0367889166765664,0.669139511620883,0.0363467286084007,0.665105932366004,0.0367946729586422,0.682549373678084,0.0373929156093694,0.647989002154785,0.0381651042131619
