"beta","beta_sd","omega","omega_sd","rho","rho_sd","conv_code","tau1","tau1_sd","tau2","tau2_sd","tau3","tau3_sd","tau4","tau4_sd","tau5","tau5_sd","tau6","tau6_sd"
0.289755204602016,0.0369751699784892,16.5094739769005,0.728778505790524,-0.610386346509952,0.0181726434257033,1,0.0388090791281771,0.0445110417929845,0.694810859443855,0.0251435492121939,0.71857083172305,0.0260740348001256,0.701074792148731,0.0270859923500507,0.706499978724833,0.028562629660007,0.675694120741977,0.0298320780489242
