"beta","beta_sd","omega","omega_sd","rho","rho_sd","conv_code","tau1","tau1_sd","tau2","tau2_sd","tau3","tau3_sd","tau4","tau4_sd","tau5","tau5_sd","tau6","tau6_sd"
0.677084178424074,0.0170704788959088,0.99103399254016,0.0393811916443326,-0.898001184471984,0.00390574985181809,1,-0.0469812176624415,0.0342673920486428,0.674254337703387,0.0206167945338241,0.686105714468961,0.0211434042185813,0.659391066615382,0.0222478801075747,0.686295778564798,0.0240210129993608,0.720758780936916,0.0266391294179087
