"beta","beta_sd","omega","omega_sd","rho","rho_sd","conv_code","tau1","tau1_sd","tau2","tau2_sd","tau3","tau3_sd","tau4","tau4_sd","tau5","tau5_sd","tau6","tau6_sd"
3.53006063458689,0.0250941134808865,0.25948246123237,0.00971410798994959,0.59478747626239,0.0125226729113093,1,-0.0368775671756607,0.0417031345541558,0.732508085373374,0.0217904240233355,0.682019078555767,0.015706068312537,0.720766833938621,0.0127839740436322,0.692171183351084,0.0122516569628579,0.696623058685817,0.0119814948017694
