"beta","beta_sd","omega","omega_sd","rho","rho_sd","conv_code","tau1","tau1_sd","tau2","tau2_sd","tau3","tau3_sd","tau4","tau4_sd","tau5","tau5_sd","tau6","tau6_sd"
1.10389682911168,0.00705841951551464,0.0626330853522253,0.00182008124660929,0.308800329315718,0.0151917404144823,1,0.00271355192673947,0.0224473054171862,0.703038406329147,0.0105131770180886,0.686422473991008,0.00849353941759737,0.694095089061664,0.00957071961251419,0.692558958076979,0.0112050465341313,0.686876435886803,0.0142685745806748
