"beta","beta_sd","omega","omega_sd","rho","rho_sd","conv_code","tau1","tau1_sd","tau2","tau2_sd","tau3","tau3_sd","tau4","tau4_sd","tau5","tau5_sd","tau6","tau6_sd"
0.00465219528424294,0.00436086875838805,0.0636135501268035,0.0016855811794298,0.299117854094601,0.013893759104561,1,0.00879414774123069,0.0163086593466136,0.693686511307259,0.00608409773544154,0.710189152791376,0.0117147518857164,0.696335994361738,0.0325745080296124,0.577685133667266,0.127213675500662,1.69416552048085,196.198976437846
