"beta","beta_sd","omega","omega_sd","rho","rho_sd","conv_code","tau1","tau1_sd","tau2","tau2_sd","tau3","tau3_sd","tau4","tau4_sd","tau5","tau5_sd","tau6","tau6_sd"
0.497753297613868,0.00432461369144705,0.0621785660002944,0.0015204947026292,0.60486651905036,0.00703393622104749,1,0.000770688161692265,0.0166376845930324,0.67916321483769,0.00537918101902089,0.704141021191246,0.00568687462817244,0.693473368364939,0.00850135209727399,0.718309086800862,0.0152770627836755,0.712966077741509,0.035993703207975
