"beta","beta_sd","omega","omega_sd","rho","rho_sd","conv_code","tau1","tau1_sd","tau2","tau2_sd","tau3","tau3_sd","tau4","tau4_sd","tau5","tau5_sd","tau6","tau6_sd"
3.05354677776375,0.0440664873406914,16.0736362175517,0.412480690403464,0.895914220553748,0.00471969490058177,1,-0.0269023347023597,0.0451132235646473,0.711892253130399,0.0165941648140875,0.700821030917362,0.0157927337153421,0.694364518669575,0.015698979617001,0.685672072751279,0.0165232335628855,0.674295007281092,0.0172567949791846
