"beta","beta_sd","omega","omega_sd","rho","rho_sd","conv_code","tau1","tau1_sd","tau2","tau2_sd","tau3","tau3_sd","tau4","tau4_sd","tau5","tau5_sd","tau6","tau6_sd"
3.99013630176356,0.0258524986734327,0.0757501336812106,0.00692788067824391,0.580591733373664,0.0106987063786631,1,-0.0270180618655815,0.0401007315917842,0.700068678927166,0.0216721634576536,0.683408213401741,0.0154402410588523,0.697732922986017,0.012783737283141,0.701296861161039,0.0113946539933072,0.682335016311259,0.0111241099697445
