"beta","beta_sd","omega","omega_sd","rho","rho_sd","conv_code","tau1","tau1_sd","tau2","tau2_sd","tau3","tau3_sd","tau4","tau4_sd","tau5","tau5_sd","tau6","tau6_sd"
3.16830198680969,0.0445773000242195,15.87171490312,0.397703356851798,0.0076173845057431,0.0277373318083436,1,-0.0364620346377573,0.0314501203081158,0.733887785793338,0.0149589435212087,0.677325024257986,0.0157872626852917,0.687096696189674,0.0160549388147339,0.689861507622775,0.0168326823979373,0.691250411099225,0.0174207756636842
