"beta","beta_sd","omega","omega_sd","rho","rho_sd","conv_code","tau1","tau1_sd","tau2","tau2_sd","tau3","tau3_sd","tau4","tau4_sd","tau5","tau5_sd","tau6","tau6_sd"
1.39755147393918,0.00713711507768866,0.0631797358508481,0.00321747519133859,0.900529831988926,0.00153364927431104,1,-0.0422037370633484,0.0283607952634189,0.697595238174907,0.00924350999045709,0.689883093172788,0.00747598788371125,0.70599657045589,0.00702956187221349,0.687223643493117,0.00748067742362308,0.69273343778055,0.00854665835121901
