"beta","beta_sd","omega","omega_sd","rho","rho_sd","conv_code","tau1","tau1_sd","tau2","tau2_sd","tau3","tau3_sd","tau4","tau4_sd","tau5","tau5_sd","tau6","tau6_sd"
1.60542677858101,0.0118654664661745,1.01192033502491,0.0174440969876832,0.606618483656083,0.0151765435466923,1,0.0161087161965116,0.0241741593718076,0.691119041333093,0.00992411673678191,0.68714921353048,0.00891608789655021,0.69022628684997,0.00936450461549244,0.691040238919398,0.0102067672376281,0.685742147049157,0.0117938613479897
