"beta","beta_sd","omega","omega_sd","rho","rho_sd","conv_code","tau1","tau1_sd","tau2","tau2_sd","tau3","tau3_sd","tau4","tau4_sd","tau5","tau5_sd","tau6","tau6_sd"
3.58998621827043,0.0719257577058367,0.558810550048276,0.0263025704703045,-0.897195990245953,0.00443393894418784,1,0.141160778756065,0.0524915475889318,0.657176342877904,0.0324532537248607,0.667718308417159,0.0276211985531648,0.697895134142056,0.0256331880003276,0.677216721395016,0.024963004070847,0.681655105587743,0.0248198264214133
