"beta","beta_sd","omega","omega_sd","rho","rho_sd","conv_code","tau1","tau1_sd","tau2","tau2_sd","tau3","tau3_sd","tau4","tau4_sd","tau5","tau5_sd","tau6","tau6_sd"
2.08151882470437,0.0129403163650193,0.986374352885414,0.0156550410430365,-0.00392698604612417,0.0131748468584487,1,-0.00355857101610022,0.0211006781590694,0.695899114481481,0.010091407137157,0.688756950405873,0.00851905335653838,0.687239886951637,0.00851939525165969,0.683662328415387,0.00909465661656847,0.675282764075808,0.0100448557155174
