"beta","beta_sd","omega","omega_sd","rho","rho_sd","conv_code","tau1","tau1_sd","tau2","tau2_sd","tau3","tau3_sd","tau4","tau4_sd","tau5","tau5_sd","tau6","tau6_sd"
0.421970470409771,0.0339689387479196,15.2010035081949,0.367774478993334,0.903280651524374,0.00405222646577067,1,0.0270863097433076,0.0408808112168555,0.717526018396869,0.0134378626770785,0.694839459516376,0.0135039114197476,0.68517411718314,0.0140129754080303,0.70545759646346,0.0147352304961297,0.698375306751406,0.0161279502818137
