"beta","beta_sd","omega","omega_sd","rho","rho_sd","conv_code","tau1","tau1_sd","tau2","tau2_sd","tau3","tau3_sd","tau4","tau4_sd","tau5","tau5_sd","tau6","tau6_sd"
3.09617950197767,0.0182465487152277,0.0646448061775097,0.00231852038357994,-0.300797112504239,0.0109344351736781,1,-0.0844548902843406,0.0318024348400968,0.734073862849296,0.0176214349460935,0.67493311243758,0.0127948361100684,0.704042484238713,0.0103210824839561,0.695467145620606,0.00988743841153308,0.693380615987462,0.0100505042529609
