"beta","beta_sd","omega","omega_sd","rho","rho_sd","conv_code","tau1","tau1_sd","tau2","tau2_sd","tau3","tau3_sd","tau4","tau4_sd","tau5","tau5_sd","tau6","tau6_sd"
2.1953836705202,0.0450976924056108,0.97959227911515,0.0417623338858758,-0.89802559756876,0.00421837432854285,1,0.102116132575719,0.0405592689599462,0.659375728961569,0.0249563643440708,0.67461542965039,0.0233172589928194,0.692813952623032,0.0230794239472321,0.695872435213475,0.0234356532522634,0.68577757199678,0.0241444489835963
