"beta","beta_sd","omega","omega_sd","rho","rho_sd","conv_code","tau1","tau1_sd","tau2","tau2_sd","tau3","tau3_sd","tau4","tau4_sd","tau5","tau5_sd","tau6","tau6_sd"
2.60662192384946,0.0158574551835098,0.985827090669013,0.0167424543844889,0.0104974833843613,0.0148742501976153,1,0.0284842358390019,0.0246908488644304,0.691265906665626,0.012612349699979,0.679186811048659,0.0098441505643966,0.702051013884535,0.00918949559249612,0.697778562457613,0.00939134298747399,0.683285353523705,0.00996697286253376
