"beta","beta_sd","omega","omega_sd","rho","rho_sd","conv_code","tau1","tau1_sd","tau2","tau2_sd","tau3","tau3_sd","tau4","tau4_sd","tau5","tau5_sd","tau6","tau6_sd"
0.410280748558992,0.00970767283937149,1.04900096917801,0.0172206242282749,0.595316388605538,0.0142560695396025,1,0.0401639421665207,0.021441846332728,0.682187734566405,0.00726018439809277,0.722195011349448,0.00794076110959109,0.698589058600043,0.00974006160313849,0.711388706272453,0.0119067651544898,0.698947621556122,0.0151625826410953
