"beta","beta_sd","omega","omega_sd","rho","rho_sd","conv_code","tau1","tau1_sd","tau2","tau2_sd","tau3","tau3_sd","tau4","tau4_sd","tau5","tau5_sd","tau6","tau6_sd"
2.59613917224705,0.0389918800824235,16.1552502646048,0.381313184252891,0.901728796342977,0.00400294450961621,1,0.0360183604652676,0.0420557654467001,0.697868771768716,0.014561657051869,0.699017840637626,0.0136417466054089,0.676321952197949,0.0140344968195705,0.693838079020622,0.0138159940489317,0.706189539270668,0.0144513590555076
