"beta","beta_sd","omega","omega_sd","rho","rho_sd","conv_code","tau1","tau1_sd","tau2","tau2_sd","tau3","tau3_sd","tau4","tau4_sd","tau5","tau5_sd","tau6","tau6_sd"
1.09591225488763,0.00711046266959734,0.0625019853055625,0.00199907797200261,0.586236779253366,0.00973232688733892,1,0.0354304034225194,0.0235857181508432,0.667954489264973,0.0107594684305914,0.691603486529058,0.0086709827234941,0.690612191659793,0.00940077361050703,0.698360547850826,0.010892779482287,0.709290548153565,0.0141538206669795
