"beta","beta_sd","omega","omega_sd","rho","rho_sd","conv_code","tau1","tau1_sd","tau2","tau2_sd","tau3","tau3_sd","tau4","tau4_sd","tau5","tau5_sd","tau6","tau6_sd"
3.68986313346473,0.0359335980700508,0.571343604109358,0.015458052738651,-0.595254113148001,0.0101576086841619,1,-0.0552102977597341,0.0422572219862668,0.726032324504317,0.0234851101386138,0.680248650243371,0.0173985240542754,0.686940503808521,0.0153289235456497,0.698107891322034,0.0144627704412651,0.684481226689882,0.0145890360914843
