"beta","beta_sd","omega","omega_sd","rho","rho_sd","conv_code","tau1","tau1_sd","tau2","tau2_sd","tau3","tau3_sd","tau4","tau4_sd","tau5","tau5_sd","tau6","tau6_sd"
1.31144241798353,0.0333051424999561,15.7967518267446,0.339129522795282,0.282320983481497,0.0240478029535553,1,0.00977480873789669,0.0266614709513407,0.697266737778246,0.0118799490736911,0.691806802433831,0.0123131962032063,0.70760134018861,0.0129330218893177,0.679712737115438,0.0138733667334402,0.715623663661686,0.0146140843288846
