"beta","beta_sd","omega","omega_sd","rho","rho_sd","conv_code","tau1","tau1_sd","tau2","tau2_sd","tau3","tau3_sd","tau4","tau4_sd","tau5","tau5_sd","tau6","tau6_sd"
3.21750208086152,0.0435574849580341,15.7429935407645,0.381933140646898,0.268073729940737,0.0335168779678293,1,0.0392206390763851,0.0319919854632367,0.676640900961954,0.015122135282818,0.660853281241884,0.0151564575570482,0.703386545092451,0.0154529161759502,0.674906631621427,0.0162426313690378,0.71476489778267,0.0168779397940459
