"beta","beta_sd","omega","omega_sd","rho","rho_sd","conv_code","tau1","tau1_sd","tau2","tau2_sd","tau3","tau3_sd","tau4","tau4_sd","tau5","tau5_sd","tau6","tau6_sd"
0.39801965141131,0.00464530677778127,0.0615523856848091,0.00123450799300557,-0.899543433855778,0.00150106781477565,1,0.000116765875963768,0.0159786738929487,0.69681060552691,0.00795002465646489,0.685441737116942,0.0084872469823849,0.679800609978367,0.0110007661632238,0.717843139303484,0.0169183619472624,0.71165588798519,0.0336788393466839
