"beta","beta_sd","omega","omega_sd","rho","rho_sd","conv_code","tau1","tau1_sd","tau2","tau2_sd","tau3","tau3_sd","tau4","tau4_sd","tau5","tau5_sd","tau6","tau6_sd"
1.31126648838394,0.0109478364165393,0.992450328511869,0.0188948115731479,0.904999807575644,0.00243944675792618,1,-0.0204875515717448,0.0303223109555352,0.702454496349746,0.00917160860821635,0.702911751060345,0.00821330002241997,0.684169563068504,0.00852696900970167,0.690671373696241,0.00928469293635566,0.717222464849031,0.0106297643828529
