"beta","beta_sd","omega","omega_sd","rho","rho_sd","conv_code","tau1","tau1_sd","tau2","tau2_sd","tau3","tau3_sd","tau4","tau4_sd","tau5","tau5_sd","tau6","tau6_sd"
2.2153235658271,0.0123040845918539,0.0655674953517092,0.00191042290701169,-0.00510161392990902,0.0136129180666835,1,-0.00477022876437022,0.0275445122698992,0.696517654335028,0.0149569844184235,0.698932785619547,0.0104197116900624,0.700437185082796,0.00935269534462437,0.706011095937538,0.0093744538552721,0.67890438870551,0.0103175814396062
