"beta","beta_sd","omega","omega_sd","rho","rho_sd","conv_code","tau1","tau1_sd","tau2","tau2_sd","tau3","tau3_sd","tau4","tau4_sd","tau5","tau5_sd","tau6","tau6_sd"
3.37316889434714,0.0430518371143149,0.557033256326854,0.0190445732016825,-0.297131522476792,0.022750599542194,1,-0.015809268772402,0.0437173293979704,0.682445637865846,0.0262244118548166,0.687322224125054,0.020195619490984,0.688980056096888,0.0181851152867208,0.672885145754357,0.0178432120665447,0.692461215766306,0.0182512950198534
