"beta","beta_sd","omega","omega_sd","rho","rho_sd","conv_code","tau1","tau1_sd","tau2","tau2_sd","tau3","tau3_sd","tau4","tau4_sd","tau5","tau5_sd","tau6","tau6_sd"
2.20413620232918,0.0356939411134061,16.1405798815526,0.35007920377803,0.043926016923336,0.0207716712359194,1,-0.0190310023858324,0.0262787544904337,0.693316555006081,0.0124523853248219,0.682899418821708,0.0124909870065573,0.688322186913268,0.0132776578466075,0.696806149263247,0.0136053520982395,0.691516221614809,0.0148131546390384
