"beta","beta_sd","omega","omega_sd","rho","rho_sd","conv_code","tau1","tau1_sd","tau2","tau2_sd","tau3","tau3_sd","tau4","tau4_sd","tau5","tau5_sd","tau6","tau6_sd"
2.54005469432088,0.0360746281888022,15.0317580753441,0.323661077842649,0.000161580673509095,0.0197282676400331,1,0.0155375477251979,0.026585146336768,0.672756352593272,0.0127341293089846,0.70294733487597,0.0121352116510799,0.690051498679769,0.0128275069814403,0.6908504807226,0.01352322658771,0.683145964500004,0.0147981649726597
