"beta","beta_sd","omega","omega_sd","rho","rho_sd","conv_code","tau1","tau1_sd","tau2","tau2_sd","tau3","tau3_sd","tau4","tau4_sd","tau5","tau5_sd","tau6","tau6_sd"
2.29962544268482,0.0175080918682124,1.00405346738472,0.0186585612235205,-0.291150231240361,0.012726505606877,1,0.00263258936673324,0.0259269697256926,0.680916832542954,0.0132757726482927,0.688707629541373,0.0110850574036091,0.709533948031342,0.0106930027951666,0.69599707977911,0.0112728377989654,0.697929915451347,0.0120216823909508
