"beta","beta_sd","omega","omega_sd","rho","rho_sd","conv_code","tau1","tau1_sd","tau2","tau2_sd","tau3","tau3_sd","tau4","tau4_sd","tau5","tau5_sd","tau6","tau6_sd"
0.30908364981805,0.011175558683102,0.981580838642965,0.0197009507666018,-0.898930036862663,0.00193037189168529,1,-0.00697847687059114,0.0281310580027581,0.678671716925095,0.0107998945583284,0.686756695386455,0.0113537229912204,0.698943362914004,0.0129018776724768,0.686633107430289,0.0156727059936701,0.694819958287993,0.0193148142232346
