"beta","beta_sd","omega","omega_sd","rho","rho_sd","conv_code","tau1","tau1_sd","tau2","tau2_sd","tau3","tau3_sd","tau4","tau4_sd","tau5","tau5_sd","tau6","tau6_sd"
3.20081103002749,0.0261093357087645,1.00788180768297,0.0273167525293104,0.901241552129105,0.00283146495889014,1,-0.0339608521655057,0.0447969244883929,0.698746324847967,0.0186105585273647,0.712429606040283,0.0139196017331061,0.687225578024453,0.0127333499138125,0.690427587306037,0.0119794713281027,0.687884684087359,0.0125677980962728
