"beta","beta_sd","omega","omega_sd","rho","rho_sd","conv_code","tau1","tau1_sd","tau2","tau2_sd","tau3","tau3_sd","tau4","tau4_sd","tau5","tau5_sd","tau6","tau6_sd"
0.792625347599896,0.00949114808828481,1.00745767085239,0.0156452111750415,0.602193620967759,0.0133061551450288,1,-0.0329531079401248,0.0206378352639212,0.690291708081222,0.00719041609375511,0.701994624230784,0.00738126093291369,0.687329322996674,0.00876949229760096,0.67695273290047,0.0104849696527284,0.681129717534018,0.0126538702872447
