"beta","beta_sd","omega","omega_sd","rho","rho_sd","conv_code","tau1","tau1_sd","tau2","tau2_sd","tau3","tau3_sd","tau4","tau4_sd","tau5","tau5_sd","tau6","tau6_sd"
1.91730372390923,0.00864433319780644,0.0674479043812785,0.00210938454367832,0.590236277598137,0.00759588216830092,1,0.0275712496199856,0.0243629807237192,0.694453324992994,0.0115832276091426,0.694792786958593,0.0082009860757387,0.696808446940451,0.00740707823419138,0.70805090843386,0.00761404231128748,0.699878542097596,0.00849648399275581
