"beta","beta_sd","omega","omega_sd","rho","rho_sd","conv_code","tau1","tau1_sd","tau2","tau2_sd","tau3","tau3_sd","tau4","tau4_sd","tau5","tau5_sd","tau6","tau6_sd"
3.65323141471077,0.045200831927408,15.1438276486938,0.363807034302826,0.376386926019643,0.0352452960536385,1,0.0355909881710245,0.0327924292725397,0.65175941487468,0.0157022992527488,0.671732777163436,0.0149814128269635,0.680256522432963,0.0153034095392558,0.704176064809393,0.0157797474215289,0.66318862102213,0.0168076744254664
