"beta","beta_sd","omega","omega_sd","rho","rho_sd","conv_code","tau1","tau1_sd","tau2","tau2_sd","tau3","tau3_sd","tau4","tau4_sd","tau5","tau5_sd","tau6","tau6_sd"
2.0284952877933,0.016608127225547,1.02700377420008,0.0190850484452842,-0.604960162020056,0.00701817667788427,1,0.0416836991841403,0.0258761995278909,0.696350019335655,0.0124177709979065,0.708725553888421,0.0108669536419371,0.700525144710583,0.0109086881392239,0.698326401161986,0.0115954353000301,0.712981740538498,0.0124641556728264
