"beta","beta_sd","omega","omega_sd","rho","rho_sd","conv_code","tau1","tau1_sd","tau2","tau2_sd","tau3","tau3_sd","tau4","tau4_sd","tau5","tau5_sd","tau6","tau6_sd"
3.80682665959247,0.0273982279308833,0.254802404245019,0.00719331893554246,-0.303050994941512,0.0137129341186714,1,0.0192119681968979,0.0347729399529057,0.68697852094081,0.0203584160110687,0.686604562609778,0.0148370172479177,0.695435212496593,0.0125197681177229,0.697609203730274,0.0117713940817847,0.697809851829972,0.0117119312069097
