"beta","beta_sd","omega","omega_sd","rho","rho_sd","conv_code","tau1","tau1_sd","tau2","tau2_sd","tau3","tau3_sd","tau4","tau4_sd","tau5","tau5_sd","tau6","tau6_sd"
3.70848525316743,0.0305482453162517,0.0662245035675156,0.00349717276970893,-0.611894619908253,0.00836132197286923,1,0.0168358387649779,0.0391816259567385,0.696670570548643,0.0228219038655354,0.700360326701709,0.0170894687683906,0.669502536224219,0.0147317637204048,0.702237164335723,0.0132948431055994,0.689548238613735,0.0133267566102096
