"beta","beta_sd","omega","omega_sd","rho","rho_sd","conv_code","tau1","tau1_sd","tau2","tau2_sd","tau3","tau3_sd","tau4","tau4_sd","tau5","tau5_sd","tau6","tau6_sd"
2.99506234831016,0.0180179690472134,0.06220207976617,0.0033668860872588,0.296820572819738,0.0160422089408133,1,-0.0241239533889095,0.0350637508714164,0.699197671044815,0.0191308128131189,0.675093098129214,0.0136819459869938,0.717082059318532,0.0110395032997374,0.693497715470704,0.0108353557138338,0.695019545390771,0.0107962717759338
