"beta","beta_sd","omega","omega_sd","rho","rho_sd","conv_code","tau1","tau1_sd","tau2","tau2_sd","tau3","tau3_sd","tau4","tau4_sd","tau5","tau5_sd","tau6","tau6_sd"
3.02135389527315,0.0218609691970252,1.02665713267901,0.0216045215623508,0.289567263868122,0.0247401847108383,1,-0.0242529697278329,0.0317984239668406,0.696919115953252,0.0167651585133579,0.721509283778135,0.0123360703648083,0.677033352161792,0.0113726666769732,0.718571746590835,0.0111319228907844,0.681440639961346,0.0120447604113361
