"beta","beta_sd","omega","omega_sd","rho","rho_sd","conv_code","tau1","tau1_sd","tau2","tau2_sd","tau3","tau3_sd","tau4","tau4_sd","tau5","tau5_sd","tau6","tau6_sd"
1.09969284571354,0.00569980819613862,0.063833826796689,0.0014601728281741,0.300905934621169,0.0118181065522351,1,0.00215445358751819,0.0183647371824048,0.688350921235877,0.00851474772688651,0.703530313971355,0.00681518214759227,0.694415836913983,0.00755956447353617,0.686398356555521,0.00893660519715526,0.710159286304765,0.0112808795153758
