"beta","beta_sd","omega","omega_sd","rho","rho_sd","conv_code","tau1","tau1_sd","tau2","tau2_sd","tau3","tau3_sd","tau4","tau4_sd","tau5","tau5_sd","tau6","tau6_sd"
1.4983024486802,0.0351731206719732,16.2530776055028,0.385330459066459,0.902451971548434,0.00390743530826552,1,0.0165365396821149,0.0406164176225788,0.695525767981821,0.0136544601757667,0.702279594040477,0.013503191252051,0.692180353961336,0.013800517616464,0.707710072888068,0.0139510337336474,0.697187323480493,0.0152598976622923
