"beta","beta_sd","omega","omega_sd","rho","rho_sd","conv_code","tau1","tau1_sd","tau2","tau2_sd","tau3","tau3_sd","tau4","tau4_sd","tau5","tau5_sd","tau6","tau6_sd"
2.38764202297138,0.0205106990347579,0.974930052775202,0.0226471227202951,0.599721115710869,0.0200577025300769,1,-0.0283895569761675,0.0355733911180741,0.717919657883914,0.0164147662854141,0.687780871291645,0.0132686639905867,0.668626230362307,0.013138847127282,0.681386009870379,0.0131952588620894,0.702994194278483,0.0142328734764676
