"beta","beta_sd","omega","omega_sd","rho","rho_sd","conv_code","tau1","tau1_sd","tau2","tau2_sd","tau3","tau3_sd","tau4","tau4_sd","tau5","tau5_sd","tau6","tau6_sd"
2.91876559706007,0.0172235320924377,0.0595502566296655,0.00325919529032268,0.323790008380621,0.0146900642805885,1,-0.0068693276416092,0.0356655183941843,0.712800577756268,0.0189140662963654,0.670080768690557,0.0131828623982657,0.715137834709364,0.0109148366773333,0.69568792083002,0.010442242036833,0.699104935627487,0.0106297494592182
