"beta","beta_sd","omega","omega_sd","rho","rho_sd","conv_code","tau1","tau1_sd","tau2","tau2_sd","tau3","tau3_sd","tau4","tau4_sd","tau5","tau5_sd","tau6","tau6_sd"
0.394920566682468,0.0342015839518224,15.8517974024114,0.382104877093056,0.54938648874028,0.0303944396460739,1,0.0116240237275728,0.0321830390964354,0.684872186498811,0.0137878579622203,0.682888274372529,0.0144326267501134,0.716111526201202,0.0154635697274884,0.655155799121137,0.0170359046796906,0.722284589778988,0.0179941054640233
