"beta","beta_sd","omega","omega_sd","rho","rho_sd","conv_code","tau1","tau1_sd","tau2","tau2_sd","tau3","tau3_sd","tau4","tau4_sd","tau5","tau5_sd","tau6","tau6_sd"
1.90941275138447,0.0118259714700313,0.990905863117788,0.0155293065230867,0.310776052468975,0.0159972069466814,1,0.01502188918807,0.0213974097112481,0.703027971716798,0.00933464429878092,0.705170992703498,0.00797346591480865,0.689499610948306,0.00820141165738466,0.694655984137246,0.00882092832211667,0.675910252636262,0.009917362855194
