"beta","beta_sd","omega","omega_sd","rho","rho_sd","conv_code","tau1","tau1_sd","tau2","tau2_sd","tau3","tau3_sd","tau4","tau4_sd","tau5","tau5_sd","tau6","tau6_sd"
3.67808060098831,0.0270539466392404,0.252658472473486,0.00915623435249513,0.306775638144981,0.0220238122223508,1,-0.022847557690474,0.0408877837494584,0.678862809767054,0.0232500723600524,0.710117138356704,0.016078647205264,0.667223483081515,0.0138428322343607,0.697638466476521,0.0125750092701348,0.688169603896104,0.0126372917697072
