"beta","beta_sd","omega","omega_sd","rho","rho_sd","conv_code","tau1","tau1_sd","tau2","tau2_sd","tau3","tau3_sd","tau4","tau4_sd","tau5","tau5_sd","tau6","tau6_sd"
1.99070411521055,0.00942584325105021,0.0621865039368958,0.0013661193400305,-0.291332260165622,0.00846203886004145,1,-0.0285123643376637,0.0217745211124383,0.702168556506053,0.0119355831953669,0.687839137935318,0.00855693548798788,0.689868338718535,0.00781260419846825,0.688817697659199,0.00811034744749102,0.683179723354087,0.00883046848723714
