"beta","beta_sd","omega","omega_sd","rho","rho_sd","conv_code","tau1","tau1_sd","tau2","tau2_sd","tau3","tau3_sd","tau4","tau4_sd","tau5","tau5_sd","tau6","tau6_sd"
2.23379284012327,0.0182813225825798,0.996043689989684,0.0190644390495712,-0.605030863800759,0.00729486620432379,1,0.0540852176024574,0.0269338081335327,0.692209049966161,0.0135109755162372,0.702954934150358,0.0114401487200377,0.692084306054237,0.0111861206777744,0.713288142911186,0.0116051630966671,0.678999995660203,0.0125929159335182
