"beta","beta_sd","omega","omega_sd","rho","rho_sd","conv_code","tau1","tau1_sd","tau2","tau2_sd","tau3","tau3_sd","tau4","tau4_sd","tau5","tau5_sd","tau6","tau6_sd"
2.40120452726518,0.0130941404761078,0.0653886968980543,0.00299295597625394,0.5886125909765,0.00867903663414432,1,0.0552185790955978,0.0312902429119924,0.658403235184089,0.0164829218027823,0.692668838255999,0.0110648545597525,0.692610828156713,0.00950220869573864,0.695633581239114,0.00948044718400232,0.692968714959712,0.00978109442347137
