"beta","beta_sd","omega","omega_sd","rho","rho_sd","conv_code","tau1","tau1_sd","tau2","tau2_sd","tau3","tau3_sd","tau4","tau4_sd","tau5","tau5_sd","tau6","tau6_sd"
3.91253175902056,0.0501384276896893,0.909499612397848,0.0379762637372935,0.900547990219555,0.0036251971504857,1,-0.0764032277968528,0.0624628899641336,0.682803305473547,0.0293980692263263,0.701174298883067,0.0223384282787362,0.687699452218713,0.0200062429159859,0.670868957508322,0.0186643822191428,0.676607326087647,0.0182635004088242
