"beta","beta_sd","omega","omega_sd","rho","rho_sd","conv_code","tau1","tau1_sd","tau2","tau2_sd","tau3","tau3_sd","tau4","tau4_sd","tau5","tau5_sd","tau6","tau6_sd"
0.390560132180256,0.0114251075441897,1.03340263578456,0.0266973947242995,-0.30574718145432,0.0183225349710549,1,-0.03660823134529,0.0264125600611121,0.706419118288976,0.0130248466470819,0.696979250055686,0.0146791946695659,0.703608388847221,0.0172800550661392,0.684394569043772,0.0202090439458052,0.69687746990774,0.0248451283858573
