"beta","beta_sd","omega","omega_sd","rho","rho_sd","conv_code","tau1","tau1_sd","tau2","tau2_sd","tau3","tau3_sd","tau4","tau4_sd","tau5","tau5_sd","tau6","tau6_sd"
0.402063487494429,0.0336872733091364,15.9172762475307,0.353724284326459,0.280196678417256,0.0232528075546467,1,0.0140872441668891,0.0263503205885832,0.693705899154538,0.0117983570453702,0.680962646200006,0.0126897960385468,0.703820516685795,0.0132977034084786,0.691649828165918,0.0144227445658728,0.689562566670886,0.0157090921057024
