"beta","beta_sd","omega","omega_sd","rho","rho_sd","conv_code","tau1","tau1_sd","tau2","tau2_sd","tau3","tau3_sd","tau4","tau4_sd","tau5","tau5_sd","tau6","tau6_sd"
0.986872822670691,0.0357081439165375,15.3425455184621,0.513984041513057,0.0490185680615719,0.0431761268997231,1,-0.00482768741962033,0.038312402607992,0.674852582979302,0.0194654000935918,0.658912052022202,0.0205406821797428,0.679280966609091,0.0218746833011622,0.633664183153324,0.0236595785151131,0.712464871231712,0.0246803674830735
