"beta","beta_sd","omega","omega_sd","rho","rho_sd","conv_code","tau1","tau1_sd","tau2","tau2_sd","tau3","tau3_sd","tau4","tau4_sd","tau5","tau5_sd","tau6","tau6_sd"
0.987072071293395,0.0107283076722045,0.979588112657289,0.0166800621265608,-0.290472107430169,0.011462122948248,1,0.0197662260863943,0.0209517640954177,0.677153716830654,0.00915507017149838,0.703948187029587,0.00934242470324528,0.700927236771304,0.0105676512664988,0.66987287484647,0.0123473625748588,0.68665838593107,0.014504313101341
