"beta","beta_sd","omega","omega_sd","rho","rho_sd","conv_code","tau1","tau1_sd","tau2","tau2_sd","tau3","tau3_sd","tau4","tau4_sd","tau5","tau5_sd","tau6","tau6_sd"
0.299338924555568,0.00376764431618935,0.0613471212910037,0.00111902564858761,0.00725844445668216,0.00945334570099747,1,0.00404446125566256,0.0130101517113905,0.684915919377058,0.00488462388837862,0.686243377068115,0.00673776756274036,0.69194822704379,0.0123885602078174,0.696684054385957,0.0286707738232225,0.614994466500044,0.0894538408246022
