"beta","beta_sd","omega","omega_sd","rho","rho_sd","conv_code","tau1","tau1_sd","tau2","tau2_sd","tau3","tau3_sd","tau4","tau4_sd","tau5","tau5_sd","tau6","tau6_sd"
3.40231677144129,0.0264746177815377,0.979148470681982,0.0206760011905587,-0.602746735205031,0.0075149532091122,1,-0.0290531507521989,0.0318507521652025,0.718591949763483,0.0174053429236397,0.682439051066701,0.0136780105957492,0.689875030539225,0.0119691693450384,0.690070906282053,0.0114059332347499,0.706365503446425,0.0116346922116035
