"beta","beta_sd","omega","omega_sd","rho","rho_sd","conv_code","tau1","tau1_sd","tau2","tau2_sd","tau3","tau3_sd","tau4","tau4_sd","tau5","tau5_sd","tau6","tau6_sd"
0.298201786631222,0.00420810604391383,0.0623549416315344,0.00117324990735386,-0.898547769292885,0.00134647697583011,1,0.00418920121644568,0.0146833955315346,0.694852014807665,0.00675595035219524,0.670275749515334,0.00750679379899445,0.681710787653036,0.0102410905705091,0.7111465553499,0.017391853360903,0.739028407371468,0.0366300542890828
