"beta","beta_sd","omega","omega_sd","rho","rho_sd","conv_code","tau1","tau1_sd","tau2","tau2_sd","tau3","tau3_sd","tau4","tau4_sd","tau5","tau5_sd","tau6","tau6_sd"
3.82561887774149,0.0339024265099296,0.547705348155229,0.0213922975199015,0.898232627254894,0.00275609501231909,1,-0.0526176768663576,0.0489461726803985,0.712717818465879,0.0220841629960469,0.736810522674327,0.0167372511685038,0.685827378584884,0.0146589906085404,0.690795379151517,0.0136976213491802,0.699871305141081,0.0135192010950673
