"beta","beta_sd","omega","omega_sd","rho","rho_sd","conv_code","tau1","tau1_sd","tau2","tau2_sd","tau3","tau3_sd","tau4","tau4_sd","tau5","tau5_sd","tau6","tau6_sd"
1.88609522342073,0.0109592592519968,0.0632887685409332,0.00404391562235435,0.899165367858401,0.00174552437385105,1,-0.0247927845379035,0.0334922811628064,0.698070501429375,0.0130539925797945,0.694654631524598,0.0102189211355087,0.679981814786189,0.00914614491328482,0.69999147469323,0.00902167962132261,0.690898294789291,0.0098096670863471
