"beta","beta_sd","omega","omega_sd","rho","rho_sd","conv_code","tau1","tau1_sd","tau2","tau2_sd","tau3","tau3_sd","tau4","tau4_sd","tau5","tau5_sd","tau6","tau6_sd"
0.703222547871421,0.00480118444236636,0.0652371810630167,0.00129890859041425,0.0110216488841961,0.0112523439169624,1,0.00674127360804774,0.0151672507058451,0.695742384925783,0.00662271003939681,0.706236305717112,0.00669288471645215,0.69015191529577,0.00865983540623775,0.696165916920923,0.0128853775214605,0.675088729129661,0.0232879383392738
