"beta","beta_sd","omega","omega_sd","rho","rho_sd","conv_code","tau1","tau1_sd","tau2","tau2_sd","tau3","tau3_sd","tau4","tau4_sd","tau5","tau5_sd","tau6","tau6_sd"
1.40694728279076,0.0359186900106736,15.934969607704,0.399836741361112,-0.89997019996221,0.00239393214503987,1,-0.0369361711420445,0.0392416875868907,0.687418157184756,0.0151786979738098,0.671764164717527,0.0148384305417116,0.692075269719544,0.0153217587241034,0.68466930209062,0.0161411260374601,0.700203028144318,0.0170652350341388
