"beta","beta_sd","omega","omega_sd","rho","rho_sd","conv_code","tau1","tau1_sd","tau2","tau2_sd","tau3","tau3_sd","tau4","tau4_sd","tau5","tau5_sd","tau6","tau6_sd"
2.2138004678386,0.0438972898026114,16.7422840994053,0.490455821948655,-0.899905737920385,0.00296716178522162,1,-0.0232898186710211,0.0463981351326755,0.684039273369945,0.0184159643118799,0.713222511249114,0.0181321287553378,0.698342559391559,0.0185265772946424,0.677588006778608,0.0193234861888211,0.708373195419093,0.0202641568682613
