"beta","beta_sd","omega","omega_sd","rho","rho_sd","conv_code","tau1","tau1_sd","tau2","tau2_sd","tau3","tau3_sd","tau4","tau4_sd","tau5","tau5_sd","tau6","tau6_sd"
1.83387815185499,0.0342366337869687,15.8632700101212,0.342858585525783,0.300462732363518,0.0240518515873347,1,0.025628270581152,0.026448479369089,0.684851247310599,0.0121017338119387,0.665702955316358,0.0123339589991503,0.703529164918969,0.0130728232658572,0.698601160895347,0.0137596270819378,0.707037000218118,0.0146198821173063
