"beta","beta_sd","omega","omega_sd","rho","rho_sd","conv_code","tau1","tau1_sd","tau2","tau2_sd","tau3","tau3_sd","tau4","tau4_sd","tau5","tau5_sd","tau6","tau6_sd"
0.420931977322814,0.0106419996843676,0.998836164083935,0.0174566689034357,-0.89910032659256,0.00159331987089817,1,0.0209113604707719,0.0254161336881675,0.698511593943853,0.00900044489466128,0.677680337522289,0.00938417987426736,0.717098257783058,0.0107596654557533,0.705256077166265,0.0130186778769496,0.669610144520222,0.0164372396098639
