"beta","beta_sd","omega","omega_sd","rho","rho_sd","conv_code","tau1","tau1_sd","tau2","tau2_sd","tau3","tau3_sd","tau4","tau4_sd","tau5","tau5_sd","tau6","tau6_sd"
2.49193539245504,0.02376500790091,0.0629921815857662,0.00262264330419313,-0.589346927915246,0.00958859150768464,1,-0.00710528210423547,0.0370831665318298,0.70150309658205,0.0214345633620574,0.684599177723801,0.015757042905018,0.695742240257516,0.0140143358727772,0.693714409585642,0.0139801583839262,0.661259819970351,0.0150598090643538
