"beta","beta_sd","omega","omega_sd","rho","rho_sd","conv_code","tau1","tau1_sd","tau2","tau2_sd","tau3","tau3_sd","tau4","tau4_sd","tau5","tau5_sd","tau6","tau6_sd"
3.74252545176621,0.0288219346491135,0.234883979523378,0.00687435816241535,-0.592030915139246,0.00823650643765344,1,-0.00111281436760729,0.0357475472124984,0.692523236877992,0.0205786472499279,0.663872316836119,0.0154641586829966,0.673457048433136,0.0131865588324103,0.689285155618142,0.0121681626451338,0.677946481432335,0.012112050495461
