"beta","beta_sd","omega","omega_sd","rho","rho_sd","conv_code","tau1","tau1_sd","tau2","tau2_sd","tau3","tau3_sd","tau4","tau4_sd","tau5","tau5_sd","tau6","tau6_sd"
1.79973886081828,0.00992871350897582,0.0618527278691502,0.001431586421091,-0.305026008561364,0.00965045096456395,1,-0.00456810553001616,0.0232693250398498,0.704334131747484,0.0126774468872905,0.682978325026424,0.00928578285719994,0.698992561754085,0.00888059980286893,0.690890293182466,0.00935251877288065,0.679230046359263,0.0103683260734438
