"beta","beta_sd","omega","omega_sd","rho","rho_sd","conv_code","tau1","tau1_sd","tau2","tau2_sd","tau3","tau3_sd","tau4","tau4_sd","tau5","tau5_sd","tau6","tau6_sd"
3.61972974084567,0.0261885671366594,0.598445063577406,0.0193073423264898,0.899107640429419,0.00245112103841858,1,0.0309049833985685,0.0435730345761144,0.695697070280037,0.0185845293075944,0.712748831611439,0.0138868000777501,0.679934192630756,0.012004630361344,0.683599114652075,0.0112979226344288,0.713275711434838,0.0110945978999386
