"beta","beta_sd","omega","omega_sd","rho","rho_sd","conv_code","tau1","tau1_sd","tau2","tau2_sd","tau3","tau3_sd","tau4","tau4_sd","tau5","tau5_sd","tau6","tau6_sd"
3.63268918348374,0.0426961593126341,16.3750643941949,0.359651253685211,0.596764094359874,0.0216184078106954,1,-0.0416089713406525,0.0314092397822683,0.702500403729467,0.0138677196545475,0.700771938120875,0.0130929742478874,0.699206691182325,0.0129880878867388,0.68764518571788,0.0135797604788593,0.710013791765524,0.0141645629567584
