"beta","beta_sd","omega","omega_sd","rho","rho_sd","conv_code","tau1","tau1_sd","tau2","tau2_sd","tau3","tau3_sd","tau4","tau4_sd","tau5","tau5_sd","tau6","tau6_sd"
3.13397457875513,0.0340720757314074,0.992688962380454,0.032331074992876,0.894333350680949,0.00367799540160833,1,-0.0906222362925882,0.051454241265523,0.689036098177266,0.0222293206232819,0.668736432777085,0.0187934803570087,0.674787807093456,0.0163346436913818,0.692602533417615,0.0152644562373538,0.67856177355987,0.01576150047609
