"beta","beta_sd","omega","omega_sd","rho","rho_sd","conv_code","tau1","tau1_sd","tau2","tau2_sd","tau3","tau3_sd","tau4","tau4_sd","tau5","tau5_sd","tau6","tau6_sd"
3.68100297030846,0.0342292291847975,0.234452523763979,0.011105633419971,0.353680210123648,0.0245785864190842,1,0.0338899148034382,0.0483825411502184,0.681930526941118,0.0280375575387759,0.694253451152742,0.020236761086639,0.674427947000328,0.0168236706578362,0.688929186105274,0.0155028059619824,0.689319814729783,0.0154836992649812
