"beta","beta_sd","omega","omega_sd","rho","rho_sd","conv_code","tau1","tau1_sd","tau2","tau2_sd","tau3","tau3_sd","tau4","tau4_sd","tau5","tau5_sd","tau6","tau6_sd"
0.199829148016576,0.0107687505365893,0.973158036206767,0.020321023503547,0.902390103578021,0.00289121551307298,1,-0.00692408008325763,0.032473860225485,0.696001311065201,0.00807141385165211,0.699010001455995,0.00864275989387466,0.688133996214649,0.0104601088278914,0.684912762489282,0.013224292154754,0.684406886665352,0.0167732642695705
