"beta","beta_sd","omega","omega_sd","rho","rho_sd","conv_code","tau1","tau1_sd","tau2","tau2_sd","tau3","tau3_sd","tau4","tau4_sd","tau5","tau5_sd","tau6","tau6_sd"
2.84236605577063,0.0165459932829952,0.0626358446534989,0.00194486888626923,-0.596967888122668,0.00612536578877008,1,0.0578464949230587,0.0282992131817904,0.684178164609361,0.0163092703518705,0.709640478624227,0.011643727343652,0.702892162661779,0.0100383470401424,0.698288099642995,0.00970997764330867,0.701299655218525,0.00978145481591168
