"beta","beta_sd","omega","omega_sd","rho","rho_sd","conv_code","tau1","tau1_sd","tau2","tau2_sd","tau3","tau3_sd","tau4","tau4_sd","tau5","tau5_sd","tau6","tau6_sd"
3.88299569586671,0.0316652366082415,0.253027090895633,0.0085599453603111,-0.0170289415183093,0.0220374244396289,1,-0.012836786579991,0.0401069930087314,0.676963394860154,0.0237978454849094,0.695457263044764,0.0173252820909879,0.701457451977993,0.0145158544299183,0.692742828872944,0.0136198004220216,0.68699704568027,0.0133531757587162
