"beta","beta_sd","omega","omega_sd","rho","rho_sd","conv_code","tau1","tau1_sd","tau2","tau2_sd","tau3","tau3_sd","tau4","tau4_sd","tau5","tau5_sd","tau6","tau6_sd"
3.1989649525228,0.0192601120927297,0.259761723393774,0.00614454051746205,-0.00781835776566586,0.0161555472425965,1,-0.00638645807235512,0.0318492973803147,0.701862193636319,0.0176642015730679,0.701803991231333,0.0122522906839123,0.683206039162347,0.0105411823223415,0.690897203525053,0.0101814075227612,0.700361866876369,0.0102988292446414
