"beta","beta_sd","omega","omega_sd","rho","rho_sd","conv_code","tau1","tau1_sd","tau2","tau2_sd","tau3","tau3_sd","tau4","tau4_sd","tau5","tau5_sd","tau6","tau6_sd"
1.00416866417793,0.00477832728222452,0.0605614332218598,0.00120511618455133,0.298162053789518,0.00993220815575997,1,0.0162077336061324,0.0155849016234558,0.690361161595135,0.00688456812195003,0.69581105243671,0.00578610093065591,0.68709383598479,0.00643705378923623,0.704660210424718,0.00781949513642737,0.682257148695729,0.0108910902519602
