"beta","beta_sd","omega","omega_sd","rho","rho_sd","conv_code","tau1","tau1_sd","tau2","tau2_sd","tau3","tau3_sd","tau4","tau4_sd","tau5","tau5_sd","tau6","tau6_sd"
2.77945118647694,0.0566654251659418,0.926527949114582,0.0408882606934485,-0.891082696526447,0.0045340153147471,1,-0.017320631536621,0.0431526996847643,0.650579041073122,0.0275348282127233,0.662576789585269,0.0249116379456436,0.666034100243002,0.0239774392357287,0.638531947139877,0.0241743833654457,0.66113676800433,0.0242129694053424
