"beta","beta_sd","omega","omega_sd","rho","rho_sd","conv_code","tau1","tau1_sd","tau2","tau2_sd","tau3","tau3_sd","tau4","tau4_sd","tau5","tau5_sd","tau6","tau6_sd"
2.7155530487835,0.0185190135232732,1.03102147648142,0.0208076676932797,0.558211550751258,0.0184999486607351,1,0.0395034668092935,0.0318817977873907,0.666282305721052,0.015679096085908,0.698178039595418,0.0114426717651984,0.718336945976339,0.0103442827902391,0.701232841143308,0.0106591743327413,0.692043961306247,0.0114746426489323
