"beta","beta_sd","omega","omega_sd","rho","rho_sd","conv_code","tau1","tau1_sd","tau2","tau2_sd","tau3","tau3_sd","tau4","tau4_sd","tau5","tau5_sd","tau6","tau6_sd"
1.49617218073087,0.012356809495465,0.987472135266042,0.0202909843004854,0.901231165117882,0.00274929629689977,1,0.018547359979989,0.0324040581691405,0.672410623381696,0.0109346329011337,0.693778589854662,0.00968794338553059,0.676251927785403,0.00971171588156039,0.703732308519879,0.0105158095757755,0.710573746108715,0.0119069380580852
