"beta","beta_sd","omega","omega_sd","rho","rho_sd","conv_code","tau1","tau1_sd","tau2","tau2_sd","tau3","tau3_sd","tau4","tau4_sd","tau5","tau5_sd","tau6","tau6_sd"
2.78431555191958,0.0392916669472855,15.6208318190217,0.362557622182181,0.572170248037322,0.0289924200615925,1,-0.00994404504344385,0.0325675140351501,0.702247974386888,0.0142606303985166,0.695555221913943,0.0142969628467246,0.678400827035169,0.0152097438534527,0.704632231261956,0.0154219533799533,0.680194571305689,0.016688287483969
