"beta","beta_sd","omega","omega_sd","rho","rho_sd","conv_code","tau1","tau1_sd","tau2","tau2_sd","tau3","tau3_sd","tau4","tau4_sd","tau5","tau5_sd","tau6","tau6_sd"
1.48990432474363,0.011439181810798,1.00222933459763,0.0172139238035989,0.610898236727261,0.0154497048105872,1,0.0263279891545559,0.0239977300067507,0.698126504368876,0.00962890871368789,0.688888893916782,0.0087448299977076,0.691485423936651,0.00927210795300022,0.684699661507429,0.0103616830092611,0.696639844328108,0.0119344046857679
