"beta","beta_sd","omega","omega_sd","rho","rho_sd","conv_code","tau1","tau1_sd","tau2","tau2_sd","tau3","tau3_sd","tau4","tau4_sd","tau5","tau5_sd","tau6","tau6_sd"
0.103380539212119,0.00407550788195122,0.0647428848022899,0.00135400994641758,-0.305234234644238,0.00968112232395454,1,0.0195717387421881,0.0144820854119956,0.696518755243497,0.0064221135963369,0.69300032931574,0.0103262219092923,0.709175865490458,0.0233230842492691,0.746484525444136,0.0693196485215888,1.64964282469952,177.056395445698
