"beta","beta_sd","omega","omega_sd","rho","rho_sd","conv_code","tau1","tau1_sd","tau2","tau2_sd","tau3","tau3_sd","tau4","tau4_sd","tau5","tau5_sd","tau6","tau6_sd"
1.98058891635843,0.0153665458288239,0.055425458660366,0.00497563890693704,0.902537266013097,0.00199232440528229,1,-0.0361994369349123,0.0394499034438383,0.698098422850246,0.016921713122598,0.682052202124803,0.0131740972365189,0.693709166089066,0.0120063036556088,0.691413992593086,0.0118562979133301,0.684248062838181,0.0126599282771486
