"beta","beta_sd","omega","omega_sd","rho","rho_sd","conv_code","tau1","tau1_sd","tau2","tau2_sd","tau3","tau3_sd","tau4","tau4_sd","tau5","tau5_sd","tau6","tau6_sd"
0.600795574459692,0.00442982288428068,0.0603204381892804,0.00148673479243521,0.60772660340024,0.00697594349879257,1,-0.00866449698088975,0.0169417144272272,0.69755433532967,0.00562078323730253,0.686927695550871,0.00561222005474412,0.692886939456863,0.00764338042133092,0.697074940202818,0.0122200054959809,0.714460123288649,0.0251593517408826
