"beta","beta_sd","omega","omega_sd","rho","rho_sd","conv_code","tau1","tau1_sd","tau2","tau2_sd","tau3","tau3_sd","tau4","tau4_sd","tau5","tau5_sd","tau6","tau6_sd"
3.20957911218233,0.0457881050271129,15.82906840944,0.395967927103445,-0.897679872078583,0.00248060781551102,1,0.0117521431137619,0.040382573408948,0.697166704198325,0.0159465860447817,0.687068515515011,0.0154121531884099,0.693811050301377,0.0154526884016603,0.685162464819209,0.0158360060553408,0.696079506035511,0.0164323670087199
