"beta","beta_sd","omega","omega_sd","rho","rho_sd","conv_code","tau1","tau1_sd","tau2","tau2_sd","tau3","tau3_sd","tau4","tau4_sd","tau5","tau5_sd","tau6","tau6_sd"
2.8275276669892,0.0429104509986652,16.4402503888703,0.420491652860182,0.895080567368034,0.00489603812317655,1,0.0112167386394278,0.0449908255598265,0.701406642025351,0.0169203434413351,0.707227596437163,0.0155430402994427,0.675553787363866,0.0158348661883991,0.688379587814657,0.01621447774051,0.727794330744198,0.0168817644691117
