"beta","beta_sd","omega","omega_sd","rho","rho_sd","conv_code","tau1","tau1_sd","tau2","tau2_sd","tau3","tau3_sd","tau4","tau4_sd","tau5","tau5_sd","tau6","tau6_sd"
0.993717463780789,0.00796690765209796,0.0601117565019165,0.00356716831116943,0.902159493311563,0.00191069322884453,1,-0.0351239950263856,0.0314043662428049,0.701567051502976,0.0113074898101682,0.694761850868132,0.00964606552754514,0.704944385442364,0.00985446953874118,0.688588313767923,0.0117110595268415,0.693186728627784,0.0150608103970017
