"beta","beta_sd","omega","omega_sd","rho","rho_sd","conv_code","tau1","tau1_sd","tau2","tau2_sd","tau3","tau3_sd","tau4","tau4_sd","tau5","tau5_sd","tau6","tau6_sd"
3.59947844732665,0.0546118243260856,0.569428918083071,0.0217963028594138,-0.607294642293121,0.014039825847391,1,-0.0309241583794599,0.0517762909790782,0.707910074908114,0.0302975363003386,0.697767336230066,0.0223263569431667,0.693333459491759,0.020630922795792,0.682402404294831,0.0205050915988777,0.744402098442246,0.0202423649736879
