"beta","beta_sd","omega","omega_sd","rho","rho_sd","conv_code","tau1","tau1_sd","tau2","tau2_sd","tau3","tau3_sd","tau4","tau4_sd","tau5","tau5_sd","tau6","tau6_sd"
3.19670706064274,0.0442855965504593,16.4372759015455,0.406465699436814,-0.00542159915646758,0.027081448531042,1,0.0227051750270241,0.0318542437165801,0.689128276083303,0.0154612912487399,0.709238620235405,0.0154990090784619,0.705716524197166,0.0159036071762215,0.715523148164157,0.0165855044825744,0.723436602668125,0.0172456210335276
