"beta","beta_sd","omega","omega_sd","rho","rho_sd","conv_code","tau1","tau1_sd","tau2","tau2_sd","tau3","tau3_sd","tau4","tau4_sd","tau5","tau5_sd","tau6","tau6_sd"
2.55837525689777,0.0396754465126168,16.248848255567,0.386699980383301,-0.594999757060827,0.00867490704952539,1,-0.0579697824582325,0.0301551782777046,0.694861469148331,0.0136726825861878,0.677959050572986,0.0138553039712804,0.706707571883257,0.0144125913506311,0.706141837947587,0.0149562686989408,0.676573666535112,0.0161767181990498
