"beta","beta_sd","omega","omega_sd","rho","rho_sd","conv_code","tau1","tau1_sd","tau2","tau2_sd","tau3","tau3_sd","tau4","tau4_sd","tau5","tau5_sd","tau6","tau6_sd"
2.72433302619141,0.0437960701985907,16.4265301598542,0.432395640126894,-0.61169325413045,0.01050151889983,1,-0.059019484447721,0.0356639399106807,0.696947519245543,0.0168248462073601,0.720813448978963,0.0162826353447898,0.686454146066538,0.016970947606844,0.691999583227344,0.0175392204152419,0.677973573002688,0.0185562687523561
