"beta","beta_sd","omega","omega_sd","rho","rho_sd","conv_code","tau1","tau1_sd","tau2","tau2_sd","tau3","tau3_sd","tau4","tau4_sd","tau5","tau5_sd","tau6","tau6_sd"
3.79851972593944,0.0444842748658756,0.0655554943004687,0.00492992915678188,-0.617158988616447,0.0115712463346857,1,-0.00481712132006311,0.051804114543543,0.715954952356212,0.0301184231257861,0.711811191426512,0.0223449806782829,0.728420226527267,0.0186841807699773,0.731389484388692,0.0171830279259343,0.722578887246428,0.0174079796374333
