"beta","beta_sd","omega","omega_sd","rho","rho_sd","conv_code","tau1","tau1_sd","tau2","tau2_sd","tau3","tau3_sd","tau4","tau4_sd","tau5","tau5_sd","tau6","tau6_sd"
0.397148436028571,0.00979523432450435,1.00984002794263,0.0179691896316757,0.299361269251722,0.0207653065686544,1,-0.0118838539234105,0.021590305313863,0.692689377079614,0.00819949848945411,0.696672148112463,0.00940638642978774,0.691172810354258,0.0117739773644034,0.678809222601602,0.0145203861357884,0.727140566531895,0.0178391567612534
