"beta","beta_sd","omega","omega_sd","rho","rho_sd","conv_code","tau1","tau1_sd","tau2","tau2_sd","tau3","tau3_sd","tau4","tau4_sd","tau5","tau5_sd","tau6","tau6_sd"
2.07802116329326,0.0358643613317295,16.5982218061697,0.363721241721728,-0.0130724031505648,0.0201102434797253,1,-0.00896041937378977,0.0268941926220443,0.714610788678744,0.0125053038085644,0.686536399291736,0.012806457001567,0.684367152512025,0.0134971529864257,0.729163455266769,0.0135537635710097,0.706979167289475,0.0147711826127193
