"beta","beta_sd","omega","omega_sd","rho","rho_sd","conv_code","tau1","tau1_sd","tau2","tau2_sd","tau3","tau3_sd","tau4","tau4_sd","tau5","tau5_sd","tau6","tau6_sd"
0.197082126242603,0.0113727827994446,1.00126008975518,0.0206370317114707,-0.899958447920337,0.00197065530613073,1,-0.00860832466160471,0.0292245381019713,0.686708069133747,0.0109168700626632,0.714643880379671,0.0114545961039356,0.705088445476923,0.0136076055208697,0.67047344864024,0.0168032489110872,0.69475580049918,0.0210217112730586
