"beta","beta_sd","omega","omega_sd","rho","rho_sd","conv_code","tau1","tau1_sd","tau2","tau2_sd","tau3","tau3_sd","tau4","tau4_sd","tau5","tau5_sd","tau6","tau6_sd"
1.60848991732659,0.00914751194096196,0.0635285466400045,0.00359553651586874,0.901853186254681,0.0016458324132481,1,-0.00337537668801868,0.0313336928523669,0.694292226460305,0.0114586922389019,0.69670365562009,0.00917049498211496,0.701865002435019,0.00847792800292373,0.693710702562401,0.00886118815824025,0.7057864042019,0.00965272292883009
