"beta","beta_sd","omega","omega_sd","rho","rho_sd","conv_code","tau1","tau1_sd","tau2","tau2_sd","tau3","tau3_sd","tau4","tau4_sd","tau5","tau5_sd","tau6","tau6_sd"
3.69787977841706,0.0279278189793041,0.241084480286296,0.00667653963718552,-0.581748183124439,0.0081978170646853,1,0.0694470641698226,0.0333857381084143,0.667077643202832,0.020098362209822,0.670649499673233,0.0154246171625027,0.711135934927246,0.01275233697507,0.697646519341672,0.0119138223081978,0.684499714799959,0.0119042727431981
