"beta","beta_sd","omega","omega_sd","rho","rho_sd","conv_code","tau1","tau1_sd","tau2","tau2_sd","tau3","tau3_sd","tau4","tau4_sd","tau5","tau5_sd","tau6","tau6_sd"
0.403147303636681,0.00539037944967118,0.0639536315209754,0.00173602476285407,-0.599690960159392,0.00796726715485688,1,0.00673652075053923,0.0168380666487357,0.699365839897221,0.00955106002505889,0.693792821330205,0.0112295297727062,0.697301670943121,0.0164787210161942,0.752102567666119,0.0295759817610591,0.590381429053904,0.0795915588219183
