"beta","beta_sd","omega","omega_sd","rho","rho_sd","conv_code","tau1","tau1_sd","tau2","tau2_sd","tau3","tau3_sd","tau4","tau4_sd","tau5","tau5_sd","tau6","tau6_sd"
1.39183048518871,0.00629486877418453,0.0616565977687904,0.00111862069670838,-0.29795162454441,0.00752441565978967,1,0.0112527349666925,0.0169294020618868,0.687301691469364,0.00904550983015356,0.686463492751167,0.00686620244671286,0.690131168488532,0.0070690122117512,0.67821981372053,0.00783196899269347,0.682100695345662,0.00860495187315181
