"beta","beta_sd","omega","omega_sd","rho","rho_sd","conv_code","tau1","tau1_sd","tau2","tau2_sd","tau3","tau3_sd","tau4","tau4_sd","tau5","tau5_sd","tau6","tau6_sd"
2.21565056255201,0.0204995726772751,0.0652665355845735,0.00235804427859327,-0.601950176351699,0.00892290245730639,1,0.0297665291683624,0.0331448062469405,0.685814191262677,0.0196453706062508,0.708175722536659,0.0142504052860841,0.695948613814479,0.0133251386592893,0.696720875600249,0.013634173353145,0.69725572945637,0.0145728763541651
