"beta","beta_sd","omega","omega_sd","rho","rho_sd","conv_code","tau1","tau1_sd","tau2","tau2_sd","tau3","tau3_sd","tau4","tau4_sd","tau5","tau5_sd","tau6","tau6_sd"
3.57038675938877,0.0547465285071903,0.605346773382295,0.0229278889647773,-0.620685402406145,0.0134625284609081,1,0.112763438735888,0.0471714088515591,0.675511455680802,0.0284769666092521,0.695872220781116,0.0229087610522464,0.710146061063768,0.0211013530569821,0.675928439108353,0.0204312251112137,0.749966429739868,0.0203589511448727
