"beta","beta_sd","omega","omega_sd","rho","rho_sd","conv_code","tau1","tau1_sd","tau2","tau2_sd","tau3","tau3_sd","tau4","tau4_sd","tau5","tau5_sd","tau6","tau6_sd"
3.38931342163534,0.0254835865431704,1.01514848147726,0.0228365642941157,0.285666660312069,0.0263623878269058,1,-0.00516357384538102,0.0356085564820904,0.69907160945057,0.0190434088696416,0.682718139896021,0.0140052543606953,0.699587795038389,0.012420851716501,0.681488212131941,0.0120700847591119,0.7030084273579,0.012466915488431
