"beta","beta_sd","omega","omega_sd","rho","rho_sd","conv_code","tau1","tau1_sd","tau2","tau2_sd","tau3","tau3_sd","tau4","tau4_sd","tau5","tau5_sd","tau6","tau6_sd"
0.756124648222748,0.0331680655507456,15.3722958263627,0.371178063001719,0.288739071263291,0.0326906760174818,1,-0.0140882410944229,0.0298265748421165,0.675653621799116,0.0135884654332459,0.66543153251604,0.0148380434634045,0.687710548698352,0.0158933971980036,0.669603094722133,0.0169071074014336,0.67986767646787,0.0178958687866493
