"beta","beta_sd","omega","omega_sd","rho","rho_sd","conv_code","tau1","tau1_sd","tau2","tau2_sd","tau3","tau3_sd","tau4","tau4_sd","tau5","tau5_sd","tau6","tau6_sd"
1.57042092741069,0.0626032450804432,15.6511899589004,1.03988644699023,-0.897625519412229,0.00678836389830087,1,0.0506955090301642,0.0646422128621167,0.676878169175944,0.0366262992474228,0.69878548155338,0.036426559304439,0.667904355344631,0.0371930721368805,0.647605536292588,0.0378692622003575,0.7038254789527,0.0382195931858522
