"beta","beta_sd","omega","omega_sd","rho","rho_sd","conv_code","tau1","tau1_sd","tau2","tau2_sd","tau3","tau3_sd","tau4","tau4_sd","tau5","tau5_sd","tau6","tau6_sd"
2.89941174711109,0.0225234676174861,0.995961955626843,0.0254381421538117,0.898328212381674,0.00282931054765771,1,0.0250683547107737,0.0408231110627106,0.700243848248921,0.0164216276463575,0.688677579912725,0.0130591094136588,0.690954249549281,0.0116562202753543,0.678095031082784,0.0116803679584343,0.690118398239685,0.0119673339658557
