"beta","beta_sd","omega","omega_sd","rho","rho_sd","conv_code","tau1","tau1_sd","tau2","tau2_sd","tau3","tau3_sd","tau4","tau4_sd","tau5","tau5_sd","tau6","tau6_sd"
3.09312251102603,0.0258536334305052,1.00617165047719,0.0216121715150036,-0.89788779119136,0.00202233955648997,1,0.0465289762076623,0.0325881930489203,0.662013971016623,0.0167182733039207,0.695537781351932,0.0133483416482118,0.675857140224902,0.0122486389743978,0.688785119833655,0.0118570811106207,0.690627828962248,0.0121427932155178
