"beta","beta_sd","omega","omega_sd","rho","rho_sd","conv_code","tau1","tau1_sd","tau2","tau2_sd","tau3","tau3_sd","tau4","tau4_sd","tau5","tau5_sd","tau6","tau6_sd"
2.96686350420945,0.0218027641195261,0.986605466494234,0.0191845541564513,-0.604964873610544,0.00680405160021195,1,-0.0364765110752042,0.0291084718012936,0.679318378829707,0.0157422269179049,0.70716809953062,0.0117177725198076,0.684361811799372,0.0108767349126027,0.683847994369814,0.0108007092526152,0.69991360003854,0.0111365738229102
