"beta","beta_sd","omega","omega_sd","rho","rho_sd","conv_code","tau1","tau1_sd","tau2","tau2_sd","tau3","tau3_sd","tau4","tau4_sd","tau5","tau5_sd","tau6","tau6_sd"
0.959003747533376,0.0341209605355502,16.1478100546911,0.386896705830609,0.603316665833774,0.0240432005776069,1,-0.0204590870108923,0.0327985377989534,0.686173147406099,0.0140281743986876,0.690698231541358,0.0144924843647068,0.668179965131153,0.0155521304566434,0.698567666437602,0.0161735568967319,0.65575993701818,0.0178846501740222
