"beta","beta_sd","omega","omega_sd","rho","rho_sd","conv_code","tau1","tau1_sd","tau2","tau2_sd","tau3","tau3_sd","tau4","tau4_sd","tau5","tau5_sd","tau6","tau6_sd"
0.827979505988962,0.0336629069473988,16.2031881629402,0.361779781912358,0.570834271694784,0.0228857090338049,1,0.0158518060465299,0.0286487370932882,0.683545327543848,0.0124197959400403,0.701956396217244,0.0124583793776883,0.671099553726048,0.0133260567526306,0.694462618304545,0.0140528460246683,0.697721738436405,0.0150939677805861
