"beta","beta_sd","omega","omega_sd","rho","rho_sd","conv_code","tau1","tau1_sd","tau2","tau2_sd","tau3","tau3_sd","tau4","tau4_sd","tau5","tau5_sd","tau6","tau6_sd"
2.22664003724717,0.0377790255537762,16.1693028703818,0.39034196229686,0.24953299276268,0.0337234120148438,1,-0.00143779126991259,0.0312036362746524,0.709369784439835,0.0144287482102595,0.693461586768299,0.015157263421114,0.726185939232488,0.0152304724563971,0.705058776747298,0.0158282232126128,0.680946935027668,0.0172588869789416
