"beta","beta_sd","omega","omega_sd","rho","rho_sd","conv_code","tau1","tau1_sd","tau2","tau2_sd","tau3","tau3_sd","tau4","tau4_sd","tau5","tau5_sd","tau6","tau6_sd"
1.52260946981006,0.0337755900825658,15.8918301625548,0.34551146857812,0.607768593179186,0.0207232118774014,1,0.014977736067031,0.0288870774045952,0.694580133455954,0.0120005333219831,0.679678877393052,0.0125125222697916,0.707431706563671,0.013111150018205,0.678073702377107,0.013744375049171,0.714358914353368,0.0145245915383178
