"beta","beta_sd","omega","omega_sd","rho","rho_sd","conv_code","tau1","tau1_sd","tau2","tau2_sd","tau3","tau3_sd","tau4","tau4_sd","tau5","tau5_sd","tau6","tau6_sd"
1.01058460375854,0.0355222527391552,15.9823835011397,0.445966143091315,0.584406015300896,0.034027839675292,1,-0.0373727265591728,0.0404614615365121,0.696379069622407,0.0178995098076848,0.658575096236351,0.0181722549646132,0.710031027830497,0.0196523996518212,0.689324908420492,0.0212239265490795,0.695005709273252,0.0224244758887275
