"beta","beta_sd","omega","omega_sd","rho","rho_sd","conv_code","tau1","tau1_sd","tau2","tau2_sd","tau3","tau3_sd","tau4","tau4_sd","tau5","tau5_sd","tau6","tau6_sd"
0.206605033928946,0.0353284457604605,15.9296927162129,0.563913018849361,0.0254861559711612,0.0427002812790659,1,0.0183285111377431,0.0388447034997562,0.691585079002408,0.0203222225351556,0.689525375724818,0.0212127997937426,0.682665369398608,0.0233179684875917,0.707841474050098,0.0240336958442477,0.715028472107385,0.0266112295431933
