"beta","beta_sd","omega","omega_sd","rho","rho_sd","conv_code","tau1","tau1_sd","tau2","tau2_sd","tau3","tau3_sd","tau4","tau4_sd","tau5","tau5_sd","tau6","tau6_sd"
3.31280354240894,0.0265283240496421,0.262743989497895,0.00694686092330548,-0.901763676109216,0.00197145657257322,3,-0.013797653209392,0.0330466640820091,0.719971814782156,0.0181582833672684,0.684098818988163,0.0145664888936238,0.672787354720339,0.0129442358992478,0.725044467214423,0.0119535454712131,0.692755671652546,0.0120927644316953
