"beta","beta_sd","omega","omega_sd","rho","rho_sd","conv_code","tau1","tau1_sd","tau2","tau2_sd","tau3","tau3_sd","tau4","tau4_sd","tau5","tau5_sd","tau6","tau6_sd"
0.198512299266878,0.00546126264149987,0.0642361223279066,0.00319033811424378,0.898631122771381,0.0017466566089823,1,-0.0373863244121187,0.0271508674448149,0.699564622352302,0.00604894178276058,0.682284492684288,0.00701625069277838,0.680154222669849,0.0106524017542049,0.697453014911888,0.0197137348262898,0.659385698523218,0.0426292755066752
