"beta","beta_sd","omega","omega_sd","rho","rho_sd","conv_code","tau1","tau1_sd","tau2","tau2_sd","tau3","tau3_sd","tau4","tau4_sd","tau5","tau5_sd","tau6","tau6_sd"
3.71862964578266,0.130787915036953,15.9992899569892,1.10963221631715,-0.900238613389509,0.00694752282604024,1,0.0858057524593028,0.0677217487854673,0.687933136217455,0.038570728834903,0.67675854705515,0.038708955002247,0.719791848245229,0.0380422555881133,0.71330430987827,0.0388577564129425,0.703646177642433,0.0395387380647761
