"beta","beta_sd","omega","omega_sd","rho","rho_sd","conv_code","tau1","tau1_sd","tau2","tau2_sd","tau3","tau3_sd","tau4","tau4_sd","tau5","tau5_sd","tau6","tau6_sd"
2.48551376105756,0.0229152698972606,1.01312836421005,0.0246226499022216,0.353261794566773,0.0301595025286445,1,-0.0317659862778748,0.0339139205338171,0.68909938072706,0.0168528672352457,0.710887472938825,0.0137440878811732,0.685995837074559,0.0133155080429718,0.699210986675773,0.0139874607499038,0.678307016322183,0.0152411086298168
