"beta","beta_sd","omega","omega_sd","rho","rho_sd","conv_code","tau1","tau1_sd","tau2","tau2_sd","tau3","tau3_sd","tau4","tau4_sd","tau5","tau5_sd","tau6","tau6_sd"
1.20891824211546,0.011608197630699,1.01926472174775,0.0172708079317309,-0.305801239162979,0.0111694909079837,1,-0.00802961711584568,0.0219769049719442,0.705588292055001,0.00938126489201244,0.70923254378711,0.0092734194574385,0.691405022953051,0.0104787667901944,0.695378235161066,0.0118256436194374,0.694131157087794,0.0135922344288938
