"beta","beta_sd","omega","omega_sd","rho","rho_sd","conv_code","tau1","tau1_sd","tau2","tau2_sd","tau3","tau3_sd","tau4","tau4_sd","tau5","tau5_sd","tau6","tau6_sd"
-0.00298287981387079,0.0347144157608004,16.0348927788253,0.381474834219004,-0.293857707182385,0.0150481835315262,1,0.00935506014235554,0.0271518393892485,0.70317627862674,0.0126591857764984,0.684810397506239,0.0136055658738913,0.698362086835544,0.014237602277351,0.685885156787358,0.0156132634721387,0.703249459516254,0.0171815996475412
