"beta","beta_sd","omega","omega_sd","rho","rho_sd","conv_code","tau1","tau1_sd","tau2","tau2_sd","tau3","tau3_sd","tau4","tau4_sd","tau5","tau5_sd","tau6","tau6_sd"
1.00305458111927,0.00531210308490906,0.0633019889166305,0.00107502981140882,-0.599868363051418,0.00437821418049659,1,0.0150712923087027,0.0144789168616131,0.686380335922199,0.00753823692326192,0.699826085895357,0.00641121360193958,0.695571817450951,0.00710268475993319,0.682615428169752,0.00853299679915622,0.706396943310562,0.0112475436217902
