"beta","beta_sd","omega","omega_sd","rho","rho_sd","conv_code","tau1","tau1_sd","tau2","tau2_sd","tau3","tau3_sd","tau4","tau4_sd","tau5","tau5_sd","tau6","tau6_sd"
2.293862789597,0.0170193235724756,1.001044833409,0.0225746003557882,0.898266770323991,0.0028312880028122,1,0.00847221293528435,0.0366255921769995,0.695045441100333,0.0138377385471946,0.685112570013945,0.0115365363334209,0.700923296504024,0.0105211662991902,0.694676260074824,0.0106115999059241,0.665162793775978,0.0115536082186496
