"beta","beta_sd","omega","omega_sd","rho","rho_sd","conv_code","tau1","tau1_sd","tau2","tau2_sd","tau3","tau3_sd","tau4","tau4_sd","tau5","tau5_sd","tau6","tau6_sd"
1.91998995658251,0.0351091405199715,16.3131110108687,0.356670088788732,0.00649659036402521,0.0201493348536264,1,-0.0131792919078832,0.0264445344308323,0.686233201279849,0.0124213794352331,0.695485758042269,0.0127576103627138,0.710657151079798,0.0130609681686095,0.707243719452783,0.013845777673125,0.713430183631689,0.0145480520839434
