"beta","beta_sd","omega","omega_sd","rho","rho_sd","conv_code","tau1","tau1_sd","tau2","tau2_sd","tau3","tau3_sd","tau4","tau4_sd","tau5","tau5_sd","tau6","tau6_sd"
0.977245604928283,0.0334524519314974,16.1019645831972,0.352960463125133,0.287145444394388,0.0241222261126658,1,0.0193331483094659,0.0265551358110299,0.692811767980936,0.0118453680003199,0.710473241207979,0.0122901989782725,0.689748264200338,0.0131988136670587,0.699437222512756,0.0141558182457848,0.687919409328801,0.0155516095463621
