"beta","beta_sd","omega","omega_sd","rho","rho_sd","conv_code","tau1","tau1_sd","tau2","tau2_sd","tau3","tau3_sd","tau4","tau4_sd","tau5","tau5_sd","tau6","tau6_sd"
0.483386738504392,0.00982225234569799,1.01761205440956,0.0179218804977093,0.572691736846462,0.0171936161527481,1,-0.0261303570694811,0.0225249205087576,0.69730037007308,0.00801583560999531,0.700219700907082,0.00898902993920027,0.677009622928816,0.0112368540374481,0.695755150147876,0.0135538211888941,0.692509374880869,0.0169761277354042
