"beta","beta_sd","omega","omega_sd","rho","rho_sd","conv_code","tau1","tau1_sd","tau2","tau2_sd","tau3","tau3_sd","tau4","tau4_sd","tau5","tau5_sd","tau6","tau6_sd"
1.53217659656417,0.0459269451929112,16.3707570334697,0.713212317888925,-0.60498452955895,0.017878876238107,1,-0.0093415338009799,0.0467961185937011,0.70963784700299,0.0250378486536592,0.71477960909171,0.0253999499552354,0.686767396465186,0.0269132876686996,0.706720290786612,0.027664109758837,0.706292841786465,0.0288253501519992
