"beta","beta_sd","omega","omega_sd","rho","rho_sd","conv_code","tau1","tau1_sd","tau2","tau2_sd","tau3","tau3_sd","tau4","tau4_sd","tau5","tau5_sd","tau6","tau6_sd"
2.9958044974528,0.0304695591958128,0.0670358937132439,0.00344236052911001,-0.595468414288503,0.0105495698151025,1,-0.0827072150869797,0.0420958854352159,0.718386809280795,0.0241948841048452,0.707646170105152,0.0180574604073043,0.671802863749908,0.0160066426891703,0.700511034532477,0.0152100648908082,0.703502072849262,0.0157594360996009
