"beta","beta_sd","omega","omega_sd","rho","rho_sd","conv_code","tau1","tau1_sd","tau2","tau2_sd","tau3","tau3_sd","tau4","tau4_sd","tau5","tau5_sd","tau6","tau6_sd"
2.58203341786825,0.0919547874746777,17.0217504795713,1.14087150667628,-0.902838960343044,0.00654962929876296,1,-0.0182790704849833,0.0667985738739665,0.727797043794422,0.036818150388347,0.718680224897118,0.0369433155470558,0.730617326553385,0.0373250955773135,0.7174320472743,0.0376695220516633,0.73081765989178,0.0387177826821729
