"beta","beta_sd","omega","omega_sd","rho","rho_sd","conv_code","tau1","tau1_sd","tau2","tau2_sd","tau3","tau3_sd","tau4","tau4_sd","tau5","tau5_sd","tau6","tau6_sd"
1.79879984177632,0.0125793739482531,0.995221918450397,0.0176264753948926,0.59912774029,0.015772056224951,1,-0.00153681152211844,0.0253677255063951,0.690657466665582,0.0107246407347493,0.680187287924196,0.00919918571875202,0.702581096692567,0.00927189980347076,0.680932601817682,0.0103220110693345,0.682083356292829,0.0113697202960278
