"beta","beta_sd","omega","omega_sd","rho","rho_sd","conv_code","tau1","tau1_sd","tau2","tau2_sd","tau3","tau3_sd","tau4","tau4_sd","tau5","tau5_sd","tau6","tau6_sd"
0.808651132357097,0.0365592080040038,15.6199156293991,0.493525476899043,0.905995461412176,0.00530809799786906,1,0.023178981434602,0.0540803036827875,0.70092889487118,0.01974295085607,0.694928232996614,0.0195869204832479,0.686334910983199,0.0208414271566101,0.656606454385758,0.0221115335012265,0.70123517718372,0.0238684780997607
