"beta","beta_sd","omega","omega_sd","rho","rho_sd","conv_code","tau1","tau1_sd","tau2","tau2_sd","tau3","tau3_sd","tau4","tau4_sd","tau5","tau5_sd","tau6","tau6_sd"
1.00635395907741,0.00655260794301086,0.0609124597855294,0.00117088164220275,-0.901327268587458,0.00143740129193316,1,0.00151654912513432,0.0171052161718419,0.705297048607374,0.00950283777683492,0.689906150645207,0.00853392520562433,0.690966536588504,0.00886297396052463,0.702697324009079,0.01020543633362,0.707123992185745,0.0129107632212932
