"beta","beta_sd","omega","omega_sd","rho","rho_sd","conv_code","tau1","tau1_sd","tau2","tau2_sd","tau3","tau3_sd","tau4","tau4_sd","tau5","tau5_sd","tau6","tau6_sd"
3.29252853539475,0.0270407911380001,0.994645048905486,0.0223790961837264,-0.0217330472011089,0.0217303090503111,1,-0.0409040315239286,0.0337642393072725,0.70530283747592,0.0186093812645053,0.703948191482051,0.0140465690988053,0.696400052282394,0.0126205967925539,0.679935147343304,0.0127410629321152,0.681778931054948,0.01291517115148
