"beta","beta_sd","omega","omega_sd","rho","rho_sd","conv_code","tau1","tau1_sd","tau2","tau2_sd","tau3","tau3_sd","tau4","tau4_sd","tau5","tau5_sd","tau6","tau6_sd"
3.64875003976159,0.0351973141701205,0.243799934025703,0.0122261597709701,0.601338810084963,0.0150506775669967,1,0.0266272105223926,0.0508605865136834,0.646942221492724,0.0285478808350915,0.684036156842924,0.0201580674606321,0.685349655236533,0.0170773345677565,0.658080744743876,0.0161257248076257,0.706805462422981,0.0154493056084773
