"beta","beta_sd","omega","omega_sd","rho","rho_sd","conv_code","tau1","tau1_sd","tau2","tau2_sd","tau3","tau3_sd","tau4","tau4_sd","tau5","tau5_sd","tau6","tau6_sd"
2.81929158071078,0.0404747051616958,15.7479388263021,0.370443214128234,-0.604963317738315,0.0085705738931303,1,-0.0462766772132548,0.030388807874383,0.717296112102169,0.0136475418163032,0.704688536956366,0.013623715609922,0.692706075391037,0.014485762479731,0.706791686764419,0.0149171099116119,0.66933470774651,0.0160739772405811
