"beta","beta_sd","omega","omega_sd","rho","rho_sd","conv_code","tau1","tau1_sd","tau2","tau2_sd","tau3","tau3_sd","tau4","tau4_sd","tau5","tau5_sd","tau6","tau6_sd"
3.38947106529741,0.0229638081495006,0.241904450984111,0.0117646348562371,0.899563292586089,0.00213393678669063,1,-0.00273348521856526,0.0405101727996477,0.66523319087745,0.0180168177988956,0.686721522783235,0.0136410963751984,0.692684940398533,0.0116333323296702,0.693383376392054,0.0107892961583525,0.689316375102921,0.0107734881482076
