"beta","beta_sd","omega","omega_sd","rho","rho_sd","conv_code","tau1","tau1_sd","tau2","tau2_sd","tau3","tau3_sd","tau4","tau4_sd","tau5","tau5_sd","tau6","tau6_sd"
2.31637463670043,0.0137383098173914,1.03186029312614,0.017531270893454,0.565070738880727,0.0151619817716853,1,0.0162650993785424,0.0248357885706039,0.673723212758098,0.0114692887102881,0.701168475093704,0.00893797581120847,0.696072464461778,0.00841038655003213,0.702859824263909,0.0087153174566727,0.699154301413074,0.00950716909087403
