"beta","beta_sd","omega","omega_sd","rho","rho_sd","conv_code","tau1","tau1_sd","tau2","tau2_sd","tau3","tau3_sd","tau4","tau4_sd","tau5","tau5_sd","tau6","tau6_sd"
1.0776898726242,0.0347942271604155,15.7782413676575,0.41988606733197,-0.609936084010171,0.0103316185140953,1,-0.0195200302852135,0.0334792129862465,0.705823035974686,0.015646770500881,0.68186871416054,0.0162881493571821,0.712230128937519,0.0168898083233394,0.678782771940966,0.018346453425945,0.705266997485275,0.0193892026488277
