"beta","beta_sd","omega","omega_sd","rho","rho_sd","conv_code","tau1","tau1_sd","tau2","tau2_sd","tau3","tau3_sd","tau4","tau4_sd","tau5","tau5_sd","tau6","tau6_sd"
2.52146667420294,0.0533147030160205,15.6877355636318,0.585183306788713,-0.289040215916037,0.0289975782010013,1,0.0496125998080431,0.0394629124504484,0.668296245715318,0.0221222057007785,0.681175086832249,0.0224582868649831,0.699490988275866,0.0230428137205415,0.683149781093538,0.0245720669449845,0.690849053563027,0.0259073895676169
