"beta","beta_sd","omega","omega_sd","rho","rho_sd","conv_code","tau1","tau1_sd","tau2","tau2_sd","tau3","tau3_sd","tau4","tau4_sd","tau5","tau5_sd","tau6","tau6_sd"
0.0718848558721058,0.0367502397860803,16.4825942735751,0.442049162496303,0.901020677025389,0.00475664824905076,1,0.102422947604701,0.0458545542617787,0.666647255579345,0.015730360580297,0.716530379624874,0.0158401785090839,0.69493407754692,0.0165514909262652,0.717182242956844,0.0173009688783486,0.710976445427656,0.0193197793178149
