"beta","beta_sd","omega","omega_sd","rho","rho_sd","conv_code","tau1","tau1_sd","tau2","tau2_sd","tau3","tau3_sd","tau4","tau4_sd","tau5","tau5_sd","tau6","tau6_sd"
2.39348897853906,0.0427373035537555,16.6952144381372,0.467197111936057,0.590874721726469,0.0366751204241418,1,-0.0455346775065969,0.0420375796708645,0.7084513722926,0.0183070512390191,0.711813759963497,0.0186243870114103,0.700815413691044,0.0191252883699784,0.698399562353856,0.020191063629004,0.699366156289446,0.0220732308250701
