"beta","beta_sd","omega","omega_sd","rho","rho_sd","conv_code","tau1","tau1_sd","tau2","tau2_sd","tau3","tau3_sd","tau4","tau4_sd","tau5","tau5_sd","tau6","tau6_sd"
0.294431009009853,0.0349921678044427,16.446016141044,0.402284352840849,0.594202250619855,0.0290213174893421,1,-0.0351924387173672,0.032493397477959,0.710387735284426,0.0138015678765373,0.691869725548775,0.0145268369987518,0.686359642396293,0.0160724543654162,0.686256267866985,0.0171071967844041,0.685220069343544,0.0187832352418506
