"beta","beta_sd","omega","omega_sd","rho","rho_sd","conv_code","tau1","tau1_sd","tau2","tau2_sd","tau3","tau3_sd","tau4","tau4_sd","tau5","tau5_sd","tau6","tau6_sd"
2.29282986648225,0.0134522884357251,0.979327736580919,0.0166723900679309,0.590382258786418,0.0138024617226863,1,-0.0371415559857322,0.025071934669697,0.711637674971324,0.0112528234947546,0.696421867940297,0.00888398188286328,0.680290409421197,0.00851906609608197,0.68103662786691,0.0087964764513078,0.705028866457473,0.00951318716073493
