"beta","beta_sd","omega","omega_sd","rho","rho_sd","conv_code","tau1","tau1_sd","tau2","tau2_sd","tau3","tau3_sd","tau4","tau4_sd","tau5","tau5_sd","tau6","tau6_sd"
2.58275654298159,0.0126902463133854,0.0608671518728448,0.0029190586159406,0.599451102847723,0.00763568466035072,1,-0.0743616479850285,0.0292544906140957,0.712363537233235,0.0146629555740389,0.691115117970867,0.010385493686392,0.672478888064665,0.00893794436523049,0.693427746330388,0.00844483114469368,0.692386261046797,0.00874904225867668
