"beta","beta_sd","omega","omega_sd","rho","rho_sd","conv_code","tau1","tau1_sd","tau2","tau2_sd","tau3","tau3_sd","tau4","tau4_sd","tau5","tau5_sd","tau6","tau6_sd"
3.59167074308529,0.0357181790097035,0.554287762352183,0.0181800267467624,0.288967745131704,0.0313346014990823,1,0.00755016193039045,0.0469427798183048,0.691926961645797,0.0259279575187348,0.717066837902499,0.0189693875870023,0.690199963022699,0.0164050335865932,0.695159716463779,0.0157051154114869,0.68082914674365,0.0164935876742816
