"beta","beta_sd","omega","omega_sd","rho","rho_sd","conv_code","tau1","tau1_sd","tau2","tau2_sd","tau3","tau3_sd","tau4","tau4_sd","tau5","tau5_sd","tau6","tau6_sd"
3.65754089605693,0.0707959532060912,16.0752625013087,0.610993443723396,-0.249040699201765,0.0325076996045235,1,0.0672080502038579,0.0431792402064048,0.67297435061458,0.0235604460701134,0.712578175580169,0.0228701308822184,0.697599250427468,0.0237468800598507,0.650655814671848,0.0246187453466424,0.687073557060926,0.025233789532253
