"beta","beta_sd","omega","omega_sd","rho","rho_sd","conv_code","tau1","tau1_sd","tau2","tau2_sd","tau3","tau3_sd","tau4","tau4_sd","tau5","tau5_sd","tau6","tau6_sd"
1.47691360746678,0.0398034194741908,15.9862111972328,0.551441943403417,-0.0357426485945947,0.0405667307464987,1,-0.046422849159646,0.0395347787891261,0.71938506476908,0.0200716105919453,0.716006360044439,0.0205608324413492,0.684938648174783,0.0227244111226324,0.699932928224493,0.0233572363479628,0.718597292049125,0.0247431438259018
