"beta","beta_sd","omega","omega_sd","rho","rho_sd","conv_code","tau1","tau1_sd","tau2","tau2_sd","tau3","tau3_sd","tau4","tau4_sd","tau5","tau5_sd","tau6","tau6_sd"
3.68403942787584,0.0280749652037041,0.551248206469252,0.0148508610274672,0.290581723664713,0.0252623533388175,1,0.0152353458479745,0.0384499315782255,0.673270261749779,0.0217067333511509,0.709224783493254,0.015711945207366,0.690011989858227,0.0135052780356392,0.68968351100738,0.012789949278273,0.677250036894421,0.0128294720633051
