"beta","beta_sd","omega","omega_sd","rho","rho_sd","conv_code","tau1","tau1_sd","tau2","tau2_sd","tau3","tau3_sd","tau4","tau4_sd","tau5","tau5_sd","tau6","tau6_sd"
2.87922530012634,0.0234540018783305,1.0139917932556,0.0205920560567248,-0.897181628004237,0.00195125962091136,1,-0.0337068286496823,0.0317926406593599,0.692656237836523,0.0157427193721734,0.687859005082077,0.0126773202677116,0.692708338777048,0.0116558369372533,0.693349802000072,0.0113457906155994,0.671356820726181,0.0118806005045763
