"beta","beta_sd","omega","omega_sd","rho","rho_sd","conv_code","tau1","tau1_sd","tau2","tau2_sd","tau3","tau3_sd","tau4","tau4_sd","tau5","tau5_sd","tau6","tau6_sd"
3.44335702488933,0.0320617695410907,0.242589185451662,0.0105123898663342,0.297552009381922,0.0268534997641316,1,-0.0744080886963712,0.0502926818780864,0.717923269179699,0.0271378550581609,0.690239857788862,0.0189384250268401,0.659465176523197,0.0162938643874897,0.662497354455222,0.0155576996386799,0.685820325105842,0.015366932842876
