"beta","beta_sd","omega","omega_sd","rho","rho_sd","conv_code","tau1","tau1_sd","tau2","tau2_sd","tau3","tau3_sd","tau4","tau4_sd","tau5","tau5_sd","tau6","tau6_sd"
3.91690479310829,0.0355535492125676,0.996781232711835,0.0251794600770452,-0.0116530060668708,0.025542113618062,1,0.0777986102690329,0.0386205958996429,0.673738271798249,0.0226746397737821,0.690242721098341,0.0165942488685203,0.703022269649269,0.0145742739129467,0.693721231044525,0.013911541462778,0.693840774092907,0.0140838670417719
