"beta","beta_sd","omega","omega_sd","rho","rho_sd","conv_code","tau1","tau1_sd","tau2","tau2_sd","tau3","tau3_sd","tau4","tau4_sd","tau5","tau5_sd","tau6","tau6_sd"
0.585921583712317,0.00986153234982809,1.00164032626629,0.0172508167831303,0.0120112042354752,0.0165539730508945,1,-0.0382381767578876,0.02063761728656,0.687430004073518,0.00844671472878287,0.69924202326335,0.00943072145453899,0.714679588079948,0.0112515692935442,0.664068698124592,0.0136997097856954,0.687467555003505,0.0164962745487471
