"beta","beta_sd","omega","omega_sd","rho","rho_sd","conv_code","tau1","tau1_sd","tau2","tau2_sd","tau3","tau3_sd","tau4","tau4_sd","tau5","tau5_sd","tau6","tau6_sd"
0.997027691023951,0.00654319258132075,0.0621259550313011,0.00178436691501673,0.314232999572181,0.0149948551870486,1,-0.0041872596233212,0.0210348649632781,0.692964686055011,0.00973135403074248,0.685817336893938,0.00828059432270802,0.695009696417775,0.00962492183809422,0.683897093867147,0.0115932678151185,0.691606283802661,0.0157717154332342
