"beta","beta_sd","omega","omega_sd","rho","rho_sd","conv_code","tau1","tau1_sd","tau2","tau2_sd","tau3","tau3_sd","tau4","tau4_sd","tau5","tau5_sd","tau6","tau6_sd"
1.54030755360712,0.0189734242100546,1.028669377917,0.0259708830215675,-0.324403430365676,0.0176164451791832,1,-0.00154728503571231,0.028322084748322,0.708739573050484,0.0143294381927259,0.71942846311854,0.0140182345132257,0.702728453220074,0.0149080711950581,0.735536935845001,0.0158998008109635,0.737128850596419,0.0174386207169181
