"beta","beta_sd","omega","omega_sd","rho","rho_sd","conv_code","tau1","tau1_sd","tau2","tau2_sd","tau3","tau3_sd","tau4","tau4_sd","tau5","tau5_sd","tau6","tau6_sd"
2.62043186266128,0.033127010719124,1.02525828047793,0.0293900251362606,-0.33462113068556,0.0200916431799814,1,-0.0640842375391183,0.0372699850759707,0.697666908014694,0.0203247152473183,0.735708657316327,0.0163734133810059,0.678053140083129,0.0166425902950976,0.710231258640203,0.0167548199000717,0.709054434696669,0.0176642852968803
