"beta","beta_sd","omega","omega_sd","rho","rho_sd","conv_code","tau1","tau1_sd","tau2","tau2_sd","tau3","tau3_sd","tau4","tau4_sd","tau5","tau5_sd","tau6","tau6_sd"
3.165781921145,0.0397039619945697,16.1345934734896,0.348853658419796,0.307850357523176,0.0247375604902323,1,-0.00616685157726297,0.0277483941654821,0.694791496073717,0.0128826210389916,0.681263159405137,0.0127973845522086,0.706185107685631,0.0128208945349436,0.675602576153551,0.0136911484946586,0.707788212402213,0.0141335401668495
