"beta","beta_sd","omega","omega_sd","rho","rho_sd","conv_code","tau1","tau1_sd","tau2","tau2_sd","tau3","tau3_sd","tau4","tau4_sd","tau5","tau5_sd","tau6","tau6_sd"
0.515346017791937,0.00976715505458242,1.00722699472944,0.0176216548911119,0.302261534052576,0.0208084356721559,1,0.0239785950740708,0.0213668588401045,0.691035835164872,0.00813994704900499,0.700122475853293,0.00934860625146609,0.698842834914186,0.0111901707661841,0.701679308913272,0.0134829589519497,0.696216022391756,0.0168187064446845
