"beta","beta_sd","omega","omega_sd","rho","rho_sd","conv_code","tau1","tau1_sd","tau2","tau2_sd","tau3","tau3_sd","tau4","tau4_sd","tau5","tau5_sd","tau6","tau6_sd"
1.40302077904504,0.0342013111029878,16.1350628745367,0.365407336832471,-0.290752025066917,0.0151534194474256,1,-0.00625682567141021,0.0268098269608647,0.687574454547879,0.0127732210922539,0.690727479319658,0.0130204976126968,0.699443843655445,0.0136286542932941,0.695104783464639,0.0144850406873243,0.680436910668317,0.0156062704133767
