"beta","beta_sd","omega","omega_sd","rho","rho_sd","conv_code","tau1","tau1_sd","tau2","tau2_sd","tau3","tau3_sd","tau4","tau4_sd","tau5","tau5_sd","tau6","tau6_sd"
3.67206878652792,0.0604261083032677,0.970906606446603,0.0373730508088048,-0.584259791905461,0.0161400903371834,1,0.0242779234953443,0.0518657907390693,0.664134292698778,0.0304293658688559,0.701070578858914,0.0238155046355066,0.676339754194245,0.0220577779656779,0.687942557720898,0.0216577612041108,0.687004683056757,0.0215161950798425
