"beta","beta_sd","omega","omega_sd","rho","rho_sd","conv_code","tau1","tau1_sd","tau2","tau2_sd","tau3","tau3_sd","tau4","tau4_sd","tau5","tau5_sd","tau6","tau6_sd"
0.393546927549469,0.00976644334272506,1.00881591424456,0.0177938626535224,-0.0046464177160367,0.0163836672643927,1,-0.00359040131025358,0.0207733915164841,0.695178843435902,0.00851977938724605,0.696239172803667,0.0096936878297843,0.67796167324246,0.0118750214568814,0.693789288973988,0.0143445022039129,0.674500041105247,0.0184521605018566
