"beta","beta_sd","omega","omega_sd","rho","rho_sd","conv_code","tau1","tau1_sd","tau2","tau2_sd","tau3","tau3_sd","tau4","tau4_sd","tau5","tau5_sd","tau6","tau6_sd"
1.6886164424323,0.034489720505739,16.3192551756804,0.356874264065969,0.602913365265856,0.0212148594538253,1,-0.028470519012195,0.0290504733862511,0.686007298693686,0.0124280760874424,0.700561792123493,0.0121600285704412,0.676588504583626,0.013011355770745,0.688373015840014,0.0137691977719388,0.694706564675462,0.0149203728925345
