"beta","beta_sd","omega","omega_sd","rho","rho_sd","conv_code","tau1","tau1_sd","tau2","tau2_sd","tau3","tau3_sd","tau4","tau4_sd","tau5","tau5_sd","tau6","tau6_sd"
2.50980962981573,0.0215953668718069,0.0652504354358867,0.00281976095744364,-0.307981907876922,0.0153773696796175,1,-0.00387135147659065,0.0374990080754719,0.707622154501146,0.0212179823182367,0.688287766673779,0.0149880357013338,0.698155818717708,0.0131017412843838,0.698054848840269,0.0133010386789995,0.695567955189453,0.0139881672430485
