"beta","beta_sd","omega","omega_sd","rho","rho_sd","conv_code","tau1","tau1_sd","tau2","tau2_sd","tau3","tau3_sd","tau4","tau4_sd","tau5","tau5_sd","tau6","tau6_sd"
1.59128856824397,0.0115578747085747,0.993192540894442,0.0152618773553156,-0.303527190182129,0.00938122985208178,1,0.0391027142331338,0.0197968268265925,0.675942938065153,0.0088844170643611,0.686350367082078,0.00818175087968304,0.694274132508042,0.00853899633508809,0.683943699009461,0.00946276546881635,0.698819738087424,0.0108101326313198
