"beta","beta_sd","omega","omega_sd","rho","rho_sd","conv_code","tau1","tau1_sd","tau2","tau2_sd","tau3","tau3_sd","tau4","tau4_sd","tau5","tau5_sd","tau6","tau6_sd"
1.41133234943452,0.0353549063029865,15.9454053174666,0.405169363461171,-0.287226406411479,0.0189172050712654,1,0.0163658810649693,0.0309942363725867,0.697820380037189,0.0149672083002695,0.689546692209594,0.0154136154951832,0.682578555581531,0.0166311109494513,0.68373086638181,0.0173894875122509,0.688237117366927,0.0183892536907469
