"beta","beta_sd","omega","omega_sd","rho","rho_sd","conv_code","tau1","tau1_sd","tau2","tau2_sd","tau3","tau3_sd","tau4","tau4_sd","tau5","tau5_sd","tau6","tau6_sd"
-0.00268450160416919,0.0111025746574411,0.942380499913018,0.0260929247756693,-0.273687138660278,0.020291667439965,1,-0.0124748706125005,0.0265357465190415,0.683681177254178,0.0133117745233723,0.676945883833539,0.0161787705284302,0.685335260376722,0.0198301839775721,0.686599863473818,0.0249489915983835,0.624762661118238,0.0319711409156008
