"beta","beta_sd","omega","omega_sd","rho","rho_sd","conv_code","tau1","tau1_sd","tau2","tau2_sd","tau3","tau3_sd","tau4","tau4_sd","tau5","tau5_sd","tau6","tau6_sd"
3.69510518173834,0.0260479316109278,0.262629589213641,0.0069772984627248,-0.314991607012933,0.0130569958478685,1,0.0187125725352041,0.0355437321926526,0.665067733038858,0.0210252167193949,0.68357352972703,0.014590758277577,0.721778618137162,0.0120439741115948,0.684502085669217,0.0115308837654131,0.708651349819126,0.0114750520599643
