"beta","beta_sd","omega","omega_sd","rho","rho_sd","conv_code","tau1","tau1_sd","tau2","tau2_sd","tau3","tau3_sd","tau4","tau4_sd","tau5","tau5_sd","tau6","tau6_sd"
2.66075838069308,0.0156043912262822,0.0629754476138881,0.00356741782556679,0.589382780534593,0.00906704209941663,1,-0.00852448999986556,0.0333786716490039,0.663637064674721,0.0179723101545812,0.682012955576361,0.0126002920255212,0.693504336046256,0.0105108801641798,0.675548021891537,0.0101914274099728,0.689020524266913,0.0102790740320872
