"beta","beta_sd","omega","omega_sd","rho","rho_sd","conv_code","tau1","tau1_sd","tau2","tau2_sd","tau3","tau3_sd","tau4","tau4_sd","tau5","tau5_sd","tau6","tau6_sd"
1.49000900699061,0.00846294293717374,0.0636928760210681,0.00131082826868208,-0.596943743236647,0.00565197376165959,1,-0.0167692137787279,0.0204436262471985,0.686789917358989,0.0114296243737333,0.700845418846571,0.00861915937239717,0.679268965980591,0.00869960894082493,0.687078980463206,0.00943236045594568,0.696114995985523,0.0105238948001146
