"beta","beta_sd","omega","omega_sd","rho","rho_sd","conv_code","tau1","tau1_sd","tau2","tau2_sd","tau3","tau3_sd","tau4","tau4_sd","tau5","tau5_sd","tau6","tau6_sd"
1.50464536157657,0.00770891703693231,0.0610199971095838,0.00116296362008132,-0.900997419461237,0.00130911761840865,1,0.0103074025416578,0.0178025860062017,0.683380753817529,0.0100458328013106,0.710752110647596,0.00819347490680033,0.689694680640433,0.00795870441072358,0.698297659537528,0.00836855226129317,0.696322982879968,0.0091553823152711
