"beta","beta_sd","omega","omega_sd","rho","rho_sd","conv_code","tau1","tau1_sd","tau2","tau2_sd","tau3","tau3_sd","tau4","tau4_sd","tau5","tau5_sd","tau6","tau6_sd"
0.596993502394095,0.0335877715912817,15.6338791377174,0.396758785473105,-0.00384219816454909,0.0268305154189761,1,0.0242477309222938,0.029716784995202,0.689426896430534,0.0141864401162718,0.70297297631872,0.0154188671121756,0.712451045207169,0.0163120930887798,0.698579051934887,0.0174766541020302,0.682710825907366,0.0190878776130009
