"beta","beta_sd","omega","omega_sd","rho","rho_sd","conv_code","tau1","tau1_sd","tau2","tau2_sd","tau3","tau3_sd","tau4","tau4_sd","tau5","tau5_sd","tau6","tau6_sd"
1.78981889082172,0.0153272388936647,0.98484608761277,0.0209091929813578,0.638497989251306,0.0167395096303516,1,-0.00321309804281624,0.0309283125990493,0.692826942028665,0.0132911434907734,0.691426671763461,0.0115017412914503,0.69199122418799,0.0119027934286237,0.70571603407068,0.0127382500381462,0.666553333328868,0.0147814317175179
