"beta","beta_sd","omega","omega_sd","rho","rho_sd","conv_code","tau1","tau1_sd","tau2","tau2_sd","tau3","tau3_sd","tau4","tau4_sd","tau5","tau5_sd","tau6","tau6_sd"
3.48652572527034,0.0273005379603714,0.0625897721589436,0.00317944188306265,-0.603022176163865,0.00828979428357979,1,-0.00375746912450313,0.0391329960137844,0.700284441936273,0.0224890655122797,0.68304360095334,0.0161943569246702,0.683429369709628,0.0137771349835084,0.690459995663236,0.0127821276814797,0.68815878863382,0.0128157989607471
