"beta","beta_sd","omega","omega_sd","rho","rho_sd","conv_code","tau1","tau1_sd","tau2","tau2_sd","tau3","tau3_sd","tau4","tau4_sd","tau5","tau5_sd","tau6","tau6_sd"
2.18563201061687,0.0109409423472135,0.0635661441647984,0.00149046648850175,-0.295181618450782,0.00880201578447771,1,-0.0335411883537442,0.02397761310313,0.691338484274022,0.0133601247900784,0.698303895788442,0.00929880807350826,0.684307191026008,0.00831661936086513,0.681148810208753,0.00840058392871427,0.680182404615114,0.00892340432081421
