"beta","beta_sd","omega","omega_sd","rho","rho_sd","conv_code","tau1","tau1_sd","tau2","tau2_sd","tau3","tau3_sd","tau4","tau4_sd","tau5","tau5_sd","tau6","tau6_sd"
4.01227814797766,0.0276279477549323,1.01055219983379,0.0228332288533977,0.303341291383552,0.0244053686414272,1,0.00610170967305257,0.0349323890436557,0.700866653706252,0.0193702770155383,0.686639299908434,0.0141211750072079,0.685169538408172,0.0121445490008136,0.700197463548623,0.0115058979056103,0.703350419615566,0.0114877971217171
