"beta","beta_sd","omega","omega_sd","rho","rho_sd","conv_code","tau1","tau1_sd","tau2","tau2_sd","tau3","tau3_sd","tau4","tau4_sd","tau5","tau5_sd","tau6","tau6_sd"
3.84295096111134,0.0356111874541377,0.540526595612033,0.0153887394093963,-0.276810667785224,0.0185656881929899,1,0.064567973513232,0.0407925720759651,0.613547996931307,0.025674017946336,0.712415417909449,0.0174020424585111,0.682129452835267,0.015279802535421,0.669316644394887,0.0144804407081072,0.683644604346479,0.0143269303081126
