"beta","beta_sd","omega","omega_sd","rho","rho_sd","conv_code","tau1","tau1_sd","tau2","tau2_sd","tau3","tau3_sd","tau4","tau4_sd","tau5","tau5_sd","tau6","tau6_sd"
0.998191805644557,0.00589017172874597,0.0600760035637538,0.00292579319315278,0.900027982802474,0.00155111647490213,1,-0.0223251309913759,0.0264720429748911,0.697154980511743,0.00774331665394511,0.68786450501752,0.00663564294257982,0.689149423531056,0.00681339046216273,0.692842645856612,0.00792249848423145,0.690357210637845,0.0105539458530941
