"beta","beta_sd","omega","omega_sd","rho","rho_sd","conv_code","tau1","tau1_sd","tau2","tau2_sd","tau3","tau3_sd","tau4","tau4_sd","tau5","tau5_sd","tau6","tau6_sd"
0.587712387001182,0.0095793077321437,1.02066496116527,0.0157790691668774,-0.302290379929597,0.00935573582310662,1,-0.0205834621567708,0.0187413900046244,0.699558491674061,0.0073876520277299,0.675106650308556,0.00823008499495939,0.71182692791831,0.00965463828431607,0.692382856123413,0.0117841699728852,0.686473135595965,0.0143548057124305
