"beta","beta_sd","omega","omega_sd","rho","rho_sd","conv_code","tau1","tau1_sd","tau2","tau2_sd","tau3","tau3_sd","tau4","tau4_sd","tau5","tau5_sd","tau6","tau6_sd"
0.760252693904526,0.0370337975975291,16.2077651215473,0.492309272702508,0.895873929349374,0.0063768719247426,1,0.0379825138130084,0.0535913638823354,0.694000775528913,0.0195491668866649,0.665274269901158,0.0195861515872953,0.696559994671057,0.0198226083653741,0.682224695500116,0.0212965907929285,0.675576179323323,0.0228869608390015
