"beta","beta_sd","omega","omega_sd","rho","rho_sd","conv_code","tau1","tau1_sd","tau2","tau2_sd","tau3","tau3_sd","tau4","tau4_sd","tau5","tau5_sd","tau6","tau6_sd"
1.06433418494071,0.0115310171199822,0.967652354334279,0.0159878224124311,-0.895607683179722,0.00157995277991198,1,-0.0535587362737885,0.0253720077397607,0.683354974150026,0.0094268964453391,0.690301098605554,0.00903141198117907,0.682581474391346,0.0096203714207101,0.68024487364497,0.0107904774997537,0.677919183419495,0.0126821208536096
