"beta","beta_sd","omega","omega_sd","rho","rho_sd","conv_code","tau1","tau1_sd","tau2","tau2_sd","tau3","tau3_sd","tau4","tau4_sd","tau5","tau5_sd","tau6","tau6_sd"
0.971684199277895,0.0126793140049622,0.977538184727368,0.0233017922791786,0.902303795727062,0.0033509478385029,1,-0.0777157115708094,0.0363274055696197,0.702429610846454,0.0125024179133741,0.67147462415823,0.0120633445205285,0.699567495028089,0.0124664378409359,0.668104070225395,0.0144782766158435,0.686392099124853,0.0164744579046621
