"beta","beta_sd","omega","omega_sd","rho","rho_sd","conv_code","tau1","tau1_sd","tau2","tau2_sd","tau3","tau3_sd","tau4","tau4_sd","tau5","tau5_sd","tau6","tau6_sd"
1.24728013074946,0.0355182253307774,16.0095572549417,0.409951470681191,0.899517869807401,0.00470918820980915,1,-0.00720636528365501,0.0444164154155491,0.715079328541179,0.0153692346907641,0.684494300383941,0.0153045389325997,0.679100023267834,0.015835488106971,0.693049908138236,0.0167690968583902,0.67034144787071,0.0181641399951707
