"beta","beta_sd","omega","omega_sd","rho","rho_sd","conv_code","tau1","tau1_sd","tau2","tau2_sd","tau3","tau3_sd","tau4","tau4_sd","tau5","tau5_sd","tau6","tau6_sd"
1.2108766834133,0.00715177743797103,0.0672393483950809,0.0033431481388234,0.899421671555882,0.00170395201260542,1,0.0620492344145829,0.0288399949008913,0.697854522736985,0.00966199327404319,0.693047072826553,0.00801242525148461,0.700697214793803,0.0079983655884045,0.687609050249182,0.0087242945883892,0.699970581269726,0.0104415235545616
