"beta","beta_sd","omega","omega_sd","rho","rho_sd","conv_code","tau1","tau1_sd","tau2","tau2_sd","tau3","tau3_sd","tau4","tau4_sd","tau5","tau5_sd","tau6","tau6_sd"
2.71046246089942,0.0129811944181782,0.0599116182491325,0.00234865118317424,0.304818304593319,0.012580152123344,1,0.019364149488465,0.0281225907206703,0.69756775057073,0.0150830696403681,0.69642360963722,0.0105383842199335,0.697672965584834,0.00898223852037821,0.696308418330953,0.00865170253479141,0.705299192204951,0.00880903401003028
