"beta","beta_sd","omega","omega_sd","rho","rho_sd","conv_code","tau1","tau1_sd","tau2","tau2_sd","tau3","tau3_sd","tau4","tau4_sd","tau5","tau5_sd","tau6","tau6_sd"
2.66793284846515,0.0512789931819702,16.1393227511871,0.552030941277931,-0.0314190588561235,0.0412769835601145,1,-0.0188291164683649,0.0383168848210927,0.717751372239474,0.0203686961534387,0.702050661683813,0.0213376050595595,0.704392270351198,0.0217546291598554,0.705482845462253,0.0231209708705454,0.673933848289132,0.0240597417492539
