"beta","beta_sd","omega","omega_sd","rho","rho_sd","conv_code","tau1","tau1_sd","tau2","tau2_sd","tau3","tau3_sd","tau4","tau4_sd","tau5","tau5_sd","tau6","tau6_sd"
2.6010174523249,0.0153653999162643,1.00177309152388,0.0172180811850604,0.320078666316465,0.0181384320515356,1,-0.0174561719247788,0.0249471834803311,0.707590217162767,0.0122027443675988,0.670013655484467,0.00959565999457312,0.70369427930623,0.00884888889470689,0.693944809633655,0.00911914202484161,0.689870470670108,0.0098121507901288
