"beta","beta_sd","omega","omega_sd","rho","rho_sd","conv_code","tau1","tau1_sd","tau2","tau2_sd","tau3","tau3_sd","tau4","tau4_sd","tau5","tau5_sd","tau6","tau6_sd"
3.38426074353737,0.0673007139528256,16.3179627219315,0.62711949988196,-0.302165738804831,0.0299423121922355,1,0.0296644180951159,0.0417058283129653,0.675165699846378,0.0233188319490209,0.66687350101614,0.0241569958705042,0.702073531938389,0.023771144844912,0.715918293176714,0.0247003522825196,0.68861233229286,0.0263739917741429
