"beta","beta_sd","omega","omega_sd","rho","rho_sd","conv_code","tau1","tau1_sd","tau2","tau2_sd","tau3","tau3_sd","tau4","tau4_sd","tau5","tau5_sd","tau6","tau6_sd"
0.696627215069811,0.00622843410602686,0.0635812117093524,0.00164264368688464,-0.319574787030325,0.01202591492352,1,-0.0341427908923442,0.0175667795060288,0.702480862055026,0.00896941066288705,0.6964367533944,0.00944067888293554,0.70811328060355,0.0120222657168246,0.681128674112828,0.0169044404557181,0.750689164369133,0.0285177174298392
