"beta","beta_sd","omega","omega_sd","rho","rho_sd","conv_code","tau1","tau1_sd","tau2","tau2_sd","tau3","tau3_sd","tau4","tau4_sd","tau5","tau5_sd","tau6","tau6_sd"
3.37875495855921,0.0240080616302683,0.542535473937984,0.0142242327170727,0.619425445095448,0.0130998529343188,1,0.0643064680163385,0.0379652072618564,0.651745374820986,0.0207388140096053,0.684364826444137,0.0148122930712389,0.699175186599974,0.0123964873123679,0.684316381049215,0.0119424506869441,0.701955821114336,0.0119314989634385
