"beta","beta_sd","omega","omega_sd","rho","rho_sd","conv_code","tau1","tau1_sd","tau2","tau2_sd","tau3","tau3_sd","tau4","tau4_sd","tau5","tau5_sd","tau6","tau6_sd"
1.71758463394625,0.0107983186098157,0.0636601506737835,0.00242964923790475,0.589731686390382,0.00986991854599646,1,0.0231798026190365,0.0306164585262682,0.6993279259411,0.0149318635924906,0.697621872322532,0.0107925174316719,0.717356518604894,0.0100496964052683,0.70774788165682,0.010918575573263,0.702936412426938,0.0121646818649216
