"beta","beta_sd","omega","omega_sd","rho","rho_sd","conv_code","tau1","tau1_sd","tau2","tau2_sd","tau3","tau3_sd","tau4","tau4_sd","tau5","tau5_sd","tau6","tau6_sd"
3.00397020860886,0.0270026531016026,0.983956290634797,0.0252474242247414,0.602640633000825,0.0196738794070073,1,0.0209880739188674,0.041221143321238,0.693302693127751,0.0207642376290835,0.681905346271683,0.0159347323181043,0.704590655684489,0.0141730161504726,0.694257311620442,0.0141148904421499,0.701978307857741,0.014753636880009
