"beta","beta_sd","omega","omega_sd","rho","rho_sd","conv_code","tau1","tau1_sd","tau2","tau2_sd","tau3","tau3_sd","tau4","tau4_sd","tau5","tau5_sd","tau6","tau6_sd"
3.26978217021895,0.0209098784288698,0.0556449225862981,0.00802762739911972,0.899870182895856,0.00187814924625642,1,-0.0341717762197462,0.0387203559830289,0.699523363319037,0.0168835011631854,0.681709593359051,0.0132736959658519,0.693073444932915,0.0112789268220297,0.685285134798346,0.0105581051803653,0.667282738660049,0.0104777383749469
