"beta","beta_sd","omega","omega_sd","rho","rho_sd","conv_code","tau1","tau1_sd","tau2","tau2_sd","tau3","tau3_sd","tau4","tau4_sd","tau5","tau5_sd","tau6","tau6_sd"
1.41082605647251,0.010266871696143,0.994772448725935,0.0148440652061808,0.315168693427592,0.0147411517148359,1,0.0088029263648496,0.0192019470725335,0.698976190953962,0.00780910754493257,0.688091116601681,0.00748419294619272,0.695413478923075,0.00806098785701079,0.693088431656572,0.00914972606924438,0.675121597195201,0.0105896516779159
