"beta","beta_sd","omega","omega_sd","rho","rho_sd","conv_code","tau1","tau1_sd","tau2","tau2_sd","tau3","tau3_sd","tau4","tau4_sd","tau5","tau5_sd","tau6","tau6_sd"
3.88316792264798,0.030939523597784,0.250021488298903,0.00731127160900558,-0.604193751358644,0.00817807655595712,1,0.0677083855021362,0.0360170457299365,0.663081657056358,0.0213724048845251,0.695807034626451,0.0158790519391807,0.669287689549629,0.013795207770762,0.694476503890714,0.0124351152546806,0.690976888190614,0.0122527961581578
