"beta","beta_sd","omega","omega_sd","rho","rho_sd","conv_code","tau1","tau1_sd","tau2","tau2_sd","tau3","tau3_sd","tau4","tau4_sd","tau5","tau5_sd","tau6","tau6_sd"
3.29648164649431,0.0253720349540236,0.570636396795215,0.0135903351817794,0.0376742204081147,0.0224274112395451,1,-0.0601135880017308,0.0374329601544752,0.728088327473239,0.0202069014498965,0.691057675540623,0.0142784868006211,0.659299905414189,0.0127711924888657,0.701978120961545,0.0122470224154077,0.69358229583323,0.0124788458609794
