"beta","beta_sd","omega","omega_sd","rho","rho_sd","conv_code","tau1","tau1_sd","tau2","tau2_sd","tau3","tau3_sd","tau4","tau4_sd","tau5","tau5_sd","tau6","tau6_sd"
2.56479530644822,0.0238472975567676,0.0595384572620758,0.00261562493324719,-0.598165597635176,0.00934474468707789,1,-0.0233241364884832,0.0389697099355374,0.677599933643824,0.0223068551950446,0.704241830077744,0.015689548021941,0.674391251753953,0.0142078539442007,0.663188672558636,0.0141524308330133,0.68510914812806,0.0147069995599289
