"beta","beta_sd","omega","omega_sd","rho","rho_sd","conv_code","tau1","tau1_sd","tau2","tau2_sd","tau3","tau3_sd","tau4","tau4_sd","tau5","tau5_sd","tau6","tau6_sd"
3.24680796211124,0.027495231238963,0.0609445863905753,0.00431076838980971,0.0188605776876507,0.0230539796199775,1,-0.0472790314349242,0.0448041966172051,0.67521072208949,0.0260506205506477,0.692011268802464,0.017841966677012,0.702164225077245,0.0152801688896401,0.664492095095774,0.0145577270629717,0.666657984649082,0.014582236434511
