"beta","beta_sd","omega","omega_sd","rho","rho_sd","conv_code","tau1","tau1_sd","tau2","tau2_sd","tau3","tau3_sd","tau4","tau4_sd","tau5","tau5_sd","tau6","tau6_sd"
0.896236250921939,0.00946055897686535,0.990405067849021,0.0153224125567321,0.602340065780567,0.0129964070805065,1,0.00696712183499915,0.0205738239462106,0.686713657223116,0.00741531293027653,0.696347062080933,0.00735980808008981,0.676095465553488,0.00854051406834025,0.686889845399279,0.0100882634975096,0.691541627985874,0.0120990177392569
