"beta","beta_sd","omega","omega_sd","rho","rho_sd","conv_code","tau1","tau1_sd","tau2","tau2_sd","tau3","tau3_sd","tau4","tau4_sd","tau5","tau5_sd","tau6","tau6_sd"
3.89839346941322,0.0234630816823278,0.0655400654406148,0.00459162634699973,0.277840313870726,0.0163215956014571,1,-0.0650517282039395,0.0368568032365201,0.724164113133792,0.0202994255823197,0.691349828069214,0.0146983625146331,0.69280060596206,0.0121989703011927,0.695183073358636,0.0108811199098215,0.697738405142472,0.0107002132142312
