"beta","beta_sd","omega","omega_sd","rho","rho_sd","conv_code","tau1","tau1_sd","tau2","tau2_sd","tau3","tau3_sd","tau4","tau4_sd","tau5","tau5_sd","tau6","tau6_sd"
3.36225669557937,0.0244015678975811,0.24407314236654,0.00619800592526222,-0.596607022376247,0.00751366844513874,1,-0.0321169151748606,0.0333739292816915,0.696874605831992,0.0190126238373043,0.674916189373381,0.0140851941866634,0.671981103952862,0.0120764706966843,0.699887283089969,0.0112173979078836,0.681730903007718,0.0113456218113066
