"beta","beta_sd","omega","omega_sd","rho","rho_sd","conv_code","tau1","tau1_sd","tau2","tau2_sd","tau3","tau3_sd","tau4","tau4_sd","tau5","tau5_sd","tau6","tau6_sd"
4.05038438879029,0.0647804475293996,16.1735129868893,0.523034112961718,0.273118614073597,0.0520364379221036,1,0.0246272161927188,0.0411905803682279,0.674886852196852,0.0208801565274019,0.694418708024145,0.0209038334193317,0.693719867743032,0.021341236483787,0.685974566557106,0.0221230800529426,0.708235465175116,0.0223494337087442
