"beta","beta_sd","omega","omega_sd","rho","rho_sd","conv_code","tau1","tau1_sd","tau2","tau2_sd","tau3","tau3_sd","tau4","tau4_sd","tau5","tau5_sd","tau6","tau6_sd"
1.00218914685528,0.00505483087868965,0.064084811694089,0.00107940972915295,-0.30153491479385,0.00706864762954162,1,0.0088380325229227,0.0143301942125958,0.695388818961936,0.00709772306268629,0.692508866267979,0.0061290019297915,0.696184136298072,0.00685973583969224,0.688312628793958,0.00825175701195737,0.702040546386359,0.0111011155934823
