"beta","beta_sd","omega","omega_sd","rho","rho_sd","conv_code","tau1","tau1_sd","tau2","tau2_sd","tau3","tau3_sd","tau4","tau4_sd","tau5","tau5_sd","tau6","tau6_sd"
3.36569504470757,0.0457084052411665,16.0174839804803,0.40004242160838,0.0295155641557663,0.0277105306516193,1,0.00791703048734126,0.031382508536196,0.678370881625391,0.015586901843513,0.689393587675772,0.0154467138005898,0.68020920863924,0.0161441804696024,0.697309276979503,0.016438936480732,0.687405305456281,0.0174562858913877
