"beta","beta_sd","omega","omega_sd","rho","rho_sd","conv_code","tau1","tau1_sd","tau2","tau2_sd","tau3","tau3_sd","tau4","tau4_sd","tau5","tau5_sd","tau6","tau6_sd"
1.68629815205928,0.00779221478307586,0.0628615542134588,0.00125164536121712,-0.297011030103971,0.00802244909726251,1,9.88448873679067e-05,0.0195783417219335,0.691895487230265,0.0107096317272153,0.676437879613296,0.00772125955684177,0.687006387138536,0.00743661842791729,0.687127255132723,0.00795760882634181,0.684355760962038,0.00873831012443996
