"beta","beta_sd","omega","omega_sd","rho","rho_sd","conv_code","tau1","tau1_sd","tau2","tau2_sd","tau3","tau3_sd","tau4","tau4_sd","tau5","tau5_sd","tau6","tau6_sd"
1.18678587944538,0.0331821173535311,15.3977797621758,0.349912913038873,-0.30366916466067,0.0147757337712309,1,0.0279491143951671,0.0266642288673563,0.696625544798055,0.0124980026425193,0.67903813471888,0.012886888061112,0.701789551332056,0.0137432307460482,0.656865751783331,0.0150515848187595,0.695090383499315,0.0160055981877185
