"beta","beta_sd","omega","omega_sd","rho","rho_sd","conv_code","tau1","tau1_sd","tau2","tau2_sd","tau3","tau3_sd","tau4","tau4_sd","tau5","tau5_sd","tau6","tau6_sd"
3.59218410137851,0.0457638050854326,15.8616070864378,0.376442591046511,-0.583450784299187,0.00912941565688476,1,-0.023928450119742,0.0307218918443941,0.698781359758034,0.01463582522392,0.695850828447689,0.0142502145044298,0.671552187861967,0.0146615452802533,0.696109446775353,0.0149377584829718,0.649282332605487,0.0159472689440291
