"beta","beta_sd","omega","omega_sd","rho","rho_sd","conv_code","tau1","tau1_sd","tau2","tau2_sd","tau3","tau3_sd","tau4","tau4_sd","tau5","tau5_sd","tau6","tau6_sd"
1.05182914885671,0.0340789087362794,16.6731683494972,0.370319371666564,0.0259089858728595,0.0202062600879151,1,0.00877786790562632,0.0256486126440178,0.703665951202988,0.0120876905379598,0.698364225463382,0.0127661129759003,0.6930524084531,0.0135543526022845,0.704992047767528,0.014220967034841,0.722653918950568,0.0151322193980868
