"beta","beta_sd","omega","omega_sd","rho","rho_sd","conv_code","tau1","tau1_sd","tau2","tau2_sd","tau3","tau3_sd","tau4","tau4_sd","tau5","tau5_sd","tau6","tau6_sd"
2.72295681718353,0.0484908817788872,16.389228255989,0.50268276889434,0.89805902467014,0.00594067067780163,1,0.0232589664982701,0.0538774518278712,0.703323045651399,0.0206844632130317,0.682869041371149,0.0202258376502135,0.700763249554148,0.0196953196861473,0.678934904329319,0.0207581503027371,0.665387802695002,0.0223105927240131
