"beta","beta_sd","omega","omega_sd","rho","rho_sd","conv_code","tau1","tau1_sd","tau2","tau2_sd","tau3","tau3_sd","tau4","tau4_sd","tau5","tau5_sd","tau6","tau6_sd"
3.14537619097923,0.0593022324744933,15.7070310732309,0.560212699075558,0.00259638904046228,0.0441025671733258,1,0.047054328375155,0.0404128874453193,0.69952845752002,0.0209414246992122,0.65002634794534,0.0224050733535092,0.70322068313931,0.0227806848505307,0.720268587086982,0.0231334809626572,0.646590165009956,0.0252891820942666
