"beta","beta_sd","omega","omega_sd","rho","rho_sd","conv_code","tau1","tau1_sd","tau2","tau2_sd","tau3","tau3_sd","tau4","tau4_sd","tau5","tau5_sd","tau6","tau6_sd"
1.99360824878116,0.0122849697525651,0.988319016478245,0.0162067927657174,0.602100851471667,0.0134988043321999,1,0.0100204618419632,0.0236276090993011,0.692722065068183,0.0101042124445253,0.706675339435955,0.00819865674565277,0.690954366497517,0.00821129353845639,0.689076229611545,0.0087929038508495,0.687341238568161,0.00977199331310982
