"beta","beta_sd","omega","omega_sd","rho","rho_sd","conv_code","tau1","tau1_sd","tau2","tau2_sd","tau3","tau3_sd","tau4","tau4_sd","tau5","tau5_sd","tau6","tau6_sd"
2.30725385464167,0.0135792949378577,0.991706866452893,0.016211677009181,0.293275884003889,0.0166847409945572,1,-0.0200912338480292,0.0232929520933667,0.701996565386189,0.0109757315530846,0.710952222080155,0.00870537394979037,0.695496508779586,0.00851343909898386,0.68441689784545,0.00893403653801429,0.704899295077414,0.0096254908085035
