"beta","beta_sd","omega","omega_sd","rho","rho_sd","conv_code","tau1","tau1_sd","tau2","tau2_sd","tau3","tau3_sd","tau4","tau4_sd","tau5","tau5_sd","tau6","tau6_sd"
2.2360240553423,0.0268554266669237,1.01814700763754,0.0277366138442195,-0.322077076253204,0.0189410280351035,1,0.0330407419479755,0.0314931122651823,0.696588607382081,0.0171851883520967,0.702493420617961,0.0153566886051348,0.703371921835798,0.015665970867407,0.695923066140939,0.0161224764503502,0.689244965084793,0.0172313546786241
