"beta","beta_sd","omega","omega_sd","rho","rho_sd","conv_code","tau1","tau1_sd","tau2","tau2_sd","tau3","tau3_sd","tau4","tau4_sd","tau5","tau5_sd","tau6","tau6_sd"
3.75620242645377,0.0378661190901576,1.00407075891168,0.02984460103805,0.5522084877854,0.0233172369310007,1,0.0962137446637122,0.0480332008351295,0.633509002835228,0.0273362608031201,0.665839643151742,0.0200711773772493,0.655544585630434,0.0177661920743464,0.677518524732258,0.0166301851643388,0.697965616302476,0.016039030406651
