"beta","beta_sd","omega","omega_sd","rho","rho_sd","conv_code","tau1","tau1_sd","tau2","tau2_sd","tau3","tau3_sd","tau4","tau4_sd","tau5","tau5_sd","tau6","tau6_sd"
3.32165222537382,0.0460057328765935,15.815394052417,0.408993484383444,0.901176780809125,0.00446720059513287,1,-0.038084561129884,0.0466575128239236,0.696978810036334,0.0172402893952237,0.707266655909426,0.0160985656984567,0.698326600727919,0.0160283552055614,0.677429680778454,0.0164513850478957,0.674195067838552,0.0168291947874196
