"beta","beta_sd","omega","omega_sd","rho","rho_sd","conv_code","tau1","tau1_sd","tau2","tau2_sd","tau3","tau3_sd","tau4","tau4_sd","tau5","tau5_sd","tau6","tau6_sd"
3.91414524266489,0.0477183503290283,0.57931520025875,0.0217487054741655,-0.00564857753412222,0.034662666203433,1,-0.0539001313638096,0.0520919995145301,0.727858210532585,0.028666279291429,0.683348308486097,0.0220068521314368,0.692785824636513,0.0189646926618826,0.703680896222178,0.0180637983116103,0.695960719114444,0.0184522506958169
