"beta","beta_sd","omega","omega_sd","rho","rho_sd","conv_code","tau1","tau1_sd","tau2","tau2_sd","tau3","tau3_sd","tau4","tau4_sd","tau5","tau5_sd","tau6","tau6_sd"
3.51423077849077,0.0225487834755738,0.0554099714533686,0.00417381527139685,0.32108437555678,0.0160433923269414,1,0.0268377494779988,0.0375191975137477,0.668809851882185,0.0216699762657085,0.720190160078924,0.0148891535829749,0.678326334442964,0.012686769348642,0.71502514205528,0.0115034102223337,0.6880312776461,0.0116202209854258
