"beta","beta_sd","omega","omega_sd","rho","rho_sd","conv_code","tau1","tau1_sd","tau2","tau2_sd","tau3","tau3_sd","tau4","tau4_sd","tau5","tau5_sd","tau6","tau6_sd"
3.79968880082465,0.0247587259433303,0.556535893059696,0.0134777026240658,0.290894117068641,0.0224167117526695,1,0.0200894566918877,0.0357682229606429,0.673485706209528,0.0201510766183717,0.708081264749732,0.0140680472171021,0.691214287405576,0.0118958247703774,0.691268786721145,0.0110971029451984,0.683965574173988,0.0112422159575814
