"beta","beta_sd","omega","omega_sd","rho","rho_sd","conv_code","tau1","tau1_sd","tau2","tau2_sd","tau3","tau3_sd","tau4","tau4_sd","tau5","tau5_sd","tau6","tau6_sd"
3.3034838095234,0.0389904696486512,1.02891855161529,0.0308047020961703,-0.0150165756026926,0.0319005182502377,1,0.0156700705368174,0.0404092032731474,0.679812331321117,0.0234035216391565,0.703204882455471,0.0180079788408182,0.690608274323916,0.0171004528176261,0.703072799514304,0.0169600643711631,0.686649297543796,0.0175025926003532
