"beta","beta_sd","omega","omega_sd","rho","rho_sd","conv_code","tau1","tau1_sd","tau2","tau2_sd","tau3","tau3_sd","tau4","tau4_sd","tau5","tau5_sd","tau6","tau6_sd"
0.216313459340421,0.0103170028294387,0.982329668936195,0.0184745965594672,-0.600088889379916,0.00722485601512033,1,0.0273127444289161,0.0232023388435233,0.680720767546485,0.00947903368374127,0.703320006966287,0.0107142063327156,0.679932271277792,0.0135362957874558,0.694437642152999,0.0167028152070552,0.703673314298275,0.0209060596647373
