"beta","beta_sd","omega","omega_sd","rho","rho_sd","conv_code","tau1","tau1_sd","tau2","tau2_sd","tau3","tau3_sd","tau4","tau4_sd","tau5","tau5_sd","tau6","tau6_sd"
0.126219945979302,0.0358896900266733,16.0776744183274,0.616889666738349,-0.325387416357179,0.0286409239564032,1,-0.0109754373475128,0.0399636624467032,0.72943815239043,0.0217839885691536,0.668084007237206,0.0236532235189144,0.703822746934921,0.0247361179354348,0.728661284968631,0.0258190598002427,0.722883776102958,0.0280988706377463
