"beta","beta_sd","omega","omega_sd","rho","rho_sd","conv_code","tau1","tau1_sd","tau2","tau2_sd","tau3","tau3_sd","tau4","tau4_sd","tau5","tau5_sd","tau6","tau6_sd"
3.48052452619489,0.0191974488679551,0.0640755932453561,0.00363194710465569,0.271725692879045,0.0149710559695491,1,-0.0451269181319931,0.0332249536316389,0.702028817687623,0.0186608793047799,0.697327429215529,0.0136079683598623,0.672974630958739,0.0111552209398764,0.708198150400761,0.00990752516628882,0.674084899308733,0.0100404620657728
