"beta","beta_sd","omega","omega_sd","rho","rho_sd","conv_code","tau1","tau1_sd","tau2","tau2_sd","tau3","tau3_sd","tau4","tau4_sd","tau5","tau5_sd","tau6","tau6_sd"
2.19774825427495,0.0128907524956247,0.0601175693008286,0.00164308455875523,-0.305627345618724,0.0103859923284812,1,0.0412943979709442,0.0267808566484281,0.669586175188345,0.015326247368722,0.694023107243481,0.0107631119703591,0.705462256522891,0.00956576943511574,0.689613103059246,0.00973876497577723,0.674907266290926,0.010465564257426
