"beta","beta_sd","omega","omega_sd","rho","rho_sd","conv_code","tau1","tau1_sd","tau2","tau2_sd","tau3","tau3_sd","tau4","tau4_sd","tau5","tau5_sd","tau6","tau6_sd"
3.92404778407596,0.0330836766686351,0.0620150770003057,0.00375622724826097,-0.606284878778506,0.00884306107891216,1,-0.00572029959436035,0.0412869585101412,0.709760341519344,0.0240042607123178,0.701778010186051,0.0179420861397504,0.68276845538271,0.0152534613850979,0.695297134597519,0.0139099823910285,0.721666029237933,0.0134336741731202
