"beta","beta_sd","omega","omega_sd","rho","rho_sd","conv_code","tau1","tau1_sd","tau2","tau2_sd","tau3","tau3_sd","tau4","tau4_sd","tau5","tau5_sd","tau6","tau6_sd"
2.20337631551294,0.0154435339868762,0.974888967965644,0.0180842330190077,0.276922814030975,0.0216218772913674,1,0.0641107277226285,0.0256676829941925,0.668224006719295,0.0123469277747922,0.680803065816302,0.010124288211318,0.690591983498779,0.0100390540298692,0.686158221324376,0.0105642023311284,0.686234585442792,0.0115367149468599
