"beta","beta_sd","omega","omega_sd","rho","rho_sd","conv_code","tau1","tau1_sd","tau2","tau2_sd","tau3","tau3_sd","tau4","tau4_sd","tau5","tau5_sd","tau6","tau6_sd"
0.944728024635502,0.0387618632825514,15.5566453119564,0.675843465209912,-0.582211437378385,0.0191560478725553,1,-0.00222741144036933,0.0444577512545671,0.666493893621495,0.0248231625568171,0.653946417229481,0.0255937188546519,0.6887970406884,0.0266602754087622,0.680188386994402,0.0280284716845413,0.718544346940767,0.0291667273322084
