"beta","beta_sd","omega","omega_sd","rho","rho_sd","conv_code","tau1","tau1_sd","tau2","tau2_sd","tau3","tau3_sd","tau4","tau4_sd","tau5","tau5_sd","tau6","tau6_sd"
0.80236025930162,0.00507832389550059,0.0623989636178504,0.00108321730951069,-0.898289551123657,0.0012755511443509,1,0.0146113860516019,0.0148402162365531,0.68810635628341,0.00753623835370557,0.690075190681758,0.00696607663593042,0.700070140030249,0.00764434575924968,0.700365862745521,0.00965307520974927,0.693286456305621,0.0138572415865629
