"beta","beta_sd","omega","omega_sd","rho","rho_sd","conv_code","tau1","tau1_sd","tau2","tau2_sd","tau3","tau3_sd","tau4","tau4_sd","tau5","tau5_sd","tau6","tau6_sd"
2.97095331228088,0.0383509332223167,15.9029154597501,0.341415985745481,0.595460014167481,0.0213468804877525,1,-0.0522469329763399,0.0301336006670749,0.705709277980573,0.0130339279776812,0.697520897240576,0.012558358467033,0.678716878458372,0.013025340060165,0.687138653196384,0.0130597099940444,0.705432679773505,0.0138926839659134
