"beta","beta_sd","omega","omega_sd","rho","rho_sd","conv_code","tau1","tau1_sd","tau2","tau2_sd","tau3","tau3_sd","tau4","tau4_sd","tau5","tau5_sd","tau6","tau6_sd"
3.68147886232031,0.0364236831266486,0.601127341988571,0.020437148016204,0.606278054397435,0.0181180081227424,1,0.00514384238872864,0.0509048270425237,0.711963778058482,0.0268116613933847,0.716582248651399,0.019535980358888,0.690009446000078,0.0169707238751043,0.725926719715555,0.0157265739197352,0.715138207693768,0.0158008441710763
