"beta","beta_sd","omega","omega_sd","rho","rho_sd","conv_code","tau1","tau1_sd","tau2","tau2_sd","tau3","tau3_sd","tau4","tau4_sd","tau5","tau5_sd","tau6","tau6_sd"
0.909379821423051,0.00623588840316017,0.0679348722423559,0.00313166623841889,0.898624993650724,0.00172831172601584,1,-0.00411431745712189,0.0274777187174099,0.696992675088845,0.00849048873896415,0.690041145063609,0.00748823073906076,0.705691956170974,0.007802460826507,0.70627079549881,0.00944106874239839,0.696555609043547,0.0131959597230509
