"beta","beta_sd","omega","omega_sd","rho","rho_sd","conv_code","tau1","tau1_sd","tau2","tau2_sd","tau3","tau3_sd","tau4","tau4_sd","tau5","tau5_sd","tau6","tau6_sd"
3.08859742814474,0.0249896798625374,0.064699606500631,0.00279540673421186,-0.899621818491266,0.0020282581806297,1,-0.00506554922564988,0.0336662080485392,0.673145154602527,0.019671884745673,0.701613639659137,0.0152726011425308,0.688364569105113,0.0135713815487621,0.706477618854795,0.0127872249716841,0.673403173485218,0.0129862064175411
