"beta","beta_sd","omega","omega_sd","rho","rho_sd","conv_code","tau1","tau1_sd","tau2","tau2_sd","tau3","tau3_sd","tau4","tau4_sd","tau5","tau5_sd","tau6","tau6_sd"
3.17504154458075,0.0314445751246744,0.94248174092989,0.0259976111563427,0.324488459636824,0.0324061137710176,1,0.0249759659956799,0.0415966918628365,0.667764194986906,0.0223167608420039,0.717442812629255,0.0162707450384142,0.685819304272249,0.0152272694804619,0.668104378016363,0.0154032479833813,0.696982743869682,0.0155123250194647
