"beta","beta_sd","omega","omega_sd","rho","rho_sd","conv_code","tau1","tau1_sd","tau2","tau2_sd","tau3","tau3_sd","tau4","tau4_sd","tau5","tau5_sd","tau6","tau6_sd"
1.63789907218464,0.0369033597478405,16.166794603179,0.421069278330445,0.906365176630128,0.00429397961824394,1,0.088134954174493,0.0449888040763786,0.692471624242823,0.016002724113343,0.716817037104193,0.0155986687700772,0.715545515626346,0.0159738821355154,0.674823951395076,0.0170009525301774,0.703941476383502,0.0177396814224735
