"beta","beta_sd","omega","omega_sd","rho","rho_sd","conv_code","tau1","tau1_sd","tau2","tau2_sd","tau3","tau3_sd","tau4","tau4_sd","tau5","tau5_sd","tau6","tau6_sd"
2.29078396639795,0.040211877926897,16.1311519767804,0.405119948822905,-0.900953410647798,0.00238189991067641,1,-0.00191492516266354,0.0401233670765249,0.675230965989241,0.0155521866066835,0.694121961580274,0.0151509517697014,0.698123602363069,0.0154881181271096,0.694217021319209,0.0157878388242642,0.699431471350624,0.0166889718465805
