"beta","beta_sd","omega","omega_sd","rho","rho_sd","conv_code","tau1","tau1_sd","tau2","tau2_sd","tau3","tau3_sd","tau4","tau4_sd","tau5","tau5_sd","tau6","tau6_sd"
1.99041199856243,0.013231957585534,0.984657664667259,0.0156892713590356,-0.293389301833823,0.0100351028426843,1,0.0110487263606756,0.021439162929691,0.675941021544988,0.0102887851341171,0.689861343307723,0.00875230417969494,0.690305530934267,0.00880097324088899,0.68342567752391,0.00932554719566132,0.675862484983172,0.0102557215683184
