"beta","beta_sd","omega","omega_sd","rho","rho_sd","conv_code","tau1","tau1_sd","tau2","tau2_sd","tau3","tau3_sd","tau4","tau4_sd","tau5","tau5_sd","tau6","tau6_sd"
3.47932798201065,0.0461133092649971,15.4820151170346,0.383794452796667,0.00709111560268925,0.0274488231153053,1,-0.0813405746725272,0.0327346423206971,0.708696234373982,0.0156597013385549,0.709001428500233,0.0152094066188502,0.689769442980523,0.0157577245617282,0.679810933989597,0.0166644537427807,0.695445091964091,0.0177080810661578
