"beta","beta_sd","omega","omega_sd","rho","rho_sd","conv_code","tau1","tau1_sd","tau2","tau2_sd","tau3","tau3_sd","tau4","tau4_sd","tau5","tau5_sd","tau6","tau6_sd"
1.57176512198152,0.0354419733905865,15.674512602761,0.395105605273622,-0.298666394381127,0.0179987517747736,1,0.0194913618281383,0.0306527632851034,0.696055601798688,0.0148937980208884,0.702779027261084,0.0155669517323657,0.694690194324132,0.0161355332470287,0.67448288656616,0.0172850822394729,0.679105424427934,0.0184580733345082
