"beta","beta_sd","omega","omega_sd","rho","rho_sd","conv_code","tau1","tau1_sd","tau2","tau2_sd","tau3","tau3_sd","tau4","tau4_sd","tau5","tau5_sd","tau6","tau6_sd"
0.705095421971837,0.0335603679505191,15.5192463987174,0.390874345443806,0.0219364511169869,0.0270115362320522,1,0.0336451731142506,0.0299363741013024,0.688008798244683,0.0141178582924262,0.687356382674679,0.0151227747638048,0.649195821675753,0.0165601098984152,0.688940336458996,0.0173670577214879,0.68120942110647,0.0187476213264202
