"beta","beta_sd","omega","omega_sd","rho","rho_sd","conv_code","tau1","tau1_sd","tau2","tau2_sd","tau3","tau3_sd","tau4","tau4_sd","tau5","tau5_sd","tau6","tau6_sd"
2.22406204104039,0.0170977037095215,1.0154908377684,0.0184857547458428,-0.900374773821725,0.00166793436542233,1,-0.00236218133105704,0.0281950370296986,0.704595628368933,0.0124715516767786,0.718461560592348,0.0105632631491329,0.692953462376536,0.0103270002095479,0.689204762496062,0.0104395893753249,0.710892930119831,0.01106525619437
