"beta","beta_sd","omega","omega_sd","rho","rho_sd","conv_code","tau1","tau1_sd","tau2","tau2_sd","tau3","tau3_sd","tau4","tau4_sd","tau5","tau5_sd","tau6","tau6_sd"
2.89150384643648,0.0248903169981841,0.993707065950341,0.0212852393214663,-0.609185753460635,0.00829467235286715,1,-0.00662085307881188,0.0324872521342051,0.697932885079374,0.0173106586660745,0.684641097389506,0.0135947102110904,0.700509577031532,0.0125052033973677,0.682555537304037,0.012676859023561,0.689865175789099,0.0130975294788053
