"beta","beta_sd","omega","omega_sd","rho","rho_sd","conv_code","tau1","tau1_sd","tau2","tau2_sd","tau3","tau3_sd","tau4","tau4_sd","tau5","tau5_sd","tau6","tau6_sd"
2.7453751126053,0.0474826745281173,15.5743712457384,0.452093504998356,-0.90259947735468,0.00286655576144435,1,0.0593264499549132,0.0473314056295006,0.678268117304385,0.0189461943078925,0.700468675796225,0.0180676768786072,0.700811827026841,0.0183272372773463,0.713694116048769,0.0184659822023081,0.703037876439992,0.0196187480281533
