"beta","beta_sd","omega","omega_sd","rho","rho_sd","conv_code","tau1","tau1_sd","tau2","tau2_sd","tau3","tau3_sd","tau4","tau4_sd","tau5","tau5_sd","tau6","tau6_sd"
2.24821763104742,0.025084543542546,0.0653388843350105,0.00263247478833089,-0.903357566451226,0.00237750946273602,1,0.0572241486250099,0.0324875573866316,0.697086496024715,0.0200514064891571,0.689250487824961,0.016760507458905,0.707830694509045,0.0152760460812734,0.74246521064877,0.0152529794337409,0.705231562209347,0.0162678157177153
