"beta","beta_sd","omega","omega_sd","rho","rho_sd","conv_code","tau1","tau1_sd","tau2","tau2_sd","tau3","tau3_sd","tau4","tau4_sd","tau5","tau5_sd","tau6","tau6_sd"
2.01109794739923,0.0123883545932802,1.0128676695944,0.0158423013759663,0.286015216514495,0.0160810876407659,1,-0.0162648711125345,0.0215172595942379,0.684122443783145,0.00979795467907582,0.712772303969695,0.00819567518652286,0.690965020247807,0.00824368304107393,0.685054732951021,0.00886145257194467,0.69844956265099,0.00976320218378987
