"beta","beta_sd","omega","omega_sd","rho","rho_sd","conv_code","tau1","tau1_sd","tau2","tau2_sd","tau3","tau3_sd","tau4","tau4_sd","tau5","tau5_sd","tau6","tau6_sd"
2.58438095569393,0.0530254594986195,0.970992501613854,0.042885589704704,-0.896780771279552,0.00436163914376309,1,0.0664890160327734,0.043030709158797,0.67845801755118,0.0263909432965334,0.680616680648427,0.024333660620051,0.672630219845223,0.0240457598994774,0.689150585467175,0.0238797776661073,0.698835565074189,0.0244529440736164
