"beta","beta_sd","omega","omega_sd","rho","rho_sd","conv_code","tau1","tau1_sd","tau2","tau2_sd","tau3","tau3_sd","tau4","tau4_sd","tau5","tau5_sd","tau6","tau6_sd"
1.0040601126303,0.00552661014169241,0.0620834330943452,0.00124949288423762,-0.00480675466898915,0.0110997420764124,1,0.0251609421517858,0.016798113453052,0.69121727680382,0.00806897484840051,0.689464434398025,0.00683247474361057,0.688765471227417,0.00782671756018073,0.696027181380401,0.00941266172935361,0.691325460934585,0.0127714556397039
