"beta","beta_sd","omega","omega_sd","rho","rho_sd","conv_code","tau1","tau1_sd","tau2","tau2_sd","tau3","tau3_sd","tau4","tau4_sd","tau5","tau5_sd","tau6","tau6_sd"
1.35235996910937,0.0347950340658797,16.2828869407703,0.383811882307873,0.603985372584512,0.0260312503839217,1,-0.0519711871125059,0.0325771680937373,0.71549049848392,0.0137764661786265,0.690001206092322,0.0143484416491227,0.701571266682238,0.0150807652324705,0.675349570097154,0.0164121941468804,0.711846482898155,0.0172477173095661
