"beta","beta_sd","omega","omega_sd","rho","rho_sd","conv_code","tau1","tau1_sd","tau2","tau2_sd","tau3","tau3_sd","tau4","tau4_sd","tau5","tau5_sd","tau6","tau6_sd"
2.61608070558089,0.0202739003085429,1.03733716729895,0.0204316529082435,-0.296501668438865,0.0134562909254421,1,0.0151184146952904,0.0285108321874418,0.686525051950039,0.0148810676506276,0.708393146633961,0.0116320967402991,0.690720630367145,0.0112098838892151,0.691177028102813,0.011660307176476,0.68494106785896,0.0122614978798513
