"beta","beta_sd","omega","omega_sd","rho","rho_sd","conv_code","tau1","tau1_sd","tau2","tau2_sd","tau3","tau3_sd","tau4","tau4_sd","tau5","tau5_sd","tau6","tau6_sd"
3.99075019973998,0.0837430114910662,0.595065677034705,0.0298938889067501,-0.901512485021301,0.0043708158029279,1,-0.0509828827499622,0.0569617919620198,0.741075975076404,0.0340571131156716,0.747404621657859,0.0286825430559841,0.679692218703254,0.027091643435626,0.711429446495207,0.0258540584412836,0.720275466771771,0.0256125364958371
