"beta","beta_sd","omega","omega_sd","rho","rho_sd","conv_code","tau1","tau1_sd","tau2","tau2_sd","tau3","tau3_sd","tau4","tau4_sd","tau5","tau5_sd","tau6","tau6_sd"
3.55044311154754,0.0400367082402359,0.603421937653409,0.0238128298199928,0.900518266778533,0.00322966294940496,1,-0.00554880763246296,0.0560089507863005,0.691980978099235,0.0258187745665116,0.704515425483353,0.0201903962862827,0.710876450682949,0.0173776425915809,0.696849180321611,0.0166177314213266,0.719016424893337,0.0161061423955107
