"beta","beta_sd","omega","omega_sd","rho","rho_sd","conv_code","tau1","tau1_sd","tau2","tau2_sd","tau3","tau3_sd","tau4","tau4_sd","tau5","tau5_sd","tau6","tau6_sd"
1.8527893381415,0.0387150262494183,16.5595636307328,0.457944907453895,0.589974842240986,0.0333774090266787,1,-0.0275092398883279,0.040484140103967,0.720538633060916,0.0174718829489169,0.6958813487958,0.0179957837610898,0.692281047995048,0.0194716296445215,0.727575495652615,0.0201575981857151,0.727646765214807,0.021640908207707
