"beta","beta_sd","omega","omega_sd","rho","rho_sd","conv_code","tau1","tau1_sd","tau2","tau2_sd","tau3","tau3_sd","tau4","tau4_sd","tau5","tau5_sd","tau6","tau6_sd"
1.2837402942984,0.0358120331873779,16.2658267944959,0.427748410186977,-0.615780143985468,0.010168441297628,1,0.0153275114785471,0.0337495082769037,0.682491592717877,0.015942766206879,0.723457545701019,0.0159700327496529,0.701481536611089,0.0169086857905831,0.715642059571487,0.0178723586558221,0.696535366411185,0.0191983007711075
