"beta","beta_sd","omega","omega_sd","rho","rho_sd","conv_code","tau1","tau1_sd","tau2","tau2_sd","tau3","tau3_sd","tau4","tau4_sd","tau5","tau5_sd","tau6","tau6_sd"
2.90737010664281,0.0199578466973235,1.03150943790194,0.0190992344986989,-0.317285999885944,0.0117365008483858,1,-0.0110333940592979,0.0269214836141691,0.708004725508966,0.0142277260776219,0.683924347944908,0.0109419793050875,0.696930858761464,0.0103519309349814,0.705634872985096,0.0102461994884465,0.697719223249327,0.0106696426631355
