"beta","beta_sd","omega","omega_sd","rho","rho_sd","conv_code","tau1","tau1_sd","tau2","tau2_sd","tau3","tau3_sd","tau4","tau4_sd","tau5","tau5_sd","tau6","tau6_sd"
3.86431138649715,0.0364843492466954,0.989618051091624,0.0249134528221257,-0.302757113255185,0.0180773370806179,1,-0.0585630485984857,0.0375939481108359,0.732014026082915,0.0217050450206872,0.66406959556943,0.01717224419473,0.687688025216721,0.0149414248364326,0.670222539374677,0.0145415128345033,0.718212616268347,0.014226850406889
