"beta","beta_sd","omega","omega_sd","rho","rho_sd","conv_code","tau1","tau1_sd","tau2","tau2_sd","tau3","tau3_sd","tau4","tau4_sd","tau5","tau5_sd","tau6","tau6_sd"
0.80791456667509,0.0341202696428723,15.9155100147344,0.409606307651505,-0.30736037223821,0.0179246087851259,1,0.0699740404534199,0.0304480238072451,0.668927825078123,0.0149997647581466,0.668047223222266,0.0160791577470099,0.70348500179424,0.0167183902629205,0.703161322049867,0.0173887770018328,0.674938965414427,0.0194854271344152
