"beta","beta_sd","omega","omega_sd","rho","rho_sd","conv_code","tau1","tau1_sd","tau2","tau2_sd","tau3","tau3_sd","tau4","tau4_sd","tau5","tau5_sd","tau6","tau6_sd"
0.916765113006936,0.03490863522831,16.543234986148,0.424201605811367,-0.322197791303154,0.0178648212346432,1,0.0368270994842525,0.0315771781352482,0.717813097686268,0.0151590356848863,0.701380310934252,0.0157005041579204,0.729082127181784,0.0164986113517614,0.709534494679001,0.0173738037696482,0.721416910053496,0.0188582499190001
