"beta","beta_sd","omega","omega_sd","rho","rho_sd","conv_code","tau1","tau1_sd","tau2","tau2_sd","tau3","tau3_sd","tau4","tau4_sd","tau5","tau5_sd","tau6","tau6_sd"
0.998336439062993,0.0108889984148549,0.0634894602836509,0.00189372354590211,-0.901720373030091,0.00224474393505721,1,0.00762218192139649,0.0208067436980652,0.692780781709803,0.0137724990019175,0.675830330802418,0.0129048438753481,0.692813088871152,0.0135401096903646,0.715736507806251,0.0152996431695774,0.705229578216406,0.0183904332424462
