"beta","beta_sd","omega","omega_sd","rho","rho_sd","conv_code","tau1","tau1_sd","tau2","tau2_sd","tau3","tau3_sd","tau4","tau4_sd","tau5","tau5_sd","tau6","tau6_sd"
0.973642417119477,0.033457894972415,15.8686612602137,0.359818073870325,-0.299118045764743,0.0149788506444923,1,-0.0289432448663583,0.0262847691644472,0.669528125575315,0.0124760440415571,0.693837323946289,0.0128878300240378,0.67877389780335,0.0138421927885364,0.699682039214614,0.014711551820095,0.661603135012253,0.0162935949973274
