"beta","beta_sd","omega","omega_sd","rho","rho_sd","conv_code","tau1","tau1_sd","tau2","tau2_sd","tau3","tau3_sd","tau4","tau4_sd","tau5","tau5_sd","tau6","tau6_sd"
3.72922263902861,0.0530323828117985,16.5566234516853,0.446121156177157,-0.596322348910264,0.0111560162994601,1,-0.00182897384096827,0.036288100211471,0.693601319916696,0.0173390938330852,0.708009810697053,0.0170176691751272,0.708930298748741,0.0172328821228165,0.700235144621499,0.0177499627459404,0.701802707056901,0.0185808215316939
