"beta","beta_sd","omega","omega_sd","rho","rho_sd","conv_code","tau1","tau1_sd","tau2","tau2_sd","tau3","tau3_sd","tau4","tau4_sd","tau5","tau5_sd","tau6","tau6_sd"
1.87896636497429,0.0256156455524718,0.988438860070021,0.0290848963579566,-0.592351736950414,0.0117703376972321,1,0.000323965299969139,0.0313713362326991,0.679259202723553,0.0172378556640256,0.681471497854147,0.0159438388529293,0.683626924370302,0.016735458048456,0.67902161084988,0.0174689405708698,0.686496373090739,0.0188034007661268
