"beta","beta_sd","omega","omega_sd","rho","rho_sd","conv_code","tau1","tau1_sd","tau2","tau2_sd","tau3","tau3_sd","tau4","tau4_sd","tau5","tau5_sd","tau6","tau6_sd"
3.93103793052971,0.0666702353838845,16.9065241224,0.566520469416061,0.252763841061221,0.0549384637030646,1,-0.11950362023097,0.0417577606119707,0.729363307067134,0.0203924773968531,0.737222662621813,0.0206335074753272,0.716011743700745,0.0219565742933584,0.734638295240041,0.0222266136926249,0.724039576501832,0.0237598052333581
