"beta","beta_sd","omega","omega_sd","rho","rho_sd","conv_code","tau1","tau1_sd","tau2","tau2_sd","tau3","tau3_sd","tau4","tau4_sd","tau5","tau5_sd","tau6","tau6_sd"
3.92759652245427,0.0416965395670582,0.953094131735557,0.0263817966541342,-0.576554531373832,0.0117537560626677,1,0.0608232878029176,0.042342796158326,0.667472333588899,0.0247884037077492,0.659784437404877,0.0189361701409693,0.685461344460532,0.016396200156071,0.662639788471787,0.0156981973982605,0.668176801021152,0.0154103133517606
