"beta","beta_sd","omega","omega_sd","rho","rho_sd","conv_code","tau1","tau1_sd","tau2","tau2_sd","tau3","tau3_sd","tau4","tau4_sd","tau5","tau5_sd","tau6","tau6_sd"
3.5621824499192,0.0382620317809495,1.02238895693549,0.0270232246456726,-0.902838368610976,0.00243884804139518,1,0.00429140871321846,0.0413008790090492,0.717584417231135,0.0216043711395512,0.717406388040378,0.0173903436508879,0.692118180471686,0.0158896966501792,0.713054026941565,0.0152654628366268,0.715969252225082,0.0151818507467123
