"beta","beta_sd","omega","omega_sd","rho","rho_sd","conv_code","tau1","tau1_sd","tau2","tau2_sd","tau3","tau3_sd","tau4","tau4_sd","tau5","tau5_sd","tau6","tau6_sd"
3.25656137710949,0.0402962724883283,16.0808818346495,0.351724768584636,0.377068094685905,0.0265671693464289,1,-0.010480465174368,0.028415189437984,0.693836877263607,0.0128736357911057,0.678139917249056,0.012835829005023,0.667240709278035,0.0132423180597631,0.671292127875766,0.0138084620794642,0.664049161011753,0.0147346960273716
