"beta","beta_sd","omega","omega_sd","rho","rho_sd","conv_code","tau1","tau1_sd","tau2","tau2_sd","tau3","tau3_sd","tau4","tau4_sd","tau5","tau5_sd","tau6","tau6_sd"
2.32554895253582,0.0512423460174764,15.9554552689319,0.595941666084097,-0.312058479555513,0.0285655698383043,1,-0.0571277835065004,0.0401721635765999,0.706801098679989,0.0218197652794142,0.680779229052519,0.0227336273060486,0.698895546578964,0.0235241259472163,0.672414580195613,0.0246028677886938,0.721396931653085,0.025137994301882
