"beta","beta_sd","omega","omega_sd","rho","rho_sd","conv_code","tau1","tau1_sd","tau2","tau2_sd","tau3","tau3_sd","tau4","tau4_sd","tau5","tau5_sd","tau6","tau6_sd"
0.100466801367824,0.00423702345322715,0.062572997890873,0.00127325719904119,-0.898943754736694,0.00141949233007485,1,-0.00413693828734584,0.0153214991363446,0.691136009013651,0.00695401598150536,0.698427960286485,0.0082686827596447,0.670404443051778,0.0132198402934299,0.689936185381592,0.0257622952405497,0.723503502332079,0.0613913484263957
