"beta","beta_sd","omega","omega_sd","rho","rho_sd","conv_code","tau1","tau1_sd","tau2","tau2_sd","tau3","tau3_sd","tau4","tau4_sd","tau5","tau5_sd","tau6","tau6_sd"
0.294819902889853,0.00388846697420915,0.0622723584075331,0.00109408546910838,-0.6047575826798,0.004480995601951,1,-0.013163072276497,0.0127560426431248,0.690005314900268,0.00557821536896176,0.697558276929499,0.00705232082362317,0.685266861180549,0.0123590307782374,0.676238620586393,0.0279211524759314,0.595634873391632,0.0731984743144284
