"beta","beta_sd","omega","omega_sd","rho","rho_sd","conv_code","tau1","tau1_sd","tau2","tau2_sd","tau3","tau3_sd","tau4","tau4_sd","tau5","tau5_sd","tau6","tau6_sd"
2.70370150104138,0.0181192842236357,0.0651012310217808,0.00212578125032259,-0.605359546538694,0.00696704617306202,1,0.0315045719107448,0.0311208869702129,0.669023542480811,0.0183351745366808,0.700284613795647,0.0130557243035948,0.695926994746521,0.0113195365740311,0.696029397017303,0.0109637814840893,0.698694840441173,0.0112622164656276
