"beta","beta_sd","omega","omega_sd","rho","rho_sd","conv_code","tau1","tau1_sd","tau2","tau2_sd","tau3","tau3_sd","tau4","tau4_sd","tau5","tau5_sd","tau6","tau6_sd"
3.10766935181457,0.0198581444715345,0.0627419782563782,0.0029655043384128,-0.0114415140848515,0.0160003647601741,1,0.0367167894571103,0.0349092246619951,0.680409669830977,0.0200310415558512,0.676955524169129,0.0138925210208824,0.708698465037844,0.0116003980998822,0.704233985843891,0.010983605317702,0.692822632140305,0.0112211416434398
