"beta","beta_sd","omega","omega_sd","rho","rho_sd","conv_code","tau1","tau1_sd","tau2","tau2_sd","tau3","tau3_sd","tau4","tau4_sd","tau5","tau5_sd","tau6","tau6_sd"
3.59743764800343,0.0284964575087558,0.0610219533890107,0.0106898295287274,0.902217909793591,0.00215554558127945,1,0.0602831763408816,0.0448959108082148,0.673579802702403,0.0214589325774251,0.700856988829737,0.0167874378518045,0.688305643551429,0.0141080768080001,0.708403820256497,0.0128751442811079,0.692015994880063,0.0127609105725822
