"beta","beta_sd","omega","omega_sd","rho","rho_sd","conv_code","tau1","tau1_sd","tau2","tau2_sd","tau3","tau3_sd","tau4","tau4_sd","tau5","tau5_sd","tau6","tau6_sd"
0.994349244936034,0.00710984573655607,0.0619501129269936,0.00166635239324435,0.00881301010782359,0.0158821723172474,1,-0.0470143856756214,0.0203930724914582,0.696483348893458,0.0100556740051864,0.702178884697114,0.0086871372408443,0.679150742750122,0.0101769347738454,0.692500474834929,0.0121910354986394,0.704703136706957,0.0164092845305841
