"beta","beta_sd","omega","omega_sd","rho","rho_sd","conv_code","tau1","tau1_sd","tau2","tau2_sd","tau3","tau3_sd","tau4","tau4_sd","tau5","tau5_sd","tau6","tau6_sd"
2.1260901722976,0.0364749249158389,15.9222261496581,0.37067081215305,0.610560470410175,0.0262811995954624,1,-0.0248755487956735,0.033067223783612,0.682264310272158,0.0145828504037279,0.713134539170223,0.0138645780842081,0.674141194133595,0.0149646426985118,0.690717496990047,0.0157683575986259,0.683666913332946,0.0167576354610338
