"beta","beta_sd","omega","omega_sd","rho","rho_sd","conv_code","tau1","tau1_sd","tau2","tau2_sd","tau3","tau3_sd","tau4","tau4_sd","tau5","tau5_sd","tau6","tau6_sd"
1.78551569207635,0.036055661014953,15.6642999063187,0.390117511262805,-0.307888071557041,0.0178646444005172,1,0.0318016106179775,0.0309940959206259,0.666110827921941,0.0153783360759752,0.71427410450663,0.0152669953258539,0.706306639451932,0.0160426356614132,0.722872643953336,0.0165009626434497,0.694751331486759,0.0180259972661764
