"beta","beta_sd","omega","omega_sd","rho","rho_sd","conv_code","tau1","tau1_sd","tau2","tau2_sd","tau3","tau3_sd","tau4","tau4_sd","tau5","tau5_sd","tau6","tau6_sd"
3.90684988357348,0.0475901464962572,0.605746173814723,0.0218035174568648,-0.0488269533051393,0.0328494057225609,1,0.0638480273766198,0.0480450818076585,0.698574375668628,0.027636954113256,0.723167196388489,0.0208046578483665,0.722567415554291,0.0188166580002754,0.689725074856176,0.0182053902952663,0.732393196070001,0.0180283152456829
