"beta","beta_sd","omega","omega_sd","rho","rho_sd","conv_code","tau1","tau1_sd","tau2","tau2_sd","tau3","tau3_sd","tau4","tau4_sd","tau5","tau5_sd","tau6","tau6_sd"
3.09585441023735,0.0225714196154429,0.0626123318237135,0.00261903399636777,-0.607031657860484,0.00764867215396487,1,0.00904428794612081,0.0359671403124652,0.677701654569605,0.0209746410420847,0.724705787417492,0.0144188045450779,0.667032014120344,0.0126238891078832,0.691046427389758,0.0118600205335573,0.698339207821501,0.0120358915609634
