"beta","beta_sd","omega","omega_sd","rho","rho_sd","conv_code","tau1","tau1_sd","tau2","tau2_sd","tau3","tau3_sd","tau4","tau4_sd","tau5","tau5_sd","tau6","tau6_sd"
3.08637609522221,0.0209667746275569,0.250309381080369,0.0057263185008555,-0.590430138535828,0.00711460387239916,1,0.0127390150975619,0.0303831720632929,0.685731592692813,0.0175180151959505,0.67814629321318,0.012952933322663,0.683715261866823,0.0111389788309327,0.685576685463413,0.0106863066068658,0.690712430834856,0.0107802802138434
