"beta","beta_sd","omega","omega_sd","rho","rho_sd","conv_code","tau1","tau1_sd","tau2","tau2_sd","tau3","tau3_sd","tau4","tau4_sd","tau5","tau5_sd","tau6","tau6_sd"
3.46924058812814,0.0338649661547196,0.243504596367925,0.00772155870108559,-0.898193503537817,0.00243667011010016,1,0.0640762491375104,0.0388680025133341,0.651625327093359,0.0227457512940132,0.659841021481298,0.018025731148454,0.69813138876355,0.0153984749932918,0.691126355598293,0.014460736148564,0.69467594341003,0.0145725779475814
