"beta","beta_sd","omega","omega_sd","rho","rho_sd","conv_code","tau1","tau1_sd","tau2","tau2_sd","tau3","tau3_sd","tau4","tau4_sd","tau5","tau5_sd","tau6","tau6_sd"
1.49144222695208,0.0122074605506376,0.979361813181564,0.0167509997886876,-0.0142305014754957,0.0157628406741743,1,-0.0619939162976537,0.0220730074759828,0.715611131327142,0.00956484772785807,0.692391471257274,0.00918107639537427,0.674061867165255,0.0101448123921254,0.678373968855488,0.0111798674756616,0.680769104626726,0.0126801084845952
