"beta","beta_sd","omega","omega_sd","rho","rho_sd","conv_code","tau1","tau1_sd","tau2","tau2_sd","tau3","tau3_sd","tau4","tau4_sd","tau5","tau5_sd","tau6","tau6_sd"
2.18258044587388,0.0462521313048298,16.2342072625604,0.560514271971434,-0.0119909757142579,0.0413779124177544,1,0.0236958778249822,0.0379590147980227,0.697105955720582,0.0204376612354473,0.707768291678037,0.0212060588031728,0.659537801970071,0.0222509369353844,0.693897438746351,0.0236760037766648,0.67182212643664,0.0246256723716485
