"beta","beta_sd","omega","omega_sd","rho","rho_sd","conv_code","tau1","tau1_sd","tau2","tau2_sd","tau3","tau3_sd","tau4","tau4_sd","tau5","tau5_sd","tau6","tau6_sd"
1.51105041325384,0.00739277045198122,0.0602124208148806,0.00189966078213003,0.611163495948712,0.0075240597162179,1,0.0165224490345953,0.0242439550410468,0.700246374359296,0.0111960699311887,0.70143668169211,0.00805692784177226,0.689971504503792,0.0077763266974003,0.702637712957497,0.00847426270581492,0.691432359248714,0.00951011498299688
