"beta","beta_sd","omega","omega_sd","rho","rho_sd","conv_code","tau1","tau1_sd","tau2","tau2_sd","tau3","tau3_sd","tau4","tau4_sd","tau5","tau5_sd","tau6","tau6_sd"
1.00035017003243,0.0135989645241181,1.00656422930298,0.0209653337466626,0.206563496163763,0.0196345012887759,1,-0.016489427139322,0.02614623879015,0.692329470692552,0.0103075028978225,0.685104946754458,0.0105992060310406,0.706698812133106,0.01203979996574,0.683724376126921,0.0140527105632784,0.67502566214586,0.016986176583748
