"beta","beta_sd","omega","omega_sd","rho","rho_sd","conv_code","tau1","tau1_sd","tau2","tau2_sd","tau3","tau3_sd","tau4","tau4_sd","tau5","tau5_sd","tau6","tau6_sd"
3.87728202034445,0.0470302446256095,0.239845313982752,0.010872081784705,-0.313567889825824,0.023407635132176,1,-0.0996201180794985,0.0490839376577914,0.722176871264639,0.0290522809348169,0.714207896561396,0.0226858979660266,0.682371681843661,0.0197635974211846,0.689232058928522,0.0182789929053984,0.685461729876497,0.0181246330901293
