"beta","beta_sd","omega","omega_sd","rho","rho_sd","conv_code","tau1","tau1_sd","tau2","tau2_sd","tau3","tau3_sd","tau4","tau4_sd","tau5","tau5_sd","tau6","tau6_sd"
3.72617150500462,0.0682721110153483,17.2102404728266,0.618112501613675,-0.0654040184278493,0.0402413616388589,1,0.00223508895549756,0.0416268679750251,0.72487751141236,0.0221149256808871,0.714771430877902,0.0227100052350044,0.771954105961446,0.0224219559957566,0.727254635710239,0.0235473013510891,0.698774576088947,0.0252137295886725
