"beta","beta_sd","omega","omega_sd","rho","rho_sd","conv_code","tau1","tau1_sd","tau2","tau2_sd","tau3","tau3_sd","tau4","tau4_sd","tau5","tau5_sd","tau6","tau6_sd"
3.93287497071365,0.0942204983005817,1.10014600294601,0.0578093634410256,-0.907743375743835,0.00459839623126708,1,-0.135330476228267,0.0593943380908025,0.778231517058709,0.0343083862111519,0.730079482416087,0.0304064331743053,0.708067282943328,0.0292037546293655,0.727655568350466,0.0281784397638616,0.728215259010998,0.0283999318457089
