"beta","beta_sd","omega","omega_sd","rho","rho_sd","conv_code","tau1","tau1_sd","tau2","tau2_sd","tau3","tau3_sd","tau4","tau4_sd","tau5","tau5_sd","tau6","tau6_sd"
3.10271791930309,0.0200514370688373,1.01531902731133,0.0188678131128282,-0.00640957408242635,0.0164885265728444,1,0.0480392354979104,0.0270654139262575,0.682283160940842,0.0148166874387726,0.67800466324918,0.0113170663814062,0.707251163069007,0.0101742715552535,0.69972053875032,0.0100353824225623,0.695267643781879,0.0103316225797576
