"beta","beta_sd","omega","omega_sd","rho","rho_sd","conv_code","tau1","tau1_sd","tau2","tau2_sd","tau3","tau3_sd","tau4","tau4_sd","tau5","tau5_sd","tau6","tau6_sd"
3.75086772902927,0.0376409495837712,0.989459351453816,0.0255951893476201,-0.591209878989136,0.0104043165560826,1,-0.0223183055593782,0.0395577881183908,0.686483396639441,0.0228373655699766,0.685434742153922,0.017413946621895,0.675993234197745,0.0153464069046239,0.679278215342787,0.0149763980831788,0.69346151870137,0.0147155931350075
