"beta","beta_sd","omega","omega_sd","rho","rho_sd","conv_code","tau1","tau1_sd","tau2","tau2_sd","tau3","tau3_sd","tau4","tau4_sd","tau5","tau5_sd","tau6","tau6_sd"
1.7797550827592,0.0410364794281795,15.5919926138631,0.524887794301353,0.00720535402605327,0.0407081348179599,1,0.000260794634290487,0.0386081585786621,0.636917683055668,0.0201799134767779,0.701874230765858,0.0207208835511299,0.685280029790633,0.0216074397075803,0.681091958695491,0.022862355489323,0.674007022355717,0.0241477225678892
