"beta","beta_sd","omega","omega_sd","rho","rho_sd","conv_code","tau1","tau1_sd","tau2","tau2_sd","tau3","tau3_sd","tau4","tau4_sd","tau5","tau5_sd","tau6","tau6_sd"
0.503946536287882,0.00419142889397236,0.0639548736719156,0.00108951701865698,-0.607079922173106,0.00438096649639281,1,0.0107532815562213,0.0130568947876789,0.696318740041354,0.00579741797590551,0.703115939733322,0.00638409230414449,0.699439445813827,0.00902660241761996,0.708278936857861,0.0158464288815476,0.72158339681725,0.0353344293855099
