"beta","beta_sd","omega","omega_sd","rho","rho_sd","conv_code","tau1","tau1_sd","tau2","tau2_sd","tau3","tau3_sd","tau4","tau4_sd","tau5","tau5_sd","tau6","tau6_sd"
0.694509139725743,0.00548464835291351,0.0631240011949941,0.00174343741381426,0.305089684871071,0.0153469821337925,1,-0.0317427760939943,0.0188917241271592,0.703422085728549,0.00802376330276648,0.699898616583209,0.00801662001815434,0.690656773849542,0.0106848629086655,0.722869818722029,0.0154576058839033,0.709313278526771,0.0299133328822388
