"beta","beta_sd","omega","omega_sd","rho","rho_sd","conv_code","tau1","tau1_sd","tau2","tau2_sd","tau3","tau3_sd","tau4","tau4_sd","tau5","tau5_sd","tau6","tau6_sd"
1.69541397375475,0.0162225084577429,0.981766020331783,0.0219367681978355,0.331934136190306,0.0285373417191981,1,-0.00467077262099919,0.0278450154195256,0.685534107112066,0.0125330087976383,0.697027562170847,0.0116424167454796,0.677228160915894,0.0125626849014896,0.691348415852469,0.0137662777005408,0.676164293337004,0.0158086350663203
