"beta","beta_sd","omega","omega_sd","rho","rho_sd","conv_code","tau1","tau1_sd","tau2","tau2_sd","tau3","tau3_sd","tau4","tau4_sd","tau5","tau5_sd","tau6","tau6_sd"
3.31923212913096,0.0474507274520907,16.0889886536935,0.419290751201471,-0.302237314723401,0.0193628070160581,1,-0.0168345693526404,0.032996056123519,0.682186986064242,0.0164450718626633,0.718323522024278,0.0160812774498586,0.70216015886195,0.016616969296234,0.68293276495316,0.017397619561554,0.677919414858883,0.0182293317612367
