"beta","beta_sd","omega","omega_sd","rho","rho_sd","conv_code","tau1","tau1_sd","tau2","tau2_sd","tau3","tau3_sd","tau4","tau4_sd","tau5","tau5_sd","tau6","tau6_sd"
-0.0332434733989563,0.0348215080642966,15.5752475559272,0.405550066446115,-0.0136311913502734,0.0264038995468508,1,0.0165906846995221,0.0303766750513519,0.683736287575627,0.0147829713403655,0.706953211122033,0.0153551065728591,0.687063433453722,0.0164405019789874,0.684401470046912,0.0180978699446881,0.658217739225278,0.0198775007281201
