"beta","beta_sd","omega","omega_sd","rho","rho_sd","conv_code","tau1","tau1_sd","tau2","tau2_sd","tau3","tau3_sd","tau4","tau4_sd","tau5","tau5_sd","tau6","tau6_sd"
0.989890976460852,0.0355056162800592,16.162009143684,0.421873267146754,0.904876653656772,0.00445914357315073,1,-0.0111385225020542,0.0450774418529772,0.707526831226042,0.0158007675361923,0.693937576705132,0.0152879986707648,0.680244479349957,0.0161774475165978,0.70395787963874,0.0169079164854019,0.686701594472318,0.0182480568282688
