"beta","beta_sd","omega","omega_sd","rho","rho_sd","conv_code","tau1","tau1_sd","tau2","tau2_sd","tau3","tau3_sd","tau4","tau4_sd","tau5","tau5_sd","tau6","tau6_sd"
3.81081827121495,0.037074269839099,0.569300234546347,0.015598222241909,-0.599557223110373,0.0101392519883394,1,0.0110224353691432,0.0413263481752807,0.686616640995368,0.0241763056688738,0.696772342250737,0.0178389934412147,0.698988386432444,0.0154786015862606,0.688030010915384,0.0148218152465325,0.691375541473549,0.0145385460982294
