"beta","beta_sd","omega","omega_sd","rho","rho_sd","conv_code","tau1","tau1_sd","tau2","tau2_sd","tau3","tau3_sd","tau4","tau4_sd","tau5","tau5_sd","tau6","tau6_sd"
1.63339678950137,0.0348012999185745,15.5642567657122,0.367049741289237,0.901743878656599,0.00398102863256792,1,0.0583248717208623,0.0402584784000174,0.660281654732934,0.0140014319612467,0.701653874222929,0.0132583643997786,0.712002193257944,0.0135493521468547,0.700487327537747,0.0141299942898881,0.685356574408631,0.0148408307477019
