"beta","beta_sd","omega","omega_sd","rho","rho_sd","conv_code","tau1","tau1_sd","tau2","tau2_sd","tau3","tau3_sd","tau4","tau4_sd","tau5","tau5_sd","tau6","tau6_sd"
2.09743786588861,0.0418975384358117,1.00019616522948,0.041583198485976,-0.900196608458819,0.00398402088647265,1,0.00266526336459964,0.0382346772919548,0.685125241725271,0.0238521853567958,0.690408650227726,0.0226081199987934,0.699673338181499,0.0225177228674599,0.693531683842714,0.0230010017684211,0.677336906480758,0.0236915517478591
