"beta","beta_sd","omega","omega_sd","rho","rho_sd","conv_code","tau1","tau1_sd","tau2","tau2_sd","tau3","tau3_sd","tau4","tau4_sd","tau5","tau5_sd","tau6","tau6_sd"
1.2688589859721,0.0343211616095386,16.7552112919877,0.367345139615465,0.572049286389326,0.0230198693752944,1,-0.0276984909379282,0.0290948356623851,0.688519247034156,0.0124922567609199,0.706225317338369,0.0122329369371696,0.704833470797122,0.0130287466292173,0.693665944490221,0.0138889704033619,0.696084526395815,0.0149619949135018
