"beta","beta_sd","omega","omega_sd","rho","rho_sd","conv_code","tau1","tau1_sd","tau2","tau2_sd","tau3","tau3_sd","tau4","tau4_sd","tau5","tau5_sd","tau6","tau6_sd"
1.19626668122762,0.0102982801112041,0.0609790474413535,0.00166462162929253,-0.599470448226994,0.00774903122995904,1,-0.0107493463942727,0.0217072717534453,0.689977143912448,0.0126490238004487,0.697239433624931,0.0107005254252419,0.687641900800642,0.0116009184427726,0.683010499783255,0.0130697727116567,0.68820601004382,0.015109172980339
