"beta","beta_sd","omega","omega_sd","rho","rho_sd","conv_code","tau1","tau1_sd","tau2","tau2_sd","tau3","tau3_sd","tau4","tau4_sd","tau5","tau5_sd","tau6","tau6_sd"
2.41665542617296,0.0188323185275454,1.00439467762364,0.0192657656646821,-0.296182955290415,0.0132292290542982,1,-0.000416156256061858,0.0269901897756783,0.693464503636088,0.0139725501862727,0.686448000619145,0.0115037652127375,0.697391303054145,0.0110353005087791,0.690520328694837,0.0113971802036433,0.696118851190025,0.0121623528927672
