"beta","beta_sd","omega","omega_sd","rho","rho_sd","conv_code","tau1","tau1_sd","tau2","tau2_sd","tau3","tau3_sd","tau4","tau4_sd","tau5","tau5_sd","tau6","tau6_sd"
3.31723243924899,0.0333397818942417,1.03202636759929,0.0287112898075773,0.282040931416578,0.0342099021880702,1,-0.000476052748415694,0.0433045747739846,0.70015748053131,0.0225393975088468,0.705739530708879,0.0168575963714492,0.688805549979477,0.0157283805938498,0.710148470535406,0.0156127832015464,0.693108575740284,0.0159798573679029
