"beta","beta_sd","omega","omega_sd","rho","rho_sd","conv_code","tau1","tau1_sd","tau2","tau2_sd","tau3","tau3_sd","tau4","tau4_sd","tau5","tau5_sd","tau6","tau6_sd"
3.45477365202092,0.0479013485767711,0.953157211449845,0.0320525581951672,-0.285778516930511,0.0253639097578232,1,-0.00221718987069914,0.0443317811342605,0.665210598613227,0.0264284571079633,0.707451613629544,0.0199332789297459,0.681929816448715,0.0192428002285767,0.674542332861193,0.0191248747829365,0.693383804386016,0.0192701179178615
