"beta","beta_sd","omega","omega_sd","rho","rho_sd","conv_code","tau1","tau1_sd","tau2","tau2_sd","tau3","tau3_sd","tau4","tau4_sd","tau5","tau5_sd","tau6","tau6_sd"
2.38887296626873,0.0580037411607131,16.1094438105727,0.692635121529403,-0.5918319576307,0.018271793077432,1,0.0177073373837035,0.04499851458722,0.699541796033417,0.025092465967453,0.705324481727631,0.0259158439566501,0.682734226126953,0.0263685971459265,0.687368596395873,0.0271373462824346,0.66241526043631,0.0287697603469423
