"beta","beta_sd","omega","omega_sd","rho","rho_sd","conv_code","tau1","tau1_sd","tau2","tau2_sd","tau3","tau3_sd","tau4","tau4_sd","tau5","tau5_sd","tau6","tau6_sd"
0.798241885745185,0.00505971012578307,0.0621771029438575,0.00167915828456784,0.598037138241132,0.00769423940833186,1,-0.038364643094775,0.018710270879919,0.702298952272365,0.00717348879865956,0.695604774665647,0.00642207932284009,0.693836888559208,0.00776131909158121,0.700932167264113,0.0106465973627602,0.698151940701587,0.0176949010972118
