"beta","beta_sd","omega","omega_sd","rho","rho_sd","conv_code","tau1","tau1_sd","tau2","tau2_sd","tau3","tau3_sd","tau4","tau4_sd","tau5","tau5_sd","tau6","tau6_sd"
2.20163586543809,0.0101422556291633,0.0651650138299009,0.00238859697610355,0.589294804190278,0.00770178925229055,1,-0.00219580930242182,0.0260256675805008,0.693665983797205,0.0129526881313601,0.695479185753433,0.0090565754776138,0.685642907332579,0.00794438281261554,0.697600558110847,0.00786519145647546,0.697069078375698,0.00842428165670425
