"beta","beta_sd","omega","omega_sd","rho","rho_sd","conv_code","tau1","tau1_sd","tau2","tau2_sd","tau3","tau3_sd","tau4","tau4_sd","tau5","tau5_sd","tau6","tau6_sd"
1.8037617634468,0.00802426055611293,0.0638024795432955,0.00138544032199585,-0.00999811025343943,0.0101519804069611,1,0.00641932130684616,0.0210990803269497,0.695050536951622,0.0111424799105797,0.687250743194782,0.00784925421069216,0.700322173236335,0.00727523549503966,0.704300086077006,0.00771112144644344,0.698283941222063,0.00854668783325154
