"beta","beta_sd","omega","omega_sd","rho","rho_sd","conv_code","tau1","tau1_sd","tau2","tau2_sd","tau3","tau3_sd","tau4","tau4_sd","tau5","tau5_sd","tau6","tau6_sd"
2.19140388352682,0.0151811655619721,0.059344303094284,0.00315900825232031,0.60444580296654,0.0100453959216519,1,0.0167017428387522,0.0354941488059042,0.675920857561575,0.0183560213244436,0.694217802517286,0.0130415595292934,0.696175499432443,0.0114951214078248,0.692855124000175,0.0113071657418152,0.666753111891315,0.0124322234898434
