"beta","beta_sd","omega","omega_sd","rho","rho_sd","conv_code","tau1","tau1_sd","tau2","tau2_sd","tau3","tau3_sd","tau4","tau4_sd","tau5","tau5_sd","tau6","tau6_sd"
3.17017270558063,0.0201041192755959,0.568994852335471,0.0114799536968942,0.00751923963974146,0.0171632184134506,1,-0.0101739951122081,0.0296797222269253,0.676948588380308,0.0167952999071761,0.676308416315005,0.0121318733148525,0.696525444517904,0.0106211861219121,0.682178667799801,0.0101754227089502,0.691742307918033,0.0103439385584485
