"beta","beta_sd","omega","omega_sd","rho","rho_sd","conv_code","tau1","tau1_sd","tau2","tau2_sd","tau3","tau3_sd","tau4","tau4_sd","tau5","tau5_sd","tau6","tau6_sd"
0.792162711189019,0.0332246537441698,15.7303349109785,0.364990389035956,-0.293116498213232,0.0152573635069364,1,-0.0165939459216678,0.0264509361672321,0.685033327061354,0.012782583277057,0.693127292957369,0.0129966964794832,0.688950717147214,0.0140738100472613,0.710625119250716,0.0149147092177311,0.690179972154619,0.0163938994968514
