"beta","beta_sd","omega","omega_sd","rho","rho_sd","conv_code","tau1","tau1_sd","tau2","tau2_sd","tau3","tau3_sd","tau4","tau4_sd","tau5","tau5_sd","tau6","tau6_sd"
3.85693648522097,0.0294251268065066,0.272459685539903,0.011167078942072,0.616741100592587,0.0120788418914932,1,0.0490520440605202,0.0442191259459422,0.6910829235912,0.0235462567951924,0.721364713665311,0.0166312348976071,0.695587222198115,0.0141878516418845,0.698418772657378,0.0128944075851633,0.717196220066301,0.0126049735220303
