"beta","beta_sd","omega","omega_sd","rho","rho_sd","conv_code","tau1","tau1_sd","tau2","tau2_sd","tau3","tau3_sd","tau4","tau4_sd","tau5","tau5_sd","tau6","tau6_sd"
1.3010617459367,0.0101241998679373,1.00503125331957,0.0149363547094045,0.286021329140812,0.0145965499431952,1,0.0203907118320365,0.0192572930846492,0.692830679060225,0.00776303196418717,0.698832474589792,0.00745443997160073,0.699484779769972,0.00812949684300679,0.696530577945172,0.00932124081568807,0.693468891114731,0.0109431575098616
