"beta","beta_sd","omega","omega_sd","rho","rho_sd","conv_code","tau1","tau1_sd","tau2","tau2_sd","tau3","tau3_sd","tau4","tau4_sd","tau5","tau5_sd","tau6","tau6_sd"
1.48998211869651,0.0129029221922059,0.993822461798472,0.0167195446706774,-0.895749700771734,0.00158817977037874,1,0.0150038525931583,0.0254174542439612,0.697909960895054,0.0100221599399789,0.666643994811098,0.00952987795152845,0.683918597114525,0.00962034578663168,0.67097695888673,0.0104044398684169,0.686383562670831,0.0115780922136537
