"beta","beta_sd","omega","omega_sd","rho","rho_sd","conv_code","tau1","tau1_sd","tau2","tau2_sd","tau3","tau3_sd","tau4","tau4_sd","tau5","tau5_sd","tau6","tau6_sd"
3.17622624481173,0.0262113419898117,0.558403456039978,0.0130403541580838,-0.300865773582882,0.0154182147980764,1,0.0327862069421449,0.0341270826271123,0.687050141242644,0.0194523358524142,0.676905615389194,0.0148739527730384,0.677588043927853,0.0130186291411168,0.684545798895181,0.0125477119886785,0.679300852402792,0.0129032438934824
