"beta","beta_sd","omega","omega_sd","rho","rho_sd","conv_code","tau1","tau1_sd","tau2","tau2_sd","tau3","tau3_sd","tau4","tau4_sd","tau5","tau5_sd","tau6","tau6_sd"
2.48322239344889,0.0368046065779495,16.5591320652389,0.354653765347893,0.297253917423191,0.02386263836439,1,-0.0266774215794357,0.026789924082467,0.699032787145776,0.0123705756578071,0.710965899473676,0.012408215321817,0.703920947271999,0.0127198559901271,0.669020870029675,0.0135853099685796,0.718126030839187,0.0140757984945171
