"beta","beta_sd","omega","omega_sd","rho","rho_sd","conv_code","tau1","tau1_sd","tau2","tau2_sd","tau3","tau3_sd","tau4","tau4_sd","tau5","tau5_sd","tau6","tau6_sd"
1.0152191364285,0.010574514429308,0.998822703506246,0.0166418193462129,-0.0223535363386395,0.0155717073133593,1,0.00352848803144725,0.0210630647053573,0.696108083203521,0.00877916868444835,0.714402443811264,0.00902364695453087,0.699345701623305,0.0103632384426164,0.681377840199024,0.0119828363958673,0.703081617501735,0.0139013544036521
