"beta","beta_sd","omega","omega_sd","rho","rho_sd","conv_code","tau1","tau1_sd","tau2","tau2_sd","tau3","tau3_sd","tau4","tau4_sd","tau5","tau5_sd","tau6","tau6_sd"
0.999844129971594,0.00573097540931399,0.06220003119903,0.00116964829831792,-0.307452339289891,0.00839292160520397,1,0.0053860999701259,0.0161986050679137,0.695282780116946,0.0082802189613062,0.691315633963966,0.00718169256034669,0.679076087704894,0.00803237758873164,0.697571695191855,0.00950252554425149,0.690099776147782,0.0128828968167181
