"beta","beta_sd","omega","omega_sd","rho","rho_sd","conv_code","tau1","tau1_sd","tau2","tau2_sd","tau3","tau3_sd","tau4","tau4_sd","tau5","tau5_sd","tau6","tau6_sd"
1.59680644258754,0.00798173235423484,0.0600109541382638,0.00331206211867977,0.901174834025394,0.00152436765407845,1,-0.0437821434095371,0.0292902233544171,0.717357310490298,0.00993035873825857,0.694210784550665,0.00788654498727752,0.690230946896649,0.00737487786431631,0.685431160983673,0.00763088876524142,0.70135394062581,0.00839443039616084
