"beta","beta_sd","omega","omega_sd","rho","rho_sd","conv_code","tau1","tau1_sd","tau2","tau2_sd","tau3","tau3_sd","tau4","tau4_sd","tau5","tau5_sd","tau6","tau6_sd"
3.93304310513179,0.0309765476331908,1.01772473439682,0.0226671504983079,-0.267958715184315,0.016097443277749,1,-0.0159869278862173,0.0342615546478574,0.710249304620863,0.0194578688074426,0.701466446170936,0.014580405853753,0.681851248982891,0.0128409827001863,0.691998734303377,0.0122234656096336,0.712514345851811,0.0121207973280197
