"beta","beta_sd","omega","omega_sd","rho","rho_sd","conv_code","tau1","tau1_sd","tau2","tau2_sd","tau3","tau3_sd","tau4","tau4_sd","tau5","tau5_sd","tau6","tau6_sd"
0.473247411510616,0.0347906886853727,15.0829829055837,0.56310681558703,-0.275860959200324,0.0295014152784132,1,-0.0202559523939589,0.0393022611876775,0.685594764846605,0.0211693522530126,0.65480792333519,0.0233909349748167,0.639690049925746,0.0236119021585212,0.66057517382431,0.025560422052497,0.666568369484389,0.0271144662800782
