"beta","beta_sd","omega","omega_sd","rho","rho_sd","conv_code","tau1","tau1_sd","tau2","tau2_sd","tau3","tau3_sd","tau4","tau4_sd","tau5","tau5_sd","tau6","tau6_sd"
1.30252581711555,0.00862682952625575,0.0616945979137385,0.00172891069022773,0.00814178270368986,0.0156020307680214,1,0.034852841105927,0.0229039592513609,0.684884160251016,0.0118269405790272,0.703800845575622,0.00925018750594938,0.679587560249359,0.0101587605355735,0.69573530671699,0.0114636399133428,0.702602029007745,0.013131170785864
