"beta","beta_sd","omega","omega_sd","rho","rho_sd","conv_code","tau1","tau1_sd","tau2","tau2_sd","tau3","tau3_sd","tau4","tau4_sd","tau5","tau5_sd","tau6","tau6_sd"
3.46959740383432,0.0804333586661732,15.9438278097149,0.723025434578372,-0.617151703449514,0.0183284950031478,1,0.0461687835559279,0.0464523565612006,0.718648121245903,0.0267868398313473,0.700974702314014,0.0272459914784183,0.708782125486637,0.0267536745028706,0.675637779235958,0.0280864034497085,0.6910051126827,0.0286585210851847
