"beta","beta_sd","omega","omega_sd","rho","rho_sd","conv_code","tau1","tau1_sd","tau2","tau2_sd","tau3","tau3_sd","tau4","tau4_sd","tau5","tau5_sd","tau6","tau6_sd"
-0.00019023602976334,0.00441968094849694,0.0587508807973495,0.00173865478999733,0.607689535479363,0.00767777932582374,1,-0.00739419161273534,0.0174677549168228,0.690985472577848,0.00532159940992445,0.686319393103797,0.00958955410432488,0.680041681440307,0.0266619633396679,0.701348867111237,0.103134739258673,0.54881418257222,0.359613790692943
