"beta","beta_sd","omega","omega_sd","rho","rho_sd","conv_code","tau1","tau1_sd","tau2","tau2_sd","tau3","tau3_sd","tau4","tau4_sd","tau5","tau5_sd","tau6","tau6_sd"
3.98618732477511,0.0286348172571168,0.0613167505404147,0.00584654978874464,0.314059683794058,0.0185392655453742,1,-0.00344794096116022,0.042514015547841,0.704551932246936,0.0239405951031224,0.668574727734998,0.0176131553889643,0.697427901025275,0.0142468599563382,0.692075356075961,0.0128430105053201,0.695764609730751,0.0125341812498844
