"beta","beta_sd","omega","omega_sd","rho","rho_sd","conv_code","tau1","tau1_sd","tau2","tau2_sd","tau3","tau3_sd","tau4","tau4_sd","tau5","tau5_sd","tau6","tau6_sd"
3.91170641880885,0.0401056609678614,1.00604835154656,0.0267225380625087,-0.593896649297967,0.0106611062457465,1,-0.000708138475348882,0.0420021454159934,0.687904744953171,0.0237833464437804,0.690005343989944,0.018075121754808,0.684345956068786,0.0159611859358141,0.693886101824862,0.0150197275618636,0.697530589169566,0.015115004770791
