"beta","beta_sd","omega","omega_sd","rho","rho_sd","conv_code","tau1","tau1_sd","tau2","tau2_sd","tau3","tau3_sd","tau4","tau4_sd","tau5","tau5_sd","tau6","tau6_sd"
3.79338391919944,0.0237941279780325,0.250128299770432,0.0078707166246046,0.288305952794904,0.0193516914098132,1,0.0068604675281195,0.0352705239045835,0.70385807674516,0.0196096076554921,0.678159187101187,0.0144501761853736,0.687337491335769,0.0120982319880641,0.699318770854279,0.0110814171786156,0.67648765233858,0.0109989489586082
