"beta","beta_sd","omega","omega_sd","rho","rho_sd","conv_code","tau1","tau1_sd","tau2","tau2_sd","tau3","tau3_sd","tau4","tau4_sd","tau5","tau5_sd","tau6","tau6_sd"
2.90350406299425,0.0208211414532664,0.999932031278328,0.0204625997948472,0.300330979796774,0.0243741915771188,1,0.0387316342816509,0.0310909032967629,0.695607513462214,0.0159346759686467,0.681804739540932,0.0122916913172876,0.693848066215842,0.0110992068033456,0.68932134829566,0.0112954398472091,0.709599529167311,0.011612261582348
