"beta","beta_sd","omega","omega_sd","rho","rho_sd","conv_code","tau1","tau1_sd","tau2","tau2_sd","tau3","tau3_sd","tau4","tau4_sd","tau5","tau5_sd","tau6","tau6_sd"
0.381878825962904,0.0103893510411974,0.993858311458984,0.0181014091223449,-0.598954642009191,0.00701106034677963,1,-0.000655639427991102,0.0232017291056724,0.693871277889144,0.00939585696601845,0.678666084990023,0.0103348047632271,0.677142292911149,0.012509666653104,0.699955773958296,0.0152135644421299,0.687701731403521,0.0193335290222369
