"beta","beta_sd","omega","omega_sd","rho","rho_sd","conv_code","tau1","tau1_sd","tau2","tau2_sd","tau3","tau3_sd","tau4","tau4_sd","tau5","tau5_sd","tau6","tau6_sd"
2.24485057550672,0.03148401145441,1.06846883583448,0.0327091775630475,-0.619649084754351,0.0116287360128898,1,-0.0356869443774071,0.0337779971995496,0.734468217431712,0.0188919467589505,0.712667412453439,0.0170600335509383,0.708766239249321,0.0175059872528963,0.72695738365282,0.0181500716676829,0.721995526989259,0.0190983699612053
