"beta","beta_sd","omega","omega_sd","rho","rho_sd","conv_code","tau1","tau1_sd","tau2","tau2_sd","tau3","tau3_sd","tau4","tau4_sd","tau5","tau5_sd","tau6","tau6_sd"
0.987865780510561,0.0215744577912954,1.03387254105408,0.0384539540431565,-0.505722698823664,0.0181283051195288,1,-0.0377473862649929,0.0402281157767799,0.7120062363906,0.019610383630094,0.689696537143819,0.0206897747747945,0.72334150529555,0.0223776540540738,0.673712690297115,0.0256855194189764,0.692285454440385,0.0291137718124798
