"beta","beta_sd","omega","omega_sd","rho","rho_sd","conv_code","tau1","tau1_sd","tau2","tau2_sd","tau3","tau3_sd","tau4","tau4_sd","tau5","tau5_sd","tau6","tau6_sd"
0.601245173526524,0.0121282495656052,0.991075862784191,0.0243903502828971,0.902658499209206,0.00337447281701687,1,-0.00733930407902027,0.0376921620192961,0.682499225254289,0.0122771084343422,0.685556529863474,0.0122138459885682,0.685996569032108,0.0135490281323803,0.696054755454333,0.0156684818365715,0.710294184521842,0.0192200574854542
