"beta","beta_sd","omega","omega_sd","rho","rho_sd","conv_code","tau1","tau1_sd","tau2","tau2_sd","tau3","tau3_sd","tau4","tau4_sd","tau5","tau5_sd","tau6","tau6_sd"
2.52325902269104,0.0219451548179157,0.0697302405643327,0.00672101458527459,0.902556138017083,0.00215633038481882,1,-0.0627041912521445,0.0437652094962633,0.739917673002769,0.019410437932258,0.685780107786091,0.0156678492630195,0.708600304128219,0.0136855920038578,0.712855503152841,0.0131581233419047,0.675873750068937,0.0139684548750887
