"beta","beta_sd","omega","omega_sd","rho","rho_sd","conv_code","tau1","tau1_sd","tau2","tau2_sd","tau3","tau3_sd","tau4","tau4_sd","tau5","tau5_sd","tau6","tau6_sd"
2.01537491986903,0.01441337149906,1.03931405982174,0.0184202983671794,0.269142546487977,0.0206725924606503,1,0.0311504836587031,0.0242778634636159,0.683008446262237,0.0112558245121965,0.712068070808527,0.00949438606309346,0.696756296454308,0.0099025591180432,0.702577204491965,0.0105735088414032,0.680292447623419,0.011875512580514
