"beta","beta_sd","omega","omega_sd","rho","rho_sd","conv_code","tau1","tau1_sd","tau2","tau2_sd","tau3","tau3_sd","tau4","tau4_sd","tau5","tau5_sd","tau6","tau6_sd"
0.606818629979292,0.010803671106753,0.989934802085815,0.020777092440277,0.902364305283203,0.00294503341717047,1,0.0405198172577776,0.0327444403264777,0.702793462937098,0.00931004817417059,0.709966047816406,0.00934939355889059,0.684097277688227,0.0107282838217194,0.702860253521593,0.0125120897518604,0.739893391922543,0.0155929274801356
