"beta","beta_sd","omega","omega_sd","rho","rho_sd","conv_code","tau1","tau1_sd","tau2","tau2_sd","tau3","tau3_sd","tau4","tau4_sd","tau5","tau5_sd","tau6","tau6_sd"
3.18460398253579,0.0217854360843916,0.564206554032972,0.0116122869918972,-0.279658081053257,0.0130458613245531,1,0.0324907757946224,0.0290987730306447,0.66631950065466,0.0170796586684923,0.688269744641981,0.0125585997403398,0.692823303091276,0.0109984988663378,0.681836383589272,0.0106608197044061,0.679855439880131,0.0109615972306205
