"beta","beta_sd","omega","omega_sd","rho","rho_sd","conv_code","tau1","tau1_sd","tau2","tau2_sd","tau3","tau3_sd","tau4","tau4_sd","tau5","tau5_sd","tau6","tau6_sd"
2.6946112356292,0.0241910089316791,0.0559524800840465,0.00689304400666101,0.901950298911071,0.00222739023025167,1,0.00693516457035259,0.0450792563831204,0.676099604943073,0.0211592457777725,0.696476244885506,0.0161480707837504,0.703198244623881,0.0139243488079793,0.69515222185502,0.0136527428403397,0.701215559529814,0.0138527941837499
