"beta","beta_sd","omega","omega_sd","rho","rho_sd","conv_code","tau1","tau1_sd","tau2","tau2_sd","tau3","tau3_sd","tau4","tau4_sd","tau5","tau5_sd","tau6","tau6_sd"
0.513199584664456,0.0108202582817621,0.998568859983663,0.0216371882307776,0.585779174237346,0.0218645142234056,1,0.00882877948121996,0.0275774712641033,0.686952478741611,0.0102963517207044,0.687688575211093,0.0114829637008537,0.709165498725156,0.0139471535974983,0.69489495842963,0.0169772002802317,0.699105140577848,0.0207544735307866
