"beta","beta_sd","omega","omega_sd","rho","rho_sd","conv_code","tau1","tau1_sd","tau2","tau2_sd","tau3","tau3_sd","tau4","tau4_sd","tau5","tau5_sd","tau6","tau6_sd"
1.50092476788778,0.0112019604283301,0.0627613933888586,0.00177389114462761,-0.301794497011862,0.0127919525688747,1,-0.0102539563621868,0.0253027418614757,0.695634130517164,0.0139690422054651,0.706797787808757,0.0104656996876593,0.688464789889154,0.0108922103139228,0.687407473139664,0.0119981692798293,0.715014444678284,0.0131796982504263
