"beta","beta_sd","omega","omega_sd","rho","rho_sd","conv_code","tau1","tau1_sd","tau2","tau2_sd","tau3","tau3_sd","tau4","tau4_sd","tau5","tau5_sd","tau6","tau6_sd"
3.07467094911389,0.0211319876153404,0.54870638709379,0.0131479360244718,0.602631729573135,0.0139292939052178,1,-0.0541379302811581,0.0378718573383057,0.718397674945216,0.0190163612943387,0.673875410930938,0.0137885522482571,0.679986704823723,0.0116077487759584,0.714997471844577,0.0110174206768294,0.671056386744158,0.0117067194056933
