"beta","beta_sd","omega","omega_sd","rho","rho_sd","conv_code","tau1","tau1_sd","tau2","tau2_sd","tau3","tau3_sd","tau4","tau4_sd","tau5","tau5_sd","tau6","tau6_sd"
2.98464929278301,0.0694495706639225,15.9201130976567,0.692471663285076,-0.60335393771645,0.018087461060393,1,-0.0157938649962267,0.0467413199298609,0.68784573284455,0.0255544462607424,0.708254883527141,0.0257779545515607,0.704723190779851,0.0262275586324507,0.711192272536834,0.0269402038525933,0.687790074834862,0.0281494469885907
