"beta","beta_sd","omega","omega_sd","rho","rho_sd","conv_code","tau1","tau1_sd","tau2","tau2_sd","tau3","tau3_sd","tau4","tau4_sd","tau5","tau5_sd","tau6","tau6_sd"
1.09298253039681,0.00699174437735026,0.0631852864938301,0.00122380888037983,-0.899407930536287,0.00146258185107187,1,0.0174992088265447,0.0176075990886424,0.679808058364737,0.00987667211633295,0.69875598574207,0.00869397227614557,0.687540186255286,0.00892897944707529,0.699261568553426,0.0100465543244841,0.693462232876372,0.0123405164068615
