"beta","beta_sd","omega","omega_sd","rho","rho_sd","conv_code","tau1","tau1_sd","tau2","tau2_sd","tau3","tau3_sd","tau4","tau4_sd","tau5","tau5_sd","tau6","tau6_sd"
1.38797514734143,0.0122529790521579,1.00476064836551,0.0171705050663192,-0.297614992803293,0.0113735254720158,1,-0.0272961784474566,0.0220843797946242,0.69849679876751,0.00986646251349742,0.696383753296919,0.00951592812198775,0.689395423874771,0.0103203063477458,0.69435055438915,0.0113903727396116,0.687280046292488,0.012963761143262
