"beta","beta_sd","omega","omega_sd","rho","rho_sd","conv_code","tau1","tau1_sd","tau2","tau2_sd","tau3","tau3_sd","tau4","tau4_sd","tau5","tau5_sd","tau6","tau6_sd"
0.375175968481414,0.0106253291468823,1.00213197344096,0.0231972875125454,0.260961452552681,0.0297923991311953,1,-0.00241251554479717,0.0256508338509175,0.685259580621156,0.0108462344357624,0.690020234918067,0.0127242627971901,0.683310594295656,0.0153731252510311,0.698652645590711,0.0188763760317304,0.71235208684306,0.0229016703361771
