"beta","beta_sd","omega","omega_sd","rho","rho_sd","conv_code","tau1","tau1_sd","tau2","tau2_sd","tau3","tau3_sd","tau4","tau4_sd","tau5","tau5_sd","tau6","tau6_sd"
1.5050510535368,0.00921930680410433,0.0622982874837087,0.00229157696919165,0.605786737663987,0.00923989517593649,1,0.0115947572643654,0.027653294596714,0.683383355287852,0.0132641570905686,0.706243776092012,0.00989571146286645,0.702095606854158,0.00972349914849216,0.687825538378086,0.0106824987833871,0.715428962285123,0.0120143236184887
