"beta","beta_sd","omega","omega_sd","rho","rho_sd","conv_code","tau1","tau1_sd","tau2","tau2_sd","tau3","tau3_sd","tau4","tau4_sd","tau5","tau5_sd","tau6","tau6_sd"
0.705019364485227,0.0109173716290749,0.98341294235938,0.0208517728050063,0.613197950327766,0.0201092580243152,1,0.0105009145570199,0.0272584842241209,0.700800041414698,0.0102684229770181,0.694842936500509,0.0110930766325466,0.694596537467588,0.0131251290612982,0.694007339658384,0.0157294250083192,0.696018882193153,0.0193076021640457
