"beta","beta_sd","omega","omega_sd","rho","rho_sd","conv_code","tau1","tau1_sd","tau2","tau2_sd","tau3","tau3_sd","tau4","tau4_sd","tau5","tau5_sd","tau6","tau6_sd"
3.29567139005711,0.0179665786674726,0.0626635546959772,0.00270766531334066,0.0214401319781124,0.0135635499434619,1,-0.0259805322346013,0.0323738168500606,0.70452693536722,0.0182060960971487,0.6861234582101,0.0125330479309093,0.693235189711392,0.0104525988687385,0.700199718391317,0.00970466575990851,0.698373734570155,0.00987744825505305
