"beta","beta_sd","omega","omega_sd","rho","rho_sd","conv_code","tau1","tau1_sd","tau2","tau2_sd","tau3","tau3_sd","tau4","tau4_sd","tau5","tau5_sd","tau6","tau6_sd"
3.82131329299645,0.031450407122982,0.582379720663612,0.0140998119165334,-0.603089687571318,0.00829980825940225,1,0.0211011799365468,0.0373637879519758,0.683218674641594,0.0213498939806625,0.725264748390711,0.0150349401484567,0.681718073998513,0.0132893347099016,0.708479577331289,0.0124139339012209,0.690856704235035,0.012422460717697
