"beta","beta_sd","omega","omega_sd","rho","rho_sd","conv_code","tau1","tau1_sd","tau2","tau2_sd","tau3","tau3_sd","tau4","tau4_sd","tau5","tau5_sd","tau6","tau6_sd"
0.00747935657492638,0.0043956618513656,0.0618518881943803,0.00134583499898701,-0.900811770806865,0.00144196782657268,1,0.0295397977481598,0.0159092799047021,0.696312967404744,0.00715932636358686,0.695782275397435,0.00896987253573194,0.675981527977313,0.0149834544535758,0.712563278876514,0.0322702651591355,0.62972494950515,0.0869320510796879
