"beta","beta_sd","omega","omega_sd","rho","rho_sd","conv_code","tau1","tau1_sd","tau2","tau2_sd","tau3","tau3_sd","tau4","tau4_sd","tau5","tau5_sd","tau6","tau6_sd"
3.74940485724898,0.0439687981924807,16.2154944620867,0.356650529083969,-0.0158721960378996,0.0205353526100211,1,-0.0018664457518347,0.0292971293879102,0.690099946766429,0.0137393665345635,0.713062301744893,0.0132800028010539,0.705566537642953,0.0134350904045919,0.697312221104453,0.0136905378237726,0.698897141618558,0.0144235904862505
