"beta","beta_sd","omega","omega_sd","rho","rho_sd","conv_code","tau1","tau1_sd","tau2","tau2_sd","tau3","tau3_sd","tau4","tau4_sd","tau5","tau5_sd","tau6","tau6_sd"
2.86325377045862,0.020702943452276,0.95860299218173,0.018009135649361,-0.588980340324366,0.00692803942812834,1,-0.0174312787669589,0.0283490490530885,0.698617791333057,0.014846579105219,0.669815067103821,0.0115736567883007,0.697940268727626,0.0106014297744145,0.68026593878943,0.0105552188679695,0.686688337855536,0.0110063288709445
