"beta","beta_sd","omega","omega_sd","rho","rho_sd","conv_code","tau1","tau1_sd","tau2","tau2_sd","tau3","tau3_sd","tau4","tau4_sd","tau5","tau5_sd","tau6","tau6_sd"
4.05731731847832,0.0483247745258158,1.04870022002806,0.0350823764332751,0.242299387236341,0.0379436344561225,1,0.0317363971712797,0.0501281475964057,0.701443493903415,0.0283516646686109,0.725981636050005,0.020560377394727,0.696003856729246,0.0185051985640335,0.688352547714406,0.0180593502075225,0.712758817503738,0.017985597599219
