"beta","beta_sd","omega","omega_sd","rho","rho_sd","conv_code","tau1","tau1_sd","tau2","tau2_sd","tau3","tau3_sd","tau4","tau4_sd","tau5","tau5_sd","tau6","tau6_sd"
3.65619038694183,0.0255078674405072,0.268045888583765,0.0131786367020648,0.901766092228178,0.0021272486637449,1,-0.00398136112531959,0.0424200935209195,0.706914477851822,0.0188419320066004,0.716097780789016,0.014028655778164,0.701223250509763,0.0120555594161784,0.699611797935969,0.0112074666906309,0.720233807669434,0.0109693714190643
