"beta","beta_sd","omega","omega_sd","rho","rho_sd","conv_code","tau1","tau1_sd","tau2","tau2_sd","tau3","tau3_sd","tau4","tau4_sd","tau5","tau5_sd","tau6","tau6_sd"
1.4289667831189,0.0343498602004213,15.7277358548641,0.375705450210449,0.331206250083836,0.0334026964516552,1,0.043342479501229,0.0301320320536066,0.697716301981633,0.0137319882339211,0.690601360830609,0.0145269140321484,0.70204827631626,0.0153154985477244,0.706450867333103,0.0162994391648387,0.674069890636014,0.0180126181044915
