"beta","beta_sd","omega","omega_sd","rho","rho_sd","conv_code","tau1","tau1_sd","tau2","tau2_sd","tau3","tau3_sd","tau4","tau4_sd","tau5","tau5_sd","tau6","tau6_sd"
3.48517556621572,0.0303339165573721,0.561982468733665,0.0141076390255505,-0.297260480087051,0.0164740982387055,1,0.0387072835421198,0.0372933575830461,0.660383343085379,0.022139186347237,0.701726169315829,0.015918837919657,0.687272239110242,0.0139221456579385,0.698373065962559,0.0132801675987158,0.691881307878997,0.013581585509058
