"beta","beta_sd","omega","omega_sd","rho","rho_sd","conv_code","tau1","tau1_sd","tau2","tau2_sd","tau3","tau3_sd","tau4","tau4_sd","tau5","tau5_sd","tau6","tau6_sd"
2.3152025427623,0.0357889486229429,16.1347893064369,0.344765235807693,0.303776331787141,0.0239382633335953,1,-0.0542022722590971,0.026610118386243,0.717088196095748,0.0120993508162368,0.700377821800289,0.0122988984464877,0.677716609681704,0.0130060555601037,0.685750054933812,0.0134826222951364,0.730034923494322,0.0141462397568738
