"beta","beta_sd","omega","omega_sd","rho","rho_sd","conv_code","tau1","tau1_sd","tau2","tau2_sd","tau3","tau3_sd","tau4","tau4_sd","tau5","tau5_sd","tau6","tau6_sd"
3.29221239641942,0.0198334700135297,0.24466764149541,0.00616364267456291,0.0325274281590682,0.016547062330311,2,0.00852806642145513,0.0314440305935309,0.696103231711798,0.0175059302935426,0.672048554143161,0.01276215263267,0.711983178973154,0.0107128027378593,0.694190181414112,0.0102413386173006,0.689442092798129,0.0103781119893393
