"beta","beta_sd","omega","omega_sd","rho","rho_sd","conv_code","tau1","tau1_sd","tau2","tau2_sd","tau3","tau3_sd","tau4","tau4_sd","tau5","tau5_sd","tau6","tau6_sd"
1.06790434345952,0.0413658250647073,16.4746423163371,0.729934026869522,-0.622448122103319,0.0173729595529429,1,0.0362704984713292,0.0451155402035675,0.726026069633193,0.0249933840714962,0.720702497917582,0.0262114022465236,0.681321107670828,0.0276711071543485,0.689465870900395,0.0280382221960846,0.710868954322363,0.0293858470014635
