"beta","beta_sd","omega","omega_sd","rho","rho_sd","conv_code","tau1","tau1_sd","tau2","tau2_sd","tau3","tau3_sd","tau4","tau4_sd","tau5","tau5_sd","tau6","tau6_sd"
0.601533794403885,0.012010888251356,0.984575381496609,0.025025363100611,-0.288012812342819,0.0186012209775834,1,0.0378532895009343,0.0260718738288926,0.674694829038439,0.0128464091506201,0.67886818543925,0.014331263790331,0.692031718731209,0.0159683173187812,0.694862957755492,0.0189144556138558,0.649334933465488,0.0229002862891574
