"beta","beta_sd","omega","omega_sd","rho","rho_sd","conv_code","tau1","tau1_sd","tau2","tau2_sd","tau3","tau3_sd","tau4","tau4_sd","tau5","tau5_sd","tau6","tau6_sd"
3.44017379719916,0.0415700153853133,1.02023760807752,0.0314388740774786,-0.00699946925015617,0.032891670716344,1,-0.0456376784038593,0.0441620196657902,0.721662850817359,0.0246310857695237,0.697596604319123,0.0189067235998021,0.685927629482743,0.0175784150453175,0.724986030352492,0.0170987673818546,0.700686248514036,0.01768149538942
