"beta","beta_sd","omega","omega_sd","rho","rho_sd","conv_code","tau1","tau1_sd","tau2","tau2_sd","tau3","tau3_sd","tau4","tau4_sd","tau5","tau5_sd","tau6","tau6_sd"
2.31351039382689,0.0142075817250129,0.0666911313312175,0.00488799920802467,0.89812760853931,0.00183802488008977,1,0.0555616703501183,0.0350185897632684,0.690865569286035,0.0146473873388201,0.69447292998761,0.0114412340511386,0.696461305365363,0.0101766364206914,0.702252740495043,0.00984555130771232,0.676792790198404,0.0103352717239849
