"beta","beta_sd","omega","omega_sd","rho","rho_sd","conv_code","tau1","tau1_sd","tau2","tau2_sd","tau3","tau3_sd","tau4","tau4_sd","tau5","tau5_sd","tau6","tau6_sd"
3.2267307817135,0.0265926910659732,0.965458046265227,0.0259486233894485,0.893924206189503,0.00305753456357141,1,-0.0732934753067455,0.0443237511991511,0.711183689025789,0.0185057160434359,0.631166077426188,0.0149125446756666,0.691231373047208,0.0129140644617902,0.6675535476666,0.0122293019222556,0.670916721345424,0.0123309997414554
