"beta","beta_sd","omega","omega_sd","rho","rho_sd","conv_code","tau1","tau1_sd","tau2","tau2_sd","tau3","tau3_sd","tau4","tau4_sd","tau5","tau5_sd","tau6","tau6_sd"
0.259531631325297,0.0362392688521114,16.7065782350133,0.55020417463485,0.258865966112471,0.0520913369884319,1,0.0620127277658753,0.0390268979679392,0.713446532654121,0.0185523943330581,0.706406450361283,0.0204074249088138,0.715934262722164,0.0219484073547,0.698594345284976,0.0242995132715353,0.763043856208139,0.0252786315520468
