"beta","beta_sd","omega","omega_sd","rho","rho_sd","conv_code","tau1","tau1_sd","tau2","tau2_sd","tau3","tau3_sd","tau4","tau4_sd","tau5","tau5_sd","tau6","tau6_sd"
1.45220579940671,0.0410063176540939,16.3413809310226,0.606245156816524,-0.347380872341447,0.0266846434558335,1,0.0426854414923655,0.0416345480903996,0.708715722499319,0.0219495418373843,0.704260464993051,0.0227860317939606,0.704612855838946,0.023497879447551,0.705387740778027,0.024803937543821,0.737029061956217,0.025783458537225
