"beta","beta_sd","omega","omega_sd","rho","rho_sd","conv_code","tau1","tau1_sd","tau2","tau2_sd","tau3","tau3_sd","tau4","tau4_sd","tau5","tau5_sd","tau6","tau6_sd"
1.84634526708708,0.0496813921785392,15.727739271419,0.683109982826662,-0.596747838322832,0.0179777138001492,1,-0.0104894489389934,0.0434915395404165,0.696651052806571,0.0245030330459594,0.679525531213315,0.0257311452422451,0.668151796848473,0.0266204871275223,0.704355594479973,0.0273806729456959,0.715443273431324,0.0283498662672277
