"beta","beta_sd","omega","omega_sd","rho","rho_sd","conv_code","tau1","tau1_sd","tau2","tau2_sd","tau3","tau3_sd","tau4","tau4_sd","tau5","tau5_sd","tau6","tau6_sd"
0.796653869141064,0.0104352577293576,1.01890367615071,0.0173365592957007,-0.297722809823307,0.011202359005908,1,-0.0033188056959143,0.021269269524191,0.701444411056119,0.00889725279607675,0.691881580649591,0.00942668903435278,0.687727991720165,0.0110867387255611,0.694752847021384,0.0129333065042331,0.716101923127848,0.0151959802648535
