"beta","beta_sd","omega","omega_sd","rho","rho_sd","conv_code","tau1","tau1_sd","tau2","tau2_sd","tau3","tau3_sd","tau4","tau4_sd","tau5","tau5_sd","tau6","tau6_sd"
0.0995897900310058,0.00406199613150971,0.0627544997730501,0.00139121219184863,0.0138667676241787,0.0126264966589821,1,-0.00464515091628915,0.0147063727025371,0.697694962583124,0.00598629349621992,0.69145070692989,0.0101962735018079,0.707402515053073,0.0249563443490573,0.78670940045303,0.0818968718141987,0.632219168020906,0.243974453942443
