"beta","beta_sd","omega","omega_sd","rho","rho_sd","conv_code","tau1","tau1_sd","tau2","tau2_sd","tau3","tau3_sd","tau4","tau4_sd","tau5","tau5_sd","tau6","tau6_sd"
3.0802765445106,0.0237027248163202,0.565723012484472,0.0175070247323999,0.898168730097932,0.00258647855023078,1,0.0411365529026049,0.0430318201522936,0.672286038875244,0.0183677566169114,0.674039542188853,0.0142945253902657,0.691127178560776,0.0122396769495156,0.675188929053155,0.0117146382724171,0.688836762204182,0.0120098568941139
