"beta","beta_sd","omega","omega_sd","rho","rho_sd","conv_code","tau1","tau1_sd","tau2","tau2_sd","tau3","tau3_sd","tau4","tau4_sd","tau5","tau5_sd","tau6","tau6_sd"
3.48292795606908,0.0237752311056967,0.0623716906199384,0.00371064964292102,0.000135132575653477,0.0174572058270315,1,-0.0432793542076083,0.0383272593250678,0.707985374769549,0.0216176367429015,0.67872227351008,0.0157222353415421,0.688547648046847,0.0126500613550887,0.704555971565785,0.0117702243368376,0.688807291821818,0.0119545924635708
