"beta","beta_sd","omega","omega_sd","rho","rho_sd","conv_code","tau1","tau1_sd","tau2","tau2_sd","tau3","tau3_sd","tau4","tau4_sd","tau5","tau5_sd","tau6","tau6_sd"
3.62507680402926,0.0316324658614862,0.579375126464837,0.0147574977150172,-0.311800645410939,0.0163337383443075,1,0.0322766801022456,0.0375113125023808,0.70015894354471,0.0220587425821553,0.685724823368886,0.0165354778607238,0.689494531409968,0.0141528656766082,0.693013475591633,0.0135099346291127,0.694211429965017,0.013598637230193
