"beta","beta_sd","omega","omega_sd","rho","rho_sd","conv_code","tau1","tau1_sd","tau2","tau2_sd","tau3","tau3_sd","tau4","tau4_sd","tau5","tau5_sd","tau6","tau6_sd"
0.390712460696841,0.0114435618828349,1.03015051083828,0.0204265901285753,-0.902553236357734,0.0018564136425446,1,-0.0175360690860177,0.0287801271923227,0.688690935458941,0.010849770245903,0.702336841058442,0.0113306117149774,0.694166631236597,0.0127276936192881,0.697706128424668,0.0151525287424058,0.67053039617568,0.01895744703469
