"beta","beta_sd","omega","omega_sd","rho","rho_sd","conv_code","tau1","tau1_sd","tau2","tau2_sd","tau3","tau3_sd","tau4","tau4_sd","tau5","tau5_sd","tau6","tau6_sd"
3.31902781566872,0.0218900100586395,0.267736355652602,0.0115563179522749,0.896566197084715,0.00219948079671364,1,-0.00207955179602721,0.0397625116716583,0.690578222148458,0.0171347015309476,0.706769445417746,0.0129619465071845,0.697759927355313,0.0113311991171263,0.685259415010289,0.0105791375231639,0.701612595849209,0.0103954045956689
