"beta","beta_sd","omega","omega_sd","rho","rho_sd","conv_code","tau1","tau1_sd","tau2","tau2_sd","tau3","tau3_sd","tau4","tau4_sd","tau5","tau5_sd","tau6","tau6_sd"
0.605130246225467,0.0107141659195906,0.979296546800257,0.016596930803108,-0.898926210434251,0.00157023063988075,1,0.00753679398469569,0.0251667420723918,0.682024703058136,0.00898908611717874,0.696456760457515,0.00909876575307166,0.69104618534925,0.0102159480958666,0.689871117786601,0.0122518229944141,0.683691329755177,0.0150321789952998
