"beta","beta_sd","omega","omega_sd","rho","rho_sd","conv_code","tau1","tau1_sd","tau2","tau2_sd","tau3","tau3_sd","tau4","tau4_sd","tau5","tau5_sd","tau6","tau6_sd"
1.19417613016996,0.00993903570808702,1.00502584389179,0.0154692605218574,0.592654433410775,0.0134708585475538,1,-0.00196790245979822,0.0210321135976056,0.69399328777599,0.00776375537810851,0.68966144840961,0.00741946876277783,0.674790468460108,0.00833721987537555,0.693572790761029,0.00930421316241238,0.693390837253988,0.0109961996874607
