"beta","beta_sd","omega","omega_sd","rho","rho_sd","conv_code","tau1","tau1_sd","tau2","tau2_sd","tau3","tau3_sd","tau4","tau4_sd","tau5","tau5_sd","tau6","tau6_sd"
2.67087748915038,0.0395963763405667,15.825810930056,0.380039966288157,0.288647690751595,0.0334439724988389,1,0.0470852218327558,0.0307758634100632,0.654498122016476,0.014804309653088,0.681570251910739,0.0149183507633532,0.702842292546692,0.0150897386423305,0.704762543393804,0.0157193988022396,0.678500783753225,0.0171330716766119
