"beta","beta_sd","omega","omega_sd","rho","rho_sd","conv_code","tau1","tau1_sd","tau2","tau2_sd","tau3","tau3_sd","tau4","tau4_sd","tau5","tau5_sd","tau6","tau6_sd"
1.80761280341855,0.0138545448424324,0.0667656951080201,0.00461022204723298,0.900702593783534,0.00200955987864096,1,0.00743875402185643,0.037687106412575,0.685712006771653,0.0153961667525614,0.708014275730624,0.0121068294042074,0.68797349494,0.0116974699463691,0.700307695222199,0.0115870799969495,0.690398831393076,0.0124578557126024
