"beta","beta_sd","omega","omega_sd","rho","rho_sd","conv_code","tau1","tau1_sd","tau2","tau2_sd","tau3","tau3_sd","tau4","tau4_sd","tau5","tau5_sd","tau6","tau6_sd"
3.90522290233688,0.0298790059073977,0.546509693157518,0.0132536868656157,-0.309743584073725,0.0146755088457127,1,0.0507408322375055,0.0348196931094283,0.690999184133943,0.0203060031424993,0.674641549163524,0.0153331046809037,0.682719546272627,0.0130229917744725,0.721922126286145,0.0119322612114758,0.682486858946519,0.012044827656491
