"beta","beta_sd","omega","omega_sd","rho","rho_sd","conv_code","tau1","tau1_sd","tau2","tau2_sd","tau3","tau3_sd","tau4","tau4_sd","tau5","tau5_sd","tau6","tau6_sd"
3.37666847176524,0.0449225850493397,16.3582726920722,0.399898771855518,0.258211011316545,0.0342016719148401,1,-0.010289766193336,0.03069707716138,0.694957485591887,0.0148312449195809,0.697053054203407,0.0153002590649128,0.687945169148612,0.0157888092576023,0.695296427768454,0.016192318218731,0.701987180840688,0.0172238402563922
