"beta","beta_sd","omega","omega_sd","rho","rho_sd","conv_code","tau1","tau1_sd","tau2","tau2_sd","tau3","tau3_sd","tau4","tau4_sd","tau5","tau5_sd","tau6","tau6_sd"
0.179454243193928,0.0363629702411722,15.8073511011708,0.72964690958882,-0.610573268857369,0.0188184437617932,1,0.14612690742497,0.0454896828447583,0.67599088630242,0.0259029534643837,0.684778144292668,0.0271314570014243,0.681097565032021,0.0284963944225686,0.704361567207537,0.029287145555985,0.714631785643742,0.0310926286766694
