"beta","beta_sd","omega","omega_sd","rho","rho_sd","conv_code","tau1","tau1_sd","tau2","tau2_sd","tau3","tau3_sd","tau4","tau4_sd","tau5","tau5_sd","tau6","tau6_sd"
1.42550328763548,0.037728242183567,15.9457235994909,0.513970711947446,0.251732645936372,0.0502347903574229,1,-0.0149881815276291,0.0395070716244353,0.681747177593019,0.0192598991456528,0.691966329570642,0.0203565228341256,0.708575322971548,0.0205623228596072,0.683380452041685,0.0223020671299257,0.707262440646598,0.0235622192194274
