"beta","beta_sd","omega","omega_sd","rho","rho_sd","conv_code","tau1","tau1_sd","tau2","tau2_sd","tau3","tau3_sd","tau4","tau4_sd","tau5","tau5_sd","tau6","tau6_sd"
1.78946889165567,0.0395154619591894,15.8185114740139,0.481978162173943,0.323663143979382,0.0528781285196673,1,-0.0132175461376786,0.0387869423050261,0.688506468515504,0.0183325005295025,0.693723367842477,0.0193722922992675,0.666787210614333,0.0204735797150381,0.660978981712939,0.021644892146164,0.667235764089797,0.0227900836308735
