"beta","beta_sd","omega","omega_sd","rho","rho_sd","conv_code","tau1","tau1_sd","tau2","tau2_sd","tau3","tau3_sd","tau4","tau4_sd","tau5","tau5_sd","tau6","tau6_sd"
3.93437244298153,0.0530468265810716,16.6860993459388,0.446972570355293,0.903981988815773,0.00468581043739906,1,0.0208916503062041,0.0487720866763932,0.719223049125749,0.017921715856426,0.696847493791559,0.0167985499940733,0.690734787793808,0.0168045609630907,0.718830631658091,0.0165838217751379,0.692452703190841,0.0174675191471585
