"beta","beta_sd","omega","omega_sd","rho","rho_sd","conv_code","tau1","tau1_sd","tau2","tau2_sd","tau3","tau3_sd","tau4","tau4_sd","tau5","tau5_sd","tau6","tau6_sd"
3.09037212654029,0.067167656812164,0.989528987127768,0.0465478837134673,-0.902574482994399,0.00435029580366044,1,-0.0298662343971666,0.0489025541310169,0.693326043552492,0.0295955529296244,0.685805755207724,0.0264229817033403,0.703807164563628,0.025397801184048,0.674567016613616,0.0253701389112445,0.717144691283688,0.0255587706613991
