"beta","beta_sd","omega","omega_sd","rho","rho_sd","conv_code","tau1","tau1_sd","tau2","tau2_sd","tau3","tau3_sd","tau4","tau4_sd","tau5","tau5_sd","tau6","tau6_sd"
4.10540508375198,0.0669390075113187,16.7569884913081,0.547655333426463,0.900304805150574,0.00571105743334528,1,0.0443278279335515,0.0588252753614528,0.667443296236164,0.0234024046923768,0.713181250562448,0.0217575514449561,0.712098606985975,0.0207193165733354,0.722004350832312,0.0214407301485285,0.730904026373737,0.0227767344879734
