"beta","beta_sd","omega","omega_sd","rho","rho_sd","conv_code","tau1","tau1_sd","tau2","tau2_sd","tau3","tau3_sd","tau4","tau4_sd","tau5","tau5_sd","tau6","tau6_sd"
3.15222896498291,0.0323176594553842,0.945128459466799,0.0236727330250783,-0.896201511531515,0.00250896843315525,1,-0.0282382849272523,0.0385395651385892,0.684234218689804,0.0200488600748005,0.694017722787764,0.0161142808586835,0.672188546182576,0.0148447914030473,0.679502675539099,0.0142594342684002,0.660584351291844,0.014685355278077
