"beta","beta_sd","omega","omega_sd","rho","rho_sd","conv_code","tau1","tau1_sd","tau2","tau2_sd","tau3","tau3_sd","tau4","tau4_sd","tau5","tau5_sd","tau6","tau6_sd"
2.19926262783433,0.0136557813154207,0.994699281620861,0.0160168232341256,0.0128124072757521,0.0139090167780066,1,-0.00760308391772625,0.0219017201248592,0.693850850348804,0.0105407913556929,0.682050483803848,0.00882856209757248,0.697239872141715,0.00865993526903995,0.687867724975552,0.00907995056020437,0.694407035775884,0.0098482195863232
