"beta","beta_sd","omega","omega_sd","rho","rho_sd","conv_code","tau1","tau1_sd","tau2","tau2_sd","tau3","tau3_sd","tau4","tau4_sd","tau5","tau5_sd","tau6","tau6_sd"
3.45001903572618,0.0470866770232686,15.6713132494067,0.397053003953033,-0.310110452375022,0.0187577303094964,1,-0.00768863945090495,0.032048981230574,0.689419610700452,0.0161349587319669,0.694020973111018,0.0158938887200714,0.693997723154791,0.0163424875840087,0.684598863747196,0.0168827354737938,0.682435449494474,0.0179228023638227
