"beta","beta_sd","omega","omega_sd","rho","rho_sd","conv_code","tau1","tau1_sd","tau2","tau2_sd","tau3","tau3_sd","tau4","tau4_sd","tau5","tau5_sd","tau6","tau6_sd"
3.28512666456774,0.0216140088511475,0.0615383060596093,0.00503959567444366,0.596062386437274,0.00971261875666996,1,0.0274462963176392,0.0370784846624184,0.683424016855145,0.0204446004993547,0.669400603516138,0.0150361856794328,0.685138866435842,0.0122615230398155,0.692339156038531,0.0114446510048586,0.707724740825995,0.0111991392282503
