"beta","beta_sd","omega","omega_sd","rho","rho_sd","conv_code","tau1","tau1_sd","tau2","tau2_sd","tau3","tau3_sd","tau4","tau4_sd","tau5","tau5_sd","tau6","tau6_sd"
3.43220061962648,0.0404529069411019,15.5170442951271,0.333070047433338,0.332278592572606,0.0251791546374714,1,-0.0547063013510976,0.0284598180247199,0.709898038843709,0.0128614849711449,0.677988776142062,0.0127136153972484,0.663185976011611,0.0130732763499901,0.701888125474893,0.0133127726558431,0.670530403145367,0.0143876278778995
