"beta","beta_sd","omega","omega_sd","rho","rho_sd","conv_code","tau1","tau1_sd","tau2","tau2_sd","tau3","tau3_sd","tau4","tau4_sd","tau5","tau5_sd","tau6","tau6_sd"
0.0930892264452346,0.0110186926751498,1.02124781528642,0.0266474095506562,-0.00151512116262022,0.0266668160102539,1,-0.0154271966118144,0.0255799121391516,0.702817090989088,0.0121248085370964,0.685793416660977,0.014867876509395,0.69462113470868,0.0180265988963221,0.678971856300837,0.0234519593346114,0.686671733595221,0.027789206044339
