"beta","beta_sd","omega","omega_sd","rho","rho_sd","conv_code","tau1","tau1_sd","tau2","tau2_sd","tau3","tau3_sd","tau4","tau4_sd","tau5","tau5_sd","tau6","tau6_sd"
0.0989971207949718,0.0115594201451956,0.970988899910671,0.0295514788926072,-0.587915557486816,0.0123308844933893,1,0.00555736502792567,0.0289981538739255,0.669134187406115,0.0153715054320263,0.675718206487738,0.0171281544065712,0.686169819800863,0.0200718734839089,0.663100429516671,0.0243957461745257,0.696793510982729,0.0304880895795234
