"beta","beta_sd","omega","omega_sd","rho","rho_sd","conv_code","tau1","tau1_sd","tau2","tau2_sd","tau3","tau3_sd","tau4","tau4_sd","tau5","tau5_sd","tau6","tau6_sd"
0.410372719441056,0.00487870867803367,0.0638386406869062,0.00168724791914259,-0.0140100112693513,0.0159736043299697,1,0.0377689519024576,0.0171258525983914,0.694270317356783,0.00756462179852199,0.706470090580303,0.00963783663100123,0.709199191199923,0.0155935327547006,0.702992776015577,0.0313630299007286,0.659432852640542,0.082339818421204
