"beta","beta_sd","omega","omega_sd","rho","rho_sd","conv_code","tau1","tau1_sd","tau2","tau2_sd","tau3","tau3_sd","tau4","tau4_sd","tau5","tau5_sd","tau6","tau6_sd"
3.09593132526566,0.0208150690166645,0.238822198163243,0.00773480957305364,0.609393964633685,0.0112843763063216,1,-0.0089584942640177,0.0374462453033925,0.697406326077374,0.0193421888833699,0.697898739460671,0.0139004192984673,0.669361154340913,0.0120073134331213,0.699610673057509,0.0111412246414027,0.69790460029647,0.0113937226106447
