"beta","beta_sd","omega","omega_sd","rho","rho_sd","conv_code","tau1","tau1_sd","tau2","tau2_sd","tau3","tau3_sd","tau4","tau4_sd","tau5","tau5_sd","tau6","tau6_sd"
4.0496252602353,0.0572672988641201,16.563562862523,0.45640777913544,-0.610953702570686,0.011025659604109,1,0.0203688050663007,0.0367557368304179,0.71079581908419,0.0180926618437682,0.683589331636163,0.0173575723714388,0.699091170368577,0.0176599259072834,0.703963110828527,0.0178031596931153,0.693368864358201,0.0188753151782813
