"beta","beta_sd","omega","omega_sd","rho","rho_sd","conv_code","tau1","tau1_sd","tau2","tau2_sd","tau3","tau3_sd","tau4","tau4_sd","tau5","tau5_sd","tau6","tau6_sd"
0.502173818989335,0.00933929420381714,0.998593171487504,0.0153665654545613,0.0110081364709209,0.012583100277241,1,-0.00830354649930271,0.0184655852755369,0.69893056585314,0.00700502918734999,0.688637616622952,0.00802050094250675,0.684166813829112,0.00989971296071204,0.673621405358347,0.0122229393546932,0.689183757003044,0.0147378695862323
