"beta","beta_sd","omega","omega_sd","rho","rho_sd","conv_code","tau1","tau1_sd","tau2","tau2_sd","tau3","tau3_sd","tau4","tau4_sd","tau5","tau5_sd","tau6","tau6_sd"
1.19355383472479,0.00636637514814246,0.0652899118514985,0.00304318479699659,0.897063122584333,0.00161220480007379,1,-0.0153261885027522,0.0268947428091173,0.69103910514449,0.00841067191991019,0.691241183374416,0.00697977223925053,0.681553792267673,0.00690732815484193,0.699056306606346,0.00742061993571754,0.686750834569261,0.00908365708502279
