"beta","beta_sd","omega","omega_sd","rho","rho_sd","conv_code","tau1","tau1_sd","tau2","tau2_sd","tau3","tau3_sd","tau4","tau4_sd","tau5","tau5_sd","tau6","tau6_sd"
2.75610082575173,0.0252201590838353,0.055636838982718,0.0075635094545256,0.897101916727164,0.00241656033764679,1,-0.0417764932379582,0.047743934858654,0.690063933855468,0.022426088569104,0.685815761687742,0.0169381615391296,0.678615757281867,0.014689927740889,0.679593753392164,0.0141295308292701,0.688114547265421,0.0141065102884354
