"beta","beta_sd","omega","omega_sd","rho","rho_sd","conv_code","tau1","tau1_sd","tau2","tau2_sd","tau3","tau3_sd","tau4","tau4_sd","tau5","tau5_sd","tau6","tau6_sd"
3.42694679808628,0.0285220855963648,1.036974407533,0.0285791751075548,0.9002489157199,0.00286468611749562,1,0.0131094560194086,0.0454622905089631,0.676353977537716,0.019198528898901,0.728314875779174,0.0147609641990068,0.702118671090371,0.0129195631158415,0.675147524252282,0.0127264227058539,0.716103447640063,0.0124417280071238
