"beta","beta_sd","omega","omega_sd","rho","rho_sd","conv_code","tau1","tau1_sd","tau2","tau2_sd","tau3","tau3_sd","tau4","tau4_sd","tau5","tau5_sd","tau6","tau6_sd"
3.51212132566963,0.0348460089354313,0.56643687615461,0.0183893268816865,0.283157031898306,0.0324086511657655,1,-0.0169027616945232,0.0477550705035065,0.689273819079202,0.0266082146278295,0.707819235214409,0.0185842998663001,0.690687563022168,0.0162979358676023,0.706892615480234,0.0158973154751765,0.688184231580579,0.0165110146335451
