"beta","beta_sd","omega","omega_sd","rho","rho_sd","conv_code","tau1","tau1_sd","tau2","tau2_sd","tau3","tau3_sd","tau4","tau4_sd","tau5","tau5_sd","tau6","tau6_sd"
3.91786450389278,0.0260269237904348,0.555063399922793,0.0139264943557908,0.276748987231526,0.0228326965691464,1,-0.00399753350365648,0.0345706358063235,0.695915063003457,0.0197743763238248,0.698232959322865,0.0146359556798016,0.704080997790485,0.0120878156720308,0.700277823378924,0.011314473796698,0.697705342719903,0.0112703454547084
