"beta","beta_sd","omega","omega_sd","rho","rho_sd","conv_code","tau1","tau1_sd","tau2","tau2_sd","tau3","tau3_sd","tau4","tau4_sd","tau5","tau5_sd","tau6","tau6_sd"
2.20241781736633,0.0116098439993831,0.0613935729806906,0.00215088236793085,0.310196613712855,0.0132190082837363,1,-0.00126390964153144,0.0281488412471413,0.683793330814928,0.0150445472553909,0.713217686200728,0.0101881993481732,0.681391469380094,0.00921229604763039,0.695859848145357,0.00912268660670256,0.694814831589354,0.00979629653366846
