"beta","beta_sd","omega","omega_sd","rho","rho_sd","conv_code","tau1","tau1_sd","tau2","tau2_sd","tau3","tau3_sd","tau4","tau4_sd","tau5","tau5_sd","tau6","tau6_sd"
1.41110070179514,0.00874483835184388,0.0610538137307826,0.00220051822067064,0.606322723819531,0.00906236720427303,1,0.0513338799109993,0.027041364566714,0.688554918484343,0.0129615525270142,0.702843357559119,0.00953027789559737,0.693255193666382,0.00966826969288596,0.690886894105125,0.0106081113478406,0.6906758247305,0.012290240819528
