"beta","beta_sd","omega","omega_sd","rho","rho_sd","conv_code","tau1","tau1_sd","tau2","tau2_sd","tau3","tau3_sd","tau4","tau4_sd","tau5","tau5_sd","tau6","tau6_sd"
1.8982736688535,0.0156007130340431,0.983700361489548,0.0179210701007091,-0.601624290986103,0.00692868979556489,1,0.00571246491059675,0.0252295903454813,0.692276978131478,0.0119959829346649,0.685372008235718,0.0105879798133353,0.694931496700817,0.0107375207914632,0.684462789543825,0.0114882569412574,0.705222962166245,0.0124689688075192
