"beta","beta_sd","omega","omega_sd","rho","rho_sd","conv_code","tau1","tau1_sd","tau2","tau2_sd","tau3","tau3_sd","tau4","tau4_sd","tau5","tau5_sd","tau6","tau6_sd"
4.03157362799783,0.0459558494940544,16.256475775216,0.363017335257066,-0.00968529709316872,0.0211215744108797,1,-0.00160732050887156,0.028865845498427,0.707847195218552,0.0137855960537835,0.694410390382724,0.0134059738482223,0.69235891779451,0.013554047237585,0.708054547730631,0.0137847055833695,0.701636906448205,0.0146156992931088
