"beta","beta_sd","omega","omega_sd","rho","rho_sd","conv_code","tau1","tau1_sd","tau2","tau2_sd","tau3","tau3_sd","tau4","tau4_sd","tau5","tau5_sd","tau6","tau6_sd"
1.12117789548815,0.00890854908687536,0.0626173972169472,0.00167372505505373,-0.317324220648006,0.0125961962157004,1,0.0336186645812727,0.0212663182449018,0.691134067890761,0.011384115293745,0.715543694180528,0.00966366822937755,0.718580795521956,0.010990489203983,0.707388341444513,0.0126213656506012,0.688075685416416,0.0154939983774928
