"beta","beta_sd","omega","omega_sd","rho","rho_sd","conv_code","tau1","tau1_sd","tau2","tau2_sd","tau3","tau3_sd","tau4","tau4_sd","tau5","tau5_sd","tau6","tau6_sd"
3.12269243508288,0.017034780008185,0.0685583838431005,0.00402233762600439,0.595947203422016,0.00864956135390975,1,0.0046700681496779,0.0327169414164574,0.697734312320564,0.0172902196934639,0.703260601802052,0.0122448488013672,0.699397067140787,0.010059298237991,0.696326415057485,0.0095829793672311,0.707226008284,0.00955716162965752
