"beta","beta_sd","omega","omega_sd","rho","rho_sd","conv_code","tau1","tau1_sd","tau2","tau2_sd","tau3","tau3_sd","tau4","tau4_sd","tau5","tau5_sd","tau6","tau6_sd"
1.09747868982475,0.00767223725607888,0.0622909166957169,0.0016795960668617,-0.00374140182905936,0.0156875173420839,1,-0.0118983372867084,0.0209333405079442,0.694517951438236,0.0105685091109109,0.70204380928774,0.00882350176920189,0.675033475281102,0.0101694750907759,0.685034515177548,0.0119596743355548,0.698186747706219,0.0149486213258728
