"beta","beta_sd","omega","omega_sd","rho","rho_sd","conv_code","tau1","tau1_sd","tau2","tau2_sd","tau3","tau3_sd","tau4","tau4_sd","tau5","tau5_sd","tau6","tau6_sd"
1.39822683047783,0.00857009674701783,0.0617992216103365,0.00188561855131797,0.301866671930755,0.0155707370544282,1,0.0260751299564386,0.0254713840716927,0.686713103463658,0.0125751360033094,0.696281906575024,0.00930778743795242,0.681860609525054,0.00964542579441319,0.679941161751804,0.0110156148194466,0.690568836853105,0.0121876757752676
