"beta","beta_sd","omega","omega_sd","rho","rho_sd","conv_code","tau1","tau1_sd","tau2","tau2_sd","tau3","tau3_sd","tau4","tau4_sd","tau5","tau5_sd","tau6","tau6_sd"
2.07661064270729,0.0424212663403097,15.7387632881206,0.489155097407553,0.278580835431864,0.0504266086674328,1,-0.0805141430709963,0.0383648863954617,0.700742407122051,0.0186241391365974,0.674465930189788,0.0196608005062242,0.714662936993852,0.0200084013069274,0.72899936176721,0.0211580396717753,0.680871139022328,0.0233763121850668
