"beta","beta_sd","omega","omega_sd","rho","rho_sd","conv_code","tau1","tau1_sd","tau2","tau2_sd","tau3","tau3_sd","tau4","tau4_sd","tau5","tau5_sd","tau6","tau6_sd"
2.666332359284,0.0193178656556671,0.0582758087070316,0.00359992519722509,0.314538889644531,0.0181740169658648,1,-0.0927800312093086,0.0421734719335985,0.708811332309231,0.0225019632133958,0.690764758246334,0.0151024149936763,0.681702896173944,0.0128104878712576,0.693501208361264,0.0123038790164046,0.694012619932241,0.0126597066318838
