"beta","beta_sd","omega","omega_sd","rho","rho_sd","conv_code","tau1","tau1_sd","tau2","tau2_sd","tau3","tau3_sd","tau4","tau4_sd","tau5","tau5_sd","tau6","tau6_sd"
2.72999390841959,0.09741535561316,16.7747154829471,1.13556270555958,-0.902731681890424,0.0066307979866405,1,0.0843474427392909,0.0677033029613111,0.723399992602265,0.0369999288047789,0.679681714857517,0.0378376185832345,0.724931500974567,0.0373143467955862,0.742157377074874,0.0381041716080683,0.692854510842831,0.0389111098096293
