"beta","beta_sd","omega","omega_sd","rho","rho_sd","conv_code","tau1","tau1_sd","tau2","tau2_sd","tau3","tau3_sd","tau4","tau4_sd","tau5","tau5_sd","tau6","tau6_sd"
3.10135490514078,0.0477856540933068,0.973722518362841,0.0342720552758312,-0.598429080856765,0.01394845082965,1,0.0402818700424703,0.0420653210934451,0.697734461753859,0.0250255483836794,0.674301682992369,0.0209855423315823,0.687468202766967,0.0197192227673609,0.676887897803709,0.0196974965881184,0.69012473718985,0.0201941868485105
