"beta","beta_sd","omega","omega_sd","rho","rho_sd","conv_code","tau1","tau1_sd","tau2","tau2_sd","tau3","tau3_sd","tau4","tau4_sd","tau5","tau5_sd","tau6","tau6_sd"
3.98462776052715,0.0467383280051007,0.0490334803660184,0.014541447902983,0.902427359822548,0.00278978225237599,1,-0.0151229706336424,0.0597457719556059,0.679680941445988,0.0307387765289526,0.713124735930454,0.0227605873169318,0.676980644032139,0.0199709518620882,0.693195500375821,0.0182433881213267,0.695349743254718,0.01735978463201
