"beta","beta_sd","omega","omega_sd","rho","rho_sd","conv_code","tau1","tau1_sd","tau2","tau2_sd","tau3","tau3_sd","tau4","tau4_sd","tau5","tau5_sd","tau6","tau6_sd"
1.93687114079893,0.0463423728165948,15.8443621067927,0.602916563098058,-0.324589748798426,0.0289079406920899,1,0.0412154849818765,0.0393016870458843,0.674884046402718,0.0223177153792847,0.712466763325203,0.023292857533812,0.679602834803109,0.0237979140185305,0.689432123124883,0.0245286611434041,0.666276848857328,0.0264990411560214
