"beta","beta_sd","omega","omega_sd","rho","rho_sd","conv_code","tau1","tau1_sd","tau2","tau2_sd","tau3","tau3_sd","tau4","tau4_sd","tau5","tau5_sd","tau6","tau6_sd"
2.17526037740122,0.0166757950323427,0.981802862236759,0.0177579687123542,-0.898732211549314,0.00168048896157086,1,-0.00300359714338851,0.0277746845709564,0.686677412580085,0.0124721432897127,0.700948005710561,0.010566737235249,0.69102829976066,0.0101904090958537,0.691115153143964,0.0103950301537323,0.68827246305538,0.0112601699813086
