"beta","beta_sd","omega","omega_sd","rho","rho_sd","conv_code","tau1","tau1_sd","tau2","tau2_sd","tau3","tau3_sd","tau4","tau4_sd","tau5","tau5_sd","tau6","tau6_sd"
2.21215217169531,0.0123963102803392,0.0622831178678159,0.00155201495097594,-0.901042721710961,0.00147611745445689,1,-0.0301320112500907,0.0227283151446085,0.715883096787484,0.0126818723435755,0.705939667096827,0.0100828245843619,0.688157803888318,0.00926471445975805,0.692793723905003,0.00921870072660987,0.703764857701621,0.00963686906601637
