"beta","beta_sd","omega","omega_sd","rho","rho_sd","conv_code","tau1","tau1_sd","tau2","tau2_sd","tau3","tau3_sd","tau4","tau4_sd","tau5","tau5_sd","tau6","tau6_sd"
3.87251618484651,0.0499194529947356,15.8058896577425,0.397182142946274,0.0240271728844289,0.0286045588568076,1,0.0310074083690617,0.0328964022889109,0.683425727612397,0.0162123168320926,0.675462290190502,0.0161753600148284,0.681287250185355,0.0162894841492607,0.689330918746015,0.0166170856057778,0.694222008903416,0.0173246459854035
