"beta","beta_sd","omega","omega_sd","rho","rho_sd","conv_code","tau1","tau1_sd","tau2","tau2_sd","tau3","tau3_sd","tau4","tau4_sd","tau5","tau5_sd","tau6","tau6_sd"
-0.00753380941474018,0.0115015626150969,0.950529338686387,0.0292727049219033,-0.586970142731756,0.0126544008411283,1,-0.0463533299118237,0.0282636468319066,0.68549631362055,0.0154248525270583,0.693169895109326,0.0174337409939166,0.639264020793002,0.0212353881621525,0.71336167473861,0.0252256462288354,0.671182350438691,0.0322296300586643
