"beta","beta_sd","omega","omega_sd","rho","rho_sd","conv_code","tau1","tau1_sd","tau2","tau2_sd","tau3","tau3_sd","tau4","tau4_sd","tau5","tau5_sd","tau6","tau6_sd"
3.25024220117785,0.0218437212549044,0.0650300611889184,0.00251331329000292,-0.903005233883437,0.00172575189645688,1,0.0169468482126626,0.0294460127833459,0.721789651186385,0.0165904300721746,0.694932793967991,0.0133071518649806,0.704276973549562,0.0117241041971446,0.698066713574859,0.011157499783002,0.704363193291846,0.0110749437796449
