"beta","beta_sd","omega","omega_sd","rho","rho_sd","conv_code","tau1","tau1_sd","tau2","tau2_sd","tau3","tau3_sd","tau4","tau4_sd","tau5","tau5_sd","tau6","tau6_sd"
3.91753312260341,0.0308150766333722,0.256097706500571,0.0113325443055791,0.600793609949452,0.0131063229278915,1,0.0855618546422291,0.0442645177829873,0.665961684054545,0.0247570244554655,0.684450840711536,0.0178132798234688,0.699266036333457,0.0144227827642524,0.723696918291353,0.0129884327753705,0.66039902743407,0.0133344056504736
