"beta","beta_sd","omega","omega_sd","rho","rho_sd","conv_code","tau1","tau1_sd","tau2","tau2_sd","tau3","tau3_sd","tau4","tau4_sd","tau5","tau5_sd","tau6","tau6_sd"
1.9924718795465,0.0179100425032982,0.0630531333567922,0.00212238857310297,-0.602298120037743,0.00851268568529778,1,0.0348185028994646,0.0311297033551125,0.68018117450882,0.0181571280731314,0.678752777021537,0.0134477322102483,0.688668761612688,0.0128154100856678,0.690757792476987,0.0132729638240226,0.69048442869661,0.0144218940501773
