"beta","beta_sd","omega","omega_sd","rho","rho_sd","conv_code","tau1","tau1_sd","tau2","tau2_sd","tau3","tau3_sd","tau4","tau4_sd","tau5","tau5_sd","tau6","tau6_sd"
3.67727740053107,0.0504408780537872,0.966656076907862,0.0331391305519121,-0.283428703406322,0.0260404275483959,1,0.0600287003828763,0.0482554254013305,0.684633232467827,0.0275547628903852,0.674110027994107,0.0212442217467489,0.679663448020044,0.0194736852174271,0.679653391312592,0.018967048043673,0.660109743956158,0.0199203280827073
