"beta","beta_sd","omega","omega_sd","rho","rho_sd","conv_code","tau1","tau1_sd","tau2","tau2_sd","tau3","tau3_sd","tau4","tau4_sd","tau5","tau5_sd","tau6","tau6_sd"
1.30767849352597,0.00710020015202417,0.0627735341732078,0.00126353552930429,-0.298738650016247,0.00885600050828633,1,0.00115963370404612,0.0185578526114686,0.701991854461766,0.00984375781890966,0.698357812513718,0.00778438274793415,0.686913994604119,0.00821411654086419,0.699694417247053,0.00913860032214628,0.69066567795339,0.0104412761877073
