"beta","beta_sd","omega","omega_sd","rho","rho_sd","conv_code","tau1","tau1_sd","tau2","tau2_sd","tau3","tau3_sd","tau4","tau4_sd","tau5","tau5_sd","tau6","tau6_sd"
2.92082490863248,0.0259933471571277,1.01267696167745,0.0256548884761785,0.554516191449667,0.0226141952733303,1,-0.0225131813685183,0.039663178143232,0.708426075278737,0.0196839219735981,0.677284275650418,0.0154496796512527,0.701886596181145,0.0138410168806156,0.708845000061998,0.0139389080460814,0.684397922356922,0.014860847157361
