"beta","beta_sd","omega","omega_sd","rho","rho_sd","conv_code","tau1","tau1_sd","tau2","tau2_sd","tau3","tau3_sd","tau4","tau4_sd","tau5","tau5_sd","tau6","tau6_sd"
3.70752677863855,0.0282380976436063,0.0623115528529797,0.00328530220978767,-0.90199362043438,0.00192792428535993,1,0.0204224507328295,0.0335781394501703,0.681193704225743,0.0194841002869313,0.686840766319704,0.0153081109480314,0.690085666147662,0.0132805241177766,0.72262788852113,0.0123108118935488,0.702167645671127,0.0120966486196625
