"beta","beta_sd","omega","omega_sd","rho","rho_sd","conv_code","tau1","tau1_sd","tau2","tau2_sd","tau3","tau3_sd","tau4","tau4_sd","tau5","tau5_sd","tau6","tau6_sd"
2.30809087218942,0.0192711807174139,0.0511073840692449,0.00573362733164918,0.903216083480665,0.0020599329085128,1,-0.0458410651213928,0.0424963939672594,0.721757986659227,0.018453023613108,0.702273120109559,0.0145363146555979,0.692455713910287,0.0126205530952697,0.713500823814875,0.0128081551032844,0.68937494922785,0.0133087301973663
