"beta","beta_sd","omega","omega_sd","rho","rho_sd","conv_code","tau1","tau1_sd","tau2","tau2_sd","tau3","tau3_sd","tau4","tau4_sd","tau5","tau5_sd","tau6","tau6_sd"
1.64603070360401,0.0399108393892559,16.5688516232496,0.47987377924111,-0.900328747505163,0.00290314055939874,1,0.0663405127820633,0.0481107763147611,0.683156381896918,0.0181163910001145,0.681401539785206,0.017877043983656,0.701773428024154,0.0182890458775412,0.701044410643924,0.0192030956679995,0.712790716433386,0.0202902031405791
