"beta","beta_sd","omega","omega_sd","rho","rho_sd","conv_code","tau1","tau1_sd","tau2","tau2_sd","tau3","tau3_sd","tau4","tau4_sd","tau5","tau5_sd","tau6","tau6_sd"
3.59768856083175,0.0423713174913684,0.246584720916975,0.0102082336764126,-0.314366526987349,0.0220475095687955,1,-0.027635801080127,0.0469402876312186,0.709895046140564,0.0275955121489481,0.691056759867235,0.0211236193577502,0.71637598678195,0.0177495503947453,0.666806589002745,0.0178651806094463,0.686219275111836,0.0177088385848776
