"beta","beta_sd","omega","omega_sd","rho","rho_sd","conv_code","tau1","tau1_sd","tau2","tau2_sd","tau3","tau3_sd","tau4","tau4_sd","tau5","tau5_sd","tau6","tau6_sd"
1.5936406363236,0.00824904745090723,0.0624657995436605,0.00122880857648659,-0.898305292023502,0.00137970558380181,1,-0.0109238935626997,0.0187358024297033,0.694933313697798,0.0104449879693588,0.682315883904449,0.0085341119625768,0.691195203463025,0.00810765101290752,0.692163606689125,0.00839528609297477,0.684298894470112,0.00925674853228606
