"beta","beta_sd","omega","omega_sd","rho","rho_sd","conv_code","tau1","tau1_sd","tau2","tau2_sd","tau3","tau3_sd","tau4","tau4_sd","tau5","tau5_sd","tau6","tau6_sd"
1.70321746541413,0.042265629748684,15.3501954516648,0.559021459427561,-0.266443167757044,0.0301598150200733,1,0.0320332670264074,0.0394601256979239,0.642345698553839,0.0220290164282638,0.697040883128308,0.0214649036486754,0.669099230987197,0.0232363140476343,0.678966848151729,0.0244162770358553,0.694387141741511,0.0257252595233382
