"beta","beta_sd","omega","omega_sd","rho","rho_sd","conv_code","tau1","tau1_sd","tau2","tau2_sd","tau3","tau3_sd","tau4","tau4_sd","tau5","tau5_sd","tau6","tau6_sd"
1.00011974546843,0.00544220936369821,0.0649146355260803,0.00144790188488661,0.295808162938957,0.0120815933658878,1,0.00316665177710475,0.0175621012844884,0.684834671676042,0.00799954000641179,0.699569450274465,0.00666927224395732,0.693365981926555,0.00762260712459877,0.677601273339301,0.0094237121790426,0.702309600019014,0.0125727530186349
