"beta","beta_sd","omega","omega_sd","rho","rho_sd","conv_code","tau1","tau1_sd","tau2","tau2_sd","tau3","tau3_sd","tau4","tau4_sd","tau5","tau5_sd","tau6","tau6_sd"
3.58945419608154,0.0477194292847083,0.241326369070504,0.0102973531643928,-0.589861698828205,0.0136292843292843,1,-0.0104603928158239,0.0495195034526619,0.681719861823201,0.0290493112184645,0.716970890303183,0.0219604245186338,0.690367669202622,0.0195166499005553,0.676612937468298,0.0189949800056383,0.678462546888267,0.0191433686072873
