"beta","beta_sd","omega","omega_sd","rho","rho_sd","conv_code","tau1","tau1_sd","tau2","tau2_sd","tau3","tau3_sd","tau4","tau4_sd","tau5","tau5_sd","tau6","tau6_sd"
3.00606441856129,0.0452728468104741,16.0967791091809,0.410751748394648,-0.8982774271528,0.0025345334140289,1,-0.0118517794019991,0.0407564490513426,0.688832198493355,0.0159599680403745,0.702815517673537,0.015380953979299,0.68148536377063,0.0157214969076209,0.676973584456562,0.0161389720578592,0.714012961898436,0.0167363990779657
