"beta","beta_sd","omega","omega_sd","rho","rho_sd","conv_code","tau1","tau1_sd","tau2","tau2_sd","tau3","tau3_sd","tau4","tau4_sd","tau5","tau5_sd","tau6","tau6_sd"
0.985917199938589,0.0368740733320194,15.5417386306798,0.574197598834521,-0.288267781696886,0.0295866928646885,1,-0.0748592475534497,0.0396348190033199,0.686275423486712,0.0214210081458389,0.670968357288533,0.022428392035606,0.704662413017412,0.0237666702497443,0.687099889880031,0.024457727292502,0.657478257503288,0.0263463886057546
