"beta","beta_sd","omega","omega_sd","rho","rho_sd","conv_code","tau1","tau1_sd","tau2","tau2_sd","tau3","tau3_sd","tau4","tau4_sd","tau5","tau5_sd","tau6","tau6_sd"
2.10991005754739,0.0173769943996984,0.0638260370657245,0.00225794681088265,-0.322345343487759,0.014010420866988,1,0.0117492008525882,0.0315121158254822,0.692262051568816,0.0177725740532027,0.693566884330902,0.0131978253061298,0.702869927534959,0.0122014703281396,0.698711946596646,0.0126067726712073,0.690396145207505,0.0138465432965552
