"beta","beta_sd","omega","omega_sd","rho","rho_sd","conv_code","tau1","tau1_sd","tau2","tau2_sd","tau3","tau3_sd","tau4","tau4_sd","tau5","tau5_sd","tau6","tau6_sd"
3.88451079065831,0.0290599797541797,0.0606256229864227,0.00461871793178635,0.00972644492366372,0.0198663912497119,1,-0.0010400453258854,0.0412516828311899,0.668587527436951,0.0243838103709755,0.705901804330851,0.0172933757429434,0.685711110743286,0.014211516544946,0.696828246025523,0.0130543140825895,0.701426301372344,0.0127457299441649
