"beta","beta_sd","omega","omega_sd","rho","rho_sd","conv_code","tau1","tau1_sd","tau2","tau2_sd","tau3","tau3_sd","tau4","tau4_sd","tau5","tau5_sd","tau6","tau6_sd"
1.19752322143522,0.00565749011642597,0.0643445433693761,0.00110489568017193,-0.308972304252039,0.00709090702237978,1,-0.0091274169159263,0.015583441690778,0.690619077314899,0.0081120580561249,0.690920087540158,0.00649594717955551,0.693359194152932,0.00690559059742323,0.694198214456585,0.00779755963703527,0.695465330697946,0.00922862031341946
