"beta","beta_sd","omega","omega_sd","rho","rho_sd","conv_code","tau1","tau1_sd","tau2","tau2_sd","tau3","tau3_sd","tau4","tau4_sd","tau5","tau5_sd","tau6","tau6_sd"
2.89461093183741,0.0422468646358502,16.3023032572332,0.400958292643937,0.0104608510691861,0.0267743690377606,1,0.017611611235339,0.0311811919179206,0.709447955643357,0.0151361393423174,0.697971544726161,0.0153475727882849,0.699981212720074,0.015713184051158,0.691986118927204,0.0162658478763753,0.687641580865377,0.0174128144163306
