"beta","beta_sd","omega","omega_sd","rho","rho_sd","conv_code","tau1","tau1_sd","tau2","tau2_sd","tau3","tau3_sd","tau4","tau4_sd","tau5","tau5_sd","tau6","tau6_sd"
2.91113117221259,0.0379117921700438,15.7904674080891,0.339138522552951,0.311510249456507,0.0237292496205363,1,0.0300209907770452,0.0274204420331125,0.689107361051736,0.012680946894636,0.679964559149311,0.0124894622360531,0.700991732314953,0.0127947433973901,0.684707102076496,0.0135055852074783,0.690891920040063,0.0141510072094784
