"beta","beta_sd","omega","omega_sd","rho","rho_sd","conv_code","tau1","tau1_sd","tau2","tau2_sd","tau3","tau3_sd","tau4","tau4_sd","tau5","tau5_sd","tau6","tau6_sd"
0.0752269104663012,0.0346674318166985,16.1543073591866,0.369271861754134,0.30216341429312,0.024502967964589,1,0.00404313410252977,0.0268960268458736,0.693824221480935,0.0119245335202243,0.696182873224849,0.0125463979263419,0.695786721137856,0.0137597645977033,0.696453683484949,0.0149129256039929,0.70427142252117,0.0161025364960599
