"beta","beta_sd","omega","omega_sd","rho","rho_sd","conv_code","tau1","tau1_sd","tau2","tau2_sd","tau3","tau3_sd","tau4","tau4_sd","tau5","tau5_sd","tau6","tau6_sd"
2.65085520876449,0.0373594991599933,16.2978305582846,0.350427470551613,0.273812285332213,0.0241739216076039,1,-0.00583135039885654,0.0273597740773918,0.69253955548136,0.0126165868741461,0.691200721352289,0.0124062998769367,0.702252481077109,0.0128025850571792,0.701727888394514,0.0134250510079275,0.710263030556613,0.0145989186441809
