"beta","beta_sd","omega","omega_sd","rho","rho_sd","conv_code","tau1","tau1_sd","tau2","tau2_sd","tau3","tau3_sd","tau4","tau4_sd","tau5","tau5_sd","tau6","tau6_sd"
3.13200670888753,0.0417683675253463,16.1621435119394,0.377640400495657,0.603964622021246,0.0250335091191866,1,-0.0205986298318654,0.0337620394823961,0.676029479110971,0.0150052427617835,0.720478537860232,0.0143002411368656,0.717729024139577,0.0147157377963362,0.707393410527868,0.0155006639204085,0.686790094441239,0.0170336740936985
