"beta","beta_sd","omega","omega_sd","rho","rho_sd","conv_code","tau1","tau1_sd","tau2","tau2_sd","tau3","tau3_sd","tau4","tau4_sd","tau5","tau5_sd","tau6","tau6_sd"
3.60653163335671,0.0286075466044043,0.570615004017144,0.0131677606757013,-0.594569827658897,0.00814036631769591,1,0.0245005705221911,0.0342217915483451,0.681422755467558,0.0199906255988157,0.683119721565253,0.0147863877470607,0.697611586051977,0.0125198373771766,0.706922516652788,0.0119692441343812,0.690212429487178,0.0120225143879204
