"beta","beta_sd","omega","omega_sd","rho","rho_sd","conv_code","tau1","tau1_sd","tau2","tau2_sd","tau3","tau3_sd","tau4","tau4_sd","tau5","tau5_sd","tau6","tau6_sd"
1.75740261796064,0.0359900463490329,16.3119426689412,0.384000602254611,0.894096041697826,0.00451855159932075,1,-0.0531475450426527,0.0403129909472251,0.688949069677563,0.0139468723636434,0.707539548547114,0.0135371402566268,0.684036546935709,0.0136614814736551,0.692804900193761,0.0139179396340719,0.6876946817451,0.0151727030059418
