"beta","beta_sd","omega","omega_sd","rho","rho_sd","conv_code","tau1","tau1_sd","tau2","tau2_sd","tau3","tau3_sd","tau4","tau4_sd","tau5","tau5_sd","tau6","tau6_sd"
2.40388361328293,0.0146705848875517,0.973095902882237,0.0161339574465571,0.00591157437983934,0.0142694966113104,1,0.00567977457644257,0.0237517576672941,0.686025317513339,0.0117567516303326,0.684131715412359,0.0093162622270713,0.704592854691709,0.00877396573630325,0.692473279721454,0.00916224560872053,0.696726947041112,0.00992112388058091
