"beta","beta_sd","omega","omega_sd","rho","rho_sd","conv_code","tau1","tau1_sd","tau2","tau2_sd","tau3","tau3_sd","tau4","tau4_sd","tau5","tau5_sd","tau6","tau6_sd"
0.59523287427135,0.0105285402921484,1.00901289840814,0.0179657225404527,-0.596715827493546,0.00681210402735888,1,0.0172309561336565,0.0227636312333391,0.684457477911302,0.00931326599458343,0.700151143635839,0.0100286269118811,0.701291116421765,0.0117824411428749,0.708326822084516,0.0137963825176594,0.677555121789323,0.0175081935829985
