"beta","beta_sd","omega","omega_sd","rho","rho_sd","conv_code","tau1","tau1_sd","tau2","tau2_sd","tau3","tau3_sd","tau4","tau4_sd","tau5","tau5_sd","tau6","tau6_sd"
3.32439387580831,0.0424374686671801,16.0383733647037,0.3648886741841,-0.324484418739848,0.0147294671152412,1,0.0260198609845704,0.0282400882070669,0.69843314461361,0.0137180039670493,0.690661177685735,0.013473584200149,0.700374105483077,0.0136376174936828,0.700179971221961,0.0141885664327598,0.680408957439175,0.0154578487268392
