"beta","beta_sd","omega","omega_sd","rho","rho_sd","conv_code","tau1","tau1_sd","tau2","tau2_sd","tau3","tau3_sd","tau4","tau4_sd","tau5","tau5_sd","tau6","tau6_sd"
3.71195303402951,0.0211783000461483,0.0620627206453293,0.00403883501549452,0.293330224252195,0.0154072512882251,1,0.0482036451603324,0.034832638752064,0.657172415345261,0.0201871389382841,0.710318484872945,0.0139126395280861,0.690670796602837,0.011571768358604,0.700180710201992,0.0105215144646633,0.696900888424187,0.0103054469302774
