"beta","beta_sd","omega","omega_sd","rho","rho_sd","conv_code","tau1","tau1_sd","tau2","tau2_sd","tau3","tau3_sd","tau4","tau4_sd","tau5","tau5_sd","tau6","tau6_sd"
0.706172078186692,0.00582923523835381,0.0640415707749662,0.00165407835336405,-0.00244340367843556,0.0152964970355931,1,0.00985019106350762,0.0179085526313725,0.689758388006172,0.00829185990348542,0.698681668774896,0.0086538315700894,0.702274101141843,0.0112639525453452,0.707407931216213,0.016193161998635,0.723197694772135,0.0284596639574785
