"beta","beta_sd","omega","omega_sd","rho","rho_sd","conv_code","tau1","tau1_sd","tau2","tau2_sd","tau3","tau3_sd","tau4","tau4_sd","tau5","tau5_sd","tau6","tau6_sd"
3.00224439987142,0.016022757933851,0.0590882843301531,0.00386669885984597,0.616841386318558,0.00799510404321012,1,-0.00752275633921403,0.0322433240676481,0.696550268886399,0.0169674346192614,0.692322662395443,0.0119921972855584,0.697465705750073,0.00987311397664923,0.698221717587061,0.00927910693024085,0.692046458824515,0.00937957605358995
