"beta","beta_sd","omega","omega_sd","rho","rho_sd","conv_code","tau1","tau1_sd","tau2","tau2_sd","tau3","tau3_sd","tau4","tau4_sd","tau5","tau5_sd","tau6","tau6_sd"
0.000922610711256673,0.00399788406184087,0.0651368539413742,0.0012845431843882,-0.610415162315042,0.00500654470860756,1,-0.000339194080780081,0.0134958810105678,0.708601553729695,0.00612638864942702,0.699517795358649,0.0101386306631665,0.726399364566083,0.0262543092034428,0.749596910285851,0.0864613014923578,1.66730784891168,126.261568630694
