"beta","beta_sd","omega","omega_sd","rho","rho_sd","conv_code","tau1","tau1_sd","tau2","tau2_sd","tau3","tau3_sd","tau4","tau4_sd","tau5","tau5_sd","tau6","tau6_sd"
3.08034418435381,0.0194920947807817,0.237073049605946,0.00541420416971495,-0.30334833980107,0.0117511432564308,1,0.0102514586155342,0.0290734262472798,0.682822810747604,0.0169519234143962,0.694594482655041,0.0123656984968303,0.672756535214765,0.0107171308619827,0.704111419597866,0.0102287353669882,0.700632782302844,0.0103637347058935
