"beta","beta_sd","omega","omega_sd","rho","rho_sd","conv_code","tau1","tau1_sd","tau2","tau2_sd","tau3","tau3_sd","tau4","tau4_sd","tau5","tau5_sd","tau6","tau6_sd"
0.0042598116434363,0.00391092697513948,0.0639849113220018,0.00130561563773633,-0.00154564343268603,0.0106731243211605,3,-0.00340110786575811,0.0134581914239604,0.70187062199463,0.00532505290366777,0.696436743078799,0.0101747793367712,0.66723175460647,0.0302535672590614,0.637156913148479,0.115569959050588,2.04805849139869,91.294344781818
