"beta","beta_sd","omega","omega_sd","rho","rho_sd","conv_code","tau1","tau1_sd","tau2","tau2_sd","tau3","tau3_sd","tau4","tau4_sd","tau5","tau5_sd","tau6","tau6_sd"
3.41320490260451,0.0220192031614845,0.0648362733435711,0.00818380218506125,0.899114210068763,0.00192952604316475,1,0.0262789763596601,0.0401293645227856,0.691065724326857,0.0180863782267918,0.681243289437137,0.0137059054110994,0.718167777404835,0.0114290650948682,0.7037442436424,0.0106614912855212,0.716964034929939,0.0104160649170219
