"beta","beta_sd","omega","omega_sd","rho","rho_sd","conv_code","tau1","tau1_sd","tau2","tau2_sd","tau3","tau3_sd","tau4","tau4_sd","tau5","tau5_sd","tau6","tau6_sd"
0.435499008690071,0.0415574904648468,16.5378598400479,1.13411815787308,-0.902558397865938,0.00661233008026494,1,0.0873446960026047,0.06449214288171,0.683289266491802,0.0366975137758625,0.703198288058844,0.0376949474789482,0.712987074723161,0.0385017355917905,0.683671259383891,0.0400874939462709,0.697174121867456,0.0408406437441999
