"beta","beta_sd","omega","omega_sd","rho","rho_sd","conv_code","tau1","tau1_sd","tau2","tau2_sd","tau3","tau3_sd","tau4","tau4_sd","tau5","tau5_sd","tau6","tau6_sd"
3.20455788132796,0.0249764144140228,0.559633862353501,0.0177805283667085,0.896823703779472,0.00262747297232984,1,0.0188991251103078,0.0439579968843019,0.694827657090132,0.01906532795513,0.697965282935215,0.0143615761922241,0.692016385755033,0.0123852736628064,0.689428732031013,0.0118865407336292,0.693128620161289,0.0121484712612917
