"beta","beta_sd","omega","omega_sd","rho","rho_sd","conv_code","tau1","tau1_sd","tau2","tau2_sd","tau3","tau3_sd","tau4","tau4_sd","tau5","tau5_sd","tau6","tau6_sd"
2.57171628910189,0.0378148312024306,15.8728798632697,0.359356266185198,-0.264597778039315,0.0161125093166205,1,0.0311212063845742,0.0271837019323251,0.67400733929929,0.0133644806070934,0.679327148250498,0.0133672666028637,0.689845472690847,0.0136743923175772,0.716001185345067,0.0138427162207858,0.678397187057356,0.0152755400399939
