"beta","beta_sd","omega","omega_sd","rho","rho_sd","conv_code","tau1","tau1_sd","tau2","tau2_sd","tau3","tau3_sd","tau4","tau4_sd","tau5","tau5_sd","tau6","tau6_sd"
0.309667462891285,0.00993843438515448,0.987477218445683,0.0181769339453093,0.592153337246157,0.01737318547705,1,-0.00314789180563996,0.0236222787722955,0.696472168907851,0.00808000115700141,0.687178950509125,0.00944890015787382,0.704752438269091,0.0116928912502997,0.692991694376569,0.0145471881380512,0.712413429798595,0.0182159561296851
