"beta","beta_sd","omega","omega_sd","rho","rho_sd","conv_code","tau1","tau1_sd","tau2","tau2_sd","tau3","tau3_sd","tau4","tau4_sd","tau5","tau5_sd","tau6","tau6_sd"
0.798598529241007,0.00465715233125871,0.0589847360095145,0.00149700584915421,0.607969917230169,0.00669394388784412,1,-0.00862119290647355,0.0171780173939245,0.696952240523044,0.00627441733509828,0.69378929343595,0.00560033686081722,0.692357695898071,0.00672749833617878,0.684723530638952,0.00937896590886101,0.72838765759293,0.0149171243247714
