"beta","beta_sd","omega","omega_sd","rho","rho_sd","conv_code","tau1","tau1_sd","tau2","tau2_sd","tau3","tau3_sd","tau4","tau4_sd","tau5","tau5_sd","tau6","tau6_sd"
3.18203943518212,0.0271541376349941,0.985708988913077,0.021872846252525,-0.299976000202764,0.0155925150126628,1,-0.00405473798811072,0.0336476988271549,0.688576835314201,0.01880827344793,0.697338200656695,0.0142710960847745,0.690476661652218,0.0130262104328064,0.679020096729874,0.0127814748851917,0.696084107015913,0.0130197579325369
