"beta","beta_sd","omega","omega_sd","rho","rho_sd","conv_code","tau1","tau1_sd","tau2","tau2_sd","tau3","tau3_sd","tau4","tau4_sd","tau5","tau5_sd","tau6","tau6_sd"
0.913691402065634,0.00831497064165798,0.0655348857889204,0.00173497082236985,-0.598762430996983,0.00771128403470819,1,0.0175813994566875,0.0186618419539011,0.688511819220359,0.0107502011882692,0.709978970516457,0.0103928241584576,0.712424144137447,0.011849474674676,0.702100697485592,0.0147331250679416,0.698399579997159,0.0200465711905387
