"beta","beta_sd","omega","omega_sd","rho","rho_sd","conv_code","tau1","tau1_sd","tau2","tau2_sd","tau3","tau3_sd","tau4","tau4_sd","tau5","tau5_sd","tau6","tau6_sd"
3.1061174637416,0.0519146958043448,16.1773073964258,0.478806547757042,-0.897777709524654,0.00307257419053644,1,0.0219312394028351,0.0470923696099486,0.655253713652648,0.0190507784559175,0.68755802769521,0.0183881827818105,0.714203320608924,0.0184703638970898,0.708753424859722,0.0189902775921364,0.679007467024093,0.0200962778539864
