"beta","beta_sd","omega","omega_sd","rho","rho_sd","conv_code","tau1","tau1_sd","tau2","tau2_sd","tau3","tau3_sd","tau4","tau4_sd","tau5","tau5_sd","tau6","tau6_sd"
3.38990872755073,0.023340289202648,0.24970408138596,0.00769235135910454,0.28563777827714,0.0208332128237365,1,-0.00967813470551933,0.0376688955759935,0.684336169413008,0.0212412232093722,0.692506006248014,0.0151031724751227,0.706492732328881,0.0125500550928508,0.695841693407512,0.0117701447806001,0.685191534059127,0.0119663898562031
