"beta","beta_sd","omega","omega_sd","rho","rho_sd","conv_code","tau1","tau1_sd","tau2","tau2_sd","tau3","tau3_sd","tau4","tau4_sd","tau5","tau5_sd","tau6","tau6_sd"
3.83157583080496,0.0439085382094082,15.5250481714344,0.343045551697087,-0.0109740747353347,0.0212632058163724,1,0.0322055763744042,0.0281877595009929,0.705834078159555,0.0131657715344765,0.692455238100605,0.0134104075461352,0.69713606907908,0.013517160839565,0.693813202073039,0.0140284696101762,0.689960098956616,0.0146960955638937
