"beta","beta_sd","omega","omega_sd","rho","rho_sd","conv_code","tau1","tau1_sd","tau2","tau2_sd","tau3","tau3_sd","tau4","tau4_sd","tau5","tau5_sd","tau6","tau6_sd"
3.37535032122255,0.02014841842309,0.0587754658217074,0.00254707372847842,-0.280955142045665,0.0113458180031242,1,-0.0392455040918802,0.0329523480305114,0.707537653306291,0.0186189524078199,0.682146891002623,0.0133092910340963,0.688462323147705,0.0111752229809092,0.682369218127937,0.0103423120864646,0.682995967483143,0.0102899311902319
