"beta","beta_sd","omega","omega_sd","rho","rho_sd","conv_code","tau1","tau1_sd","tau2","tau2_sd","tau3","tau3_sd","tau4","tau4_sd","tau5","tau5_sd","tau6","tau6_sd"
3.71350011828478,0.0273308749053172,0.223809398364207,0.0088210868185695,0.33066693808706,0.0209557828074272,1,-0.00901284817036168,0.041384121935794,0.663900393281116,0.0234565490765739,0.673514110082329,0.0167176781205769,0.661781867272734,0.0140125576707537,0.677003424708143,0.0128193603312019,0.681286017249624,0.0126307468922941
