"beta","beta_sd","omega","omega_sd","rho","rho_sd","conv_code","tau1","tau1_sd","tau2","tau2_sd","tau3","tau3_sd","tau4","tau4_sd","tau5","tau5_sd","tau6","tau6_sd"
3.69396433557484,0.0269865580125516,0.561322311063688,0.0191170291718422,0.894678430366068,0.00259238808171026,1,-0.046429940742678,0.0430870012716751,0.704453960160851,0.018595788129496,0.695031277140134,0.0141905606269658,0.702377757286603,0.0121427532841086,0.682253860277859,0.0114798971194184,0.689841688884874,0.0113573762965195
