"beta","beta_sd","omega","omega_sd","rho","rho_sd","conv_code","tau1","tau1_sd","tau2","tau2_sd","tau3","tau3_sd","tau4","tau4_sd","tau5","tau5_sd","tau6","tau6_sd"
3.72677845644645,0.0338264084184416,0.582262819047606,0.0150979574788941,-0.900777599124866,0.00223049372566476,1,0.0830142720565771,0.036705624064989,0.662657763386958,0.0205477759313838,0.695974247984538,0.0160178019006148,0.710738691322351,0.0139049208296254,0.690050559441698,0.013363687263176,0.682107610126744,0.013298859454223
