"beta","beta_sd","omega","omega_sd","rho","rho_sd","conv_code","tau1","tau1_sd","tau2","tau2_sd","tau3","tau3_sd","tau4","tau4_sd","tau5","tau5_sd","tau6","tau6_sd"
1.47769065112513,0.0591995009543119,16.1532924048114,1.05263018803219,-0.898795385675049,0.00666717145510913,1,0.0129121033406526,0.065197443290898,0.662861754422357,0.0356632413041032,0.739804059805863,0.0356622286943473,0.645463861624825,0.0370068939823173,0.69650661217125,0.0371339705399019,0.689573912530845,0.0383948956481422
