"beta","beta_sd","omega","omega_sd","rho","rho_sd","conv_code","tau1","tau1_sd","tau2","tau2_sd","tau3","tau3_sd","tau4","tau4_sd","tau5","tau5_sd","tau6","tau6_sd"
0.0056684374444602,0.00463911537740268,0.0600431758290554,0.0014446713599893,-0.897520930007879,0.00171907569378101,1,0.0309759483917463,0.0173489751136744,0.685428234179556,0.00849265888464057,0.66364917494178,0.0106778692771265,0.667638070219844,0.0172375377551946,0.638351309054787,0.0349599928285011,0.665533256462227,0.0920912185601214
