"beta","beta_sd","omega","omega_sd","rho","rho_sd","conv_code","tau1","tau1_sd","tau2","tau2_sd","tau3","tau3_sd","tau4","tau4_sd","tau5","tau5_sd","tau6","tau6_sd"
3.73678170646987,0.0512378572863456,0.255758677502188,0.0110402208707895,-0.611086571773366,0.0132994966001646,1,-0.081964858854065,0.0521034811556692,0.732806974038289,0.0296443547761124,0.713792892300686,0.0231518949688486,0.693386828544345,0.0202565985163631,0.713280278447912,0.0191215335685118,0.69283510388238,0.0194652060454387
