"beta","beta_sd","omega","omega_sd","rho","rho_sd","conv_code","tau1","tau1_sd","tau2","tau2_sd","tau3","tau3_sd","tau4","tau4_sd","tau5","tau5_sd","tau6","tau6_sd"
1.99543285170994,0.0117763370315763,0.0609906733994279,0.00414568193210431,0.900774380767178,0.00172424407003315,1,-0.000832901625588663,0.0338719246334662,0.691959310510102,0.0136343196764805,0.687552493297071,0.0104595568679323,0.706702097359326,0.00930615887862273,0.687202592307538,0.00930630025390622,0.68134130488137,0.0100403588140011
