"beta","beta_sd","omega","omega_sd","rho","rho_sd","conv_code","tau1","tau1_sd","tau2","tau2_sd","tau3","tau3_sd","tau4","tau4_sd","tau5","tau5_sd","tau6","tau6_sd"
3.71562862029471,0.0239692212167293,0.249952245318715,0.00699890093211332,-0.00431114523733304,0.0176091092596582,1,0.0124771273553989,0.034873274657562,0.710148487043924,0.0194815717987257,0.684952735791608,0.0139951048838181,0.670932008098213,0.0120310522046151,0.695482987062687,0.0110560193582086,0.710209720880173,0.0110152357021739
