"beta","beta_sd","omega","omega_sd","rho","rho_sd","conv_code","tau1","tau1_sd","tau2","tau2_sd","tau3","tau3_sd","tau4","tau4_sd","tau5","tau5_sd","tau6","tau6_sd"
1.0564960661152,0.0412974234993,16.9558246366846,0.741792650556884,-0.620546313503434,0.0173751912570448,1,0.0103690469733165,0.0457197565590575,0.708653318054417,0.0249578072626809,0.714973030009785,0.0255254130369893,0.728733612861179,0.0270760514270577,0.702110231539994,0.0282742401386917,0.732594544552134,0.0296243426131744
