"beta","beta_sd","omega","omega_sd","rho","rho_sd","conv_code","tau1","tau1_sd","tau2","tau2_sd","tau3","tau3_sd","tau4","tau4_sd","tau5","tau5_sd","tau6","tau6_sd"
2.66755090985757,0.0252941346874095,0.0607495645502185,0.00279943840622847,-0.579371671770036,0.0100886728997241,1,-0.0228975007472881,0.038860110842879,0.704620078675009,0.0223885530269755,0.678091343988873,0.0165223762467889,0.669170032437146,0.0145866046084834,0.678072019507849,0.0146382453635777,0.687256144994701,0.0146838777906126
