"beta","beta_sd","omega","omega_sd","rho","rho_sd","conv_code","tau1","tau1_sd","tau2","tau2_sd","tau3","tau3_sd","tau4","tau4_sd","tau5","tau5_sd","tau6","tau6_sd"
3.19317419841513,0.0417313358628069,15.8339980974056,0.368403560205986,0.537450178721801,0.0308669519728802,1,-0.0135355169280207,0.0334258141781384,0.68957748959416,0.0149869210662371,0.701799474187939,0.0146334709867861,0.692019955242217,0.0147677360953671,0.690911322121843,0.0155310008318496,0.67993264868488,0.0164733591633359
