"beta","beta_sd","omega","omega_sd","rho","rho_sd","conv_code","tau1","tau1_sd","tau2","tau2_sd","tau3","tau3_sd","tau4","tau4_sd","tau5","tau5_sd","tau6","tau6_sd"
1.19781322098922,0.0106288037564137,1.01094526964991,0.0171360214221364,0.576957360371261,0.0163961052714935,1,-0.00275419854358627,0.0228814241969823,0.683864978848114,0.00890600410890888,0.705702115762899,0.00863965616321358,0.698083356157877,0.00949910620877653,0.698370496179862,0.0110273107661834,0.693026882225798,0.0127227604446801
