"beta","beta_sd","omega","omega_sd","rho","rho_sd","conv_code","tau1","tau1_sd","tau2","tau2_sd","tau3","tau3_sd","tau4","tau4_sd","tau5","tau5_sd","tau6","tau6_sd"
2.91629557717762,0.019257714022578,0.0624022317444148,0.00242914575331724,-0.307566261364201,0.0121286166658298,1,-0.00172783730369537,0.0337559786990068,0.694093988734218,0.0192267545741508,0.704540688517809,0.013541864099624,0.699798521021773,0.0114657869916768,0.695226990333555,0.0109823372666004,0.707642628763762,0.0111743381449681
