"beta","beta_sd","omega","omega_sd","rho","rho_sd","conv_code","tau1","tau1_sd","tau2","tau2_sd","tau3","tau3_sd","tau4","tau4_sd","tau5","tau5_sd","tau6","tau6_sd"
3.22801224892674,0.0528503671531448,0.256502869403612,0.0112027672811905,-0.900023929837235,0.00352799790262169,1,0.0597553282701829,0.0456619877206279,0.672489856773489,0.0280611527013451,0.740179704367952,0.0229217343908149,0.642547802007123,0.0216575539892343,0.709528698674539,0.0205750944584613,0.696278672006708,0.0212632553405249
