"beta","beta_sd","omega","omega_sd","rho","rho_sd","conv_code","tau1","tau1_sd","tau2","tau2_sd","tau3","tau3_sd","tau4","tau4_sd","tau5","tau5_sd","tau6","tau6_sd"
0.903901350475534,0.0102740172170188,0.993251628320087,0.0154702506373367,-0.599930084672313,0.0053557179910604,1,0.019841452176171,0.0203499021251301,0.690804500445672,0.00813429890856255,0.699243242192468,0.00818346610317464,0.682042623373436,0.00948980147574307,0.693883470448799,0.0109186104446042,0.677754778343999,0.013086892110643
