"beta","beta_sd","omega","omega_sd","rho","rho_sd","conv_code","tau1","tau1_sd","tau2","tau2_sd","tau3","tau3_sd","tau4","tau4_sd","tau5","tau5_sd","tau6","tau6_sd"
3.81368965797688,0.0292865123568461,1.01116883833276,0.0220215920734911,-0.302156254603584,0.0145671078772033,1,-0.0217298503067135,0.0341574636503863,0.7128106825711,0.019125832188342,0.690002801817441,0.0142167688868607,0.698287196639773,0.0123149453329604,0.69543749832542,0.0119514405986188,0.699077390288682,0.0119643962202324
