"beta","beta_sd","omega","omega_sd","rho","rho_sd","conv_code","tau1","tau1_sd","tau2","tau2_sd","tau3","tau3_sd","tau4","tau4_sd","tau5","tau5_sd","tau6","tau6_sd"
1.10780360277716,0.0231500242547086,0.994486649313474,0.0395739039509426,-0.899804283784716,0.00384986743455819,1,0.0525720871654907,0.035563895741793,0.689584146850517,0.0210659295891291,0.705740019507848,0.0209894788542354,0.689160300460029,0.0218960786563851,0.680350656202185,0.0232737462886946,0.693051271058159,0.02491149913903
