"beta","beta_sd","omega","omega_sd","rho","rho_sd","conv_code","tau1","tau1_sd","tau2","tau2_sd","tau3","tau3_sd","tau4","tau4_sd","tau5","tau5_sd","tau6","tau6_sd"
3.61222200825362,0.0296195403734458,1.00356449304755,0.0221669769334628,-0.605786374752154,0.00797322000712471,1,-0.0642753700184397,0.0338676138036376,0.702077471334804,0.0190929102501622,0.714759322753821,0.0139986288059939,0.695215025419495,0.0125441568046603,0.713328427695721,0.0120246910063738,0.694729864233229,0.0122420979801419
