"beta","beta_sd","omega","omega_sd","rho","rho_sd","conv_code","tau1","tau1_sd","tau2","tau2_sd","tau3","tau3_sd","tau4","tau4_sd","tau5","tau5_sd","tau6","tau6_sd"
1.00720873064805,0.0056024791377206,0.0618921158517218,0.00107486419183051,-0.901552720431467,0.00123602485848712,1,0.0108583562068516,0.0153456909815493,0.694314371240153,0.00813798409578687,0.698687724137932,0.00717390097603737,0.70588419843482,0.00748359790782772,0.688964454831596,0.00877777328443815,0.690074247512127,0.0113313605516731
