"beta","beta_sd","omega","omega_sd","rho","rho_sd","conv_code","tau1","tau1_sd","tau2","tau2_sd","tau3","tau3_sd","tau4","tau4_sd","tau5","tau5_sd","tau6","tau6_sd"
1.0190798263148,0.0102934880924782,1.01254236008684,0.0173083295336354,0.611276743429248,0.0153675331702085,1,0.0306413360958627,0.0229567190862399,0.697432709066041,0.00851817848225953,0.701672525623617,0.00865609340295385,0.706995032358784,0.00981024434407701,0.692363067621439,0.0115376267891828,0.707052898889249,0.0135224081415838
