"beta","beta_sd","omega","omega_sd","rho","rho_sd","conv_code","tau1","tau1_sd","tau2","tau2_sd","tau3","tau3_sd","tau4","tau4_sd","tau5","tau5_sd","tau6","tau6_sd"
1.7260105550901,0.0154112698389703,0.0639486027972468,0.00195968962498407,-0.611543849524251,0.00815233001735835,1,0.0707105569164685,0.0280404429419125,0.676172343691914,0.0161505810669349,0.705620934964259,0.0123894222226634,0.70710651884979,0.0121531215792968,0.694988556714648,0.0132598933421822,0.718596001242783,0.0141743627294369
