"beta","beta_sd","omega","omega_sd","rho","rho_sd","conv_code","tau1","tau1_sd","tau2","tau2_sd","tau3","tau3_sd","tau4","tau4_sd","tau5","tau5_sd","tau6","tau6_sd"
0.597921667210531,0.0097828837704666,0.990518406244332,0.0174372271078868,0.594639423312515,0.0166331551893642,1,-0.00643436083191121,0.022915979074413,0.701621099441575,0.00811419704660279,0.708854184084204,0.00875355117562388,0.662147010578375,0.0107389615705018,0.699455990017554,0.0130146101110668,0.690526334879292,0.0162286184567552
