"beta","beta_sd","omega","omega_sd","rho","rho_sd","conv_code","tau1","tau1_sd","tau2","tau2_sd","tau3","tau3_sd","tau4","tau4_sd","tau5","tau5_sd","tau6","tau6_sd"
-0.0169737556429277,0.0111122724964319,1.01749948101499,0.0190831206998469,-0.898426271958896,0.00173796583396201,1,-0.0522182962211749,0.0266716884603302,0.694172978842076,0.00925729987233407,0.691285840212252,0.0102042035983183,0.693249423334194,0.0124360037146199,0.70713994529243,0.0157121651169502,0.700555743124133,0.0200188716406534
