"beta","beta_sd","omega","omega_sd","rho","rho_sd","conv_code","tau1","tau1_sd","tau2","tau2_sd","tau3","tau3_sd","tau4","tau4_sd","tau5","tau5_sd","tau6","tau6_sd"
0.904791761514897,0.0340987851814071,16.4766896383247,0.375258611836161,-0.292787976327736,0.0149851389504645,1,-0.0194572317899634,0.0267518335759712,0.699576577910126,0.0125488392029207,0.678500141530743,0.0131616137654526,0.685308529756842,0.0139826821026007,0.6991750070116,0.0146433835530105,0.689019893487927,0.0162868167794196
