"beta","beta_sd","omega","omega_sd","rho","rho_sd","conv_code","tau1","tau1_sd","tau2","tau2_sd","tau3","tau3_sd","tau4","tau4_sd","tau5","tau5_sd","tau6","tau6_sd"
1.20587915325679,0.00531740526944336,0.0665753520731514,0.00130516179610135,0.288522979770179,0.0100881381404857,1,0.019292870090689,0.0166132780595794,0.686258368368847,0.00784846865206061,0.697331913722553,0.00609829746168518,0.698479620521986,0.0065690696406289,0.70063506463868,0.00745681886893424,0.704596403311201,0.0088700714018844
