"beta","beta_sd","omega","omega_sd","rho","rho_sd","conv_code","tau1","tau1_sd","tau2","tau2_sd","tau3","tau3_sd","tau4","tau4_sd","tau5","tau5_sd","tau6","tau6_sd"
2.09324793646633,0.013082779370002,0.995902209332644,0.0158382506846957,0.0152668688721356,0.0135328322651457,1,-0.0404085496224718,0.0214113352287132,0.697764440333982,0.0101236421971227,0.702983947039586,0.00851305220862297,0.67687216139767,0.00867280296994746,0.691868894257047,0.00903558081457132,0.675843708998683,0.0100411241348124
