"beta","beta_sd","omega","omega_sd","rho","rho_sd","conv_code","tau1","tau1_sd","tau2","tau2_sd","tau3","tau3_sd","tau4","tau4_sd","tau5","tau5_sd","tau6","tau6_sd"
0.992802517621418,0.0339919510371706,16.0226557466086,0.384439820869392,0.301458066107339,0.0324575717293396,1,0.0471968012047607,0.0300131097701748,0.675510872051148,0.0138785753697772,0.702762591549722,0.0142370831167363,0.703219986938634,0.0153078663372204,0.716163566978437,0.0165321263983823,0.69181896001837,0.0177949472794817
