"beta","beta_sd","omega","omega_sd","rho","rho_sd","conv_code","tau1","tau1_sd","tau2","tau2_sd","tau3","tau3_sd","tau4","tau4_sd","tau5","tau5_sd","tau6","tau6_sd"
1.69723826232499,0.0161218690757219,1.01038809665786,0.0198789836714217,-0.89982349844577,0.00188730893627715,1,0.0399371564361383,0.0291108822597326,0.676758859207363,0.0128099128724393,0.68624721655791,0.0115720576518213,0.689059007486378,0.0116135705955802,0.693311880350118,0.0120287184270802,0.673152330579557,0.0135140193519992
