"beta","beta_sd","omega","omega_sd","rho","rho_sd","conv_code","tau1","tau1_sd","tau2","tau2_sd","tau3","tau3_sd","tau4","tau4_sd","tau5","tau5_sd","tau6","tau6_sd"
2.51116429109494,0.0149727976091458,0.0626784471752178,0.00176693114360605,-0.901149893707378,0.00155670113758494,1,0.00584211239335663,0.0243594891338509,0.694792057766783,0.0139868782417689,0.696287404637391,0.0111345726329729,0.706790423095704,0.00995316148465606,0.690931132009624,0.00971945567009599,0.695995260396697,0.0100209634741456
