"beta","beta_sd","omega","omega_sd","rho","rho_sd","conv_code","tau1","tau1_sd","tau2","tau2_sd","tau3","tau3_sd","tau4","tau4_sd","tau5","tau5_sd","tau6","tau6_sd"
3.29775285874493,0.0496134198415928,15.999814145195,0.449952175493033,0.610356041497085,0.0341833759994267,1,0.0294675880010429,0.0425607865640419,0.681016023799631,0.0188856242419631,0.687675135280391,0.0188847485425713,0.686162943223925,0.0192403034168078,0.705940085997957,0.0197284282901799,0.714894376420635,0.0207700076781762
