"beta","beta_sd","omega","omega_sd","rho","rho_sd","conv_code","tau1","tau1_sd","tau2","tau2_sd","tau3","tau3_sd","tau4","tau4_sd","tau5","tau5_sd","tau6","tau6_sd"
0.402704147231238,0.00388632596621206,0.062938375072557,0.00111886292905783,-0.00348638397021074,0.00909286103282037,1,0.00464597872233086,0.0129364502745628,0.697286726381445,0.00493020465608325,0.696327021415307,0.00620482060414961,0.687075416112976,0.0104809105318043,0.733017907532867,0.0208709754459803,0.680090297937325,0.0576491914078919
