"beta","beta_sd","omega","omega_sd","rho","rho_sd","conv_code","tau1","tau1_sd","tau2","tau2_sd","tau3","tau3_sd","tau4","tau4_sd","tau5","tau5_sd","tau6","tau6_sd"
2.39229980789035,0.0363583285225191,16.0213120995933,0.34814077631812,0.0228632250633422,0.0204765178818994,1,-0.0307046837677014,0.0266385386905684,0.689364073128438,0.0124422126283377,0.698178011870863,0.0124044225190507,0.6871437421924,0.0129975121819161,0.671547284854612,0.0141054390568058,0.716704499153503,0.0147313981978492
