"beta","beta_sd","omega","omega_sd","rho","rho_sd","conv_code","tau1","tau1_sd","tau2","tau2_sd","tau3","tau3_sd","tau4","tau4_sd","tau5","tau5_sd","tau6","tau6_sd"
0.590313004219945,0.0356649428243902,16.2654664980348,0.463360453507197,0.635450296370271,0.0313315260067793,1,0.0267250923727537,0.0417137931931862,0.689638084506838,0.0181876826812645,0.713143146806037,0.017904342930948,0.697754345678187,0.0195477288860584,0.682014085339087,0.0214377510524785,0.709126809898825,0.0234846241646855
