"beta","beta_sd","omega","omega_sd","rho","rho_sd","conv_code","tau1","tau1_sd","tau2","tau2_sd","tau3","tau3_sd","tau4","tau4_sd","tau5","tau5_sd","tau6","tau6_sd"
3.34656096475073,0.028595502862444,1.05289711523488,0.0231800362994313,-0.316899378444098,0.0152622017475392,1,-0.0147862440287378,0.035778178922825,0.714459148140433,0.0194250592540939,0.682455317653465,0.0149072867722298,0.714178278399835,0.0129278303229468,0.714801617541358,0.0126272760655462,0.706025579491812,0.0132229486812482
