"beta","beta_sd","omega","omega_sd","rho","rho_sd","conv_code","tau1","tau1_sd","tau2","tau2_sd","tau3","tau3_sd","tau4","tau4_sd","tau5","tau5_sd","tau6","tau6_sd"
0.796552377831934,0.00924944138239594,0.972745229342578,0.0146290653664367,0.306477383407896,0.0150039137104358,1,-0.0083872840277378,0.0187496415264334,0.694597985627508,0.0069726689905378,0.680709929245689,0.00758024333467695,0.691820204727942,0.00883283103946307,0.694849357420268,0.0105123260880663,0.691652201996997,0.0127621552928857
