"beta","beta_sd","omega","omega_sd","rho","rho_sd","conv_code","tau1","tau1_sd","tau2","tau2_sd","tau3","tau3_sd","tau4","tau4_sd","tau5","tau5_sd","tau6","tau6_sd"
2.90362111732517,0.0436007941262433,1.0042889419619,0.0339497725960762,-0.604393379657378,0.013159113657644,1,-0.0997237213443118,0.0423273359713626,0.740405880068638,0.0236785360485921,0.698333405318221,0.0196933409846982,0.69696123656955,0.0190641345352968,0.692088916248738,0.0190662906128275,0.705318570513226,0.0197286479261188
