"beta","beta_sd","omega","omega_sd","rho","rho_sd","conv_code","tau1","tau1_sd","tau2","tau2_sd","tau3","tau3_sd","tau4","tau4_sd","tau5","tau5_sd","tau6","tau6_sd"
3.42186685505419,0.0272922317832566,0.258222133298209,0.0073206098897321,-0.312924798890727,0.014964206652719,1,-0.00654611302798028,0.037557276461791,0.699198570254561,0.021672747551032,0.712326983561651,0.0153004810431308,0.682836664966937,0.0135277725098155,0.71384869850272,0.0126422755834989,0.692316275175369,0.0129016501845429
