"beta","beta_sd","omega","omega_sd","rho","rho_sd","conv_code","tau1","tau1_sd","tau2","tau2_sd","tau3","tau3_sd","tau4","tau4_sd","tau5","tau5_sd","tau6","tau6_sd"
1.67819874221097,0.0354095162531201,16.1233269092562,0.387992113525285,0.328819412246972,0.0354071053975571,1,-0.00729531736265126,0.0306531464856122,0.694812899752393,0.0138668060064755,0.702492671569755,0.0143510586058904,0.686582075836209,0.0156245047217397,0.706805929535026,0.016054700683042,0.670798810119866,0.0180171395715761
