"beta","beta_sd","omega","omega_sd","rho","rho_sd","conv_code","tau1","tau1_sd","tau2","tau2_sd","tau3","tau3_sd","tau4","tau4_sd","tau5","tau5_sd","tau6","tau6_sd"
2.36851748599292,0.0478873408383163,16.8477649355224,0.572330845876398,0.0333744581340625,0.0422798507027793,1,-0.0569091409341937,0.0392336869009081,0.697789199623201,0.0199479414957763,0.699942347506133,0.0211839060571906,0.680297174438949,0.0221511524528622,0.708308603268747,0.0223114398722966,0.654069526417691,0.024903468542289
