"beta","beta_sd","omega","omega_sd","rho","rho_sd","conv_code","tau1","tau1_sd","tau2","tau2_sd","tau3","tau3_sd","tau4","tau4_sd","tau5","tau5_sd","tau6","tau6_sd"
3.77310024156158,0.0468203581404346,16.7545518302373,0.403176837199013,0.902774979098567,0.00396172261312173,1,-0.0205302600872633,0.0441554920727776,0.702107602987793,0.0154440695912631,0.692183394054268,0.014335084564751,0.673694253165115,0.0140409713584989,0.710041099356374,0.0139454079720353,0.695618834941262,0.0145801289563198
