"beta","beta_sd","omega","omega_sd","rho","rho_sd","conv_code","tau1","tau1_sd","tau2","tau2_sd","tau3","tau3_sd","tau4","tau4_sd","tau5","tau5_sd","tau6","tau6_sd"
1.69891972802099,0.034359173523,16.2616313026814,0.348937375148492,0.249058074559179,0.0229831261493812,1,0.0195120634313208,0.0265462176560831,0.70326797418253,0.0118010131022484,0.707966384860883,0.0122642825283162,0.706286595279772,0.0129864465526922,0.717536705168905,0.0136538682189209,0.671804536299379,0.0150735682288024
