"beta","beta_sd","omega","omega_sd","rho","rho_sd","conv_code","tau1","tau1_sd","tau2","tau2_sd","tau3","tau3_sd","tau4","tau4_sd","tau5","tau5_sd","tau6","tau6_sd"
3.91577631041393,0.0454898922598972,16.3996891498034,0.366852664055755,0.0041227598833579,0.0216016965716217,1,0.0263053537965811,0.0285051974244786,0.677358641470841,0.0137986861740201,0.703227256104809,0.0134213832331922,0.698237117000804,0.0137479734824919,0.685459871634972,0.014399334604294,0.686805965302475,0.0146418725691669
