"beta","beta_sd","omega","omega_sd","rho","rho_sd","conv_code","tau1","tau1_sd","tau2","tau2_sd","tau3","tau3_sd","tau4","tau4_sd","tau5","tau5_sd","tau6","tau6_sd"
2.77789069543537,0.0165105239815678,0.0584666118705332,0.00372220143618899,0.599921738282368,0.0087817549172118,1,-0.0319458641222884,0.0339305387590765,0.693932208039882,0.0178709110720227,0.693579692238083,0.012568756393992,0.686311301075689,0.0109155677860998,0.684422347042932,0.010334653665111,0.69400711704663,0.0104305286422701
