"beta","beta_sd","omega","omega_sd","rho","rho_sd","conv_code","tau1","tau1_sd","tau2","tau2_sd","tau3","tau3_sd","tau4","tau4_sd","tau5","tau5_sd","tau6","tau6_sd"
0.694848729989474,0.00479503905081448,0.0616542613869362,0.00116095703034343,-0.285011169982674,0.00864128102982267,1,0.0121218995390015,0.0145939297846624,0.674045304080471,0.00694666904849464,0.688535894970916,0.00684285280060722,0.6874027399386,0.00875345786815174,0.694950095823554,0.0125885156010168,0.644942278137792,0.0240068775471655
