"beta","beta_sd","omega","omega_sd","rho","rho_sd","conv_code","tau1","tau1_sd","tau2","tau2_sd","tau3","tau3_sd","tau4","tau4_sd","tau5","tau5_sd","tau6","tau6_sd"
3.60366445857875,0.0491540056112812,16.3984096344466,0.427553158001904,0.901618125474049,0.0046876247297542,1,0.109767373053259,0.0470511598252703,0.70427057419502,0.0175872280993506,0.681196921268869,0.0164922785565976,0.694598883329295,0.0162398908148965,0.726835319038771,0.0163442639819953,0.716538142695835,0.0172555129668016
