"beta","beta_sd","omega","omega_sd","rho","rho_sd","conv_code","tau1","tau1_sd","tau2","tau2_sd","tau3","tau3_sd","tau4","tau4_sd","tau5","tau5_sd","tau6","tau6_sd"
2.42877164377074,0.0178757689007935,1.00568137423436,0.0189285393286923,0.000492974136714649,0.0184713334346849,1,0.0224026560342932,0.0268777770005112,0.689433317446592,0.0136786649329597,0.712914386052613,0.0109575075267457,0.70013192107372,0.0108213397285462,0.695782271108635,0.0110729307904246,0.713378194661252,0.0117386058008606
