"beta","beta_sd","omega","omega_sd","rho","rho_sd","conv_code","tau1","tau1_sd","tau2","tau2_sd","tau3","tau3_sd","tau4","tau4_sd","tau5","tau5_sd","tau6","tau6_sd"
0.103959387248916,0.00676090134692165,0.0588179660734043,0.00409161126157934,0.902140450339028,0.00221376872834879,1,0.0286845996160016,0.0334408347068816,0.697412551084156,0.00942945197945644,0.708100935970466,0.0109462432674648,0.670234583598818,0.0173486079401608,0.710697761180246,0.0307424017504617,0.523249115391562,0.0807760498744022
