"beta","beta_sd","omega","omega_sd","rho","rho_sd","conv_code","tau1","tau1_sd","tau2","tau2_sd","tau3","tau3_sd","tau4","tau4_sd","tau5","tau5_sd","tau6","tau6_sd"
0.0689021436003793,0.0339462143680071,15.0775819173409,0.386805928892151,0.0374503760409236,0.0274796282900068,1,0.0188558909279195,0.0303019795149705,0.670557059676877,0.0141785281729255,0.695865493159655,0.0152410321309289,0.666501388892381,0.0169711092558013,0.669683481526372,0.0179580269847898,0.683095322654332,0.0195516641383187
