"beta","beta_sd","omega","omega_sd","rho","rho_sd","conv_code","tau1","tau1_sd","tau2","tau2_sd","tau3","tau3_sd","tau4","tau4_sd","tau5","tau5_sd","tau6","tau6_sd"
1.10097654288048,0.0334975482263621,15.8376540445348,0.359566324715834,-0.268710537275941,0.0158359345410335,1,-0.00984470297507384,0.0266880574629837,0.684323517283954,0.0125891006874965,0.682252611977454,0.0131245792907631,0.678281649415604,0.0139015800081409,0.697852093123569,0.0144926082396752,0.699850079189631,0.0156783352000791
