"beta","beta_sd","omega","omega_sd","rho","rho_sd","conv_code","tau1","tau1_sd","tau2","tau2_sd","tau3","tau3_sd","tau4","tau4_sd","tau5","tau5_sd","tau6","tau6_sd"
1.48805525217659,0.0133589048152311,0.981707677402175,0.0172598277454879,-0.598684939425742,0.0067923898214703,1,-0.0267540219536879,0.0242182865511146,0.68742131250982,0.0108095615384911,0.694269475210811,0.00993097935706374,0.691250237453552,0.0105168620841252,0.686292617462078,0.0115272258729719,0.67814468112378,0.0132194726316472
