"beta","beta_sd","omega","omega_sd","rho","rho_sd","conv_code","tau1","tau1_sd","tau2","tau2_sd","tau3","tau3_sd","tau4","tau4_sd","tau5","tau5_sd","tau6","tau6_sd"
2.92632413325342,0.0204084140919894,1.02566641493499,0.0213631480789742,0.575602161223028,0.0176127240182258,1,0.0290201864077081,0.0330265912155879,0.67936714176662,0.0165294346480671,0.708312827441922,0.012172296037654,0.696545607330673,0.0110562586482978,0.701038014466254,0.0110946379872345,0.679788273336764,0.0116093674692397
