"beta","beta_sd","omega","omega_sd","rho","rho_sd","conv_code","tau1","tau1_sd","tau2","tau2_sd","tau3","tau3_sd","tau4","tau4_sd","tau5","tau5_sd","tau6","tau6_sd"
3.52376689856564,0.0490491059546781,0.0636657294131718,0.00487430369757956,-0.903136832853841,0.0029411588711482,1,0.0249765169094513,0.0470732517969617,0.687910644180094,0.0285785803220769,0.690234694083351,0.0225095311183228,0.706383919172975,0.0203272469708277,0.731651589188051,0.0192308617247258,0.671581046235312,0.0194967339028881
