"beta","beta_sd","omega","omega_sd","rho","rho_sd","conv_code","tau1","tau1_sd","tau2","tau2_sd","tau3","tau3_sd","tau4","tau4_sd","tau5","tau5_sd","tau6","tau6_sd"
3.17732105770898,0.0246165293653821,0.239118948609659,0.00643487870402631,-0.285084803294133,0.0147610627628983,1,0.0136085655937695,0.0348818915573703,0.695453817032717,0.0201957574183393,0.659347635577816,0.0150295566691641,0.684037482561166,0.0128329986651598,0.690452416258313,0.0123116127658822,0.698157575047539,0.0124748934785745
