"beta","beta_sd","omega","omega_sd","rho","rho_sd","conv_code","tau1","tau1_sd","tau2","tau2_sd","tau3","tau3_sd","tau4","tau4_sd","tau5","tau5_sd","tau6","tau6_sd"
1.00155741599877,0.00884001187982824,0.0626541950336772,0.00166119347066405,-0.603880159676171,0.00763958823539613,1,0.00285385980081785,0.0195027898832099,0.69054487103774,0.0113710306208332,0.705410791824231,0.0103144867074084,0.684675356454352,0.011776604118843,0.694586393375978,0.0137494381847117,0.691678557122873,0.0175610745655702
