"beta","beta_sd","omega","omega_sd","rho","rho_sd","conv_code","tau1","tau1_sd","tau2","tau2_sd","tau3","tau3_sd","tau4","tau4_sd","tau5","tau5_sd","tau6","tau6_sd"
1.87756059122719,0.0362314323701473,16.3208965408185,0.386120947963887,0.893654884074874,0.00424344583673404,1,0.0135364360674562,0.0398612636757351,0.698391881728994,0.0140602419314412,0.660849028942315,0.0135394255354068,0.678927214539154,0.0134493500945629,0.695323957901124,0.0142321752233714,0.713101909356567,0.0148604021874859
