"beta","beta_sd","omega","omega_sd","rho","rho_sd","conv_code","tau1","tau1_sd","tau2","tau2_sd","tau3","tau3_sd","tau4","tau4_sd","tau5","tau5_sd","tau6","tau6_sd"
0.0942571484930542,0.00464781021368074,0.061515976831853,0.00190611421918747,0.619858830129477,0.00831337137194831,1,0.00873446183112069,0.0190187523759947,0.696375252246661,0.00587766815524497,0.689931958974781,0.00944337051070214,0.67296228500573,0.0223301912608081,0.725986312776978,0.0664658164608606,0.657036143840758,0.203100472106204
