"beta","beta_sd","omega","omega_sd","rho","rho_sd","conv_code","tau1","tau1_sd","tau2","tau2_sd","tau3","tau3_sd","tau4","tau4_sd","tau5","tau5_sd","tau6","tau6_sd"
2.96418957461639,0.0386146126813005,0.959607636597415,0.029606386950028,-0.294754437409677,0.022238492378211,1,-0.00755741067343001,0.0391456648529459,0.678888551353398,0.0224033251166114,0.680392283126009,0.0183616670665822,0.684448112650319,0.0175203297720086,0.681471979657757,0.0176029744236076,0.682643457980161,0.0181761489876865
