"beta","beta_sd","omega","omega_sd","rho","rho_sd","conv_code","tau1","tau1_sd","tau2","tau2_sd","tau3","tau3_sd","tau4","tau4_sd","tau5","tau5_sd","tau6","tau6_sd"
0.196514341016817,0.00462011681221748,0.0624820913977268,0.00185462968449389,0.31155867542354,0.0163311944750536,1,0.00523567394876666,0.0181150798618264,0.68705204478613,0.00715954768120808,0.672716193590603,0.0109614212029149,0.70217445006961,0.0221101195744574,0.630432685683594,0.0542510405836526,0.784246592957507,0.167681052637479
