"beta","beta_sd","omega","omega_sd","rho","rho_sd","conv_code","tau1","tau1_sd","tau2","tau2_sd","tau3","tau3_sd","tau4","tau4_sd","tau5","tau5_sd","tau6","tau6_sd"
3.45929400366211,0.0237963745700074,0.2377685687658,0.00796511513360173,0.313040982600462,0.0199089062744597,1,-0.0126496059039806,0.0375365898868705,0.673978398871847,0.0214506748335632,0.723872408614256,0.0149755305018894,0.669049201349434,0.0129122277624601,0.692221730742045,0.0118094368889951,0.671984473607161,0.0122602492029728
