"beta","beta_sd","omega","omega_sd","rho","rho_sd","conv_code","tau1","tau1_sd","tau2","tau2_sd","tau3","tau3_sd","tau4","tau4_sd","tau5","tau5_sd","tau6","tau6_sd"
3.19329850795858,0.0233476608695976,0.554706247989357,0.011680739877337,-0.60173726774005,0.00709742692335766,1,0.0398779053110225,0.0308498580122212,0.678747070547567,0.0175874377904548,0.692424935105978,0.0130436321457425,0.694704878869466,0.0115058957077575,0.692528323435102,0.0110408285375646,0.682020445401552,0.011203300895126
