"beta","beta_sd","omega","omega_sd","rho","rho_sd","conv_code","tau1","tau1_sd","tau2","tau2_sd","tau3","tau3_sd","tau4","tau4_sd","tau5","tau5_sd","tau6","tau6_sd"
0.997342432593195,0.033209850679051,15.7778880816021,0.346154326754589,0.590591161154561,0.0215808222363762,1,0.0125314955357425,0.0285793553818172,0.690729255676292,0.0120848799714923,0.699097634417949,0.0122833723360715,0.674221655676182,0.0134380326874098,0.724065729863628,0.0137083331208066,0.687394142988628,0.0150079034167696
