"beta","beta_sd","omega","omega_sd","rho","rho_sd","conv_code","tau1","tau1_sd","tau2","tau2_sd","tau3","tau3_sd","tau4","tau4_sd","tau5","tau5_sd","tau6","tau6_sd"
1.10031254104785,0.0106423800885319,0.998605508729067,0.0154448613129754,-0.597432344929378,0.00530641358919823,1,-0.0157368604387226,0.0202963859647588,0.699939710731643,0.00825100415993126,0.687866614713255,0.00825955221172564,0.693909387704054,0.00916715737675558,0.684468594660474,0.0104263628327124,0.694547223398208,0.012150732691156
