"beta","beta_sd","omega","omega_sd","rho","rho_sd","conv_code","tau1","tau1_sd","tau2","tau2_sd","tau3","tau3_sd","tau4","tau4_sd","tau5","tau5_sd","tau6","tau6_sd"
3.80129088998387,0.0246181571823763,0.061689366435667,0.00312452545616052,-0.290947912243627,0.0126239728592408,1,-0.029611407923465,0.0354532501398169,0.720870812034028,0.0201976642243705,0.67531697970248,0.0149903685351156,0.699485411234031,0.0122244526117507,0.690847153557904,0.0112200418713192,0.709510503873681,0.0108423660453775
