"beta","beta_sd","omega","omega_sd","rho","rho_sd","conv_code","tau1","tau1_sd","tau2","tau2_sd","tau3","tau3_sd","tau4","tau4_sd","tau5","tau5_sd","tau6","tau6_sd"
0.519086356232941,0.0345067491335421,16.1569494711959,0.425397117264714,-0.330801470859024,0.0177893915484522,1,0.0226721730054085,0.0318857875073714,0.691947030474117,0.0151738081549944,0.693951183174671,0.0158413846905012,0.682842714841694,0.0173987574004935,0.730319079833113,0.0179396466436269,0.713799152272851,0.0194895797665105
