"beta","beta_sd","omega","omega_sd","rho","rho_sd","conv_code","tau1","tau1_sd","tau2","tau2_sd","tau3","tau3_sd","tau4","tau4_sd","tau5","tau5_sd","tau6","tau6_sd"
2.65385914979315,0.0396451324900078,1.03112990719806,0.0339361716929188,-0.626881179582784,0.0121663316107344,1,-0.0202448015796378,0.0387685482525881,0.720456003821967,0.0217007297005807,0.696161835353791,0.0188193244192773,0.7314261826173,0.0183257458526554,0.722877297259967,0.0187938473210183,0.716086334575742,0.0195315773875031
