"beta","beta_sd","omega","omega_sd","rho","rho_sd","conv_code","tau1","tau1_sd","tau2","tau2_sd","tau3","tau3_sd","tau4","tau4_sd","tau5","tau5_sd","tau6","tau6_sd"
0.711169215362854,0.0428709981915932,15.1624888901983,1.00142059599556,-0.897089594375812,0.00685174577818157,1,0.00269904060111599,0.0629299134658107,0.695780596244561,0.0357463725395648,0.666431562724046,0.0362317968871693,0.667453635034969,0.037363721679053,0.666993546327257,0.0384362729312991,0.667989970041893,0.039257953938289
