"beta","beta_sd","omega","omega_sd","rho","rho_sd","conv_code","tau1","tau1_sd","tau2","tau2_sd","tau3","tau3_sd","tau4","tau4_sd","tau5","tau5_sd","tau6","tau6_sd"
0.799165959622332,0.00599360476093018,0.0629158405501567,0.0030894974894562,0.900245882274996,0.00170524702168346,1,0.0136327986947067,0.0273641326994689,0.698337809329764,0.00822617994012826,0.692274063568859,0.00738654019073578,0.69054970219021,0.00802142101620569,0.699738721668813,0.0102145056674695,0.688721303217404,0.0148928028096878
