"beta","beta_sd","omega","omega_sd","rho","rho_sd","conv_code","tau1","tau1_sd","tau2","tau2_sd","tau3","tau3_sd","tau4","tau4_sd","tau5","tau5_sd","tau6","tau6_sd"
1.5822056685282,0.0333059756806739,15.3145432854299,0.332279696306313,0.0286072880394956,0.0197974751651313,1,-0.00436404827586406,0.0254810831323035,0.701761187016116,0.0118084027578323,0.68586629995125,0.0124168314183994,0.688101101179344,0.0132444049566767,0.671928505865208,0.0142706144187799,0.667254481760055,0.0151372160879969
