"beta","beta_sd","omega","omega_sd","rho","rho_sd","conv_code","tau1","tau1_sd","tau2","tau2_sd","tau3","tau3_sd","tau4","tau4_sd","tau5","tau5_sd","tau6","tau6_sd"
1.00492693113197,0.0363310490211577,15.9583895602436,0.475345001020252,-0.899173228737345,0.00303495354747703,1,-0.00517171645892352,0.0446635942584259,0.670954145593109,0.0183114066681964,0.708702940986959,0.0179757285829344,0.715695657392005,0.018686535531512,0.709527234983992,0.0194529058910239,0.709784151378114,0.0208123867497897
