"beta","beta_sd","omega","omega_sd","rho","rho_sd","conv_code","tau1","tau1_sd","tau2","tau2_sd","tau3","tau3_sd","tau4","tau4_sd","tau5","tau5_sd","tau6","tau6_sd"
3.19567824838136,0.0302454130699325,1.02182674197481,0.0275084932362012,0.561498629999636,0.0227260799600275,1,0.00219101684479984,0.043386568525187,0.697326387715591,0.0217506509879795,0.684439003348141,0.016319534386727,0.69703113110745,0.015062454030047,0.706954934221674,0.01489563990623,0.691139575234207,0.0153842665321555
