"beta","beta_sd","omega","omega_sd","rho","rho_sd","conv_code","tau1","tau1_sd","tau2","tau2_sd","tau3","tau3_sd","tau4","tau4_sd","tau5","tau5_sd","tau6","tau6_sd"
3.4243118051713,0.0219349877406115,0.0708261310115287,0.004428305199823,0.295497811243388,0.0169195001227767,1,-0.0351713521281605,0.0394665008618801,0.682775761829743,0.0219785010970101,0.739657519731166,0.0144979379239943,0.693984199967325,0.0123410112647635,0.669672249003102,0.0115581885090104,0.726362017742954,0.0112257110842112
