"beta","beta_sd","omega","omega_sd","rho","rho_sd","conv_code","tau1","tau1_sd","tau2","tau2_sd","tau3","tau3_sd","tau4","tau4_sd","tau5","tau5_sd","tau6","tau6_sd"
1.89533741268266,0.00900897225055952,0.0624257987876681,0.00134534805789433,-0.291596839116242,0.00834092592412789,1,-0.00499320919911107,0.021466293506956,0.694661928563375,0.0117302650323815,0.692456603827602,0.00823201269212574,0.686937466201415,0.00775086347580411,0.691384733747618,0.0080333010639535,0.693876201970643,0.00888031499185773
