"beta","beta_sd","omega","omega_sd","rho","rho_sd","conv_code","tau1","tau1_sd","tau2","tau2_sd","tau3","tau3_sd","tau4","tau4_sd","tau5","tau5_sd","tau6","tau6_sd"
1.21368241036457,0.0360761009223216,15.3503304576571,0.476236964897298,0.298962673774778,0.0491133553524066,1,0.0315603926177889,0.0374536705115684,0.658982097498481,0.018092370772368,0.676613740916016,0.0194931821686385,0.668992641277359,0.0204432059815109,0.685269251793948,0.0222136509927968,0.665450043809817,0.0238651055497813
