"beta","beta_sd","omega","omega_sd","rho","rho_sd","conv_code","tau1","tau1_sd","tau2","tau2_sd","tau3","tau3_sd","tau4","tau4_sd","tau5","tau5_sd","tau6","tau6_sd"
1.59065767723352,0.00679411395652507,0.0611236219477754,0.00124434495591203,-0.00217798319557662,0.00959455609479899,1,-0.0103139483305901,0.0187127026636526,0.693362974231731,0.00980083372801559,0.685087025748518,0.0071495136320676,0.689948297229009,0.0069728949241891,0.697857546383336,0.00764535650506413,0.686261899376851,0.00850329350829025
