"beta","beta_sd","omega","omega_sd","rho","rho_sd","conv_code","tau1","tau1_sd","tau2","tau2_sd","tau3","tau3_sd","tau4","tau4_sd","tau5","tau5_sd","tau6","tau6_sd"
0.0850775596554685,0.00997331994706765,0.999226282303504,0.0187362955639922,-0.0187274959058808,0.0172608735878679,1,0.00262911806654091,0.0208204722165452,0.684509883740075,0.00865427674780776,0.694547558904293,0.0104424649629443,0.705527756658984,0.013500260843242,0.669741121660897,0.0175694483996813,0.685138177262528,0.0220594897689584
