"beta","beta_sd","omega","omega_sd","rho","rho_sd","conv_code","tau1","tau1_sd","tau2","tau2_sd","tau3","tau3_sd","tau4","tau4_sd","tau5","tau5_sd","tau6","tau6_sd"
2.08097498031333,0.0427588418815212,16.0534582157069,0.486135016293738,0.896569160375391,0.00613388227004334,1,0.0210441547951499,0.0529521286977599,0.68850276785711,0.0204176988235427,0.704086900154926,0.0195298660044159,0.663382215106117,0.0201066133215647,0.712136626883374,0.020500747400421,0.677879536059302,0.0221285539989784
