"beta","beta_sd","omega","omega_sd","rho","rho_sd","conv_code","tau1","tau1_sd","tau2","tau2_sd","tau3","tau3_sd","tau4","tau4_sd","tau5","tau5_sd","tau6","tau6_sd"
0.49060403165888,0.00437156329840786,0.0624107770096924,0.00117517048951239,-0.280149930912002,0.00888963461660242,1,-0.0228163770834731,0.0141352476855748,0.686868147770934,0.00631865093723999,0.69392966991778,0.00714571210655697,0.697656768503323,0.0104742534458544,0.696768712591053,0.019278779810809,0.663483939201741,0.0450308808367156
