"beta","beta_sd","omega","omega_sd","rho","rho_sd","conv_code","tau1","tau1_sd","tau2","tau2_sd","tau3","tau3_sd","tau4","tau4_sd","tau5","tau5_sd","tau6","tau6_sd"
1.32199652466573,0.0368167965839399,16.1555284880214,0.479876439351056,0.440513264302822,0.0478338253570288,1,-0.096980631918902,0.0380768919296368,0.707178814064589,0.0175346956331618,0.707335312295036,0.018842699466882,0.705173422776283,0.0200169413744561,0.665344059966111,0.021139821889422,0.707837601613958,0.0232369453869413
