"beta","beta_sd","omega","omega_sd","rho","rho_sd","conv_code","tau1","tau1_sd","tau2","tau2_sd","tau3","tau3_sd","tau4","tau4_sd","tau5","tau5_sd","tau6","tau6_sd"
2.38639281166985,0.0449037678033086,15.6353142147952,0.459207254787559,-0.899169897766473,0.00300163236211887,1,0.00333801826754183,0.0473250907838152,0.709425593633432,0.0181386295489532,0.674074817081944,0.0181275506325301,0.694955151101302,0.0183059749836139,0.660550198394509,0.0193102879395749,0.680227660648315,0.0203978193856723
