"beta","beta_sd","omega","omega_sd","rho","rho_sd","conv_code","tau1","tau1_sd","tau2","tau2_sd","tau3","tau3_sd","tau4","tau4_sd","tau5","tau5_sd","tau6","tau6_sd"
1.77819515236384,0.011441651348312,0.99011582314842,0.0152338678757698,0.309619130121688,0.0153655633632031,1,-0.0130613865042252,0.0208691487312043,0.690029670993706,0.00900460245099621,0.697772717543799,0.00785408690831123,0.701648429414024,0.00816932466012207,0.685229114830645,0.00889945348569622,0.694060611678736,0.00990359650041995
