"beta","beta_sd","omega","omega_sd","rho","rho_sd","conv_code","tau1","tau1_sd","tau2","tau2_sd","tau3","tau3_sd","tau4","tau4_sd","tau5","tau5_sd","tau6","tau6_sd"
2.4715914803788,0.0175111592465433,0.0599243686808587,0.00300992177632979,0.259627939151091,0.0186068056860482,1,0.0436201974816632,0.0374058043399861,0.676754341078428,0.0206625496173274,0.671619797196915,0.0143394526707357,0.683293201230519,0.0121754530198345,0.677844201056712,0.0122184047489303,0.678279881688969,0.012673958926788
