"beta","beta_sd","omega","omega_sd","rho","rho_sd","conv_code","tau1","tau1_sd","tau2","tau2_sd","tau3","tau3_sd","tau4","tau4_sd","tau5","tau5_sd","tau6","tau6_sd"
3.52562440644928,0.0272686175879272,1.02013108790308,0.0237914469083546,0.306620553409119,0.0269261193283552,1,-0.0112632496901557,0.0367343696253478,0.689397370268346,0.0197572675582602,0.701744057795545,0.0144343144644866,0.70781924106716,0.0127166701391806,0.705101712877892,0.0123998587145508,0.696373942411145,0.0127557783996868
