"beta","beta_sd","omega","omega_sd","rho","rho_sd","conv_code","tau1","tau1_sd","tau2","tau2_sd","tau3","tau3_sd","tau4","tau4_sd","tau5","tau5_sd","tau6","tau6_sd"
1.19307917788364,0.0330862409854588,15.6288770544093,0.339111792974356,0.297074933552999,0.0233604082170347,1,-0.0259990179407357,0.0266979979527436,0.70664519440376,0.0119030986203409,0.676605845012264,0.0123573826708438,0.685196197651136,0.0129735769807453,0.697241267836036,0.0137134799510574,0.675697335087857,0.0149934674271788
