"beta","beta_sd","omega","omega_sd","rho","rho_sd","conv_code","tau1","tau1_sd","tau2","tau2_sd","tau3","tau3_sd","tau4","tau4_sd","tau5","tau5_sd","tau6","tau6_sd"
0.183439827034099,0.0109565217880019,1.03411162124487,0.0252176274339295,0.293205722063893,0.0317847891429084,1,0.0186934343704427,0.026250543145467,0.701418709336383,0.010931834264195,0.693214432656776,0.0134794121274106,0.68984584912599,0.016610405672597,0.684336149437142,0.0212050509578542,0.694164897764943,0.0261566888896257
