"beta","beta_sd","omega","omega_sd","rho","rho_sd","conv_code","tau1","tau1_sd","tau2","tau2_sd","tau3","tau3_sd","tau4","tau4_sd","tau5","tau5_sd","tau6","tau6_sd"
0.698898671486197,0.0108671214070536,1.01782170911343,0.0171818805761489,-0.901402691026941,0.00151977361550188,1,-0.0250109306517169,0.0252596387211648,0.683513909111468,0.00923673970237406,0.710682577708497,0.00900269150246695,0.692794189229446,0.0101675645545782,0.697876627735236,0.0117669426227716,0.70665617923242,0.0140154329146075
