"beta","beta_sd","omega","omega_sd","rho","rho_sd","conv_code","tau1","tau1_sd","tau2","tau2_sd","tau3","tau3_sd","tau4","tau4_sd","tau5","tau5_sd","tau6","tau6_sd"
2.70097290323034,0.0159557265147709,0.997166948427161,0.0173465262950379,0.289936786243563,0.018338120207692,1,-0.03939426815568,0.0258665017306662,0.695838755180995,0.0128820273402657,0.701916052849155,0.00976662867855506,0.685962624542249,0.00917666876409455,0.702246219379728,0.00920626882282409,0.682127908281315,0.00985066895003826
