"beta","beta_sd","omega","omega_sd","rho","rho_sd","conv_code","tau1","tau1_sd","tau2","tau2_sd","tau3","tau3_sd","tau4","tau4_sd","tau5","tau5_sd","tau6","tau6_sd"
2.58918221104836,0.0123494249792758,0.0634166085763335,0.00229403490110102,0.287429176257483,0.0124504695545774,1,-0.0187668059000073,0.0273413106914345,0.705362703972044,0.0146338836043244,0.697690299204038,0.0101192238934737,0.669741124881017,0.00880102698086064,0.701176952878665,0.00844238058306709,0.689107763739132,0.00873104685174782
