"beta","beta_sd","omega","omega_sd","rho","rho_sd","conv_code","tau1","tau1_sd","tau2","tau2_sd","tau3","tau3_sd","tau4","tau4_sd","tau5","tau5_sd","tau6","tau6_sd"
3.8019418957459,0.0263090384314353,1.01123345319668,0.0224520477857592,0.304413646421556,0.0242090052956264,1,-0.0164741688194557,0.0337029868566496,0.696055246696282,0.018558546422751,0.697396508032553,0.0135157860641631,0.689718300286596,0.0117861590160077,0.682061131721644,0.0113831478423446,0.687606525729031,0.0113020851854389
