"beta","beta_sd","omega","omega_sd","rho","rho_sd","conv_code","tau1","tau1_sd","tau2","tau2_sd","tau3","tau3_sd","tau4","tau4_sd","tau5","tau5_sd","tau6","tau6_sd"
2.78890154559843,0.0300875256202819,0.923464297102099,0.0255101850006909,0.0420162125871315,0.0296757159831289,1,-0.0955486775946543,0.0376125019902818,0.68789789442614,0.0207167996923423,0.67917551636215,0.0158658505518748,0.665095076373117,0.0152655474744077,0.656537178252879,0.0156432123587285,0.652688811677965,0.0164421761317542
