"beta","beta_sd","omega","omega_sd","rho","rho_sd","conv_code","tau1","tau1_sd","tau2","tau2_sd","tau3","tau3_sd","tau4","tau4_sd","tau5","tau5_sd","tau6","tau6_sd"
3.74510060758387,0.076315339930665,0.567903226525927,0.0274859997564357,-0.903735705435567,0.00415522005505866,1,0.0514113320218101,0.052740482853974,0.664920951353838,0.0336099485323176,0.71895657530922,0.0273880852524167,0.692947676515387,0.0255626923938783,0.723215711667582,0.0249245056356283,0.711915297144813,0.0248980582618502
