"beta","beta_sd","omega","omega_sd","rho","rho_sd","conv_code","tau1","tau1_sd","tau2","tau2_sd","tau3","tau3_sd","tau4","tau4_sd","tau5","tau5_sd","tau6","tau6_sd"
3.59953222642591,0.0320483110201481,0.0636614672949481,0.00349194672526265,-0.900975479321812,0.00217331995595377,2,0.00577409529852436,0.0388331486992542,0.695444975548407,0.0222988722443546,0.678017889674354,0.0176898911146454,0.712945018710821,0.0149934833220391,0.678965599065941,0.0141432947138338,0.695097940111659,0.0139976217608514
