"beta","beta_sd","omega","omega_sd","rho","rho_sd","conv_code","tau1","tau1_sd","tau2","tau2_sd","tau3","tau3_sd","tau4","tau4_sd","tau5","tau5_sd","tau6","tau6_sd"
1.58463165541599,0.012155074754467,0.990264144291602,0.0155738242252942,-0.597632072787888,0.00544302951506288,1,0.0208796565808342,0.0211867328298639,0.683269769803514,0.00934247450281263,0.672791371886303,0.00865388551680789,0.693317333738751,0.00890952440820877,0.692563001655134,0.00973195240126553,0.693781216448887,0.010884876127491
