"beta","beta_sd","omega","omega_sd","rho","rho_sd","conv_code","tau1","tau1_sd","tau2","tau2_sd","tau3","tau3_sd","tau4","tau4_sd","tau5","tau5_sd","tau6","tau6_sd"
2.10625981858394,0.0150944564427632,0.0622935327056287,0.00232658779870364,-0.00187759914981467,0.0177122933360077,1,0.0392013628059211,0.0315717459304819,0.679332507930909,0.0174019912086482,0.697258273874014,0.0126414461930987,0.715169156011386,0.0112668711929775,0.677882910933087,0.0119470815647365,0.701805127489817,0.0127122715748748
