"beta","beta_sd","omega","omega_sd","rho","rho_sd","conv_code","tau1","tau1_sd","tau2","tau2_sd","tau3","tau3_sd","tau4","tau4_sd","tau5","tau5_sd","tau6","tau6_sd"
3.12812970960052,0.0520824408090539,15.2956653025016,0.474752276972377,0.898966328997844,0.00582613710709002,1,-0.068024416489476,0.0536468861625238,0.68850705991478,0.0217482281686474,0.664501970923515,0.0206568442799372,0.658248426496308,0.0201587490815691,0.673350053195824,0.0206370311784166,0.658277619384025,0.0218242643684096
