"beta","beta_sd","omega","omega_sd","rho","rho_sd","conv_code","tau1","tau1_sd","tau2","tau2_sd","tau3","tau3_sd","tau4","tau4_sd","tau5","tau5_sd","tau6","tau6_sd"
1.30514034098462,0.00740422768304216,0.0629821514021713,0.00121578961788815,-0.600911015768818,0.0053990438440102,1,0.0398172403579201,0.0185047929181005,0.685373259450812,0.0102569397236992,0.691256205462764,0.00819571951250823,0.697658892753179,0.00840285666153498,0.698089097162806,0.00926861875932901,0.683394047632742,0.0107505718858903
