"beta","beta_sd","omega","omega_sd","rho","rho_sd","conv_code","tau1","tau1_sd","tau2","tau2_sd","tau3","tau3_sd","tau4","tau4_sd","tau5","tau5_sd","tau6","tau6_sd"
3.69081601499776,0.0280385833714016,0.0620573760322366,0.0035322275718841,-0.311911229185083,0.0141721357789045,1,-0.0980995963575416,0.0399480502645664,0.754171307250738,0.0222206939708697,0.673619578048426,0.0171065272140524,0.695296195172403,0.013931099549293,0.673471983006139,0.0129665337685406,0.697126108377254,0.0125973282973111
