"beta","beta_sd","omega","omega_sd","rho","rho_sd","conv_code","tau1","tau1_sd","tau2","tau2_sd","tau3","tau3_sd","tau4","tau4_sd","tau5","tau5_sd","tau6","tau6_sd"
3.45141112003435,0.0372709564885188,0.0618440398311465,0.00393009713371726,-0.604603764614534,0.0110433753383098,1,0.0899294559486145,0.0478452760748551,0.626331352415436,0.0287341154660684,0.71580976386523,0.0205588331271044,0.743720521236495,0.0167290311308625,0.680050569939061,0.0166756004556079,0.714733909958653,0.0165042473021836
