"beta","beta_sd","omega","omega_sd","rho","rho_sd","conv_code","tau1","tau1_sd","tau2","tau2_sd","tau3","tau3_sd","tau4","tau4_sd","tau5","tau5_sd","tau6","tau6_sd"
3.888489906322,0.0260944219302754,0.247140524081573,0.0075312522627246,0.00646949370198458,0.0182478322855378,1,-0.0770202764914936,0.0358339148715469,0.739589162397946,0.0197958443847125,0.674163356251856,0.0148794219286288,0.704990440871699,0.0122513554198013,0.67924811436251,0.0116386902058439,0.700545860653639,0.0113528517942803
