"beta","beta_sd","omega","omega_sd","rho","rho_sd","conv_code","tau1","tau1_sd","tau2","tau2_sd","tau3","tau3_sd","tau4","tau4_sd","tau5","tau5_sd","tau6","tau6_sd"
3.98676147729453,0.0724373132926706,17.1710940587657,0.621706525922096,-0.0254033120152971,0.0426271659267676,1,-0.0642422781298628,0.0406583702681686,0.723407633642081,0.0220240998892285,0.715770268138875,0.0220964399830207,0.687472539500361,0.0230014922309459,0.720727926961214,0.0239009988325647,0.714221304955155,0.0245707759753018
