"beta","beta_sd","omega","omega_sd","rho","rho_sd","conv_code","tau1","tau1_sd","tau2","tau2_sd","tau3","tau3_sd","tau4","tau4_sd","tau5","tau5_sd","tau6","tau6_sd"
3.32189563193708,0.0325980842699223,1.03338004814786,0.0289335166295876,0.618339186390576,0.0188030497309349,1,-0.0275375537361049,0.0450772546272641,0.725100421253564,0.0228887947748419,0.710159669265567,0.0168507597400877,0.690681553645408,0.0155456213088502,0.715767361004788,0.0151631810893992,0.671261872930492,0.0159664499713229
