"beta","beta_sd","omega","omega_sd","rho","rho_sd","conv_code","tau1","tau1_sd","tau2","tau2_sd","tau3","tau3_sd","tau4","tau4_sd","tau5","tau5_sd","tau6","tau6_sd"
1.39249588899703,0.00736018413267301,0.0627050784176896,0.00127343874586519,-0.311824886366746,0.00870463227442914,1,-0.0220173698242527,0.0192937458580612,0.696287891266133,0.0104914522794112,0.684670998295085,0.00801335059391701,0.685887176937063,0.00819867075723207,0.688483784834518,0.00909082561996919,0.694644832266112,0.0101802227100452
