"beta","beta_sd","omega","omega_sd","rho","rho_sd","conv_code","tau1","tau1_sd","tau2","tau2_sd","tau3","tau3_sd","tau4","tau4_sd","tau5","tau5_sd","tau6","tau6_sd"
1.68555407586678,0.0232413511808021,0.996732335136167,0.0286403321363518,-0.601694336525351,0.0113265982016421,1,-0.0455181996883127,0.0304415088693949,0.709566517670778,0.0164147889445314,0.692890727697761,0.0157134855020629,0.677425240490066,0.0166563761703905,0.70778356041659,0.0173788872716388,0.703534376615116,0.0187609084104788
