"beta","beta_sd","omega","omega_sd","rho","rho_sd","conv_code","tau1","tau1_sd","tau2","tau2_sd","tau3","tau3_sd","tau4","tau4_sd","tau5","tau5_sd","tau6","tau6_sd"
3.72849558599782,0.034957035006517,1.02022387233704,0.0250935973864831,-0.900945675612139,0.00224210537891241,1,-0.0221196324972707,0.0371359490715669,0.736130314450436,0.0191146416327503,0.697764133873704,0.0157290049178736,0.701092942311423,0.0141265299877045,0.685086041472107,0.0134583678369024,0.680949887175482,0.013488602187724
