"beta","beta_sd","omega","omega_sd","rho","rho_sd","conv_code","tau1","tau1_sd","tau2","tau2_sd","tau3","tau3_sd","tau4","tau4_sd","tau5","tau5_sd","tau6","tau6_sd"
0.692703558531986,0.00822995053249029,0.0600769342058543,0.00180076588189888,-0.901063285230465,0.00224888186418668,1,0.00811677094166072,0.0189729111531491,0.679884255194742,0.0127542124258312,0.694006144811903,0.0125906099348423,0.67683889357337,0.0143147502506989,0.684766625080236,0.0173668082602458,0.69575919228212,0.0239739210823327
