"beta","beta_sd","omega","omega_sd","rho","rho_sd","conv_code","tau1","tau1_sd","tau2","tau2_sd","tau3","tau3_sd","tau4","tau4_sd","tau5","tau5_sd","tau6","tau6_sd"
2.54747635730383,0.0471984845323013,15.8504362367886,0.489848862400195,0.906247111496343,0.00554057431481119,1,0.0427063064356606,0.0559358195931068,0.689583706506589,0.0219009138491134,0.728208866343903,0.0202388185931312,0.686690456216142,0.0203003107679339,0.744801712912765,0.0208507429449922,0.699451268823145,0.020918432001929
