"beta","beta_sd","omega","omega_sd","rho","rho_sd","conv_code","tau1","tau1_sd","tau2","tau2_sd","tau3","tau3_sd","tau4","tau4_sd","tau5","tau5_sd","tau6","tau6_sd"
3.37764138254738,0.0195225913612879,0.249761444193999,0.00680884289884471,0.292494574158294,0.0183205444533001,1,-0.0681245086712717,0.0343174510693153,0.743228577867637,0.0179360355671731,0.669754318845102,0.0128914118155502,0.692830770023911,0.0107871726602945,0.683777262224149,0.0101298355654639,0.670957379029026,0.0102862863834269
