"beta","beta_sd","omega","omega_sd","rho","rho_sd","conv_code","tau1","tau1_sd","tau2","tau2_sd","tau3","tau3_sd","tau4","tau4_sd","tau5","tau5_sd","tau6","tau6_sd"
0.546204303376143,0.0430368387035733,16.9528463773552,1.18223090512346,-0.903341336085238,0.00673834719944683,1,0.0656507740342204,0.0648786935805291,0.6724898364812,0.0375619900421413,0.725530377312227,0.0381163702948701,0.716256864906596,0.0388034494142035,0.70717440762568,0.0401017080056514,0.72869333521371,0.0413384448188143
