"beta","beta_sd","omega","omega_sd","rho","rho_sd","conv_code","tau1","tau1_sd","tau2","tau2_sd","tau3","tau3_sd","tau4","tau4_sd","tau5","tau5_sd","tau6","tau6_sd"
0.916692894932125,0.00489501557907434,0.0645860254674004,0.00155501003806573,0.600997057765533,0.00704453011062893,1,0.039004112414864,0.017728367355659,0.700884208373012,0.00674039099227291,0.695727449450802,0.00575783970321478,0.702081531683409,0.00660252304230582,0.699221169021483,0.00838468895558382,0.738304801178277,0.0121353206667973
