"beta","beta_sd","omega","omega_sd","rho","rho_sd","conv_code","tau1","tau1_sd","tau2","tau2_sd","tau3","tau3_sd","tau4","tau4_sd","tau5","tau5_sd","tau6","tau6_sd"
1.27536416666207,0.0121329705550499,0.981138048922277,0.0163784776687992,-0.898377921177943,0.00155555123051537,1,-0.0342969153314159,0.0250496351980405,0.676852251958631,0.00985442953115232,0.691157738561382,0.00922461800812215,0.679671869531701,0.00962226857048286,0.676461789750689,0.0105116798339429,0.685353654017943,0.0118579222034571
