"beta","beta_sd","omega","omega_sd","rho","rho_sd","conv_code","tau1","tau1_sd","tau2","tau2_sd","tau3","tau3_sd","tau4","tau4_sd","tau5","tau5_sd","tau6","tau6_sd"
0.995733150801329,0.00649537448225701,0.0624766031558277,0.0031069235432739,0.89948805429774,0.00168261247744569,1,-0.0196701867076543,0.0278426838633219,0.700664272326692,0.00871543872493231,0.697343778900728,0.0076599820455858,0.684209825005775,0.00791960655498361,0.690664136324601,0.00926781189095075,0.683265109394544,0.0119334413716789
