"beta","beta_sd","omega","omega_sd","rho","rho_sd","conv_code","tau1","tau1_sd","tau2","tau2_sd","tau3","tau3_sd","tau4","tau4_sd","tau5","tau5_sd","tau6","tau6_sd"
2.87568406748594,0.0228122271608298,0.0637442065358093,0.0051283228241325,0.594435918102449,0.0115679340886847,1,-0.0322206897041465,0.0440048929981461,0.707330591816168,0.0226764732483104,0.671952971444049,0.0161777410936216,0.683525969842681,0.0139188794877334,0.694963239328401,0.0132382766602894,0.677164374425528,0.0136650389310259
