"beta","beta_sd","omega","omega_sd","rho","rho_sd","conv_code","tau1","tau1_sd","tau2","tau2_sd","tau3","tau3_sd","tau4","tau4_sd","tau5","tau5_sd","tau6","tau6_sd"
1.90121609463442,0.0130385952085726,0.981133888069266,0.0174697287804553,0.605446828237263,0.0153671584626633,1,-0.00494696859104599,0.0260120676121966,0.698471062929427,0.0110599559292673,0.699465439038897,0.00930426454718698,0.691735265335685,0.00936941491908238,0.696941078645976,0.0100354840659772,0.67896228831836,0.0112948038546979
