"beta","beta_sd","omega","omega_sd","rho","rho_sd","conv_code","tau1","tau1_sd","tau2","tau2_sd","tau3","tau3_sd","tau4","tau4_sd","tau5","tau5_sd","tau6","tau6_sd"
1.98784204029936,0.00869176490365152,0.0592176821683756,0.00162606990810495,0.299517009987346,0.0112644625635434,1,0.00195305224205506,0.0236556658293108,0.690839792817377,0.0121468847963109,0.676034292286043,0.00838595689424468,0.68402560660272,0.00751309421239038,0.690220898918067,0.00771690759038699,0.682243340809781,0.00847525064150823
