"beta","beta_sd","omega","omega_sd","rho","rho_sd","conv_code","tau1","tau1_sd","tau2","tau2_sd","tau3","tau3_sd","tau4","tau4_sd","tau5","tau5_sd","tau6","tau6_sd"
0.634488803321693,0.0342342702595948,14.4877153970869,0.524439045970267,-0.223961586676198,0.0305851388750356,1,-0.0202515075727731,0.0383669687442415,0.663500360476455,0.0211253711201634,0.665220887864879,0.0218620255977822,0.69047404506636,0.0234185493335473,0.591774232038365,0.0254845562617202,0.694940065340415,0.0255918533032547
