"beta","beta_sd","omega","omega_sd","rho","rho_sd","conv_code","tau1","tau1_sd","tau2","tau2_sd","tau3","tau3_sd","tau4","tau4_sd","tau5","tau5_sd","tau6","tau6_sd"
2.28812312293037,0.0149299013334475,1.00308282940087,0.0167213379884469,-0.28287659111262,0.0107069273495683,1,0.00876126184818025,0.0228920179888137,0.668657658555351,0.0115227331901276,0.697282350398398,0.0092772815496105,0.704327302893849,0.0091156293115147,0.689393131149038,0.0094459797743808,0.700937499862069,0.0101805664145838
