"beta","beta_sd","omega","omega_sd","rho","rho_sd","conv_code","tau1","tau1_sd","tau2","tau2_sd","tau3","tau3_sd","tau4","tau4_sd","tau5","tau5_sd","tau6","tau6_sd"
1.02197259038783,0.0175863630375046,1.05826312966989,0.0326293158993456,0.374015954039903,0.0389731001076275,1,0.0315174602680751,0.0362727008597178,0.690360981550876,0.0153164639633488,0.712817346406088,0.0160879390748907,0.694225941153912,0.0190163777558702,0.705058001735599,0.0213167143669099,0.75320030752952,0.025122175236792
