"beta","beta_sd","omega","omega_sd","rho","rho_sd","conv_code","tau1","tau1_sd","tau2","tau2_sd","tau3","tau3_sd","tau4","tau4_sd","tau5","tau5_sd","tau6","tau6_sd"
3.0858802641739,0.0235285948098751,0.250619411513369,0.00650939851885341,-0.31545193015355,0.0138248487531314,1,0.0209293514587482,0.0362372962833278,0.670624161088213,0.0205758345508764,0.702445158772934,0.0141472502273184,0.696904247889718,0.0124687294274821,0.669219515434641,0.0122296218274013,0.706768818215731,0.0121673384834326
