"beta","beta_sd","omega","omega_sd","rho","rho_sd","conv_code","tau1","tau1_sd","tau2","tau2_sd","tau3","tau3_sd","tau4","tau4_sd","tau5","tau5_sd","tau6","tau6_sd"
3.22382540485474,0.0177811697112754,0.068019198769234,0.00423103274280522,0.592165109953055,0.00888491925446207,1,0.0403943472279841,0.0334149202479522,0.687244189574694,0.0177532396035573,0.687949757901116,0.0125638897221864,0.711438062655115,0.0103254747095014,0.687832724327117,0.00972680014142084,0.702902303845538,0.00962034638176562
