"beta","beta_sd","omega","omega_sd","rho","rho_sd","conv_code","tau1","tau1_sd","tau2","tau2_sd","tau3","tau3_sd","tau4","tau4_sd","tau5","tau5_sd","tau6","tau6_sd"
0.00492457124964884,0.00999229604937557,1.01644949436041,0.0177388871017977,-0.305087586671437,0.0107271768083046,1,0.000775407541023545,0.0193981410967801,0.701114695634025,0.00777894386417512,0.691882312147566,0.00958486279045652,0.691692049232899,0.0122895148347382,0.704294088261408,0.0157863065449635,0.719465149041583,0.02041670789528
