"beta","beta_sd","omega","omega_sd","rho","rho_sd","conv_code","tau1","tau1_sd","tau2","tau2_sd","tau3","tau3_sd","tau4","tau4_sd","tau5","tau5_sd","tau6","tau6_sd"
3.89939658713001,0.0313601642246784,0.56017317554314,0.0166231283006091,0.339482923784496,0.0259011424481404,1,-0.0234817968068023,0.041439696422575,0.70696606175956,0.0226517700989316,0.698330549185731,0.0166969435588716,0.680543255031243,0.0140600276549293,0.691832595283949,0.0133561754634384,0.701337831939618,0.0131871712579996
