"beta","beta_sd","omega","omega_sd","rho","rho_sd","conv_code","tau1","tau1_sd","tau2","tau2_sd","tau3","tau3_sd","tau4","tau4_sd","tau5","tau5_sd","tau6","tau6_sd"
1.18390258716177,0.0123059479366634,0.977119107589615,0.0202154940101997,0.591220213228003,0.0201180301379283,1,-0.00461519467827856,0.0278376847840731,0.690582586670429,0.0112767941543722,0.689095331353567,0.0110170805800264,0.684449486631984,0.012046914208591,0.706254002787047,0.0136794798005717,0.690482732202478,0.0164604347521782
