"beta","beta_sd","omega","omega_sd","rho","rho_sd","conv_code","tau1","tau1_sd","tau2","tau2_sd","tau3","tau3_sd","tau4","tau4_sd","tau5","tau5_sd","tau6","tau6_sd"
0.970177669634533,0.016309656623204,0.968034710533168,0.0282257506667774,0.523208288824965,0.0323869908987505,1,-0.0394780140355535,0.0370833181965778,0.68767398476042,0.015151928159671,0.675611494504744,0.0152792404072867,0.675734595846358,0.0178679699241305,0.702981425370358,0.0202018897233563,0.672155686798573,0.0248301988298506
