"beta","beta_sd","omega","omega_sd","rho","rho_sd","conv_code","tau1","tau1_sd","tau2","tau2_sd","tau3","tau3_sd","tau4","tau4_sd","tau5","tau5_sd","tau6","tau6_sd"
2.55362818609539,0.0391104462209415,16.6741393468078,0.391006293455035,0.609319767122752,0.0261564147990734,1,0.0359121716036595,0.0342951500327395,0.666168068432008,0.0153045296179636,0.704350324099208,0.0144419578684011,0.710218100760779,0.0149222044969996,0.706123794679012,0.0153780075193975,0.705056119732158,0.0164966014238921
