"beta","beta_sd","omega","omega_sd","rho","rho_sd","conv_code","tau1","tau1_sd","tau2","tau2_sd","tau3","tau3_sd","tau4","tau4_sd","tau5","tau5_sd","tau6","tau6_sd"
3.00191981065916,0.0186972627818701,0.056445430592248,0.00433239785751208,0.604702589595004,0.00921274266465394,1,-0.0484342305542242,0.0363265954337425,0.715043351897159,0.0191859799263812,0.694526925181846,0.0137864769116529,0.688947296631961,0.0115232474048582,0.689065086349606,0.0109432126096492,0.703021906522795,0.0107877429816815
