"beta","beta_sd","omega","omega_sd","rho","rho_sd","conv_code","tau1","tau1_sd","tau2","tau2_sd","tau3","tau3_sd","tau4","tau4_sd","tau5","tau5_sd","tau6","tau6_sd"
0.0974688089817528,0.0343929022682795,15.8394857720673,0.383937916185634,-0.601957786732248,0.00853990534479613,1,-0.00898640922504813,0.0300121123748837,0.698053802633414,0.0134288714125234,0.683752655434733,0.0139898440386428,0.700777719300983,0.0149422477486463,0.691645429780597,0.0160882259055365,0.724359355978999,0.0173296876380217
