"beta","beta_sd","omega","omega_sd","rho","rho_sd","conv_code","tau1","tau1_sd","tau2","tau2_sd","tau3","tau3_sd","tau4","tau4_sd","tau5","tau5_sd","tau6","tau6_sd"
1.09781730462595,0.00521766827283321,0.0653449532117126,0.00157104985386744,0.579582216308168,0.00740819139771635,1,-0.0072400806560814,0.0181784778463003,0.695585593468117,0.00756297310980697,0.681982702234713,0.00607339845337415,0.694286384157445,0.00642684066954548,0.685886377858803,0.00766115117815468,0.699337689820291,0.00969143113181131
