"beta","beta_sd","omega","omega_sd","rho","rho_sd","conv_code","tau1","tau1_sd","tau2","tau2_sd","tau3","tau3_sd","tau4","tau4_sd","tau5","tau5_sd","tau6","tau6_sd"
3.87599839496421,0.0293055435104826,0.244000293306337,0.00930156074307074,0.300353755934154,0.0226272909665937,1,-0.0386753292175478,0.0429757393454684,0.689857242478543,0.024048511780925,0.678887791891698,0.0174282244614536,0.69976371301553,0.0141669955691473,0.682484464964199,0.0131443925891365,0.688681440502763,0.0130151683923398
