"beta","beta_sd","omega","omega_sd","rho","rho_sd","conv_code","tau1","tau1_sd","tau2","tau2_sd","tau3","tau3_sd","tau4","tau4_sd","tau5","tau5_sd","tau6","tau6_sd"
3.51314316452962,0.0297689888883705,0.563976982178748,0.0196393376168249,0.898758274309585,0.00267548026400351,1,0.0238259332834558,0.0471160475486535,0.695690029851909,0.0209739326969023,0.682020906177387,0.0163615839327619,0.696659983224441,0.0137265293509176,0.688099387855259,0.0130466717604643,0.709932070386485,0.0128656161686704
