"beta","beta_sd","omega","omega_sd","rho","rho_sd","conv_code","tau1","tau1_sd","tau2","tau2_sd","tau3","tau3_sd","tau4","tau4_sd","tau5","tau5_sd","tau6","tau6_sd"
1.48237066231442,0.0107551721506043,0.0581721547453702,0.00390588250574291,0.898055864529065,0.0019972092786538,1,-0.0207088109864317,0.0345441126373374,0.689356105734574,0.0137202112695634,0.702770317817004,0.0111362055766814,0.671803774808312,0.0107087298137147,0.680716247140417,0.0110510335033408,0.685389038267835,0.0124670930850112
