"beta","beta_sd","omega","omega_sd","rho","rho_sd","conv_code","tau1","tau1_sd","tau2","tau2_sd","tau3","tau3_sd","tau4","tau4_sd","tau5","tau5_sd","tau6","tau6_sd"
2.30915646031459,0.0124051575166463,0.0656270926816006,0.00467575941008321,0.900775605189232,0.00163575978096634,1,0.00550082125643908,0.0327684382434718,0.686737669335848,0.0129738888139223,0.691922770568992,0.00998385837111309,0.689873244990453,0.0087942709411534,0.705618030264163,0.00838263940224493,0.690188265986678,0.00887610510763219
