"beta","beta_sd","omega","omega_sd","rho","rho_sd","conv_code","tau1","tau1_sd","tau2","tau2_sd","tau3","tau3_sd","tau4","tau4_sd","tau5","tau5_sd","tau6","tau6_sd"
2.26864413428272,0.0415872466137912,16.3039941348672,0.4545981619808,0.609180475999891,0.033316259568407,1,-0.0343872165376351,0.0416160206052806,0.7075825771516,0.0179073709800763,0.694669657351675,0.0184622506631583,0.689904040786903,0.0192327788277376,0.682267790861928,0.0207368162591159,0.713241952615674,0.0214952200531883
