"beta","beta_sd","omega","omega_sd","rho","rho_sd","conv_code","tau1","tau1_sd","tau2","tau2_sd","tau3","tau3_sd","tau4","tau4_sd","tau5","tau5_sd","tau6","tau6_sd"
3.59288539992975,0.029816664400797,0.248960728173758,0.00763964626305399,-0.289896809635434,0.0160622572490726,1,-0.0627484902546175,0.0393634788907143,0.724077993377181,0.0225360089295809,0.708248033976916,0.016607890047648,0.675196010290363,0.0141229875780514,0.689015677344725,0.0133835655089491,0.685379428558353,0.0132796065864547
