"beta","beta_sd","omega","omega_sd","rho","rho_sd","conv_code","tau1","tau1_sd","tau2","tau2_sd","tau3","tau3_sd","tau4","tau4_sd","tau5","tau5_sd","tau6","tau6_sd"
0.471190735200989,0.0149699400282638,0.970568534196252,0.039181944539201,-0.894221499249317,0.00409125073810762,1,-0.0212500864813664,0.0351040363259766,0.667616024780025,0.0208222568884271,0.668276566721775,0.021339584306692,0.655669295998679,0.0229643022055757,0.640285688702955,0.0251977193641642,0.644085376950842,0.0281362217769526
