"beta","beta_sd","omega","omega_sd","rho","rho_sd","conv_code","tau1","tau1_sd","tau2","tau2_sd","tau3","tau3_sd","tau4","tau4_sd","tau5","tau5_sd","tau6","tau6_sd"
3.21366200090569,0.0219115993060378,0.566491637133135,0.0169079651146234,0.901640011378926,0.00227658412883718,1,0.0323767340288169,0.0405292274486003,0.6768443132557,0.0167576726319847,0.710466839458655,0.0124794195941702,0.685141814634469,0.0109262654762053,0.703165501462416,0.0103473373807731,0.692687670608642,0.0105806411637165
