"beta","beta_sd","omega","omega_sd","rho","rho_sd","conv_code","tau1","tau1_sd","tau2","tau2_sd","tau3","tau3_sd","tau4","tau4_sd","tau5","tau5_sd","tau6","tau6_sd"
1.65602658789095,0.0381955637350865,17.2202619318306,0.457026849066815,-0.613775366839099,0.0103737192757401,1,0.0217596353244542,0.035279769426074,0.725552890393319,0.0161994992954207,0.721406303263573,0.016149135135071,0.706055858876692,0.0168101638704748,0.722525152027111,0.0177483875184049,0.703756272189317,0.0190278204297416
