"beta","beta_sd","omega","omega_sd","rho","rho_sd","conv_code","tau1","tau1_sd","tau2","tau2_sd","tau3","tau3_sd","tau4","tau4_sd","tau5","tau5_sd","tau6","tau6_sd"
3.12686063539765,0.0228258984922541,0.583066925320691,0.0120569772502352,-0.597425501352247,0.0072254415945764,1,-0.000648007114743958,0.0306996906617795,0.699357652123578,0.0170898672457849,0.707496928719978,0.0125772714742209,0.692871767826224,0.011222524147958,0.703755785925054,0.0110051976968994,0.710320346291791,0.0111019059174677
