"beta","beta_sd","omega","omega_sd","rho","rho_sd","conv_code","tau1","tau1_sd","tau2","tau2_sd","tau3","tau3_sd","tau4","tau4_sd","tau5","tau5_sd","tau6","tau6_sd"
0.994647017793577,0.00643974889436404,0.0596478708882133,0.00174980302557284,0.340255256153281,0.0143606264763185,1,-0.0212469606968451,0.0208278673659753,0.701774617458118,0.00962104094066826,0.681741577586088,0.00820437081283152,0.69113774778882,0.00942926102310326,0.677030217723258,0.0117372440482978,0.687800428836515,0.0155368101345189
