"beta","beta_sd","omega","omega_sd","rho","rho_sd","conv_code","tau1","tau1_sd","tau2","tau2_sd","tau3","tau3_sd","tau4","tau4_sd","tau5","tau5_sd","tau6","tau6_sd"
3.09686963034394,0.0389048508184741,0.0648467650229699,0.00388150865660475,-0.901303859621828,0.0027769652060107,1,-0.0332940855932352,0.0425699790348104,0.678998480591357,0.0252776166621526,0.718762013373111,0.0203626822960043,0.676366592622122,0.0182035317828565,0.701937062679866,0.0175997824753187,0.71383283041805,0.0178029139296692
