"beta","beta_sd","omega","omega_sd","rho","rho_sd","conv_code","tau1","tau1_sd","tau2","tau2_sd","tau3","tau3_sd","tau4","tau4_sd","tau5","tau5_sd","tau6","tau6_sd"
2.0062802676101,0.01138095474059,0.0640695918410664,0.00159369187190767,-0.31352714587026,0.00988579744137717,1,-0.0347849803098491,0.0256043323510019,0.721133894999645,0.0139557063596192,0.694651124662031,0.00997253416324979,0.688258449106711,0.00916763114314167,0.698711951820869,0.00954988008422375,0.686081228708484,0.0103908298200346
