"beta","beta_sd","omega","omega_sd","rho","rho_sd","conv_code","tau1","tau1_sd","tau2","tau2_sd","tau3","tau3_sd","tau4","tau4_sd","tau5","tau5_sd","tau6","tau6_sd"
2.18532523497334,0.0232183941208815,0.965115806562285,0.0243802413060837,0.00168414402298566,0.0262912027471576,1,-0.00292582797550505,0.0306083003014933,0.700735453889228,0.0159325503895304,0.658564875128475,0.0142319460553063,0.70085887920417,0.0140268137528907,0.670916597715464,0.0150745496192087,0.701120480638453,0.0158729468813784
