"beta","beta_sd","omega","omega_sd","rho","rho_sd","conv_code","tau1","tau1_sd","tau2","tau2_sd","tau3","tau3_sd","tau4","tau4_sd","tau5","tau5_sd","tau6","tau6_sd"
0.895085100630267,0.00565930744333264,0.0585346638877344,0.00286829634665679,0.901991789285994,0.00153506778423689,1,-0.0269520702841238,0.02627507803835,0.69935643596689,0.0074112751217719,0.694485610538724,0.00645482602024966,0.688930210555986,0.00686476179710198,0.685980917244369,0.00839119754954224,0.677662718610018,0.0115598821487059
