"beta","beta_sd","omega","omega_sd","rho","rho_sd","conv_code","tau1","tau1_sd","tau2","tau2_sd","tau3","tau3_sd","tau4","tau4_sd","tau5","tau5_sd","tau6","tau6_sd"
1.89648025975652,0.0128209746694091,0.980734662047888,0.0195844737500641,0.900898342644952,0.00245549068252119,1,-0.0299941619367606,0.0314549518317962,0.693700693077543,0.0106269447589019,0.697676712892393,0.00889036033675527,0.692984037338894,0.00867211085422656,0.695265186907556,0.00902201443075349,0.70149232342859,0.0099378941014106
