"beta","beta_sd","omega","omega_sd","rho","rho_sd","conv_code","tau1","tau1_sd","tau2","tau2_sd","tau3","tau3_sd","tau4","tau4_sd","tau5","tau5_sd","tau6","tau6_sd"
3.77996456056868,0.0306445931975205,1.00958673509661,0.0246551834335242,0.289817622070717,0.0282438254247076,1,0.0265528953942956,0.0388567197060458,0.679189746477291,0.0215761734896038,0.680522925470899,0.0153842080070999,0.677561803233715,0.0137114270976547,0.704876244944545,0.0131090323009142,0.68062032395671,0.0133413666251794
