"beta","beta_sd","omega","omega_sd","rho","rho_sd","conv_code","tau1","tau1_sd","tau2","tau2_sd","tau3","tau3_sd","tau4","tau4_sd","tau5","tau5_sd","tau6","tau6_sd"
2.61963652904373,0.0299851519521613,0.0578920497149837,0.00286101225823842,-0.902859252375222,0.00248153745368569,1,0.0064777485586325,0.0372702880219287,0.686791415562274,0.0223105538500017,0.715288558382237,0.0174973429076667,0.7031681757699,0.0164571273001065,0.697975984312583,0.016188924095961,0.694466970741905,0.0166586588880615
