"beta","beta_sd","omega","omega_sd","rho","rho_sd","conv_code","tau1","tau1_sd","tau2","tau2_sd","tau3","tau3_sd","tau4","tau4_sd","tau5","tau5_sd","tau6","tau6_sd"
3.20218157251532,0.0263123386044054,0.575632825042376,0.0130749451673196,-0.898754517102982,0.0020386193942747,1,0.0151998987882866,0.0329942790730294,0.669072844109487,0.0179414253989112,0.710892085902989,0.014017326263502,0.69163053508731,0.0126706074197919,0.691266997384338,0.012001312057999,0.68860653058886,0.0122657995453349
