"beta","beta_sd","omega","omega_sd","rho","rho_sd","conv_code","tau1","tau1_sd","tau2","tau2_sd","tau3","tau3_sd","tau4","tau4_sd","tau5","tau5_sd","tau6","tau6_sd"
3.58495428297363,0.0263494540702584,0.54164076484251,0.0149550961973131,0.590534394202279,0.0144650907814991,1,0.0369431309011611,0.0404960259141403,0.679553436886665,0.0215638384825104,0.680340492957937,0.015434188110513,0.710738116811406,0.0129165770412794,0.690151032119545,0.01249106414133,0.677321207767359,0.0123995330555663
