"beta","beta_sd","omega","omega_sd","rho","rho_sd","conv_code","tau1","tau1_sd","tau2","tau2_sd","tau3","tau3_sd","tau4","tau4_sd","tau5","tau5_sd","tau6","tau6_sd"
1.40837319699834,0.0362152103837853,16.2436227913125,0.423890361427196,0.902659982358499,0.00447750600799032,1,0.056840276645267,0.0449238712153712,0.700199863658145,0.0155685420608289,0.681751388420097,0.0157965923890066,0.68822427417441,0.0161712486452761,0.690272514211789,0.0168469718041819,0.689966773255864,0.0180407739352135
