"beta","beta_sd","omega","omega_sd","rho","rho_sd","conv_code","tau1","tau1_sd","tau2","tau2_sd","tau3","tau3_sd","tau4","tau4_sd","tau5","tau5_sd","tau6","tau6_sd"
1.89685828183991,0.0100708474740965,0.0599171948227859,0.00159226920334088,4.96601394923633e-05,0.0122669235273368,1,-0.0286450666497744,0.0247236102948714,0.704086365593086,0.0130749211605665,0.69096381291498,0.00933386405197494,0.696618328506171,0.00860881156992481,0.690195753657518,0.00906558730200004,0.694311968950156,0.0101027892779965
