"beta","beta_sd","omega","omega_sd","rho","rho_sd","conv_code","tau1","tau1_sd","tau2","tau2_sd","tau3","tau3_sd","tau4","tau4_sd","tau5","tau5_sd","tau6","tau6_sd"
1.70776279486942,0.0136509659827827,1.0024275977289,0.0173774852788278,-0.298511996020145,0.0115353918252164,1,0.018909640089881,0.0230994933849359,0.702325337948458,0.0106859810025471,0.700330002626816,0.00992024547180631,0.687064546710938,0.01025418271884,0.696255761526572,0.0110971211127074,0.668504448605178,0.0124020084742525
