"beta","beta_sd","omega","omega_sd","rho","rho_sd","conv_code","tau1","tau1_sd","tau2","tau2_sd","tau3","tau3_sd","tau4","tau4_sd","tau5","tau5_sd","tau6","tau6_sd"
0.596190550525793,0.00419881513413946,0.0646169275738593,0.00108732208753756,-0.308197556676014,0.00700775613568023,1,-0.0202325457117226,0.0127823981453185,0.693873875138274,0.00563538188687126,0.695188110974485,0.00593626454151046,0.691036215432436,0.00814597632668566,0.71609225017223,0.01318616658911,0.67143990719079,0.0271022659252029
