"beta","beta_sd","omega","omega_sd","rho","rho_sd","conv_code","tau1","tau1_sd","tau2","tau2_sd","tau3","tau3_sd","tau4","tau4_sd","tau5","tau5_sd","tau6","tau6_sd"
3.04920033321339,0.0197744532895557,1.0506212648325,0.019256186335115,-0.0297267030242805,0.0160493068689369,1,-0.00254150433647532,0.0269120631351882,0.72602569687188,0.0141082688615186,0.704309315569829,0.0109487085441043,0.694080213405212,0.0101464352731522,0.701879367669369,0.0100247160750466,0.713480841639049,0.0103682971524549
