"beta","beta_sd","omega","omega_sd","rho","rho_sd","conv_code","tau1","tau1_sd","tau2","tau2_sd","tau3","tau3_sd","tau4","tau4_sd","tau5","tau5_sd","tau6","tau6_sd"
3.3183519805915,0.0401205912688263,15.6190728686848,0.340311157615789,0.6416420314245,0.0183865742531763,1,0.0384537780644906,0.0304520216593151,0.694467301890904,0.0136251518733396,0.68605359335434,0.0127226561722121,0.695766713141968,0.0129794114655339,0.702683677111493,0.0133437725979643,0.702458880410378,0.014254424375027
