"beta","beta_sd","omega","omega_sd","rho","rho_sd","conv_code","tau1","tau1_sd","tau2","tau2_sd","tau3","tau3_sd","tau4","tau4_sd","tau5","tau5_sd","tau6","tau6_sd"
0.600472938511711,0.00447783191427125,0.0607247941265841,0.00137712817412329,0.319541195648214,0.0115999543102312,1,-0.00382895669135831,0.0157836252947188,0.6982852659044,0.00605171513329138,0.675827893395404,0.00648999622857423,0.698942161892492,0.00911820501839291,0.679793245166668,0.0147772142231389,0.688229336614152,0.0304736558431999
