"beta","beta_sd","omega","omega_sd","rho","rho_sd","conv_code","tau1","tau1_sd","tau2","tau2_sd","tau3","tau3_sd","tau4","tau4_sd","tau5","tau5_sd","tau6","tau6_sd"
2.61484012084881,0.0471221636990491,16.8122890035799,0.490225235654211,-0.899852727303231,0.00295288892339761,1,0.0897679773175385,0.0466607057048875,0.684307957148585,0.018604133822764,0.700146815837977,0.0182602718127325,0.693091045353656,0.0183525853068313,0.699315644927718,0.0188118018967165,0.688835501054579,0.0201815211474084
