"beta","beta_sd","omega","omega_sd","rho","rho_sd","conv_code","tau1","tau1_sd","tau2","tau2_sd","tau3","tau3_sd","tau4","tau4_sd","tau5","tau5_sd","tau6","tau6_sd"
3.25555556996699,0.0398525531300183,15.7488426532914,0.34078623945131,0.60113988604023,0.021841548584127,1,0.0470677079776422,0.0305554835765341,0.704728828988875,0.0132709439012025,0.687369401460345,0.0127836155785942,0.704356755782571,0.0130672495876887,0.687976478607469,0.01370257802594,0.688974427611962,0.0144104624074654
