"beta","beta_sd","omega","omega_sd","rho","rho_sd","conv_code","tau1","tau1_sd","tau2","tau2_sd","tau3","tau3_sd","tau4","tau4_sd","tau5","tau5_sd","tau6","tau6_sd"
0.111110556901613,0.01146081408199,1.0182010813674,0.0237802252120361,0.595813979672158,0.0221200800727732,1,0.0265887936785168,0.0294739372442216,0.695691281931611,0.0105835895601066,0.696676263561715,0.0125635215309867,0.682104663292963,0.0163595825921824,0.701625091356743,0.0200822913934027,0.684724759474525,0.0253189485726602
