"beta","beta_sd","omega","omega_sd","rho","rho_sd","conv_code","tau1","tau1_sd","tau2","tau2_sd","tau3","tau3_sd","tau4","tau4_sd","tau5","tau5_sd","tau6","tau6_sd"
3.75393587441132,0.045466231455148,15.612780171813,0.359593498167574,-0.288687073102752,0.0160162508960775,1,0.0134976397357618,0.0291401447540463,0.678036099426034,0.0144501441888128,0.667437762080079,0.0139749821628771,0.687700744877795,0.0139400304741142,0.681841444516751,0.0143640771992806,0.691049998704542,0.0150724938059245
