"beta","beta_sd","omega","omega_sd","rho","rho_sd","conv_code","tau1","tau1_sd","tau2","tau2_sd","tau3","tau3_sd","tau4","tau4_sd","tau5","tau5_sd","tau6","tau6_sd"
3.1536842096671,0.0249380027507926,1.03929547023057,0.0222394396861936,-0.00169846401952997,0.0208155486547983,1,0.0407569798032197,0.0311695127245413,0.705232375985915,0.0170688238066935,0.692610863949098,0.0133705460846694,0.697985979560213,0.012124215718654,0.718154441028313,0.0120062481744347,0.70692634227277,0.0123591710128378
