"beta","beta_sd","omega","omega_sd","rho","rho_sd","conv_code","tau1","tau1_sd","tau2","tau2_sd","tau3","tau3_sd","tau4","tau4_sd","tau5","tau5_sd","tau6","tau6_sd"
2.81010342315387,0.0588987932974739,0.992709506815461,0.0442466083257107,-0.899633427794519,0.004301436175998,1,0.0397205139112411,0.044480881338461,0.683689469423939,0.027178590489243,0.709747099119484,0.0250313067048662,0.68663547305591,0.0242039213566376,0.688661233715686,0.024382760646815,0.69096964175294,0.0248646659095882
