"beta","beta_sd","omega","omega_sd","rho","rho_sd","conv_code","tau1","tau1_sd","tau2","tau2_sd","tau3","tau3_sd","tau4","tau4_sd","tau5","tau5_sd","tau6","tau6_sd"
1.60168515274018,0.0131657348710631,1.01568482628122,0.0173751890222375,-0.307857902362225,0.011430406783979,1,-0.0246795073179215,0.0228286116794677,0.712867252670712,0.0104256026545535,0.703746491591199,0.00966470533612319,0.703710770600926,0.0101403547279316,0.684839910745227,0.0112140459020385,0.691695957662539,0.012513955503352
