"beta","beta_sd","omega","omega_sd","rho","rho_sd","conv_code","tau1","tau1_sd","tau2","tau2_sd","tau3","tau3_sd","tau4","tau4_sd","tau5","tau5_sd","tau6","tau6_sd"
0.601680265852419,0.037613351888431,16.1711610103145,0.721804089681475,-0.615351874387146,0.0176798725879801,1,-0.0619714845205872,0.0460187236677635,0.709239359253619,0.0249944323544243,0.699939312048116,0.0259776301494424,0.685732304907163,0.0276720627890612,0.69595506814997,0.029170625402747,0.638456374251665,0.0308436759448086
