"beta","beta_sd","omega","omega_sd","rho","rho_sd","conv_code","tau1","tau1_sd","tau2","tau2_sd","tau3","tau3_sd","tau4","tau4_sd","tau5","tau5_sd","tau6","tau6_sd"
0.196346794269337,0.0108695756947909,1.00977686703095,0.0182942408117077,-0.900707166495126,0.0016558823408867,1,0.00797668354956645,0.0266338745155476,0.689054466300691,0.00912420765963809,0.702728475102417,0.00968395171720918,0.688882717979949,0.0115804762624093,0.671774629296913,0.0145695047878653,0.703668022019484,0.0183094951926184
