"beta","beta_sd","omega","omega_sd","rho","rho_sd","conv_code","tau1","tau1_sd","tau2","tau2_sd","tau3","tau3_sd","tau4","tau4_sd","tau5","tau5_sd","tau6","tau6_sd"
1.85305188756206,0.0358791803346389,15.6051555385995,0.380650048005568,0.292152675375263,0.0343613092462967,1,0.0659312363849926,0.0310062442479816,0.665157829830495,0.0143092442552759,0.710996291140408,0.0146511330469681,0.657216403075985,0.0158723217726348,0.67951954520662,0.0165167323202477,0.659098129847147,0.0178943319920259
