"beta","beta_sd","omega","omega_sd","rho","rho_sd","conv_code","tau1","tau1_sd","tau2","tau2_sd","tau3","tau3_sd","tau4","tau4_sd","tau5","tau5_sd","tau6","tau6_sd"
0.974237107732988,0.0345330858061066,16.4207007589794,0.391152408774815,0.628183138007068,0.0245597533844815,1,0.0179845751134004,0.033419721939668,0.695996536008449,0.0138772468862086,0.685922409628372,0.0146738921579661,0.684296996753999,0.0152616604352783,0.696896377677785,0.0161075255732377,0.711419712089679,0.0176982449820589
