"beta","beta_sd","omega","omega_sd","rho","rho_sd","conv_code","tau1","tau1_sd","tau2","tau2_sd","tau3","tau3_sd","tau4","tau4_sd","tau5","tau5_sd","tau6","tau6_sd"
3.033518152546,0.0376871336537716,0.0662522740908141,0.00377280120308563,-0.899119703369196,0.00279478358033485,2,-0.0634528190442733,0.0427206113450562,0.739014576185306,0.0243544430812944,0.712690287721891,0.0197467049896518,0.711511510752514,0.0176674753054324,0.695657791830995,0.017610887085068,0.707760470682159,0.0179482842324652
