"beta","beta_sd","omega","omega_sd","rho","rho_sd","conv_code","tau1","tau1_sd","tau2","tau2_sd","tau3","tau3_sd","tau4","tau4_sd","tau5","tau5_sd","tau6","tau6_sd"
2.50530350700549,0.0161307538065398,0.0654836058833277,0.00553735152578501,0.899208721564349,0.00187763235212477,1,-0.0113178463665226,0.0372425461383047,0.68966262129646,0.0157112388940412,0.717413797436522,0.0119067102028404,0.705234587188053,0.0104981266762018,0.677741168888889,0.01036066825881,0.703863077619086,0.0105391062819657
