"beta","beta_sd","omega","omega_sd","rho","rho_sd","conv_code","tau1","tau1_sd","tau2","tau2_sd","tau3","tau3_sd","tau4","tau4_sd","tau5","tau5_sd","tau6","tau6_sd"
2.46879962282948,0.0409619941358337,15.9863854132184,0.403096945772525,-0.901813719674461,0.00242831874643292,1,0.0136547476876135,0.0403498293265084,0.698546563997551,0.0156661899223044,0.684925379948436,0.0152784678692829,0.681550952412122,0.0154407940027765,0.706739318155408,0.0157215494725016,0.677397675991384,0.0170037477772261
