"beta","beta_sd","omega","omega_sd","rho","rho_sd","conv_code","tau1","tau1_sd","tau2","tau2_sd","tau3","tau3_sd","tau4","tau4_sd","tau5","tau5_sd","tau6","tau6_sd"
0.201491516635671,0.00991336368721767,1.01325998494212,0.0172898334749496,-0.607917142385791,0.00566891773486369,1,-0.00969475445622164,0.0208959019972154,0.695871832045435,0.00802515439842997,0.680902691681431,0.00918228874862297,0.714646856915118,0.0113255318189829,0.709488184627746,0.0141971664639252,0.720240340230904,0.0180062111503335
