"beta","beta_sd","omega","omega_sd","rho","rho_sd","conv_code","tau1","tau1_sd","tau2","tau2_sd","tau3","tau3_sd","tau4","tau4_sd","tau5","tau5_sd","tau6","tau6_sd"
0.0966720162842579,0.0132653055073175,1.02287021468114,0.0440220281110077,-0.901960697098007,0.00405334653225404,1,-0.00333834963878513,0.0368244753097177,0.700743341095384,0.0219538643868821,0.70837561777185,0.0229135576542066,0.708232263277468,0.0250877266429297,0.729513178284131,0.0283650155128662,0.721397243766733,0.0328823625549354
