"beta","beta_sd","omega","omega_sd","rho","rho_sd","conv_code","tau1","tau1_sd","tau2","tau2_sd","tau3","tau3_sd","tau4","tau4_sd","tau5","tau5_sd","tau6","tau6_sd"
0.0898848461768931,0.0351375029648605,15.1356560342348,0.579333855552754,-0.248236180703839,0.0320903889252085,1,0.0137955601566339,0.0394315665922506,0.642100537411897,0.0220537123735293,0.677229768427286,0.0233645098825256,0.66922636705042,0.0239354337607133,0.651269239325144,0.0266721201087569,0.64022611559482,0.0281645819019107
