"beta","beta_sd","omega","omega_sd","rho","rho_sd","conv_code","tau1","tau1_sd","tau2","tau2_sd","tau3","tau3_sd","tau4","tau4_sd","tau5","tau5_sd","tau6","tau6_sd"
4.01256808034488,0.0303692974729917,0.066987831893685,0.00781020284083678,0.605679233605777,0.01084539802447,1,0.00357438111734636,0.042425446167499,0.705153033508164,0.0236289025834571,0.676026437510171,0.0180705754394677,0.714293597760605,0.0144281469904165,0.692151803522494,0.0133397001394597,0.695373888432032,0.0128805130267655
