"beta","beta_sd","omega","omega_sd","rho","rho_sd","conv_code","tau1","tau1_sd","tau2","tau2_sd","tau3","tau3_sd","tau4","tau4_sd","tau5","tau5_sd","tau6","tau6_sd"
1.6971068410377,0.00836130052595939,0.0624337835443262,0.00123183895609603,-0.602414250678256,0.00482985155996796,1,-0.0158074364981758,0.0196487741062474,0.694292003227246,0.0109194797020593,0.702762088005366,0.00803278374554807,0.692202120273953,0.00769352070782619,0.681754906586733,0.00827014623859916,0.695728893157743,0.00894656768328601
