"beta","beta_sd","omega","omega_sd","rho","rho_sd","conv_code","tau1","tau1_sd","tau2","tau2_sd","tau3","tau3_sd","tau4","tau4_sd","tau5","tau5_sd","tau6","tau6_sd"
1.74309598218409,0.0356826230436544,16.1667103473052,0.377448350046685,-0.606950749993294,0.00834655472733761,1,-0.0186189638678318,0.0300282645437993,0.695405620814243,0.0137309260387473,0.690339870107802,0.0136256577141517,0.690901697132579,0.0141833410440853,0.703430780620639,0.0148778492332774,0.694258550647532,0.0159468044658191
