"beta","beta_sd","omega","omega_sd","rho","rho_sd","conv_code","tau1","tau1_sd","tau2","tau2_sd","tau3","tau3_sd","tau4","tau4_sd","tau5","tau5_sd","tau6","tau6_sd"
0.700923148591301,0.0101235969195802,0.999190348871361,0.0189488431172167,0.893696933078403,0.00296193039097309,1,0.0293644892185409,0.0291797682467637,0.691773124289366,0.00820405433479845,0.682591065250138,0.00811770887473908,0.697913132832632,0.00884977599166947,0.698864344825936,0.010626725692365,0.692930242746648,0.0132248893037471
