"beta","beta_sd","omega","omega_sd","rho","rho_sd","conv_code","tau1","tau1_sd","tau2","tau2_sd","tau3","tau3_sd","tau4","tau4_sd","tau5","tau5_sd","tau6","tau6_sd"
3.81735909898041,0.0755092546777097,16.106411970816,0.626640572782211,-0.302691822672201,0.0308368442739015,1,-0.0609286019646544,0.0420245770070538,0.693889201935464,0.0232588908314561,0.727549547168913,0.0237215516963342,0.68048760490589,0.0244342205928415,0.711018885503003,0.0243665733664136,0.71625684366717,0.0259596871714858
