"beta","beta_sd","omega","omega_sd","rho","rho_sd","conv_code","tau1","tau1_sd","tau2","tau2_sd","tau3","tau3_sd","tau4","tau4_sd","tau5","tau5_sd","tau6","tau6_sd"
2.73243737693049,0.015363499581859,0.0636908847665228,0.00291979946577011,0.312596468464634,0.0144967268630199,1,-0.00570511385026331,0.033082811571036,0.701339756100697,0.0180210974049399,0.714219623770169,0.0119709133294419,0.69463610417196,0.0102326083992206,0.703043901857132,0.0100087545647061,0.697225772115153,0.0103607592028722
