"beta","beta_sd","omega","omega_sd","rho","rho_sd","conv_code","tau1","tau1_sd","tau2","tau2_sd","tau3","tau3_sd","tau4","tau4_sd","tau5","tau5_sd","tau6","tau6_sd"
2.6415136860073,0.0140398571294113,0.0650610228131853,0.00182249624620957,-0.301566195725985,0.00965240955064022,1,-0.00558303488227698,0.0272487818591896,0.715487536263636,0.0150541049157413,0.710728590865515,0.0103678813297536,0.70519439706246,0.00923776361572976,0.700900877922016,0.0089633589089109,0.715835417487557,0.00914033484552451
