"beta","beta_sd","omega","omega_sd","rho","rho_sd","conv_code","tau1","tau1_sd","tau2","tau2_sd","tau3","tau3_sd","tau4","tau4_sd","tau5","tau5_sd","tau6","tau6_sd"
0.718530364971402,0.0346388284528139,16.2787432786997,0.393379496729426,0.897576397000144,0.00416632047662469,1,0.012105269304032,0.0401336156760209,0.703577691065335,0.0135193339533585,0.713568923869177,0.0132619054693129,0.70517052009581,0.0138093703852707,0.67133365592718,0.0151296589634107,0.701429127702592,0.0160667619038209
