"beta","beta_sd","omega","omega_sd","rho","rho_sd","conv_code","tau1","tau1_sd","tau2","tau2_sd","tau3","tau3_sd","tau4","tau4_sd","tau5","tau5_sd","tau6","tau6_sd"
3.39223630001052,0.0207854817901202,0.53328977326791,0.0128067018929744,0.6138464359676,0.0120352374299609,1,0.00731668767239961,0.0339843311272531,0.685378023528811,0.0179644969482632,0.697604657424917,0.01265574825505,0.686258048264574,0.0107434597021111,0.705029858251581,0.0101221935769673,0.685710118661614,0.0104467970824541
