"beta","beta_sd","omega","omega_sd","rho","rho_sd","conv_code","tau1","tau1_sd","tau2","tau2_sd","tau3","tau3_sd","tau4","tau4_sd","tau5","tau5_sd","tau6","tau6_sd"
3.79446083859002,0.0477875722711481,16.3660802540397,0.388638533345495,-0.614447002412677,0.0086038120605865,1,-0.0452323977765133,0.0315279433826782,0.701042568897193,0.0147247304655569,0.706905513764219,0.0143341648057464,0.692695770290334,0.0146386307625397,0.709609147174591,0.0150460983900121,0.696715067760144,0.015762219370807
