"beta","beta_sd","omega","omega_sd","rho","rho_sd","conv_code","tau1","tau1_sd","tau2","tau2_sd","tau3","tau3_sd","tau4","tau4_sd","tau5","tau5_sd","tau6","tau6_sd"
1.59497216368929,0.0317107702176964,1.00070140192003,0.0404151545964973,-0.899325470146881,0.00389993642187294,1,-0.0541494303818331,0.0368431215112413,0.705615152067998,0.0219923168710928,0.696359373759955,0.0213799614551937,0.69539328592134,0.0219971316507135,0.70289687630538,0.0227003716076798,0.708723467143353,0.023573407837167
