"beta","beta_sd","omega","omega_sd","rho","rho_sd","conv_code","tau1","tau1_sd","tau2","tau2_sd","tau3","tau3_sd","tau4","tau4_sd","tau5","tau5_sd","tau6","tau6_sd"
0.802525516053338,0.00455032653580478,0.0616308545315712,0.00104444343863937,-0.284668185306,0.00715623381466555,1,0.0415732537881723,0.0134592328792546,0.681767903659955,0.00632667343059428,0.688496950744242,0.00590211669972802,0.692455009692025,0.00712311986150411,0.689995227678756,0.00957195082651791,0.703496033146767,0.0156033937767636
