"beta","beta_sd","omega","omega_sd","rho","rho_sd","conv_code","tau1","tau1_sd","tau2","tau2_sd","tau3","tau3_sd","tau4","tau4_sd","tau5","tau5_sd","tau6","tau6_sd"
3.01424223100754,0.0180751510201965,0.99188206207155,0.0181365977842098,0.328507783371359,0.019394824264323,1,0.00881845642569057,0.0285556382831715,0.710735864274241,0.0145967662077225,0.695919233617795,0.0107314389061578,0.696612910579161,0.00971142412358506,0.70869599983847,0.00946867504761487,0.685113986237578,0.0100066655063972
