"beta","beta_sd","omega","omega_sd","rho","rho_sd","conv_code","tau1","tau1_sd","tau2","tau2_sd","tau3","tau3_sd","tau4","tau4_sd","tau5","tau5_sd","tau6","tau6_sd"
3.1861727102512,0.0329330051107515,0.0603699279820885,0.00354193342993144,-0.595389925159029,0.0107374859483706,1,0.00804331217898783,0.0452744226268503,0.67446476550323,0.0265013844223909,0.700402394221119,0.0192292347456205,0.691532989673862,0.0162350759224481,0.677100449339646,0.0158723681319794,0.684216926572379,0.0159772623528258
