"beta","beta_sd","omega","omega_sd","rho","rho_sd","conv_code","tau1","tau1_sd","tau2","tau2_sd","tau3","tau3_sd","tau4","tau4_sd","tau5","tau5_sd","tau6","tau6_sd"
3.6912337722076,0.0262672108097288,0.244745758506525,0.0132052951699987,0.902063350772257,0.00212281357982761,1,0.014992909652511,0.0424238775314184,0.678194383715118,0.0188015223345905,0.669791198408577,0.0146387603805515,0.702644700830564,0.0122072914327686,0.716288843624829,0.011307403000165,0.683966176123299,0.0112522348325702
