"beta","beta_sd","omega","omega_sd","rho","rho_sd","conv_code","tau1","tau1_sd","tau2","tau2_sd","tau3","tau3_sd","tau4","tau4_sd","tau5","tau5_sd","tau6","tau6_sd"
0.995111413487138,0.0168653036873339,0.97320218699274,0.0298015159463207,0.367405023651288,0.0396027114296466,1,0.0125779048141371,0.0364152322777965,0.693387613715223,0.0150422909518321,0.668448239512392,0.0163669833278071,0.698069835872037,0.0182295342599015,0.69198396618445,0.0213980524652765,0.645357276979334,0.0249800466168597
