"beta","beta_sd","omega","omega_sd","rho","rho_sd","conv_code","tau1","tau1_sd","tau2","tau2_sd","tau3","tau3_sd","tau4","tau4_sd","tau5","tau5_sd","tau6","tau6_sd"
2.78956429366435,0.0160974441129135,0.0564964400527423,0.00558936502169016,0.898662388646186,0.00177093520113779,1,0.0150582291226735,0.0356706935736636,0.695155129844186,0.0150764854239614,0.680720776801092,0.011626160293723,0.693107437118281,0.00990396229234079,0.697361185151003,0.00938722820249042,0.689434869630712,0.00957426353683681
