"beta","beta_sd","omega","omega_sd","rho","rho_sd","conv_code","tau1","tau1_sd","tau2","tau2_sd","tau3","tau3_sd","tau4","tau4_sd","tau5","tau5_sd","tau6","tau6_sd"
1.68989666641966,0.0348987177202458,15.2641437915254,0.366025861723029,-0.0248068968995432,0.0245198962016756,1,-0.0200873831410372,0.0297523943618076,0.691925976392074,0.0143426998607053,0.686413410924697,0.0148101696298042,0.697877486008015,0.0154950504040719,0.704255470927507,0.0161965492765751,0.67713028347138,0.0174566341227099
