"beta","beta_sd","omega","omega_sd","rho","rho_sd","conv_code","tau1","tau1_sd","tau2","tau2_sd","tau3","tau3_sd","tau4","tau4_sd","tau5","tau5_sd","tau6","tau6_sd"
3.50539809626134,0.0438391650262706,16.1975805609592,0.370401162484998,-0.313405020334033,0.0152951548616466,1,-0.0384425119198292,0.0278632743445662,0.698069871828777,0.0137392550168787,0.698847131032066,0.0139002555880942,0.69509873215751,0.0141965448126516,0.723054133566295,0.0142875324931337,0.70684036769778,0.0149387865768057
