"beta","beta_sd","omega","omega_sd","rho","rho_sd","conv_code","tau1","tau1_sd","tau2","tau2_sd","tau3","tau3_sd","tau4","tau4_sd","tau5","tau5_sd","tau6","tau6_sd"
1.00189606041008,0.0146040027370997,0.974466129733519,0.0259475025904407,0.901356509991125,0.00372722457867096,1,-0.0691595049325168,0.0416282516833363,0.701159751288828,0.0119646461586904,0.680693880960221,0.0114841174311158,0.709098410533789,0.0120347426129554,0.694674629163893,0.0138773249588602,0.692247797806498,0.0168632201879212
