"beta","beta_sd","omega","omega_sd","rho","rho_sd","conv_code","tau1","tau1_sd","tau2","tau2_sd","tau3","tau3_sd","tau4","tau4_sd","tau5","tau5_sd","tau6","tau6_sd"
2.2111809229212,0.0104453630622942,0.0665151202255029,0.001642837213534,-0.0219719376887514,0.0108556039746308,1,0.0348051849411416,0.0242657276900157,0.676774261803381,0.0134456886961401,0.688417220804572,0.00904802784240357,0.713347335035193,0.00797617754884484,0.687319829739744,0.00808877130091296,0.709622888326767,0.00860219478009568
