"beta","beta_sd","omega","omega_sd","rho","rho_sd","conv_code","tau1","tau1_sd","tau2","tau2_sd","tau3","tau3_sd","tau4","tau4_sd","tau5","tau5_sd","tau6","tau6_sd"
0.301940203795338,0.03555978334883,15.8480920732436,0.474955399281795,-0.898787710872847,0.00304278643981462,1,0.0269814148596802,0.0465079054797395,0.669357435718423,0.0178686047934314,0.696115623925049,0.018121635340651,0.68221265149385,0.0190521132263885,0.703394085204097,0.0199037157753488,0.7037530773332,0.0214525318976532
