"beta","beta_sd","omega","omega_sd","rho","rho_sd","conv_code","tau1","tau1_sd","tau2","tau2_sd","tau3","tau3_sd","tau4","tau4_sd","tau5","tau5_sd","tau6","tau6_sd"
1.00546800805843,0.00792333736737136,0.0666156720798285,0.003456059021862,0.892450149916863,0.00209508968753974,1,0.00125948872250374,0.0303045472330578,0.690118022383456,0.011193020410659,0.675697130965131,0.00985050298927719,0.704353556555421,0.00975756252365161,0.693126966635372,0.0112904582079109,0.692776153994963,0.0148706850414637
