"beta","beta_sd","omega","omega_sd","rho","rho_sd","conv_code","tau1","tau1_sd","tau2","tau2_sd","tau3","tau3_sd","tau4","tau4_sd","tau5","tau5_sd","tau6","tau6_sd"
3.84094986741226,0.0362557031958512,0.536529733535372,0.0147345341806568,-0.893923613720182,0.00244382491580397,1,0.00762030772136047,0.0379675165351566,0.656846958543739,0.0216845695613877,0.683986555075611,0.0168671372676568,0.661745181974133,0.0148882213997041,0.698969375423285,0.0137114663442148,0.680040291244144,0.0135940449604459
