"beta","beta_sd","omega","omega_sd","rho","rho_sd","conv_code","tau1","tau1_sd","tau2","tau2_sd","tau3","tau3_sd","tau4","tau4_sd","tau5","tau5_sd","tau6","tau6_sd"
3.0479990212508,0.0355876396926883,1.03449298439055,0.0300580387149196,-0.0389274024108891,0.0297261210243055,1,-0.0142893309104397,0.0392926675854499,0.722585063041123,0.0214433529783781,0.695239785575201,0.0173247614309591,0.706139400707228,0.016131157290929,0.696472480136099,0.0165859283416391,0.731037211422077,0.0169070796283716
