"beta","beta_sd","omega","omega_sd","rho","rho_sd","conv_code","tau1","tau1_sd","tau2","tau2_sd","tau3","tau3_sd","tau4","tau4_sd","tau5","tau5_sd","tau6","tau6_sd"
0.140191494935609,0.034799210524524,15.6166408682963,0.399515384015854,-0.898052270696861,0.00248572652151812,1,-0.0108917784199557,0.0401351837948063,0.676777629733863,0.0150535421508932,0.691458823727194,0.0148999953888193,0.675139063599943,0.0156342750719386,0.701497959134467,0.016802009935478,0.705436712585946,0.0181940425991337
