"beta","beta_sd","omega","omega_sd","rho","rho_sd","conv_code","tau1","tau1_sd","tau2","tau2_sd","tau3","tau3_sd","tau4","tau4_sd","tau5","tau5_sd","tau6","tau6_sd"
1.387512712099,0.00927247849147611,0.0618960897927133,0.00180421030809291,0.00673979878614868,0.0161451213023253,1,-0.0401553896934247,0.0243642524229531,0.706988429272309,0.0125304843094463,0.692602568095023,0.00956383509549729,0.672219728137497,0.0101228755498096,0.678673872488245,0.0113466924383302,0.68155283185284,0.0131054886237193
