"beta","beta_sd","omega","omega_sd","rho","rho_sd","conv_code","tau1","tau1_sd","tau2","tau2_sd","tau3","tau3_sd","tau4","tau4_sd","tau5","tau5_sd","tau6","tau6_sd"
0.598397168947948,0.00676089273242293,0.0618831006997056,0.0034918586254358,0.900873788356349,0.00199746901366716,1,0.00942421763910065,0.0303750330081415,0.701054512557676,0.00943785554496292,0.695197892406484,0.00920992277910373,0.68786034669955,0.0111995665711693,0.69731508098471,0.0150789290057844,0.691727005772889,0.0251859914274006
