"beta","beta_sd","omega","omega_sd","rho","rho_sd","conv_code","tau1","tau1_sd","tau2","tau2_sd","tau3","tau3_sd","tau4","tau4_sd","tau5","tau5_sd","tau6","tau6_sd"
0.990457053394852,0.033274472650288,15.667858324314,0.356732840400813,-0.297794940636671,0.0150248996048809,1,0.022960067852886,0.0266998133856928,0.680673969856229,0.0128383955890177,0.704070544499006,0.0129250499609289,0.683826334059557,0.0139090397911995,0.680351292242334,0.014699813527522,0.70689726324406,0.0159293582181814
