"beta","beta_sd","omega","omega_sd","rho","rho_sd","conv_code","tau1","tau1_sd","tau2","tau2_sd","tau3","tau3_sd","tau4","tau4_sd","tau5","tau5_sd","tau6","tau6_sd"
1.70513905907975,0.00979568095517786,0.0712468875408523,0.00391629662748536,0.897519144947287,0.00175838776152131,1,0.0347595113827414,0.0314218730967865,0.690615847321979,0.0117851192181043,0.698621185450254,0.00936345351694947,0.680491915782952,0.00879095464442831,0.690303635165672,0.00891032619662474,0.697270085032989,0.00974871441766468
