"beta","beta_sd","omega","omega_sd","rho","rho_sd","conv_code","tau1","tau1_sd","tau2","tau2_sd","tau3","tau3_sd","tau4","tau4_sd","tau5","tau5_sd","tau6","tau6_sd"
2.98687187174461,0.0302660659474172,1.00451088223004,0.0242790390732655,-0.898675219372162,0.002367400587972,1,0.00364965687282875,0.0366594049757354,0.690123487779699,0.0188797161142544,0.686468953915964,0.0155091901563949,0.695235410167106,0.014216251513467,0.683154929587495,0.014083150019506,0.681767540680855,0.0142165468770569
