"beta","beta_sd","omega","omega_sd","rho","rho_sd","conv_code","tau1","tau1_sd","tau2","tau2_sd","tau3","tau3_sd","tau4","tau4_sd","tau5","tau5_sd","tau6","tau6_sd"
1.79869400596948,0.00894020506471904,0.0583676681616933,0.00208060035041556,0.595391114333257,0.0078855552572151,1,0.00434197756836112,0.0259825466771807,0.690517506307843,0.0125422374611894,0.687381105261925,0.00909664387266596,0.687182267105906,0.00825267048898506,0.707739436220422,0.00854401059179804,0.689442935808908,0.00971270095881335
