"beta","beta_sd","omega","omega_sd","rho","rho_sd","conv_code","tau1","tau1_sd","tau2","tau2_sd","tau3","tau3_sd","tau4","tau4_sd","tau5","tau5_sd","tau6","tau6_sd"
0.495614258731944,0.0106315799114617,0.974904497659537,0.0167761584759352,-0.900255844686769,0.00157745179346284,1,-0.0274995147525593,0.0255911863806401,0.694649316769903,0.00899964836503778,0.685555938111412,0.00920063120606844,0.700800950960146,0.010522978020277,0.678780015988957,0.0128925254522566,0.651523271012927,0.015830339410789
