"beta","beta_sd","omega","omega_sd","rho","rho_sd","conv_code","tau1","tau1_sd","tau2","tau2_sd","tau3","tau3_sd","tau4","tau4_sd","tau5","tau5_sd","tau6","tau6_sd"
3.4928798919824,0.0409220427391383,15.4302592501153,0.33227453191761,0.293869711817045,0.0246238619674137,1,-0.0562292148924775,0.0278270969780063,0.709906314039323,0.0126935592108411,0.665492819183409,0.0130074259409837,0.689927722573983,0.0130556742758063,0.660751194725453,0.0137222100017673,0.685341872338264,0.0141521381873876
