"beta","beta_sd","omega","omega_sd","rho","rho_sd","conv_code","tau1","tau1_sd","tau2","tau2_sd","tau3","tau3_sd","tau4","tau4_sd","tau5","tau5_sd","tau6","tau6_sd"
1.9748989611951,0.0424552046239118,15.8441524309231,0.490164927722874,0.90282591149202,0.0057587618988193,1,-0.000684157808902756,0.0546322610718235,0.689579348211802,0.021047219245563,0.693707093417073,0.0200439674088373,0.72236695706802,0.020044138011441,0.669902512931848,0.0206854005562253,0.701657455440192,0.021743089751874
