"beta","beta_sd","omega","omega_sd","rho","rho_sd","conv_code","tau1","tau1_sd","tau2","tau2_sd","tau3","tau3_sd","tau4","tau4_sd","tau5","tau5_sd","tau6","tau6_sd"
0.717894807538254,0.0103299536973286,1.00032299602559,0.0170624567672106,-0.314165449648232,0.0111344571912636,1,0.0393542988544891,0.0213231153302929,0.693266949221628,0.00885434976428192,0.707697696174995,0.00968044177884409,0.704217038130058,0.0111323639788839,0.692674658524789,0.0133153530929096,0.710232064311514,0.0160292156552945
