"beta","beta_sd","omega","omega_sd","rho","rho_sd","conv_code","tau1","tau1_sd","tau2","tau2_sd","tau3","tau3_sd","tau4","tau4_sd","tau5","tau5_sd","tau6","tau6_sd"
0.413271891356457,0.0351660808621201,15.3580029521592,0.45676955496858,-0.897775889565332,0.00299030950008888,1,0.0387060006253192,0.0466544786194561,0.682449917907204,0.0177959520591869,0.663617329882321,0.0179108983595882,0.689618455766779,0.0189939156600675,0.67877812782812,0.0198148943287531,0.653169972443008,0.022033474686689
