"beta","beta_sd","omega","omega_sd","rho","rho_sd","conv_code","tau1","tau1_sd","tau2","tau2_sd","tau3","tau3_sd","tau4","tau4_sd","tau5","tau5_sd","tau6","tau6_sd"
3.75713641603258,0.0507101323237703,15.8628883499981,0.421828253297907,0.89814816848478,0.00486313472924116,1,0.0653526546108843,0.0471453429648478,0.677006349962838,0.0178803860386922,0.685939347228395,0.0167331565355198,0.68901979763917,0.0160005058877331,0.691420852438603,0.0165838716878404,0.688534046531854,0.0176810061508519
