"beta","beta_sd","omega","omega_sd","rho","rho_sd","conv_code","tau1","tau1_sd","tau2","tau2_sd","tau3","tau3_sd","tau4","tau4_sd","tau5","tau5_sd","tau6","tau6_sd"
2.73194341843698,0.0156137843481556,0.0736374360452325,0.00590695862806635,0.900202721934692,0.00176255694012527,1,0.0566696163013321,0.0353832825911851,0.67658652594946,0.0150604375041815,0.704343947859163,0.0112545803547737,0.69519016860622,0.00972908120632701,0.704968745275718,0.00924144233374899,0.698852828775715,0.00933416344692658
