"beta","beta_sd","omega","omega_sd","rho","rho_sd","conv_code","tau1","tau1_sd","tau2","tau2_sd","tau3","tau3_sd","tau4","tau4_sd","tau5","tau5_sd","tau6","tau6_sd"
2.49689987646133,0.0162553634377691,0.992319110536719,0.0170498638141079,-0.29418629347212,0.0109747805914339,1,-0.000294866318887493,0.0238819247528802,0.680544007876099,0.0124091865859314,0.693091384707512,0.00986887854193633,0.697185507867707,0.00938961258897583,0.685037466318911,0.00962881713756832,0.686865802054022,0.0102301588836405
