"beta","beta_sd","omega","omega_sd","rho","rho_sd","conv_code","tau1","tau1_sd","tau2","tau2_sd","tau3","tau3_sd","tau4","tau4_sd","tau5","tau5_sd","tau6","tau6_sd"
1.00735557054202,0.0187213708110571,0.977660135749584,0.0319379646543529,-0.0607653716058619,0.0313771715780882,1,0.0396243445975335,0.0367629555494483,0.669806228163277,0.0172699401188781,0.705810577592975,0.0176052791227334,0.673854094129486,0.0201985010046997,0.668754811254809,0.0225988267225495,0.71475234375515,0.0262436561920678
