"beta","beta_sd","omega","omega_sd","rho","rho_sd","conv_code","tau1","tau1_sd","tau2","tau2_sd","tau3","tau3_sd","tau4","tau4_sd","tau5","tau5_sd","tau6","tau6_sd"
0.599388283154124,0.00737923594887842,0.0605841564516801,0.00180983147578564,-0.901108293649655,0.00227311215630126,1,-0.0139390438755939,0.0191341964246051,0.699933751856837,0.0126299658575029,0.697345573861106,0.0127436427174879,0.693226238928566,0.0144952483785375,0.666320525311709,0.0188145080871269,0.723262221724742,0.0279308959365305
