"beta","beta_sd","omega","omega_sd","rho","rho_sd","conv_code","tau1","tau1_sd","tau2","tau2_sd","tau3","tau3_sd","tau4","tau4_sd","tau5","tau5_sd","tau6","tau6_sd"
2.95712312989222,0.0605271493668498,16.4646533233352,0.625191889110524,-0.325762391623446,0.0284696814841455,1,-0.0174264446391747,0.0414812173063836,0.700411053808849,0.0225825806306201,0.717575061806498,0.0231615366691499,0.730615817459006,0.0234636011469527,0.707779327710686,0.0245158336255528,0.716913218398654,0.0257723028058585
