"beta","beta_sd","omega","omega_sd","rho","rho_sd","conv_code","tau1","tau1_sd","tau2","tau2_sd","tau3","tau3_sd","tau4","tau4_sd","tau5","tau5_sd","tau6","tau6_sd"
0.96272605397502,0.0243409134262187,0.88608964235918,0.0405548095698487,-0.784328179125058,0.0094562031578667,1,-0.0297524008732749,0.0422630479762527,0.670540016141056,0.0241702311098844,0.646260848302616,0.024799653874387,0.661639189020121,0.0259005295529466,0.673393273458032,0.0284746039168277,0.681234736438275,0.0321178979559746
