"beta","beta_sd","omega","omega_sd","rho","rho_sd","conv_code","tau1","tau1_sd","tau2","tau2_sd","tau3","tau3_sd","tau4","tau4_sd","tau5","tau5_sd","tau6","tau6_sd"
3.25755654314701,0.0208076008316961,0.535558830732119,0.0112881072321869,0.0152386678554005,0.0174053549372885,1,0.0075850223061941,0.0306132501746544,0.670799087802028,0.0175074765411127,0.68973854866266,0.0124034640712343,0.674400201469949,0.0108209493456624,0.688416887515211,0.0103753479551793,0.687224876626127,0.0105192229714397
