"beta","beta_sd","omega","omega_sd","rho","rho_sd","conv_code","tau1","tau1_sd","tau2","tau2_sd","tau3","tau3_sd","tau4","tau4_sd","tau5","tau5_sd","tau6","tau6_sd"
0.996644697288091,0.034091223163661,15.194779196895,0.400797101752554,-0.594488472775678,0.0106365406914802,1,0.0100964624722045,0.0334766700020775,0.682211113518177,0.0155992416095175,0.665853551551817,0.016153583494875,0.687602507687443,0.0170378572805831,0.687906240664842,0.0181159310557415,0.702103576900773,0.0191118212242058
