"beta","beta_sd","omega","omega_sd","rho","rho_sd","conv_code","tau1","tau1_sd","tau2","tau2_sd","tau3","tau3_sd","tau4","tau4_sd","tau5","tau5_sd","tau6","tau6_sd"
3.60341266224447,0.0204954438425715,0.0598699464292307,0.00390825981986509,0.306042753665362,0.0151816079002598,1,-0.0160608779120159,0.033799668355764,0.70771128463015,0.0188341522628297,0.693141055231217,0.0135379387956553,0.692624816985976,0.0112308656796367,0.690395417592866,0.0104075660310641,0.69469977159078,0.0102045162525877
