"beta","beta_sd","omega","omega_sd","rho","rho_sd","conv_code","tau1","tau1_sd","tau2","tau2_sd","tau3","tau3_sd","tau4","tau4_sd","tau5","tau5_sd","tau6","tau6_sd"
0.491036216424701,0.00945148548807083,0.993650291308881,0.0161048794375451,0.608574203346068,0.0136470176541762,1,-0.0289721711783896,0.0210432590811843,0.71060894921812,0.00692585198968088,0.6738774476176,0.00787826208184314,0.68426535777813,0.00948346169910062,0.690383496650311,0.0117676790667012,0.68752512898072,0.0150082732231335
