"beta","beta_sd","omega","omega_sd","rho","rho_sd","conv_code","tau1","tau1_sd","tau2","tau2_sd","tau3","tau3_sd","tau4","tau4_sd","tau5","tau5_sd","tau6","tau6_sd"
1.20803099605119,0.00655640647501277,0.0621093969483443,0.0012120893186449,-0.299409381015781,0.00858746718203384,1,0.0315762690054919,0.017595650154926,0.689010958664627,0.00938097992827856,0.690805774865461,0.00753606561505165,0.691634200216864,0.00808072612652312,0.695787743023776,0.00909379138073256,0.698087038451949,0.0108253598312685
