"beta","beta_sd","omega","omega_sd","rho","rho_sd","conv_code","tau1","tau1_sd","tau2","tau2_sd","tau3","tau3_sd","tau4","tau4_sd","tau5","tau5_sd","tau6","tau6_sd"
1.10009539976262,0.00502288551831356,0.0625193024538996,0.00124233051930957,0.295951472755186,0.010048937709883,1,0.00639487534838609,0.0163823805661181,0.685838466757106,0.0074818145055885,0.694087703242451,0.00594746754203467,0.704706691182424,0.00643072565553077,0.689136763601099,0.00760506739214554,0.699867347591157,0.00961437799793063
