"beta","beta_sd","omega","omega_sd","rho","rho_sd","conv_code","tau1","tau1_sd","tau2","tau2_sd","tau3","tau3_sd","tau4","tau4_sd","tau5","tau5_sd","tau6","tau6_sd"
1.74860477873236,0.0348645035623866,15.9143675813885,0.361380097728996,-0.286596731110727,0.0154205300532007,1,-0.0327048310216237,0.02713975010369,0.692057138765007,0.012733901950292,0.705628662490531,0.0130156280247872,0.66155893909526,0.0137728363171758,0.682197505644927,0.0144091577038426,0.691233257363202,0.0155921716182259
