"beta","beta_sd","omega","omega_sd","rho","rho_sd","conv_code","tau1","tau1_sd","tau2","tau2_sd","tau3","tau3_sd","tau4","tau4_sd","tau5","tau5_sd","tau6","tau6_sd"
2.87370754542276,0.0265864380618301,0.0572813504483077,0.00807717135955081,0.899843621480695,0.0023836757272935,1,-0.0496873997796343,0.0479519310639805,0.689958476731526,0.0229467463938503,0.703790252097351,0.0169443760314469,0.684442207684505,0.0149526715940714,0.691848704579879,0.0140991542230484,0.673892343231424,0.0147073879568187
