"beta","beta_sd","omega","omega_sd","rho","rho_sd","conv_code","tau1","tau1_sd","tau2","tau2_sd","tau3","tau3_sd","tau4","tau4_sd","tau5","tau5_sd","tau6","tau6_sd"
3.69014373247207,0.0397374290031973,0.0595775288485794,0.0139490678794836,0.902245007221004,0.00272272712770907,1,-0.0192105324670189,0.0569587931610204,0.666797753094296,0.0279695926461541,0.711292153824052,0.0206578180133595,0.708700637501105,0.0182102341470425,0.665224279901316,0.0171474195520621,0.714803897117698,0.0162718554446922
