"beta","beta_sd","omega","omega_sd","rho","rho_sd","conv_code","tau1","tau1_sd","tau2","tau2_sd","tau3","tau3_sd","tau4","tau4_sd","tau5","tau5_sd","tau6","tau6_sd"
3.18786427019761,0.0224530547084029,0.24581913432777,0.00594010511539675,-0.59804570935943,0.00722915373983661,1,0.0354691943994597,0.0322235982214471,0.675991104275455,0.018583918340611,0.695789464108973,0.0134057612698071,0.678216624778287,0.011531794922793,0.694160477124768,0.0109669281084287,0.692029184343599,0.0110737116560722
