"beta","beta_sd","omega","omega_sd","rho","rho_sd","conv_code","tau1","tau1_sd","tau2","tau2_sd","tau3","tau3_sd","tau4","tau4_sd","tau5","tau5_sd","tau6","tau6_sd"
0.883270715134225,0.0351409111544563,16.2455037773829,0.410161782169118,-0.901364323084362,0.00238325896696134,1,-0.0247343072094465,0.0397158415631548,0.714933276872778,0.0147672981419143,0.691556976743415,0.01474227536704,0.70279075635527,0.015532910379061,0.673932258476424,0.0166077997900213,0.67067862600121,0.0180235509087837
