"beta","beta_sd","omega","omega_sd","rho","rho_sd","conv_code","tau1","tau1_sd","tau2","tau2_sd","tau3","tau3_sd","tau4","tau4_sd","tau5","tau5_sd","tau6","tau6_sd"
2.90190690080854,0.0195374616627301,1.01725232711426,0.0241147426778564,0.900983438586119,0.00251955379312368,1,-0.0302187458712674,0.0379871140788777,0.672195028788063,0.0147998210967937,0.712449557169464,0.011248164565217,0.695055810430261,0.0101285550473702,0.685024780819191,0.00982752687289744,0.693891707137179,0.0102113985860279
