"beta","beta_sd","omega","omega_sd","rho","rho_sd","conv_code","tau1","tau1_sd","tau2","tau2_sd","tau3","tau3_sd","tau4","tau4_sd","tau5","tau5_sd","tau6","tau6_sd"
3.57497325275109,0.0302436486243785,0.540218559751038,0.0196605905951547,0.899008022844834,0.00266608013064146,1,0.0974601430795519,0.0472369441588563,0.653934525245145,0.0219262212065533,0.691355222778886,0.016207520720959,0.668767597115456,0.0138136036179475,0.695037178526275,0.0129603429664273,0.681587326986249,0.0131981220010545
