"beta","beta_sd","omega","omega_sd","rho","rho_sd","conv_code","tau1","tau1_sd","tau2","tau2_sd","tau3","tau3_sd","tau4","tau4_sd","tau5","tau5_sd","tau6","tau6_sd"
1.0403272841732,0.0340039455225956,15.641834534325,0.398591281053922,-0.270671819667546,0.0191054584352116,1,0.0453088075039083,0.0310241007375249,0.656023645400879,0.0149805479555791,0.67528761322121,0.0157029978060903,0.70040190307335,0.0162326610699163,0.680076131104121,0.0172430280989155,0.7216378958007,0.0181335999165778
