"beta","beta_sd","omega","omega_sd","rho","rho_sd","conv_code","tau1","tau1_sd","tau2","tau2_sd","tau3","tau3_sd","tau4","tau4_sd","tau5","tau5_sd","tau6","tau6_sd"
0.377719471751174,0.00935880893561274,1.01025595362324,0.01609915719509,0.31664372411589,0.0156330139429759,1,-0.0139012013739529,0.0191520526589617,0.686839554175189,0.00690783559073925,0.688916112352689,0.00801417448803427,0.681481749695408,0.00992526034509478,0.668040733323953,0.0124360638727784,0.68597126726357,0.0158197821347155
