"beta","beta_sd","omega","omega_sd","rho","rho_sd","conv_code","tau1","tau1_sd","tau2","tau2_sd","tau3","tau3_sd","tau4","tau4_sd","tau5","tau5_sd","tau6","tau6_sd"
3.4723390125507,0.0351957183394507,0.955997159093174,0.0282996012683057,0.594802163520076,0.0216332716317696,1,0.00659105842106519,0.0494609963122563,0.676287530844214,0.0255844536225715,0.688851534975267,0.0182467933339814,0.674431944233425,0.0163374963571139,0.7011257323107,0.0155006974951672,0.690143428653068,0.0160457553133109
