"beta","beta_sd","omega","omega_sd","rho","rho_sd","conv_code","tau1","tau1_sd","tau2","tau2_sd","tau3","tau3_sd","tau4","tau4_sd","tau5","tau5_sd","tau6","tau6_sd"
2.10433941723835,0.0108335922071733,0.065065336533177,0.00143730501373958,-0.601290744818426,0.00527231807505817,1,-0.000482448178750666,0.0231059019969185,0.708185265418934,0.0127629590327985,0.686708022598906,0.00931429280984235,0.685977454889072,0.00847695754866722,0.704724793618689,0.008464820420929,0.697658728253653,0.00913391953322126
