"beta","beta_sd","omega","omega_sd","rho","rho_sd","conv_code","tau1","tau1_sd","tau2","tau2_sd","tau3","tau3_sd","tau4","tau4_sd","tau5","tau5_sd","tau6","tau6_sd"
2.09610226371233,0.0374208891412353,15.4836832438804,0.383595043443491,-0.290263750949885,0.0185387103749717,1,0.0277904940865,0.0307209443392284,0.699573455269429,0.0146919388756686,0.676255440968421,0.0155526789108476,0.683844666122906,0.0161518227885813,0.703020811594536,0.0167312619367568,0.697677169552778,0.0178544877191397
