"beta","beta_sd","omega","omega_sd","rho","rho_sd","conv_code","tau1","tau1_sd","tau2","tau2_sd","tau3","tau3_sd","tau4","tau4_sd","tau5","tau5_sd","tau6","tau6_sd"
2.87949401057599,0.0181955054051678,0.971992522786075,0.0176039987958406,0.00986748595418341,0.0160635317963807,1,-0.00710992293107117,0.0261066381941392,0.689240993428705,0.0140251732129479,0.677936612522571,0.0106195467785419,0.691589471962693,0.00972532332067978,0.688336610475291,0.00972693084204175,0.687503181946056,0.0102274913592048
