"beta","beta_sd","omega","omega_sd","rho","rho_sd","conv_code","tau1","tau1_sd","tau2","tau2_sd","tau3","tau3_sd","tau4","tau4_sd","tau5","tau5_sd","tau6","tau6_sd"
2.26492823619178,0.0353448736245481,15.4257740804897,0.334754072346719,0.0106557297742451,0.0202721716616315,1,-0.0175071413083078,0.026797134213142,0.693442222679896,0.0124509379878387,0.697692062420753,0.0124739257816731,0.689720963205023,0.0131389067421188,0.697114551178015,0.0138798531014474,0.693815798358873,0.0147236306353562
