"beta","beta_sd","omega","omega_sd","rho","rho_sd","conv_code","tau1","tau1_sd","tau2","tau2_sd","tau3","tau3_sd","tau4","tau4_sd","tau5","tau5_sd","tau6","tau6_sd"
1.80101788041052,0.00936712934241452,0.0597343851635515,0.0015170255022902,0.00114735584782747,0.0121706160132828,1,0.0102349654971676,0.0236742838712367,0.703738459526533,0.0126396529909311,0.685315022323382,0.00896869178085944,0.669949011247272,0.00864197220792563,0.709921151985679,0.00894562696312266,0.69146182404024,0.0100695381666081
