"beta","beta_sd","omega","omega_sd","rho","rho_sd","conv_code","tau1","tau1_sd","tau2","tau2_sd","tau3","tau3_sd","tau4","tau4_sd","tau5","tau5_sd","tau6","tau6_sd"
0.602259194378738,0.0338715370258116,15.9149535452489,0.389991803077193,0.338853281139712,0.0343688081202241,1,-0.0137236543050676,0.0303557819990412,0.702690469881979,0.013627235156977,0.693739600371144,0.0143534202621754,0.669806860708602,0.0159201490518185,0.702889865154821,0.0168513285363838,0.701722094277439,0.0186424681626345
