"beta","beta_sd","omega","omega_sd","rho","rho_sd","conv_code","tau1","tau1_sd","tau2","tau2_sd","tau3","tau3_sd","tau4","tau4_sd","tau5","tau5_sd","tau6","tau6_sd"
2.318788190606,0.0459917917509178,16.7679095084089,0.541815048016969,0.222749183441997,0.0482592886964996,1,-0.0135214030643067,0.0389937417008082,0.707849201961698,0.0190636603250867,0.671180719234974,0.0200187385008732,0.71398893683636,0.0204890385646823,0.669086261110204,0.0224662721064399,0.738069734783033,0.023234526409515
