"beta","beta_sd","omega","omega_sd","rho","rho_sd","conv_code","tau1","tau1_sd","tau2","tau2_sd","tau3","tau3_sd","tau4","tau4_sd","tau5","tau5_sd","tau6","tau6_sd"
2.812492220621,0.0294362229191876,1.03540829331883,0.0307574815601935,0.901253017655994,0.00338210691317107,1,-0.0511244171454101,0.0492673749060241,0.7032823002453,0.0208590019682616,0.709382225633213,0.0167277547598184,0.694267306382985,0.0149311830959452,0.71801087420809,0.0147511961748171,0.684957217403832,0.0154351998239459
