"beta","beta_sd","omega","omega_sd","rho","rho_sd","conv_code","tau1","tau1_sd","tau2","tau2_sd","tau3","tau3_sd","tau4","tau4_sd","tau5","tau5_sd","tau6","tau6_sd"
0.808320169723712,0.0111617529385391,1.00682151297599,0.0208407897685365,0.599858154223201,0.0193325374149506,1,0.00464588485368013,0.0272475531622093,0.691061685584702,0.0104748817101117,0.683839082916007,0.0112069058884689,0.717428194604494,0.0129393076721729,0.705231380281717,0.0152343267323305,0.663112201472186,0.0187672759213957
