"beta","beta_sd","omega","omega_sd","rho","rho_sd","conv_code","tau1","tau1_sd","tau2","tau2_sd","tau3","tau3_sd","tau4","tau4_sd","tau5","tau5_sd","tau6","tau6_sd"
1.79841135671085,0.0125210405457154,1.00053250741814,0.0199491370141528,0.901320667533566,0.00254174291139531,1,-0.0515750794281025,0.0314893090759937,0.693286986394535,0.0103990338117,0.696061373366077,0.00883042424592354,0.678852501333318,0.00856356300163032,0.703944323564708,0.00889755752442531,0.68483432156395,0.0100599956094838
