"beta","beta_sd","omega","omega_sd","rho","rho_sd","conv_code","tau1","tau1_sd","tau2","tau2_sd","tau3","tau3_sd","tau4","tau4_sd","tau5","tau5_sd","tau6","tau6_sd"
1.28490118384889,0.0339320371005489,15.671195189746,0.366571191357719,-0.60269852286074,0.00834326209777732,1,0.020690243566852,0.0289449830276229,0.678867651178879,0.0132918310301083,0.681324231002055,0.013555345958576,0.680130715372086,0.0143976991544583,0.693030986581374,0.0151940529283032,0.674395063055122,0.0163982458390182
