"beta","beta_sd","omega","omega_sd","rho","rho_sd","conv_code","tau1","tau1_sd","tau2","tau2_sd","tau3","tau3_sd","tau4","tau4_sd","tau5","tau5_sd","tau6","tau6_sd"
3.32395832287925,0.0505060203025502,0.619431923490857,0.0228069307500212,-0.624495701891545,0.0130296810009526,1,0.0222006751443011,0.0453503507457853,0.736334197106422,0.0256307479348041,0.735723210888027,0.0214513547881208,0.726400084087757,0.0199232700888421,0.722963765844178,0.0195636837203013,0.698570786810727,0.0203623871371814
