"beta","beta_sd","omega","omega_sd","rho","rho_sd","conv_code","tau1","tau1_sd","tau2","tau2_sd","tau3","tau3_sd","tau4","tau4_sd","tau5","tau5_sd","tau6","tau6_sd"
2.696861780094,0.0161441931319018,0.985479759706075,0.0181315778148552,0.625463775176167,0.0130397495123059,1,-0.0532587134550748,0.0284027249282313,0.702665195445778,0.0132837015562277,0.703182548072668,0.00989970292408687,0.686586252913249,0.0091298482531051,0.688833629020508,0.00923727419429024,0.688358382366,0.00975157545011102
