"beta","beta_sd","omega","omega_sd","rho","rho_sd","conv_code","tau1","tau1_sd","tau2","tau2_sd","tau3","tau3_sd","tau4","tau4_sd","tau5","tau5_sd","tau6","tau6_sd"
2.55636395289123,0.0409838302058717,16.2660366355718,0.409608743276347,-0.304985627408565,0.0180830824517022,1,-0.0216752074794966,0.0317602680120405,0.693877569882222,0.0153282562030981,0.707721690674439,0.0157042711641584,0.710059299588104,0.0161811277015322,0.707954676518727,0.016937492573615,0.694160899681507,0.0180430252018212
