"beta","beta_sd","omega","omega_sd","rho","rho_sd","conv_code","tau1","tau1_sd","tau2","tau2_sd","tau3","tau3_sd","tau4","tau4_sd","tau5","tau5_sd","tau6","tau6_sd"
0.941860508046416,0.0367317160668307,16.4017526621812,0.483617350991884,-0.8984102521184,0.00302532239408481,1,-0.0175400467646247,0.0462493697201097,0.727191810226593,0.0178326328850086,0.690376710673532,0.0179682538018996,0.70489373032644,0.018567326669937,0.675283458408699,0.0197268994600069,0.724953001887035,0.0206851904411865
