"beta","beta_sd","omega","omega_sd","rho","rho_sd","conv_code","tau1","tau1_sd","tau2","tau2_sd","tau3","tau3_sd","tau4","tau4_sd","tau5","tau5_sd","tau6","tau6_sd"
1.71989561272782,0.0132287124521189,0.993231238414005,0.01714374900504,0.0120016965450156,0.016600398281781,1,0.0230912637686949,0.0229428169713308,0.688699830006512,0.0104815673343786,0.708834878510206,0.00950957398544138,0.698038738378854,0.00990444936851228,0.70291399102592,0.0108848886140956,0.691566571824743,0.0120661508528914
