"beta","beta_sd","omega","omega_sd","rho","rho_sd","conv_code","tau1","tau1_sd","tau2","tau2_sd","tau3","tau3_sd","tau4","tau4_sd","tau5","tau5_sd","tau6","tau6_sd"
0.30219950445479,0.00424625366218381,0.0636090391705171,0.00121545526263821,-0.605255872265976,0.00544917301938359,1,0.00445838486262391,0.0145113439584149,0.705967245102198,0.00665237225963915,0.687308068828082,0.00831007595143328,0.690322209998433,0.0138595767064919,0.686668629502775,0.0309419873252773,0.686831740461035,0.0925844917718672
