"beta","beta_sd","omega","omega_sd","rho","rho_sd","conv_code","tau1","tau1_sd","tau2","tau2_sd","tau3","tau3_sd","tau4","tau4_sd","tau5","tau5_sd","tau6","tau6_sd"
3.69528756698688,0.0462517814663488,15.0909340630155,0.366244735076052,0.270842283681563,0.0335915724045504,1,0.0221574761385383,0.0329534618950577,0.660608129400935,0.015891813437322,0.689428194798064,0.0149786646098189,0.67207346459846,0.0157945241898444,0.674471557411418,0.0161144564559854,0.686816977492495,0.0167329781219873
