"beta","beta_sd","omega","omega_sd","rho","rho_sd","conv_code","tau1","tau1_sd","tau2","tau2_sd","tau3","tau3_sd","tau4","tau4_sd","tau5","tau5_sd","tau6","tau6_sd"
0.00393913104388193,0.0107376947756923,1.0344341388582,0.0205729136192375,-0.605595930399518,0.00748554458231939,1,0.019478445148753,0.0236944689882613,0.694610910805849,0.0098617632144901,0.707151636223462,0.011421363203564,0.71053386655124,0.0145328972314201,0.712034713722002,0.018384881415557,0.713840872340239,0.02384376536809
