"beta","beta_sd","omega","omega_sd","rho","rho_sd","conv_code","tau1","tau1_sd","tau2","tau2_sd","tau3","tau3_sd","tau4","tau4_sd","tau5","tau5_sd","tau6","tau6_sd"
0.994971785418628,0.0170441696476316,0.972135846410014,0.0293135971751254,0.793108931056173,0.0124094419935289,1,-0.0203896006892541,0.0427294328406615,0.685950369382398,0.0162604104709806,0.68533652316335,0.0159904080391105,0.667466626333674,0.0175176458381781,0.721731979800237,0.0196522525038039,0.689178695045793,0.0250003509599885
