"beta","beta_sd","omega","omega_sd","rho","rho_sd","conv_code","tau1","tau1_sd","tau2","tau2_sd","tau3","tau3_sd","tau4","tau4_sd","tau5","tau5_sd","tau6","tau6_sd"
2.19588920246892,0.0144220237623234,1.00682729133052,0.0163621802783073,-0.309589238066524,0.0100207319381567,1,-0.00279063921268648,0.0226864957504977,0.695889168609843,0.0109999533884385,0.683505127081425,0.00919552225529151,0.697496832744523,0.0089490298757955,0.693145182979254,0.0093190422036989,0.720241185109998,0.00994878719172062
