"beta","beta_sd","omega","omega_sd","rho","rho_sd","conv_code","tau1","tau1_sd","tau2","tau2_sd","tau3","tau3_sd","tau4","tau4_sd","tau5","tau5_sd","tau6","tau6_sd"
0.399101098810042,0.0346273729046167,16.751999528831,0.392626109875018,-0.302261747575009,0.0147191665276584,1,0.0192817522777352,0.0270568826833238,0.679444766569686,0.0129243641911922,0.691678174110888,0.0133154884957439,0.721180574884435,0.0140985906012224,0.701198389599832,0.0151021227816579,0.708223104667482,0.0162958464340628
