"beta","beta_sd","omega","omega_sd","rho","rho_sd","conv_code","tau1","tau1_sd","tau2","tau2_sd","tau3","tau3_sd","tau4","tau4_sd","tau5","tau5_sd","tau6","tau6_sd"
3.65207702165327,0.052555779541359,16.563764704473,0.449875400931446,-0.590825913840568,0.0116125972541233,1,0.00717558298188091,0.0354662393674735,0.696786206566244,0.0174146309289128,0.683313057273256,0.017305367838657,0.710683954951266,0.0176014604518667,0.688929835082173,0.0179457959743339,0.687463305273452,0.0186398082862097
