"beta","beta_sd","omega","omega_sd","rho","rho_sd","conv_code","tau1","tau1_sd","tau2","tau2_sd","tau3","tau3_sd","tau4","tau4_sd","tau5","tau5_sd","tau6","tau6_sd"
0.682544049814448,0.0338560761213564,15.8250202709429,0.379153463032967,0.605853891903341,0.0270360981057149,1,0.0226140281293136,0.0325855730081016,0.696177890550518,0.0139860351409503,0.691954691889535,0.0142830319833318,0.671365551377473,0.0152569412403998,0.697992595083066,0.0162759530668258,0.697725033179406,0.0176969525111418
