"beta","beta_sd","omega","omega_sd","rho","rho_sd","conv_code","tau1","tau1_sd","tau2","tau2_sd","tau3","tau3_sd","tau4","tau4_sd","tau5","tau5_sd","tau6","tau6_sd"
3.11481986777806,0.0305402058462962,0.251844900090445,0.00894279234457036,-0.00928741511519071,0.0261556658479586,1,0.0154858565416496,0.0443241452794414,0.690482133804825,0.0250432103460532,0.705773240577841,0.0175761528132578,0.703166868851016,0.0154202142136817,0.687104181525753,0.0150725208957916,0.704223804847498,0.0156313681490821
