"beta","beta_sd","omega","omega_sd","rho","rho_sd","conv_code","tau1","tau1_sd","tau2","tau2_sd","tau3","tau3_sd","tau4","tau4_sd","tau5","tau5_sd","tau6","tau6_sd"
2.91541685422815,0.0206418549116546,0.0631001111398293,0.00238869748965826,-0.59698255051534,0.00749809602229096,1,0.0125679428021194,0.0336056947474273,0.683197340461246,0.0195203260983028,0.709200877987155,0.0137404549613379,0.706702864470816,0.0120432051126324,0.675454745423489,0.0117484650401423,0.703916329064214,0.0116407945187287
