"beta","beta_sd","omega","omega_sd","rho","rho_sd","conv_code","tau1","tau1_sd","tau2","tau2_sd","tau3","tau3_sd","tau4","tau4_sd","tau5","tau5_sd","tau6","tau6_sd"
1.79247018563486,0.0114491986275756,0.0648554073818134,0.00264010104052526,0.593362031531998,0.00998917142747077,1,0.011572480883252,0.031413836310785,0.694430012116072,0.0155033236732674,0.673433885572072,0.0113050252607047,0.686352476875439,0.0102723197744914,0.703198046219991,0.0107806149959731,0.676652202765705,0.0121909183664518
