"beta","beta_sd","omega","omega_sd","rho","rho_sd","conv_code","tau1","tau1_sd","tau2","tau2_sd","tau3","tau3_sd","tau4","tau4_sd","tau5","tau5_sd","tau6","tau6_sd"
3.94937529139929,0.0534439943041917,16.6390101417199,0.424498174993073,-0.904814717509962,0.00236627116568987,1,-0.00372982565586367,0.0432679575611044,0.714219071070066,0.0165197634786649,0.738537520379838,0.0155599051036693,0.7134700643996,0.0158596168882723,0.725721984717342,0.0160691870197217,0.706156746244798,0.0167052297065559
