"beta","beta_sd","omega","omega_sd","rho","rho_sd","conv_code","tau1","tau1_sd","tau2","tau2_sd","tau3","tau3_sd","tau4","tau4_sd","tau5","tau5_sd","tau6","tau6_sd"
2.38588253251006,0.0136068302059193,0.060931765083361,0.0020071818812857,0.0132965576985218,0.0134773399652971,1,-0.0278720912384192,0.0289720362694727,0.710470926642879,0.0157668917190831,0.680830883749185,0.0113127222599396,0.693617763368847,0.00974396471168319,0.682371227984075,0.00979416062896833,0.68140672749739,0.0102610609581601
