"beta","beta_sd","omega","omega_sd","rho","rho_sd","conv_code","tau1","tau1_sd","tau2","tau2_sd","tau3","tau3_sd","tau4","tau4_sd","tau5","tau5_sd","tau6","tau6_sd"
3.95508102664089,0.0481418958312344,15.8320423663381,0.387896223381753,0.900426588511684,0.00415936797524733,1,0.0483291702662584,0.0437510999110334,0.689070666859405,0.0155994140580267,0.68830284511058,0.0144207350596716,0.684288314818165,0.0141053189183652,0.662669925302065,0.0146575804331445,0.695858334214132,0.0150107419048049
