"beta","beta_sd","omega","omega_sd","rho","rho_sd","conv_code","tau1","tau1_sd","tau2","tau2_sd","tau3","tau3_sd","tau4","tau4_sd","tau5","tau5_sd","tau6","tau6_sd"
1.88060587196089,0.0135344541246301,0.996822560372642,0.0162852550617682,-0.592750183244847,0.00571381032486152,1,-0.0201400810958149,0.0222575579337758,0.695717214334138,0.0102250648132229,0.693924091946797,0.00901692296950515,0.684009995777161,0.00914839793142728,0.673346895750891,0.00974112586577657,0.684216741226094,0.0106067081775985
