"beta","beta_sd","omega","omega_sd","rho","rho_sd","conv_code","tau1","tau1_sd","tau2","tau2_sd","tau3","tau3_sd","tau4","tau4_sd","tau5","tau5_sd","tau6","tau6_sd"
2.19222166734941,0.0161286685420003,0.0646503936370969,0.00245405743197529,-0.000596222361692821,0.0177322576337733,1,0.00187074319303764,0.033864119298489,0.695436667859163,0.0183055633677865,0.667729436100773,0.0129828687547908,0.700333824413651,0.011768064902566,0.696787356873654,0.0118284465780354,0.681717428817096,0.0129284694328458
