"beta","beta_sd","omega","omega_sd","rho","rho_sd","conv_code","tau1","tau1_sd","tau2","tau2_sd","tau3","tau3_sd","tau4","tau4_sd","tau5","tau5_sd","tau6","tau6_sd"
3.49700580950024,0.0271924345588393,0.571163781215191,0.0129992907223232,-0.588875475111304,0.00808027934685056,1,0.0134591220570717,0.0330712246120116,0.684442771233867,0.0191721124858894,0.700940588649042,0.0141528547678592,0.688437486523304,0.0123490282445166,0.671829078273073,0.0119195632369094,0.703648980459051,0.0118322800049362
