"beta","beta_sd","omega","omega_sd","rho","rho_sd","conv_code","tau1","tau1_sd","tau2","tau2_sd","tau3","tau3_sd","tau4","tau4_sd","tau5","tau5_sd","tau6","tau6_sd"
0.996081078332054,0.00562134198458692,0.0624306618497156,0.00108670449293348,-0.900369431990564,0.00125562026766211,1,-0.0185908862425524,0.0154036075573638,0.695327881177634,0.00803375400955712,0.695043960989236,0.00719562963468752,0.695845343572768,0.00751910057207232,0.691780030142193,0.00877322538316892,0.696062467772616,0.0112827104961932
