"beta","beta_sd","omega","omega_sd","rho","rho_sd","conv_code","tau1","tau1_sd","tau2","tau2_sd","tau3","tau3_sd","tau4","tau4_sd","tau5","tau5_sd","tau6","tau6_sd"
2.00662525723916,0.0108520675106571,0.061732389286932,0.0014052791538542,-0.902944979129587,0.00140244137670005,1,-0.013296354425804,0.0211903514660561,0.706792041985804,0.0119125912423649,0.70651067949316,0.00955673659072891,0.687776719165953,0.00884331734950983,0.700816692045457,0.00886021019871547,0.687563786545145,0.00945873938233394
