"beta","beta_sd","omega","omega_sd","rho","rho_sd","conv_code","tau1","tau1_sd","tau2","tau2_sd","tau3","tau3_sd","tau4","tau4_sd","tau5","tau5_sd","tau6","tau6_sd"
0.889840982501145,0.0112036996358378,1.01042762230751,0.0168401451236679,-0.900314245144636,0.00151484317093858,1,-0.0358554568413172,0.0251457610041379,0.688132051428193,0.00924337823090137,0.699453751571466,0.00903848698349503,0.690604876967127,0.00980992650926461,0.693999831663693,0.0112427139526818,0.687138233329381,0.0133414116977875
