"beta","beta_sd","omega","omega_sd","rho","rho_sd","conv_code","tau1","tau1_sd","tau2","tau2_sd","tau3","tau3_sd","tau4","tau4_sd","tau5","tau5_sd","tau6","tau6_sd"
2.62666031942484,0.0199850493204783,1.03260350632357,0.024885263177152,0.904200741290809,0.00258807548264438,1,-0.00404611317552172,0.039306054894566,0.710292243432105,0.0150736826654521,0.704149549845337,0.0120754515914029,0.693016238085158,0.0110482021126313,0.719033933521331,0.0109337194780071,0.695240719164452,0.0116605819183623
