"beta","beta_sd","omega","omega_sd","rho","rho_sd","conv_code","tau1","tau1_sd","tau2","tau2_sd","tau3","tau3_sd","tau4","tau4_sd","tau5","tau5_sd","tau6","tau6_sd"
0.688549154694449,0.0334471611299691,15.8293246836612,0.366769257088589,-0.301209049850882,0.0148830186471985,1,0.00144783389589199,0.0274200272986569,0.697812790513248,0.0126954313207618,0.675189848889313,0.0131986239714293,0.690168430709001,0.01406538193907,0.690850924381089,0.0149799175586882,0.70392100545105,0.0162131371741044
