"beta","beta_sd","omega","omega_sd","rho","rho_sd","conv_code","tau1","tau1_sd","tau2","tau2_sd","tau3","tau3_sd","tau4","tau4_sd","tau5","tau5_sd","tau6","tau6_sd"
3.47676522051295,0.0239768826479627,0.993899290718718,0.0203168087836961,0.0179997667031317,0.0190653778837276,1,-0.063855183829051,0.0317186681427371,0.728513797261245,0.0170520527629077,0.679101894685788,0.0127275344186511,0.694919824877306,0.0111861311395593,0.684639426387467,0.0108634459376722,0.684150022242707,0.0111593709961631
