"beta","beta_sd","omega","omega_sd","rho","rho_sd","conv_code","tau1","tau1_sd","tau2","tau2_sd","tau3","tau3_sd","tau4","tau4_sd","tau5","tau5_sd","tau6","tau6_sd"
2.58565453683558,0.0211820235879877,0.0596824979371843,0.00263638743444131,-0.302545444139454,0.0152993055809762,1,0.0335178599757093,0.0363738341899839,0.682815332615552,0.0210027279293094,0.678934320891257,0.015042201511208,0.695157964401842,0.0134079552979454,0.678780144389252,0.0132265458650013,0.700818817804404,0.0135047931903138
