"beta","beta_sd","omega","omega_sd","rho","rho_sd","conv_code","tau1","tau1_sd","tau2","tau2_sd","tau3","tau3_sd","tau4","tau4_sd","tau5","tau5_sd","tau6","tau6_sd"
1.49596076689913,0.0341373151339904,16.2099096415951,0.359305472569969,-0.0053332604797727,0.0199781207321016,1,0.0116573154836312,0.025836991312369,0.680056593275696,0.0121158004089774,0.705968580222649,0.0124192250037532,0.687286671235288,0.0133358889829109,0.688543889540631,0.0139866172717453,0.685919533772963,0.0153614973749465
