"beta","beta_sd","omega","omega_sd","rho","rho_sd","conv_code","tau1","tau1_sd","tau2","tau2_sd","tau3","tau3_sd","tau4","tau4_sd","tau5","tau5_sd","tau6","tau6_sd"
0.298995346772225,0.00966098835958005,0.975909773919021,0.0178274332343429,0.280397809026067,0.0208159429354837,1,-0.00158918382838969,0.0212451497380018,0.682333481747326,0.00817286346084144,0.695220780566297,0.00965096875374444,0.678925904331824,0.0125109189172421,0.70162983614347,0.0149991959256314,0.684469090682952,0.0189687000965536
