"beta","beta_sd","omega","omega_sd","rho","rho_sd","conv_code","tau1","tau1_sd","tau2","tau2_sd","tau3","tau3_sd","tau4","tau4_sd","tau5","tau5_sd","tau6","tau6_sd"
0.0907432467169319,0.0111982165733713,0.994999669144048,0.0272416439330355,-0.277969562548937,0.0200119661470901,1,-0.0442747177542809,0.0266253718421489,0.68978963512995,0.0133858691526612,0.689575101632332,0.0157504876034037,0.703648408427847,0.0191319748560629,0.698815027613605,0.0235043777582392,0.708547549459158,0.0289618652017754
