"beta","beta_sd","omega","omega_sd","rho","rho_sd","conv_code","tau1","tau1_sd","tau2","tau2_sd","tau3","tau3_sd","tau4","tau4_sd","tau5","tau5_sd","tau6","tau6_sd"
1.99486740839999,0.00894276744573749,0.0628765298059362,0.00209538056204926,0.592471022030323,0.0073357724553515,2,-0.0258870381838567,0.024914662381486,0.703204342918365,0.0119259422596181,0.682044739861459,0.0085672172430002,0.686717536384783,0.00758486962326548,0.699938168415144,0.00763828683416017,0.697169197787648,0.00844918873842093
