"beta","beta_sd","omega","omega_sd","rho","rho_sd","conv_code","tau1","tau1_sd","tau2","tau2_sd","tau3","tau3_sd","tau4","tau4_sd","tau5","tau5_sd","tau6","tau6_sd"
3.20662820709191,0.0269818850313969,0.0619327679293078,0.00600727807485902,0.596071061613534,0.0121856020703745,1,-0.0625001927906869,0.0471733164309804,0.747048063328362,0.0244182894732494,0.678586594904445,0.0177664563503814,0.697656490094334,0.0149866552344543,0.69961530172547,0.0139098301724403,0.679167345030885,0.0142645668781045
