"beta","beta_sd","omega","omega_sd","rho","rho_sd","conv_code","tau1","tau1_sd","tau2","tau2_sd","tau3","tau3_sd","tau4","tau4_sd","tau5","tau5_sd","tau6","tau6_sd"
1.01871979587145,0.0340555414955805,15.1854825932602,0.399036991112832,-0.605573302540502,0.0104332371527485,1,-0.00394659913304246,0.0334714931035072,0.705423132777916,0.0154106285334111,0.702366578121468,0.0159577990730743,0.691044672346001,0.0168958096317187,0.661195220027543,0.0181369128717532,0.669758909221322,0.0196624248980907
