"beta","beta_sd","omega","omega_sd","rho","rho_sd","conv_code","tau1","tau1_sd","tau2","tau2_sd","tau3","tau3_sd","tau4","tau4_sd","tau5","tau5_sd","tau6","tau6_sd"
3.43071510881227,0.0307330336729012,0.0655653428865661,0.00488061884508106,-0.0021283031128626,0.0239549057929879,1,0.0227437087363553,0.0474837904736563,0.684817549751062,0.0267739156282143,0.705296312414269,0.0185601118339485,0.70919738257067,0.0155800354374546,0.700517393947079,0.0148751868672374,0.704587504374763,0.0151538198639034
