"beta","beta_sd","omega","omega_sd","rho","rho_sd","conv_code","tau1","tau1_sd","tau2","tau2_sd","tau3","tau3_sd","tau4","tau4_sd","tau5","tau5_sd","tau6","tau6_sd"
3.85740804346142,0.0439727141117722,15.7730893529729,0.349060325579755,0.581838870997651,0.0228820927659269,1,-0.00139050889620676,0.0314283871099306,0.6879532630729,0.0136434480830825,0.685468829125985,0.0131410246442001,0.701894206010483,0.013502395541238,0.674393964840084,0.0137513662262058,0.682254074993399,0.0144403612052592
