"beta","beta_sd","omega","omega_sd","rho","rho_sd","conv_code","tau1","tau1_sd","tau2","tau2_sd","tau3","tau3_sd","tau4","tau4_sd","tau5","tau5_sd","tau6","tau6_sd"
1.21647394322632,0.0348561157101228,16.2921226791394,0.40252497431216,-0.0318332678216078,0.024884101179688,1,-0.0230155178975775,0.030747337642333,0.706258081235315,0.0142371967687663,0.686832547584792,0.0149196331764621,0.711759407276992,0.016076530399265,0.715840710811476,0.0167095500277291,0.716424951207888,0.0181611734756803
