"beta","beta_sd","omega","omega_sd","rho","rho_sd","conv_code","tau1","tau1_sd","tau2","tau2_sd","tau3","tau3_sd","tau4","tau4_sd","tau5","tau5_sd","tau6","tau6_sd"
1.38926353215557,0.0105161656265736,0.061956230732919,0.00170476499609336,-0.298546053645263,0.0128548395172762,1,-0.0321448768034662,0.0240649604062116,0.691157904930008,0.0132936991609564,0.684960241951977,0.0103828275028556,0.697541667156035,0.0107306796240199,0.689662535195388,0.0120677223171257,0.687259717726321,0.0134908062018429
