"beta","beta_sd","omega","omega_sd","rho","rho_sd","conv_code","tau1","tau1_sd","tau2","tau2_sd","tau3","tau3_sd","tau4","tau4_sd","tau5","tau5_sd","tau6","tau6_sd"
3.63203092339853,0.0450362850170811,15.7734732691795,0.377555317385466,0.895566190594994,0.00441826074593521,1,-6.54306864100615e-05,0.0426266156566722,0.697719040232979,0.0151566882535412,0.686264235945907,0.0141386714004735,0.688054550391848,0.014023028313238,0.68772265271844,0.013959053487884,0.693509841031721,0.0146353128755597
