"beta","beta_sd","omega","omega_sd","rho","rho_sd","conv_code","tau1","tau1_sd","tau2","tau2_sd","tau3","tau3_sd","tau4","tau4_sd","tau5","tau5_sd","tau6","tau6_sd"
3.66477623717753,0.0280350135363786,1.00580435641554,0.0216314472554502,-0.30470093874011,0.0142323275228209,1,-0.0202258360947931,0.032312811198125,0.69920206542709,0.0185260045921331,0.676832471955198,0.0141239616723972,0.700206134953668,0.0121166328482664,0.679568259520188,0.0117763007503947,0.691454719266461,0.011898612727184
