"beta","beta_sd","omega","omega_sd","rho","rho_sd","conv_code","tau1","tau1_sd","tau2","tau2_sd","tau3","tau3_sd","tau4","tau4_sd","tau5","tau5_sd","tau6","tau6_sd"
1.40934617702049,0.0127565841452265,1.01072306156405,0.0169236180997233,-0.901244650545756,0.00151750926927785,1,0.00681694707702294,0.0256536308806675,0.698447821395305,0.0100363933734167,0.701986533604325,0.00927707494026023,0.716826808118917,0.00954709477449419,0.690128123571365,0.0105729968435073,0.68857741388071,0.0119069278453088
