"beta","beta_sd","omega","omega_sd","rho","rho_sd","conv_code","tau1","tau1_sd","tau2","tau2_sd","tau3","tau3_sd","tau4","tau4_sd","tau5","tau5_sd","tau6","tau6_sd"
4.0150003469339,0.0347283226134567,0.0661224460905524,0.00408915591793859,-0.591927396044408,0.0093950723376503,2,0.0473980931633561,0.0422983772169887,0.659279430939964,0.0252976663527215,0.707945580911966,0.0180324612191609,0.688081252151103,0.0153821687466727,0.706661461902114,0.0140519642919576,0.700172205256438,0.0137729277911303
