"beta","beta_sd","omega","omega_sd","rho","rho_sd","conv_code","tau1","tau1_sd","tau2","tau2_sd","tau3","tau3_sd","tau4","tau4_sd","tau5","tau5_sd","tau6","tau6_sd"
0.405821013090158,0.0338573289352412,15.0448190111704,0.375669006063484,-0.895419308298819,0.00247616088970877,1,0.00684889237041503,0.0395012363246679,0.661478680609208,0.0147623177213841,0.683125094325384,0.0147604545371907,0.692214540942867,0.0154669922442389,0.698740212444663,0.0163807152251761,0.682790257934403,0.017902405581258
