"beta","beta_sd","omega","omega_sd","rho","rho_sd","conv_code","tau1","tau1_sd","tau2","tau2_sd","tau3","tau3_sd","tau4","tau4_sd","tau5","tau5_sd","tau6","tau6_sd"
4.17760905852895,0.156672357980739,19.2089378029085,1.43215207421282,-0.914940820671257,0.00641334145747039,1,-0.0600061161971727,0.0713175277934569,0.793227316342816,0.0412310393569815,0.763776062449847,0.0410704195899609,0.784750038193328,0.0407516099696489,0.77852146697674,0.0411520499487302,0.750128756551855,0.0415041867977438
