"beta","beta_sd","omega","omega_sd","rho","rho_sd","conv_code","tau1","tau1_sd","tau2","tau2_sd","tau3","tau3_sd","tau4","tau4_sd","tau5","tau5_sd","tau6","tau6_sd"
3.61277663820421,0.0343098809318475,0.256179840957817,0.0117929724778299,0.606969972825087,0.0148927304852569,1,-0.0560133485177993,0.0523487914078431,0.723286155895902,0.0271832749141852,0.691202604166739,0.0199438271628242,0.679456900418969,0.0167936242070353,0.705821352663341,0.0158279870025853,0.692580243033384,0.015871288606928
