"beta","beta_sd","omega","omega_sd","rho","rho_sd","conv_code","tau1","tau1_sd","tau2","tau2_sd","tau3","tau3_sd","tau4","tau4_sd","tau5","tau5_sd","tau6","tau6_sd"
2.99359940986034,0.0407894032320824,15.7214424658792,0.371552311746236,0.895220002280236,0.00429498458612115,1,-0.0497581201728385,0.0409814553687737,0.69037234763743,0.0144601215114373,0.682891160485147,0.0136681009199135,0.690515194946897,0.0137592303892522,0.689195023528127,0.0139468439772012,0.66681751327746,0.0148515674143319
