"beta","beta_sd","omega","omega_sd","rho","rho_sd","conv_code","tau1","tau1_sd","tau2","tau2_sd","tau3","tau3_sd","tau4","tau4_sd","tau5","tau5_sd","tau6","tau6_sd"
3.61786922433803,0.0370543588812167,0.2530403330838,0.0104981934261089,0.0153663666392558,0.0292111521478416,1,0.0237588274826026,0.0487485428146109,0.712729818480147,0.0273485433373183,0.676189223699524,0.0197087200557383,0.703997205788186,0.0168174571964991,0.704920864149396,0.0161108757701909,0.693236229449955,0.0166194154039894
