"beta","beta_sd","omega","omega_sd","rho","rho_sd","conv_code","tau1","tau1_sd","tau2","tau2_sd","tau3","tau3_sd","tau4","tau4_sd","tau5","tau5_sd","tau6","tau6_sd"
0.895900692983452,0.00475717204169788,0.0611035641882393,0.00102508074231491,-0.303080196862048,0.00695507837509369,1,0.0147418485159627,0.0137821751225534,0.690711572180588,0.00672543290397693,0.686679072365593,0.00598205186119557,0.68245581566954,0.0069374844470186,0.67973974271794,0.00876846189257272,0.686138167133584,0.0127225915441817
