"beta","beta_sd","omega","omega_sd","rho","rho_sd","conv_code","tau1","tau1_sd","tau2","tau2_sd","tau3","tau3_sd","tau4","tau4_sd","tau5","tau5_sd","tau6","tau6_sd"
1.30098428549896,0.00955348824361516,0.0639427791269504,0.00386694828527435,0.897782173313322,0.00201839316913853,1,0.0587181691619322,0.0331014895848658,0.681076514382863,0.0125586817197424,0.674506467710226,0.0105061103528056,0.690413530164356,0.0105154584809584,0.692305694424831,0.0111847013385211,0.705155338214701,0.0127995111770759
