"beta","beta_sd","omega","omega_sd","rho","rho_sd","conv_code","tau1","tau1_sd","tau2","tau2_sd","tau3","tau3_sd","tau4","tau4_sd","tau5","tau5_sd","tau6","tau6_sd"
2.4522267273413,0.0348359891199682,0.968869854655661,0.0304573041960918,-0.591393300007141,0.0126941290486809,1,-0.02952691160829,0.035947085565624,0.683049098013289,0.0206528376604759,0.689962283536568,0.018002210444931,0.686736105014354,0.0176302793357611,0.664437663671403,0.0183372208929243,0.669515176146157,0.0189492439944292
