"beta","beta_sd","omega","omega_sd","rho","rho_sd","conv_code","tau1","tau1_sd","tau2","tau2_sd","tau3","tau3_sd","tau4","tau4_sd","tau5","tau5_sd","tau6","tau6_sd"
1.0154459808851,0.0341559689639409,16.0407951929752,0.392926158585264,0.320236522350931,0.035061205084372,1,0.00892020168157436,0.0306377176792489,0.696902980697868,0.0140459687609515,0.684273464473728,0.014677429585221,0.698954045470141,0.0158263223579898,0.708329655071567,0.0165753572495589,0.679375766486,0.0182005798836804
