"beta","beta_sd","omega","omega_sd","rho","rho_sd","conv_code","tau1","tau1_sd","tau2","tau2_sd","tau3","tau3_sd","tau4","tau4_sd","tau5","tau5_sd","tau6","tau6_sd"
3.56456795970327,0.0573557399751928,0.948929077923161,0.0356554736975113,-0.598166972467874,0.0149953687216622,1,0.00736918868698344,0.0469121098819324,0.667616945673466,0.0289468493062571,0.692659002690541,0.0231215965428809,0.694714292269771,0.0211813798766901,0.687099710286973,0.0209709194394147,0.690320301172096,0.0212083334227991
