"beta","beta_sd","omega","omega_sd","rho","rho_sd","conv_code","tau1","tau1_sd","tau2","tau2_sd","tau3","tau3_sd","tau4","tau4_sd","tau5","tau5_sd","tau6","tau6_sd"
1.20723832511422,0.01104241586751,0.982254929890763,0.0163354171549001,0.00559339828217593,0.0158057167263235,1,0.0143403471981366,0.021278939065432,0.69714867889478,0.0090821263289818,0.671241576748673,0.00922007556459978,0.700017777723713,0.00978694518869628,0.695810077727738,0.0111840159621921,0.697798185411505,0.0131368047731027
