"beta","beta_sd","omega","omega_sd","rho","rho_sd","conv_code","tau1","tau1_sd","tau2","tau2_sd","tau3","tau3_sd","tau4","tau4_sd","tau5","tau5_sd","tau6","tau6_sd"
2.33259270244687,0.047341137828106,0.947348345342698,0.0404515362193243,-0.892731476703653,0.00442071703071049,1,0.0261174050057803,0.0404351845944418,0.65952276816956,0.0252468930685456,0.666447792091613,0.0233704785409192,0.658863368474467,0.023359472593937,0.652618128882591,0.0235583929650664,0.651331602863462,0.0240788331044081
