"beta","beta_sd","omega","omega_sd","rho","rho_sd","conv_code","tau1","tau1_sd","tau2","tau2_sd","tau3","tau3_sd","tau4","tau4_sd","tau5","tau5_sd","tau6","tau6_sd"
0.899792933541617,0.0053508260252177,0.0614828186019877,0.00116960605337753,-0.293092688480965,0.00843832298153714,1,0.0116599523799349,0.0154045513793994,0.683974531324965,0.00779602866109293,0.697603753889507,0.00692098623670398,0.692338573704108,0.00814884198033989,0.684106736798264,0.0102648300555204,0.677099976740034,0.0150720406823434
