"beta","beta_sd","omega","omega_sd","rho","rho_sd","conv_code","tau1","tau1_sd","tau2","tau2_sd","tau3","tau3_sd","tau4","tau4_sd","tau5","tau5_sd","tau6","tau6_sd"
0.30115894499988,0.00498332085433648,0.0641045483191205,0.00204196765467208,0.584793407498239,0.0101264595446005,1,-0.0247203570791287,0.0201399410279076,0.695001908327965,0.00726770665039128,0.698541921454615,0.00930832105050941,0.715505664115054,0.0163137194903282,0.78467455566083,0.0401322720016634,0.608742479558771,0.129070849640016
