"beta","beta_sd","omega","omega_sd","rho","rho_sd","conv_code","tau1","tau1_sd","tau2","tau2_sd","tau3","tau3_sd","tau4","tau4_sd","tau5","tau5_sd","tau6","tau6_sd"
3.37961221861018,0.0240575249339576,0.566784304516031,0.0175833570731077,0.894820250350286,0.00256230060795978,1,-0.0485565344036849,0.0415700608994871,0.711107018557994,0.0173134614381912,0.674475139037539,0.0133546481602189,0.703104797328009,0.0114286139740241,0.666542119959576,0.0109514422843105,0.692957577552583,0.010815259236301
