"beta","beta_sd","omega","omega_sd","rho","rho_sd","conv_code","tau1","tau1_sd","tau2","tau2_sd","tau3","tau3_sd","tau4","tau4_sd","tau5","tau5_sd","tau6","tau6_sd"
3.14340155526415,0.0419961466834601,16.0058271528374,0.379649754269572,0.896497455801249,0.00425520415959445,1,-0.0268350996365744,0.0411532461349457,0.688900217714503,0.014954579871326,0.689005622132885,0.0136828971399878,0.686621323855325,0.0137636500777291,0.688884073193013,0.0138332376215705,0.679594058964649,0.0146830384269521
