"beta","beta_sd","omega","omega_sd","rho","rho_sd","conv_code","tau1","tau1_sd","tau2","tau2_sd","tau3","tau3_sd","tau4","tau4_sd","tau5","tau5_sd","tau6","tau6_sd"
2.57386168165977,0.0916308706677948,15.7427971918362,1.05343625244263,-0.899347827051966,0.00679919942748901,1,0.00195575884167242,0.0666636762722612,0.673459599728951,0.0366512072308846,0.682244598229528,0.0372791772358054,0.657049987524418,0.0374961660820518,0.703598891740538,0.0378414892987032,0.729022237868139,0.0386325317231611
