"beta","beta_sd","omega","omega_sd","rho","rho_sd","conv_code","tau1","tau1_sd","tau2","tau2_sd","tau3","tau3_sd","tau4","tau4_sd","tau5","tau5_sd","tau6","tau6_sd"
2.84232880827562,0.0193197582418876,1.00228961132705,0.0233106982868321,0.903156582109866,0.00245849286214409,1,0.0465311242324217,0.0376888460449799,0.71999676494344,0.0138345729044237,0.688589550339079,0.011240215661319,0.695784346455982,0.0101255495451865,0.712555135506894,0.00975990062358126,0.712811908544901,0.0102158030799248
