"beta","beta_sd","omega","omega_sd","rho","rho_sd","conv_code","tau1","tau1_sd","tau2","tau2_sd","tau3","tau3_sd","tau4","tau4_sd","tau5","tau5_sd","tau6","tau6_sd"
0.647779841388171,0.0370178571065157,16.1643443819756,0.505509021318903,0.894461841085314,0.00638139595522813,1,0.00719384583015475,0.0533373915879312,0.673172123954721,0.0196004564583246,0.700396489902673,0.0193443717408605,0.691108226837123,0.0209392565729533,0.711572411739874,0.0224207658144817,0.683689173985728,0.0239047485382809
