"beta","beta_sd","omega","omega_sd","rho","rho_sd","conv_code","tau1","tau1_sd","tau2","tau2_sd","tau3","tau3_sd","tau4","tau4_sd","tau5","tau5_sd","tau6","tau6_sd"
2.19621603678035,0.0117931374510608,0.0621219452988608,0.00257560113244158,0.594449555669246,0.00831354627311851,1,0.00094578015814641,0.0294307140813876,0.678597883054608,0.0149766319649957,0.690974964830875,0.0104982268058403,0.709232243195906,0.00910936395235778,0.686103714552393,0.0092238001964331,0.690563872241964,0.00991351971953553
