"beta","beta_sd","omega","omega_sd","rho","rho_sd","conv_code","tau1","tau1_sd","tau2","tau2_sd","tau3","tau3_sd","tau4","tau4_sd","tau5","tau5_sd","tau6","tau6_sd"
1.18079475805737,0.0154873871052352,0.992201019199691,0.0243047013195718,-0.278583050917386,0.0182369046440184,1,-0.0142851386780024,0.0271850347830436,0.671265723442404,0.0133830020339417,0.695734358680668,0.0135758200455877,0.681899375922129,0.0148841399859089,0.677426090947866,0.0162949315711121,0.656051170587598,0.0186451189412641
