"beta","beta_sd","omega","omega_sd","rho","rho_sd","conv_code","tau1","tau1_sd","tau2","tau2_sd","tau3","tau3_sd","tau4","tau4_sd","tau5","tau5_sd","tau6","tau6_sd"
0.722298606991767,0.0365669702200087,16.5404123514622,0.591399539814551,-0.0450983283759754,0.0400923576124426,1,-0.0264900940278187,0.038684067673516,0.73717111959395,0.0203918736744142,0.716575565062077,0.0215061741420351,0.687417690553905,0.0232304334254741,0.707779342948248,0.0247526397627774,0.711414939224074,0.0263195898562775
