"beta","beta_sd","omega","omega_sd","rho","rho_sd","conv_code","tau1","tau1_sd","tau2","tau2_sd","tau3","tau3_sd","tau4","tau4_sd","tau5","tau5_sd","tau6","tau6_sd"
3.48538165957848,0.0420473641913933,0.978845997747852,0.0302988822966454,0.0292812135754712,0.0343747667854453,1,-0.0574852813484817,0.0459221711291013,0.695731259937156,0.0252349918550588,0.696888159785571,0.0190421713824913,0.706766537735089,0.0173993256551358,0.684229587311836,0.0170130767935021,0.67793593320372,0.017691791359757
