"beta","beta_sd","omega","omega_sd","rho","rho_sd","conv_code","tau1","tau1_sd","tau2","tau2_sd","tau3","tau3_sd","tau4","tau4_sd","tau5","tau5_sd","tau6","tau6_sd"
3.10667384109359,0.01919397261511,0.558269224875533,0.0112111363129155,0.0412770495423919,0.0171929359950847,1,0.0248559290845042,0.0284363825513208,0.690337584016352,0.0158962454946967,0.69438902051432,0.0116509617479367,0.688264662158289,0.0103365818650651,0.694672509719542,0.00991589091612633,0.685447231722975,0.0102481317700526
