"beta","beta_sd","omega","omega_sd","rho","rho_sd","conv_code","tau1","tau1_sd","tau2","tau2_sd","tau3","tau3_sd","tau4","tau4_sd","tau5","tau5_sd","tau6","tau6_sd"
3.30428161264171,0.0233204021043322,0.559574098676147,0.0135133069662888,0.320610153706239,0.0224628608720345,1,0.00636924320236024,0.0358999938845808,0.702594339134136,0.0197745035932775,0.692611813329285,0.0140865487697558,0.675523059640405,0.0123140530326228,0.70654533211429,0.0116683420121201,0.6665328472014,0.0123164580630885
