"beta","beta_sd","omega","omega_sd","rho","rho_sd","conv_code","tau1","tau1_sd","tau2","tau2_sd","tau3","tau3_sd","tau4","tau4_sd","tau5","tau5_sd","tau6","tau6_sd"
2.209049325742,0.0762544928783976,14.9419509395606,0.958355425075459,-0.896278707680815,0.00666481878085404,1,-0.0190512904597419,0.0611554651053265,0.698458312680023,0.0353521533409207,0.626594497812477,0.0356036360563762,0.704359903335576,0.0361821741803526,0.652016645050687,0.0366702693432552,0.664580634977577,0.0374839617032173
