"beta","beta_sd","omega","omega_sd","rho","rho_sd","conv_code","tau1","tau1_sd","tau2","tau2_sd","tau3","tau3_sd","tau4","tau4_sd","tau5","tau5_sd","tau6","tau6_sd"
3.6454272303877,0.0217054674090899,0.0730793165337816,0.00551102598932351,0.590469382115469,0.00954428160377019,1,0.0890139144840952,0.0353461906938276,0.663520930398732,0.0197987681982168,0.714155538224639,0.0139479214487976,0.701109994568612,0.0114227647023192,0.705361946809132,0.0105628800320606,0.697725977528433,0.0104249746671576
