"beta","beta_sd","omega","omega_sd","rho","rho_sd","conv_code","tau1","tau1_sd","tau2","tau2_sd","tau3","tau3_sd","tau4","tau4_sd","tau5","tau5_sd","tau6","tau6_sd"
2.7233993016028,0.0206432187659486,0.0673143471850875,0.00321474268465638,0.0150973548189776,0.0203697538765113,1,0.0716910132480471,0.0383778679727453,0.653645663463321,0.0219502058098197,0.720367595713247,0.0150988568499426,0.688477566158962,0.0131841584671707,0.705152115828767,0.0126886185804484,0.713832301645578,0.0131702447431644
