"beta","beta_sd","omega","omega_sd","rho","rho_sd","conv_code","tau1","tau1_sd","tau2","tau2_sd","tau3","tau3_sd","tau4","tau4_sd","tau5","tau5_sd","tau6","tau6_sd"
3.71520682635181,0.0248396311190753,1.02815530971676,0.0228584711719889,0.604944038163577,0.0151369926325085,1,0.0222528798980811,0.0364654696998112,0.689187429631875,0.0190018400593402,0.697463725268475,0.0135992753891762,0.703709952264407,0.0113517725120667,0.682596695868177,0.0109111512033526,0.705967769846593,0.0108178144238765
