"beta","beta_sd","omega","omega_sd","rho","rho_sd","conv_code","tau1","tau1_sd","tau2","tau2_sd","tau3","tau3_sd","tau4","tau4_sd","tau5","tau5_sd","tau6","tau6_sd"
3.65526747425752,0.0312158414000297,0.53837753396985,0.0201547669625031,0.898934617785603,0.00266627075270141,1,-0.0539303777648147,0.0473952274224214,0.716743679000753,0.0209071209227205,0.683259100278776,0.0165204240828292,0.678992780676873,0.0139807547524901,0.695840465850312,0.0131295130627213,0.681285416292493,0.0134043825017748
