"beta","beta_sd","omega","omega_sd","rho","rho_sd","conv_code","tau1","tau1_sd","tau2","tau2_sd","tau3","tau3_sd","tau4","tau4_sd","tau5","tau5_sd","tau6","tau6_sd"
3.90489205261628,0.026014197026703,0.0627189611273446,0.00333468634589585,-0.302730264343559,0.0124781658776003,2,0.0212130683506378,0.0365852820854074,0.670564100706518,0.0213820127448229,0.705263574443097,0.0151831104640335,0.695444745374339,0.0124853117948327,0.692825475905476,0.0113003555613219,0.693395045616174,0.0111144604829813
