"beta","beta_sd","omega","omega_sd","rho","rho_sd","conv_code","tau1","tau1_sd","tau2","tau2_sd","tau3","tau3_sd","tau4","tau4_sd","tau5","tau5_sd","tau6","tau6_sd"
3.05205264756268,0.0461028646797798,1.03535323117115,0.0355074283598084,-0.610080250203265,0.0133873465402254,1,0.0632322596486644,0.0404694562553009,0.674846420029719,0.024449776645743,0.714897094559731,0.0202626718986198,0.707519039362779,0.0191490374539603,0.71630636691693,0.0193257637866602,0.691539265728017,0.020061090401718
