"beta","beta_sd","omega","omega_sd","rho","rho_sd","conv_code","tau1","tau1_sd","tau2","tau2_sd","tau3","tau3_sd","tau4","tau4_sd","tau5","tau5_sd","tau6","tau6_sd"
0.972354444423818,0.0343576786671475,16.2046575522284,0.405975767071843,-0.0240692148260301,0.0259375467468085,1,-0.0196787785305992,0.0303871367307218,0.699674399664341,0.014531571579928,0.720212808477554,0.0149390877609225,0.67700079825973,0.0163750223461611,0.698345544989005,0.0171035438801553,0.677676926768432,0.018561359795611
