"beta","beta_sd","omega","omega_sd","rho","rho_sd","conv_code","tau1","tau1_sd","tau2","tau2_sd","tau3","tau3_sd","tau4","tau4_sd","tau5","tau5_sd","tau6","tau6_sd"
2.98991408982994,0.0211123370335275,0.0578561194672687,0.00724304428035313,0.901099074396373,0.00192674156211919,1,-0.0105941661936562,0.0398892090183612,0.697660104729194,0.0182272364241545,0.704778141674036,0.0137717981311054,0.685861750864916,0.0121418705869978,0.683315447415707,0.01142439259356,0.687628022793046,0.0114785851944088
