"beta","beta_sd","omega","omega_sd","rho","rho_sd","conv_code","tau1","tau1_sd","tau2","tau2_sd","tau3","tau3_sd","tau4","tau4_sd","tau5","tau5_sd","tau6","tau6_sd"
3.8427094776804,0.0465254822137623,0.61374142507622,0.0212712744625266,-0.0723377706202387,0.0310129633593618,1,0.0456002708938203,0.0488431933781614,0.72738582635911,0.0279795946042199,0.71788079835709,0.0207823410635258,0.728511545027839,0.0182648451480989,0.71344605620435,0.0178237067129212,0.736860795166179,0.0179572426071963
