"beta","beta_sd","omega","omega_sd","rho","rho_sd","conv_code","tau1","tau1_sd","tau2","tau2_sd","tau3","tau3_sd","tau4","tau4_sd","tau5","tau5_sd","tau6","tau6_sd"
3.59011372859075,0.0318899921776458,1.04367091297031,0.0242294788508155,-0.904360529840305,0.00205201950105638,1,0.02310015898475,0.0355488153720363,0.710831069189055,0.0184708078685386,0.712922685307415,0.0148070230020899,0.705947183681655,0.0133064717053358,0.710982442007966,0.012723882372143,0.722025011081104,0.0128634840279581
