"beta","beta_sd","omega","omega_sd","rho","rho_sd","conv_code","tau1","tau1_sd","tau2","tau2_sd","tau3","tau3_sd","tau4","tau4_sd","tau5","tau5_sd","tau6","tau6_sd"
3.38453887515617,0.036987481697043,0.559072606372067,0.0230775904277821,0.894472456804362,0.0033581082165836,1,0.0883422093767133,0.0542971094508931,0.677942556681412,0.0252616060274832,0.671014162595174,0.0195200342672283,0.688385903583533,0.017147928455057,0.709123610570977,0.0164796051943797,0.669345734559602,0.0164619690287104
