"beta","beta_sd","omega","omega_sd","rho","rho_sd","conv_code","tau1","tau1_sd","tau2","tau2_sd","tau3","tau3_sd","tau4","tau4_sd","tau5","tau5_sd","tau6","tau6_sd"
1.90400347344771,0.0095615280033882,0.0621861734103016,0.001838641078352,0.287476239999692,0.0128913765874741,1,-0.00509164216264578,0.0259288229016638,0.693170156035051,0.0133216725105584,0.696187994833081,0.0091624706448962,0.702233632515887,0.00838252550867342,0.689644070725567,0.0088337117742341,0.691019244437391,0.00983223398213901
