"beta","beta_sd","omega","omega_sd","rho","rho_sd","conv_code","tau1","tau1_sd","tau2","tau2_sd","tau3","tau3_sd","tau4","tau4_sd","tau5","tau5_sd","tau6","tau6_sd"
0.35592815803827,0.0340765059192041,15.7674646865842,0.414033614851246,-0.308771096998324,0.0186240846328465,1,-0.01566028342275,0.0307698058345395,0.699294550011474,0.0148818379916845,0.684659558581552,0.0161527302888528,0.661643986270045,0.0171593961258051,0.699679062831001,0.018074567226031,0.661673314490606,0.0200692537650598
