"beta","beta_sd","omega","omega_sd","rho","rho_sd","conv_code","tau1","tau1_sd","tau2","tau2_sd","tau3","tau3_sd","tau4","tau4_sd","tau5","tau5_sd","tau6","tau6_sd"
1.15639285561213,0.0334171578644447,15.9039671640646,0.347805790709382,0.612145707416043,0.0203700993277326,1,0.012251142315015,0.0294503157411353,0.707241751632716,0.012416148090367,0.70002614793773,0.0122376955888216,0.690221023445277,0.0128957017529065,0.710121636454305,0.0136098693742648,0.70997407138012,0.0147300587452234
