"beta","beta_sd","omega","omega_sd","rho","rho_sd","conv_code","tau1","tau1_sd","tau2","tau2_sd","tau3","tau3_sd","tau4","tau4_sd","tau5","tau5_sd","tau6","tau6_sd"
0.000660562481286298,0.00978962909156061,0.985902815895632,0.0169101408725211,0.0195680343946416,0.0141723646135952,1,-0.0106556600683647,0.0191209737638345,0.701564386713004,0.0073403733492727,0.665727145762433,0.00931776639376643,0.699157046784776,0.0120081437129768,0.678409577201681,0.0155036994814422,0.684154925301116,0.0202195714314086
