"beta","beta_sd","omega","omega_sd","rho","rho_sd","conv_code","tau1","tau1_sd","tau2","tau2_sd","tau3","tau3_sd","tau4","tau4_sd","tau5","tau5_sd","tau6","tau6_sd"
3.56782891006102,0.0299289945603381,0.0620612197628386,0.00589302317503485,0.276134200638435,0.0233230944365564,1,-0.0234221956600063,0.0482047996943859,0.686767259679166,0.0270597608720114,0.687252308174191,0.018839727797651,0.680269061474915,0.0160448336014413,0.691948539591206,0.0147521085691466,0.688231531733769,0.0146381082623486
