"beta","beta_sd","omega","omega_sd","rho","rho_sd","conv_code","tau1","tau1_sd","tau2","tau2_sd","tau3","tau3_sd","tau4","tau4_sd","tau5","tau5_sd","tau6","tau6_sd"
2.11165043855726,0.0129176881461165,0.0623786213624408,0.00160295145590989,-0.596738074305794,0.00634623894406286,1,0.0175587556602677,0.0262804914657362,0.698004266880449,0.0148572181857864,0.69490387095114,0.010730152435704,0.68936749686186,0.00986836225205802,0.703777059798756,0.00989780758993762,0.700051417804645,0.0106074007410757
