"beta","beta_sd","omega","omega_sd","rho","rho_sd","conv_code","tau1","tau1_sd","tau2","tau2_sd","tau3","tau3_sd","tau4","tau4_sd","tau5","tau5_sd","tau6","tau6_sd"
3.02621328422464,0.0394493983296983,0.965110250518242,0.0298297508284727,-0.28364864849978,0.0235170528966924,1,-0.0767946568563087,0.040504343795534,0.692653797418572,0.0227639193674236,0.680314440799034,0.0184999701659023,0.683991850113078,0.0177381880661121,0.669926313090201,0.0179538896472303,0.65877568118176,0.0182893245457828
