"beta","beta_sd","omega","omega_sd","rho","rho_sd","conv_code","tau1","tau1_sd","tau2","tau2_sd","tau3","tau3_sd","tau4","tau4_sd","tau5","tau5_sd","tau6","tau6_sd"
0.400700685467392,0.003951467221052,0.0621105564414131,0.00124473521520381,0.31675271246777,0.0102097572006587,1,0.0217360699445101,0.0140539633830567,0.69449182582444,0.00484677120261106,0.691069905146126,0.00606058308703621,0.698543014198964,0.0103688035111342,0.667366555656274,0.0209511509058989,0.703116082114564,0.0510108956689558
