"beta","beta_sd","omega","omega_sd","rho","rho_sd","conv_code","tau1","tau1_sd","tau2","tau2_sd","tau3","tau3_sd","tau4","tau4_sd","tau5","tau5_sd","tau6","tau6_sd"
3.43026998575457,0.045242671375147,16.6070426378051,0.395265892629201,-0.613796619857827,0.00835166216284725,1,-0.00511567683659716,0.0322970546794576,0.696429673575285,0.0146436321553267,0.684968624734033,0.0143469792137856,0.699618196034575,0.0145422703335146,0.702046068713729,0.0148671014335479,0.705611818756439,0.0154659468479797
