"beta","beta_sd","omega","omega_sd","rho","rho_sd","conv_code","tau1","tau1_sd","tau2","tau2_sd","tau3","tau3_sd","tau4","tau4_sd","tau5","tau5_sd","tau6","tau6_sd"
2.02573734676079,0.0109401327324248,0.0659273733481531,0.00176424746070247,-0.00376489907798166,0.0128858011275167,1,0.000929196983598981,0.02569935939887,0.693798868656197,0.0138651425244113,0.720205977775721,0.00956887910253996,0.707440349523878,0.00886397061399951,0.703191881434235,0.0091849626429758,0.72306628570358,0.0100063690625472
