"beta","beta_sd","omega","omega_sd","rho","rho_sd","conv_code","tau1","tau1_sd","tau2","tau2_sd","tau3","tau3_sd","tau4","tau4_sd","tau5","tau5_sd","tau6","tau6_sd"
3.0204888893459,0.0205284642652127,1.0109118123368,0.0186577054761646,-0.312129949573617,0.0118959499950201,1,0.00703744224253738,0.0283673415628688,0.690598018173618,0.0152665611513262,0.708404990553962,0.0112397317511088,0.691592453301435,0.0103531403144717,0.712415975308295,0.0102677798892094,0.705280128454979,0.0105907644254468
