"beta","beta_sd","omega","omega_sd","rho","rho_sd","conv_code","tau1","tau1_sd","tau2","tau2_sd","tau3","tau3_sd","tau4","tau4_sd","tau5","tau5_sd","tau6","tau6_sd"
2.7830489301612,0.0382304601280718,16.1445515545031,0.354250113774702,0.0157997350103824,0.0205629933019705,1,0.00862969510520491,0.0275740849810928,0.693728974715228,0.0129572151948653,0.711315541616731,0.0126622342148442,0.707361516211626,0.0131825798952438,0.669447977867165,0.0139534629669132,0.679966268247158,0.0146916413185263
