"beta","beta_sd","omega","omega_sd","rho","rho_sd","conv_code","tau1","tau1_sd","tau2","tau2_sd","tau3","tau3_sd","tau4","tau4_sd","tau5","tau5_sd","tau6","tau6_sd"
2.63985051964138,0.0393539695042101,16.1188094457276,0.384903720641598,0.318711973940183,0.0344159585366122,1,0.0153993035441356,0.0313562753860521,0.677555307194244,0.0145949256888957,0.707649137063763,0.014499699845245,0.670804548145642,0.0155462634492242,0.703002719499138,0.0159938924597481,0.690345184762355,0.0170062955557078
