"beta","beta_sd","omega","omega_sd","rho","rho_sd","conv_code","tau1","tau1_sd","tau2","tau2_sd","tau3","tau3_sd","tau4","tau4_sd","tau5","tau5_sd","tau6","tau6_sd"
3.47879596468245,0.0335681674485036,0.535418649852296,0.017928959679116,0.622273250264565,0.0163935784765767,1,-0.0196624545944972,0.047461548494562,0.67131411880465,0.0256341293016052,0.719033966662986,0.0189125608160771,0.686775345748487,0.0160526344826848,0.680488334492856,0.0154757100084142,0.698856912789202,0.0158323603569072
