"beta","beta_sd","omega","omega_sd","rho","rho_sd","conv_code","tau1","tau1_sd","tau2","tau2_sd","tau3","tau3_sd","tau4","tau4_sd","tau5","tau5_sd","tau6","tau6_sd"
3.10175179650053,0.0191344357867223,0.0627343938615054,0.00221901360526472,-0.59177212958402,0.006602753654486,1,0.096287808923577,0.0298803702207652,0.630277822564594,0.0180844138142293,0.706701439186834,0.0126187881345799,0.704888660425462,0.0107623226143539,0.669374291049029,0.0103595170099718,0.706196051031055,0.0101923340060941
