"beta","beta_sd","omega","omega_sd","rho","rho_sd","conv_code","tau1","tau1_sd","tau2","tau2_sd","tau3","tau3_sd","tau4","tau4_sd","tau5","tau5_sd","tau6","tau6_sd"
0.207113893173092,0.0040225774695376,0.0608412988587642,0.00121711581358722,-0.3117354090331,0.00900310273866558,1,0.0119193616887129,0.014130017546787,0.700147041854137,0.00613507482277361,0.709499000280131,0.00894818651512405,0.682686283485654,0.0190901175346823,0.697182634327936,0.0495779093172672,0.585607275116046,0.128391280666321
