"beta","beta_sd","omega","omega_sd","rho","rho_sd","conv_code","tau1","tau1_sd","tau2","tau2_sd","tau3","tau3_sd","tau4","tau4_sd","tau5","tau5_sd","tau6","tau6_sd"
3.10018122408236,0.024548694498499,0.0555268744214069,0.00464211328023302,0.326917767736223,0.0196773202225215,1,0.023185506162788,0.0442150656241609,0.693648811949337,0.0248082246600485,0.678157871742337,0.0173173091831755,0.723804858275649,0.014201979022761,0.667130858346951,0.0139148221157272,0.688180410713284,0.0139226065549608
