"beta","beta_sd","omega","omega_sd","rho","rho_sd","conv_code","tau1","tau1_sd","tau2","tau2_sd","tau3","tau3_sd","tau4","tau4_sd","tau5","tau5_sd","tau6","tau6_sd"
0.975193754487331,0.0165190987048486,0.982333686551474,0.0288782786431902,0.668444208054108,0.0223845564321741,1,0.0139884494104205,0.0401501386902322,0.665891415646009,0.0156446072954802,0.696261822433245,0.0152323936797726,0.687344797688478,0.0175138903757124,0.674678731957881,0.0206039098251367,0.711437114464868,0.0253063279820478
