"beta","beta_sd","omega","omega_sd","rho","rho_sd","conv_code","tau1","tau1_sd","tau2","tau2_sd","tau3","tau3_sd","tau4","tau4_sd","tau5","tau5_sd","tau6","tau6_sd"
1.68917936393143,0.0105333276400162,0.0603531435707532,0.00206514459041241,0.308313112665119,0.015540617643656,1,-0.0242394954922777,0.0288392924406713,0.70062435421364,0.0145465975450551,0.676342380683544,0.0106269645024475,0.681779028166867,0.0101116013678767,0.694004767893292,0.0108336084717044,0.70588846762783,0.0121221423322911
