"beta","beta_sd","omega","omega_sd","rho","rho_sd","conv_code","tau1","tau1_sd","tau2","tau2_sd","tau3","tau3_sd","tau4","tau4_sd","tau5","tau5_sd","tau6","tau6_sd"
1.69957012633697,0.0132926264955304,1.00592144598748,0.0209512921113285,0.89728319479726,0.00291862065135189,1,0.0759455154127638,0.0329732779107048,0.675194110120395,0.0114179397004782,0.680560159256129,0.0100290794017719,0.703984241672424,0.00987593695070178,0.68948890619474,0.0103654420574278,0.690432030211349,0.0117915879249642
