"beta","beta_sd","omega","omega_sd","rho","rho_sd","conv_code","tau1","tau1_sd","tau2","tau2_sd","tau3","tau3_sd","tau4","tau4_sd","tau5","tau5_sd","tau6","tau6_sd"
3.90611047840252,0.0302792179531137,0.0634802098667282,0.00387867253957795,-0.313764891470166,0.0148063769424268,1,-0.0258876781183493,0.0390189811653546,0.728804862275617,0.0228600750425342,0.682971531527452,0.0179185090112153,0.679817691136693,0.0146381468078349,0.687176239150487,0.01337375790632,0.693335651357803,0.0128856341920357
