"beta","beta_sd","omega","omega_sd","rho","rho_sd","conv_code","tau1","tau1_sd","tau2","tau2_sd","tau3","tau3_sd","tau4","tau4_sd","tau5","tau5_sd","tau6","tau6_sd"
0.203272373261232,0.00500887399776969,0.0624643267961042,0.00212105863539873,0.597515123887096,0.0103796093517115,1,-0.012148108232149,0.020828536348865,0.692797079459577,0.00726750986143851,0.698049863980534,0.0102327613814305,0.711661511863067,0.0203951294830381,0.753834561251165,0.0508921178533842,0.692157270557466,0.179585780652371
