"beta","beta_sd","omega","omega_sd","rho","rho_sd","conv_code","tau1","tau1_sd","tau2","tau2_sd","tau3","tau3_sd","tau4","tau4_sd","tau5","tau5_sd","tau6","tau6_sd"
3.47264539772253,0.0506991803702406,15.0352143514189,0.426432000764079,0.551350126280589,0.0379065794111172,1,0.0127474558844728,0.0424516174812737,0.660643495860659,0.0197266782402598,0.66094825750426,0.019318291355518,0.640785324547789,0.0197315067797185,0.651929221318096,0.0203823685274927,0.643419649931021,0.0220120628289378
