"beta","beta_sd","omega","omega_sd","rho","rho_sd","conv_code","tau1","tau1_sd","tau2","tau2_sd","tau3","tau3_sd","tau4","tau4_sd","tau5","tau5_sd","tau6","tau6_sd"
3.67215507857448,0.0364509870304845,0.993715122470316,0.0250393475418568,-0.594753067151679,0.0104064860441201,1,-0.00438733651187124,0.0388416197767061,0.668248027899788,0.0226337691595382,0.716363395155945,0.0168173519497044,0.673455432253445,0.0152890183378808,0.679108750553423,0.0145478981361892,0.694792779706219,0.0147684087141899
