"beta","beta_sd","omega","omega_sd","rho","rho_sd","conv_code","tau1","tau1_sd","tau2","tau2_sd","tau3","tau3_sd","tau4","tau4_sd","tau5","tau5_sd","tau6","tau6_sd"
3.10199820206414,0.0231903587769086,0.253078835169316,0.00620999561071976,-0.902066450856202,0.00186482855477252,1,0.0343031631409501,0.0305994445273584,0.662467557535551,0.0175718108448127,0.71371394571023,0.0133956673126877,0.691325397499406,0.0119418883246695,0.690781164745998,0.0115124828765658,0.701520765886194,0.0115654852120554
