"beta","beta_sd","omega","omega_sd","rho","rho_sd","conv_code","tau1","tau1_sd","tau2","tau2_sd","tau3","tau3_sd","tau4","tau4_sd","tau5","tau5_sd","tau6","tau6_sd"
0.398100626667384,0.00423172577672441,0.0635429468332444,0.0012167118390071,-0.306774523460553,0.00860350087505086,1,-0.0302270967231109,0.0140465351660794,0.703192091374459,0.00611104820226291,0.694681437848641,0.00751854462652587,0.684952536290254,0.0123780658566815,0.66680275912832,0.0245955425856045,0.661234249547168,0.059643419788025
