"beta","beta_sd","omega","omega_sd","rho","rho_sd","conv_code","tau1","tau1_sd","tau2","tau2_sd","tau3","tau3_sd","tau4","tau4_sd","tau5","tau5_sd","tau6","tau6_sd"
3.86476304775021,0.0515897903926884,16.1563112559173,0.418852382552487,-0.297595785625209,0.0189515203481821,1,0.0279552239194445,0.0343248231356118,0.708486320147851,0.0166936301250655,0.697443652893298,0.0168166693173945,0.683791530437894,0.0168104583278719,0.719999136998068,0.0170732470082538,0.68658141386179,0.017721807757368
