"beta","beta_sd","omega","omega_sd","rho","rho_sd","conv_code","tau1","tau1_sd","tau2","tau2_sd","tau3","tau3_sd","tau4","tau4_sd","tau5","tau5_sd","tau6","tau6_sd"
1.70220293941686,0.0115545322734126,0.0627947621440006,0.00191863918695868,-0.018513011253248,0.0165291784104439,1,-0.0298430593465798,0.0278215985736972,0.702150083443714,0.0146730066339276,0.696747926819968,0.0106485974081513,0.703905539762284,0.0104085402626987,0.680770676352189,0.0116045627121049,0.690370108747178,0.0128151597312441
