"beta","beta_sd","omega","omega_sd","rho","rho_sd","conv_code","tau1","tau1_sd","tau2","tau2_sd","tau3","tau3_sd","tau4","tau4_sd","tau5","tau5_sd","tau6","tau6_sd"
3.77954598103402,0.0329625584324069,0.253604187542212,0.00820221639448859,-0.304908324417596,0.0166561665132874,1,0.0368275895719797,0.0398708754723495,0.660476607677894,0.0240163176959658,0.669948795550099,0.0181522049733064,0.706861636900212,0.0147231400950438,0.713537765840473,0.0137628405639594,0.662418411437475,0.0139840155810337
