"beta","beta_sd","omega","omega_sd","rho","rho_sd","conv_code","tau1","tau1_sd","tau2","tau2_sd","tau3","tau3_sd","tau4","tau4_sd","tau5","tau5_sd","tau6","tau6_sd"
3.54523439464915,0.0342457559507276,1.00328692540459,0.0245366571198583,-0.610812824341676,0.00952793788044564,1,0.0554391153988863,0.0374927016643783,0.678405056520109,0.0216129346385546,0.708346124122232,0.0161082511938057,0.701345236872887,0.0146539132165762,0.70627817849687,0.0141224778486834,0.701011116120026,0.014359946113849
