"beta","beta_sd","omega","omega_sd","rho","rho_sd","conv_code","tau1","tau1_sd","tau2","tau2_sd","tau3","tau3_sd","tau4","tau4_sd","tau5","tau5_sd","tau6","tau6_sd"
1.79644748827391,0.00886692740596905,0.0642645097371071,0.00180816699918154,0.299623305487843,0.012708574300189,1,-0.0087515968183795,0.0242380856274778,0.674652947122623,0.0126906651084403,0.704396108272432,0.00871252859951045,0.695351390404913,0.00821294279512337,0.688677812630066,0.00879811775808454,0.699183680079689,0.00985927605184207
