"beta","beta_sd","omega","omega_sd","rho","rho_sd","conv_code","tau1","tau1_sd","tau2","tau2_sd","tau3","tau3_sd","tau4","tau4_sd","tau5","tau5_sd","tau6","tau6_sd"
3.30695209110983,0.0528688322870472,0.232849484440662,0.010454206648185,-0.898373201162292,0.00356801429980756,2,0.0690417489747023,0.0470510356883306,0.678960051997705,0.0281390325537786,0.680801455308746,0.0233691913051979,0.690336871356714,0.0214082662634655,0.672163939196627,0.0210415530029511,0.682789935179656,0.021206475504985
