"beta","beta_sd","omega","omega_sd","rho","rho_sd","conv_code","tau1","tau1_sd","tau2","tau2_sd","tau3","tau3_sd","tau4","tau4_sd","tau5","tau5_sd","tau6","tau6_sd"
3.51383056654098,0.0285212016118595,0.562604807505093,0.014316850385999,-0.014376444409996,0.0222888348590783,1,-0.00888593900853172,0.037773641757163,0.690169858018726,0.0215053915960194,0.711377318027466,0.0151159422423557,0.689287050220283,0.0134436649201488,0.698203637129639,0.0129933897464117,0.708148054697595,0.0130075262052095
