"beta","beta_sd","omega","omega_sd","rho","rho_sd","conv_code","tau1","tau1_sd","tau2","tau2_sd","tau3","tau3_sd","tau4","tau4_sd","tau5","tau5_sd","tau6","tau6_sd"
3.50973186773267,0.0608486334863732,0.2568924014239,0.0122163425417941,-0.89963144769544,0.00375942614534843,1,0.00838013321158159,0.0503468405874194,0.718351014161758,0.0289129172084612,0.686562480548131,0.0253169358760702,0.679963470828996,0.0229285828767836,0.710046278068018,0.0221919111843793,0.701833082092564,0.0222309276292003
