"beta","beta_sd","omega","omega_sd","rho","rho_sd","conv_code","tau1","tau1_sd","tau2","tau2_sd","tau3","tau3_sd","tau4","tau4_sd","tau5","tau5_sd","tau6","tau6_sd"
3.07997999628326,0.0292867430710609,0.550553539545105,0.0165262780429038,0.315910249168263,0.0294889781893765,1,0.0409478423609015,0.0420672370502349,0.675870688140871,0.0228610439422832,0.668736843789419,0.0170800658374115,0.694827218424672,0.0149249730475451,0.694246977225222,0.0148532175945143,0.68389097556677,0.015405173497436
