"beta","beta_sd","omega","omega_sd","rho","rho_sd","conv_code","tau1","tau1_sd","tau2","tau2_sd","tau3","tau3_sd","tau4","tau4_sd","tau5","tau5_sd","tau6","tau6_sd"
1.11290862292239,0.00844478277164869,0.064733029414452,0.00377080481429991,0.901638185459609,0.00195063268536699,1,0.00355655190390285,0.0323499815028868,0.710132480250414,0.011681417232967,0.69491419552637,0.00990303093987248,0.703300347952394,0.0100509790658427,0.706975206458975,0.011324907865108,0.693445932422446,0.0136082323294611
