"beta","beta_sd","omega","omega_sd","rho","rho_sd","conv_code","tau1","tau1_sd","tau2","tau2_sd","tau3","tau3_sd","tau4","tau4_sd","tau5","tau5_sd","tau6","tau6_sd"
1.61547757799489,0.0100768482758427,0.062474868950971,0.00242828616018224,0.612541174680768,0.00909100640913279,1,0.0294896301146835,0.0294103525521808,0.690720663506854,0.0140798371889884,0.70277560834491,0.0103945714779446,0.691697220606541,0.00994185317083397,0.717647440364561,0.0106118648128806,0.692465514183975,0.0119715151458723
