"beta","beta_sd","omega","omega_sd","rho","rho_sd","conv_code","tau1","tau1_sd","tau2","tau2_sd","tau3","tau3_sd","tau4","tau4_sd","tau5","tau5_sd","tau6","tau6_sd"
2.98430653668568,0.0199193819808653,0.0582387015419612,0.0024616133069801,-0.288494841370402,0.012348627303055,1,-0.0209514888228839,0.0340180958509843,0.694188825022751,0.0196763703353647,0.693577990051794,0.0140181174335185,0.696767117654157,0.0116091250466392,0.666578490885744,0.0112587335835191,0.694989709219801,0.0112791703538655
