"beta","beta_sd","omega","omega_sd","rho","rho_sd","conv_code","tau1","tau1_sd","tau2","tau2_sd","tau3","tau3_sd","tau4","tau4_sd","tau5","tau5_sd","tau6","tau6_sd"
1.08633529401986,0.0104816198748879,0.988479780263342,0.018598193112565,0.898310390253826,0.00274316354626829,1,-0.0362183887867245,0.0295984028323661,0.69298927178951,0.00874227828550507,0.68759248124031,0.00809190017705155,0.706595838629592,0.00848699200314159,0.69559108135278,0.00959972777999417,0.70453533669308,0.0113887799819675
