"beta","beta_sd","omega","omega_sd","rho","rho_sd","conv_code","tau1","tau1_sd","tau2","tau2_sd","tau3","tau3_sd","tau4","tau4_sd","tau5","tau5_sd","tau6","tau6_sd"
0.708150547624408,0.010814612928396,1.00088158622669,0.0207637123192167,0.904492622439305,0.00280452126653675,1,0.0566956744959716,0.0327732802045943,0.697354205491466,0.00941668961996486,0.703949705476779,0.00943567154157546,0.693730766315743,0.0105911383739974,0.692230942980033,0.0122347353437819,0.718655782485392,0.0149293158058881
