"beta","beta_sd","omega","omega_sd","rho","rho_sd","conv_code","tau1","tau1_sd","tau2","tau2_sd","tau3","tau3_sd","tau4","tau4_sd","tau5","tau5_sd","tau6","tau6_sd"
3.47501846426788,0.0218372400956484,0.536130903694592,0.0131418434425244,0.62687917784146,0.0116756775877981,1,0.0433114740574808,0.0353277721207615,0.663177597445995,0.0185839899586702,0.697741201893094,0.0132751000590575,0.676871126966602,0.0112591627839503,0.698435942581203,0.0104446228807943,0.688587532603367,0.0105143407145292
