"beta","beta_sd","omega","omega_sd","rho","rho_sd","conv_code","tau1","tau1_sd","tau2","tau2_sd","tau3","tau3_sd","tau4","tau4_sd","tau5","tau5_sd","tau6","tau6_sd"
0.993551318286823,0.0350677629645259,15.8945864544415,0.401101561985308,-0.898425351951056,0.00245627345670623,1,-0.0481668986577707,0.039861374707314,0.70737534245961,0.0149153874417171,0.690251277820025,0.0149551419713736,0.665336195055471,0.0157444937614094,0.690391425541617,0.0163291332447622,0.695865685410072,0.0173739223006264
