"beta","beta_sd","omega","omega_sd","rho","rho_sd","conv_code","tau1","tau1_sd","tau2","tau2_sd","tau3","tau3_sd","tau4","tau4_sd","tau5","tau5_sd","tau6","tau6_sd"
1.69423946426762,0.00849888601583061,0.0595053101846469,0.00343258488283639,0.901024298222872,0.00152532848245626,1,-0.00948678158548229,0.0294552727076488,0.696371635649341,0.0103342862454424,0.691810081699055,0.0081970657062992,0.692542626119349,0.00756680224721488,0.69179644080059,0.00769426240741941,0.683636035811804,0.00836604604337901
