"beta","beta_sd","omega","omega_sd","rho","rho_sd","conv_code","tau1","tau1_sd","tau2","tau2_sd","tau3","tau3_sd","tau4","tau4_sd","tau5","tau5_sd","tau6","tau6_sd"
1.05625717600789,0.0329860557768989,15.5337636037146,0.338085182631437,0.582706678061881,0.0220159049372897,1,0.0121414174165604,0.0289197189111239,0.707164412684726,0.0120763350570303,0.704137114531066,0.0122743770604379,0.701325257326327,0.0130020195077901,0.694085522435374,0.0139686288755374,0.694936741197901,0.0151336053457663
