"beta","beta_sd","omega","omega_sd","rho","rho_sd","conv_code","tau1","tau1_sd","tau2","tau2_sd","tau3","tau3_sd","tau4","tau4_sd","tau5","tau5_sd","tau6","tau6_sd"
1.19568225146221,0.0353618318209161,16.0532708245753,0.398537885440546,-0.89876202475679,0.00240299406390728,1,-0.0345311952093299,0.0391362009219804,0.68146381855567,0.0147033085290102,0.7060149929519,0.0144548282356901,0.703812333659388,0.0154058990882264,0.677716871197987,0.0163691552903195,0.695493216836124,0.0175393797918823
