"beta","beta_sd","omega","omega_sd","rho","rho_sd","conv_code","tau1","tau1_sd","tau2","tau2_sd","tau3","tau3_sd","tau4","tau4_sd","tau5","tau5_sd","tau6","tau6_sd"
0.271722384344031,0.0333625924318152,15.3947574282191,0.34850262796023,-0.0252752288062805,0.0197928127619021,1,-0.000387387196839826,0.0259034191968559,0.703108277364972,0.0119679404734593,0.673142405631108,0.0129698943860031,0.685335203170071,0.0139041979737222,0.695807601351875,0.0147959495587259,0.693490144179792,0.0161703986510128
