"beta","beta_sd","omega","omega_sd","rho","rho_sd","conv_code","tau1","tau1_sd","tau2","tau2_sd","tau3","tau3_sd","tau4","tau4_sd","tau5","tau5_sd","tau6","tau6_sd"
1.29999443025912,0.005546930214166,0.0620272608900125,0.00129783102734403,0.302783094609203,0.0101051569385191,1,-0.00110369328819632,0.0175182662198499,0.688680719641568,0.00839698777559273,0.700763044183016,0.00629111443595854,0.687731343437756,0.00662651790714337,0.695659347187466,0.00735886954357281,0.690137640502908,0.00857106142354052
