"beta","beta_sd","omega","omega_sd","rho","rho_sd","conv_code","tau1","tau1_sd","tau2","tau2_sd","tau3","tau3_sd","tau4","tau4_sd","tau5","tau5_sd","tau6","tau6_sd"
3.19543047046773,0.0217427318535006,0.252511755785294,0.00749437072741153,0.280290264928406,0.0202700200253767,1,0.0343036573036264,0.034965258602926,0.661299734848318,0.0198352498526018,0.702098715711788,0.0140214610134201,0.698907834595989,0.0119964920169872,0.688142580984244,0.0115338617368295,0.694600527714645,0.0116852074686761
