"beta","beta_sd","omega","omega_sd","rho","rho_sd","conv_code","tau1","tau1_sd","tau2","tau2_sd","tau3","tau3_sd","tau4","tau4_sd","tau5","tau5_sd","tau6","tau6_sd"
0.505828892893445,0.0119243530124767,1.07333546129842,0.0275340163030254,-0.331058669827963,0.0176547839347881,1,0.0336586553682394,0.0268795335697499,0.697784506240244,0.0131756477829377,0.722809800598177,0.0144889272446601,0.727073487635857,0.0167697515285032,0.748058899507348,0.0194632937695822,0.72940644849147,0.0238188758714228
