"beta","beta_sd","omega","omega_sd","rho","rho_sd","conv_code","tau1","tau1_sd","tau2","tau2_sd","tau3","tau3_sd","tau4","tau4_sd","tau5","tau5_sd","tau6","tau6_sd"
1.39144135494315,0.00700756745223303,0.0614603140200717,0.00133301677805252,-0.00419257956552027,0.0113377238396224,1,0.00583945722248289,0.0199203548664749,0.682804913207134,0.0103251384447705,0.684107350984266,0.00776505373885321,0.690337835052597,0.00787750790063091,0.698460149622785,0.0088110346789735,0.684000125172421,0.0099972219730167
