"beta","beta_sd","omega","omega_sd","rho","rho_sd","conv_code","tau1","tau1_sd","tau2","tau2_sd","tau3","tau3_sd","tau4","tau4_sd","tau5","tau5_sd","tau6","tau6_sd"
-0.114708413157664,0.0359915144411968,16.4305993648152,0.461928596535907,-0.607911575592828,0.0111808293792516,1,-0.0659597573471024,0.0341147750117526,0.708229655885402,0.0160093984307808,0.687047341998357,0.0168098892162667,0.704302268565945,0.018299872481172,0.695096124367833,0.019796366730577,0.705023576491057,0.0212364464916759
