"beta","beta_sd","omega","omega_sd","rho","rho_sd","conv_code","tau1","tau1_sd","tau2","tau2_sd","tau3","tau3_sd","tau4","tau4_sd","tau5","tau5_sd","tau6","tau6_sd"
3.15034956265222,0.0411337352408912,16.1013154219542,0.362501580825165,-0.307837593750039,0.0149887061239549,1,0.016836533123991,0.0278890845431673,0.682494153997469,0.0137709183462052,0.681453330652078,0.0134144077806494,0.707974002541087,0.0136088139194286,0.684267604378257,0.0144161413447573,0.693810182846561,0.0149622149193958
