"beta","beta_sd","omega","omega_sd","rho","rho_sd","conv_code","tau1","tau1_sd","tau2","tau2_sd","tau3","tau3_sd","tau4","tau4_sd","tau5","tau5_sd","tau6","tau6_sd"
1.98963166460324,0.0134733047320461,0.968755459876223,0.0173315922138366,0.585693261626811,0.0162309568263449,1,-0.00613042892595086,0.026205924026863,0.67752260871696,0.011822858889459,0.697070428981322,0.00956235400926339,0.679457256839095,0.00960661785823501,0.692779923366745,0.0101433880657049,0.687630754675132,0.011102728936069
