"beta","beta_sd","omega","omega_sd","rho","rho_sd","conv_code","tau1","tau1_sd","tau2","tau2_sd","tau3","tau3_sd","tau4","tau4_sd","tau5","tau5_sd","tau6","tau6_sd"
3.40681208292819,0.051333449503862,16.3771300978382,0.464847316816144,0.601946425070728,0.037188044658467,1,0.0361012331778822,0.0424649846713517,0.656239187088866,0.019883149860687,0.683848704284033,0.019434975463456,0.691036326432925,0.0191377046174918,0.693510203574475,0.0204406344930636,0.708224715770297,0.0208787632508353
