"beta","beta_sd","omega","omega_sd","rho","rho_sd","conv_code","tau1","tau1_sd","tau2","tau2_sd","tau3","tau3_sd","tau4","tau4_sd","tau5","tau5_sd","tau6","tau6_sd"
0.50734297377902,0.00453038950916659,0.0637237440858321,0.00117536380843846,-0.602868246532475,0.00526350976231814,1,0.0134789870020657,0.0142570207973461,0.694484019331906,0.00677460316570089,0.698767851963002,0.007378024216898,0.70914663045234,0.0104824576179502,0.718671379160273,0.0182498911955567,0.659509850101437,0.0415023594338126
