"beta","beta_sd","omega","omega_sd","rho","rho_sd","conv_code","tau1","tau1_sd","tau2","tau2_sd","tau3","tau3_sd","tau4","tau4_sd","tau5","tau5_sd","tau6","tau6_sd"
1.29403794487108,0.0124984827720218,1.01230698040562,0.0176620837032906,-0.598572974604903,0.00666288318612601,1,-0.00410870267389489,0.0233031731583129,0.682552531531079,0.0102225306485942,0.699480450531433,0.0098485106791835,0.696518454885017,0.0105268503340535,0.681824533999066,0.011922128461792,0.677470810011755,0.0136031365814831
