"beta","beta_sd","omega","omega_sd","rho","rho_sd","conv_code","tau1","tau1_sd","tau2","tau2_sd","tau3","tau3_sd","tau4","tau4_sd","tau5","tau5_sd","tau6","tau6_sd"
1.3303950540614,0.0112710224298979,1.03193639718662,0.0174111092591624,0.293278689296299,0.019593166087171,1,0.0472341601295477,0.021954118913467,0.69771223248689,0.00912826853851234,0.708774618230697,0.00886788590043869,0.707520125598709,0.00967861097674888,0.7042353942666,0.0110315106004641,0.700518939080208,0.0127387112637818
