"beta","beta_sd","omega","omega_sd","rho","rho_sd","conv_code","tau1","tau1_sd","tau2","tau2_sd","tau3","tau3_sd","tau4","tau4_sd","tau5","tau5_sd","tau6","tau6_sd"
0.897831516148019,0.0103564605798572,1.01923960436452,0.0193752671542424,0.899503657373959,0.00270018887563846,1,0.0140538306636763,0.029381582013835,0.693235113183564,0.008298466561368,0.676947171167979,0.00811024357171305,0.720294422653453,0.00868270046459877,0.67735236517435,0.010293488859518,0.691328373183355,0.0124381960475945
