"beta","beta_sd","omega","omega_sd","rho","rho_sd","conv_code","tau1","tau1_sd","tau2","tau2_sd","tau3","tau3_sd","tau4","tau4_sd","tau5","tau5_sd","tau6","tau6_sd"
3.06679063510458,0.0217080368198325,1.01046251857033,0.0215070891658305,0.602192126732512,0.0157864459950784,1,0.0053135935147337,0.0343404477739634,0.676297264597888,0.017400769025394,0.688961710564401,0.0129083699095961,0.691505395081457,0.0114485818008245,0.680792844904204,0.0113013574220218,0.690096610822274,0.0116758411392061
