"beta","beta_sd","omega","omega_sd","rho","rho_sd","conv_code","tau1","tau1_sd","tau2","tau2_sd","tau3","tau3_sd","tau4","tau4_sd","tau5","tau5_sd","tau6","tau6_sd"
3.82162187429345,0.0225601330228622,0.0600168455955558,0.00441812577859611,0.310526310982525,0.0152278762712103,1,0.0195737830148973,0.0357789380084434,0.692230079369733,0.0203349619646609,0.712086267532462,0.0142100720543192,0.687214650935884,0.0118413743846362,0.692291379033446,0.0108526518038527,0.695385367618505,0.0105096110087797
