"beta","beta_sd","omega","omega_sd","rho","rho_sd","conv_code","tau1","tau1_sd","tau2","tau2_sd","tau3","tau3_sd","tau4","tau4_sd","tau5","tau5_sd","tau6","tau6_sd"
3.65679190488969,0.0461010950092635,1.02736552502979,0.0332818159419027,-0.0207873871312479,0.0343627304291675,1,0.0330602808682587,0.0450352818581993,0.723196170963369,0.0251201291124451,0.682062092082385,0.0203645359379802,0.703183089460129,0.0185477669585216,0.701486587409235,0.0178659613071866,0.717777480378889,0.0181867993616217
