"beta","beta_sd","omega","omega_sd","rho","rho_sd","conv_code","tau1","tau1_sd","tau2","tau2_sd","tau3","tau3_sd","tau4","tau4_sd","tau5","tau5_sd","tau6","tau6_sd"
3.85465760238854,0.0352719731464911,0.2313941136414,0.00782123745837813,-0.597558314425051,0.0096964149961063,1,-0.0534127006679461,0.0428793356016148,0.675141128896551,0.0251662970338989,0.693922908129944,0.0182908145181103,0.700643421283722,0.0154394324692869,0.673773606786035,0.0143904611476236,0.683478946181661,0.014302572349716
