"beta","beta_sd","omega","omega_sd","rho","rho_sd","conv_code","tau1","tau1_sd","tau2","tau2_sd","tau3","tau3_sd","tau4","tau4_sd","tau5","tau5_sd","tau6","tau6_sd"
4.01566118843045,0.0326491084031267,0.989408676717876,0.0230312481980013,-0.308699085145488,0.0156765175736077,1,0.0349622680031786,0.034548381507697,0.674981594283879,0.0204645137013603,0.706173861442088,0.0149265421341646,0.689888325011935,0.0132220279460303,0.706284103617368,0.0124958936580061,0.699218515860777,0.0124273967508997
