"beta","beta_sd","omega","omega_sd","rho","rho_sd","conv_code","tau1","tau1_sd","tau2","tau2_sd","tau3","tau3_sd","tau4","tau4_sd","tau5","tau5_sd","tau6","tau6_sd"
0.293712112398882,0.035481700497838,15.9488023935939,0.421803196164255,0.901733126450994,0.00455084820616903,1,-0.0632889491761622,0.0452916284217114,0.704516219467547,0.0158600444072226,0.69264790860439,0.0157360265476996,0.698517676699037,0.0162723320483663,0.695826199005879,0.0172816804468168,0.695901928166217,0.0187369652676315
