"beta","beta_sd","omega","omega_sd","rho","rho_sd","conv_code","tau1","tau1_sd","tau2","tau2_sd","tau3","tau3_sd","tau4","tau4_sd","tau5","tau5_sd","tau6","tau6_sd"
0.120204988794917,0.0346588920040408,15.6486979611753,0.427032085781611,-0.590580236392088,0.0111266978937828,1,0.0570456555511544,0.0340664832173957,0.65643693874406,0.0159635887542797,0.690225258963917,0.016290261958492,0.681912325167967,0.0179526395152919,0.637137295745195,0.0196319057792167,0.709954677538051,0.020310283491054
