"beta","beta_sd","omega","omega_sd","rho","rho_sd","conv_code","tau1","tau1_sd","tau2","tau2_sd","tau3","tau3_sd","tau4","tau4_sd","tau5","tau5_sd","tau6","tau6_sd"
3.28448870746952,0.0215460649908139,1.01180904868499,0.0195314992477491,0.00349226015611364,0.0175104867921261,1,0.00437428558968746,0.0293811384735999,0.680352449170199,0.016068391333279,0.686631875549396,0.0117629536136878,0.690222797084632,0.0106270085293568,0.697120470466048,0.0103288382422915,0.69666933273408,0.0106205370792292
