"beta","beta_sd","omega","omega_sd","rho","rho_sd","conv_code","tau1","tau1_sd","tau2","tau2_sd","tau3","tau3_sd","tau4","tau4_sd","tau5","tau5_sd","tau6","tau6_sd"
3.0906851830297,0.0189954701341247,1.02575187307726,0.019840624884032,0.575968389680728,0.0153696338246309,1,0.0237538251780111,0.0315306475391402,0.685124100592677,0.0156425240934147,0.704977816258315,0.0109506718260925,0.673175423029252,0.00998200841107352,0.688486712818691,0.00977808678197031,0.680577358234547,0.0101921427045302
