"beta","beta_sd","omega","omega_sd","rho","rho_sd","conv_code","tau1","tau1_sd","tau2","tau2_sd","tau3","tau3_sd","tau4","tau4_sd","tau5","tau5_sd","tau6","tau6_sd"
0.700880578163101,0.00437090849446002,0.0624938277489752,0.00104251865960244,-0.303882173903025,0.00707396266079436,1,0.00177946733918099,0.0131601630715157,0.694271210216025,0.00599697571029871,0.689770367926717,0.0058803222690337,0.692830513456719,0.00736673129393286,0.706237722110889,0.0109561391042445,0.666784432215634,0.0205033386544449
