"beta","beta_sd","omega","omega_sd","rho","rho_sd","conv_code","tau1","tau1_sd","tau2","tau2_sd","tau3","tau3_sd","tau4","tau4_sd","tau5","tau5_sd","tau6","tau6_sd"
0.53650017956546,0.0345540869111568,16.4262901802045,0.409357358188087,0.263309693794659,0.0336043530987589,1,-0.0567231658760941,0.0305769758743755,0.685324608517354,0.0140465398324055,0.726184456544923,0.0148529340587794,0.691610883651059,0.0159972115346556,0.673384312079852,0.0174430073662117,0.718072162413193,0.0185666535082849
