"beta","beta_sd","omega","omega_sd","rho","rho_sd","conv_code","tau1","tau1_sd","tau2","tau2_sd","tau3","tau3_sd","tau4","tau4_sd","tau5","tau5_sd","tau6","tau6_sd"
1.00536950934538,0.00556569885359226,0.0622245842471705,0.00169483105901193,0.591241723079913,0.00797005186048197,1,-0.000673813463629718,0.0198046544563058,0.698024740342208,0.00814190773652925,0.696437122282784,0.00671781510593903,0.697756690415052,0.0074154390719136,0.70096649652588,0.00906699878334014,0.69427007398562,0.0124515262602598
