"beta","beta_sd","omega","omega_sd","rho","rho_sd","conv_code","tau1","tau1_sd","tau2","tau2_sd","tau3","tau3_sd","tau4","tau4_sd","tau5","tau5_sd","tau6","tau6_sd"
1.29765967694878,0.0118689444836602,1.02028505729749,0.0171440554676193,-0.305310022551701,0.0110720368262319,1,-0.0221902915013535,0.0219290590053221,0.689399258552201,0.0096720338586727,0.713979991663575,0.00935177122205619,0.699323406020019,0.0101981139881426,0.703756224510254,0.0115564731456639,0.705462995221897,0.0131917396340599
