"beta","beta_sd","omega","omega_sd","rho","rho_sd","conv_code","tau1","tau1_sd","tau2","tau2_sd","tau3","tau3_sd","tau4","tau4_sd","tau5","tau5_sd","tau6","tau6_sd"
2.99582016017087,0.0151365807715443,0.061710867153668,0.00284513280156202,0.298475391649896,0.0137911546676614,1,0.0122272642307949,0.0302327460245317,0.692369280719979,0.0165523438854839,0.696975893021134,0.0115663328796106,0.6805148205968,0.00964639211251414,0.691292161313011,0.0092172236094885,0.689828108472664,0.00933267554148919
