"beta","beta_sd","omega","omega_sd","rho","rho_sd","conv_code","tau1","tau1_sd","tau2","tau2_sd","tau3","tau3_sd","tau4","tau4_sd","tau5","tau5_sd","tau6","tau6_sd"
0.0604480745241586,0.0362184636374783,15.9161356976814,0.457838030539267,0.595057861578838,0.0351048563519722,1,0.0131644730317026,0.0409161018237273,0.717983168619448,0.0173376451913492,0.680794463680363,0.0187416395392454,0.715619116421329,0.0198091267641114,0.689329178817762,0.0215819959830965,0.692096437289543,0.0246763006022791
