"beta","beta_sd","omega","omega_sd","rho","rho_sd","conv_code","tau1","tau1_sd","tau2","tau2_sd","tau3","tau3_sd","tau4","tau4_sd","tau5","tau5_sd","tau6","tau6_sd"
0.489587931531738,0.0350684405596036,15.360633498435,0.443727901165936,-0.897974606281639,0.00294910965854402,1,-0.00542613748815775,0.0463088312496068,0.67470681965378,0.0177612572689012,0.670292756054642,0.0178027214844492,0.673536385221012,0.018212063594979,0.664262457051868,0.0195639101320059,0.685714614419375,0.0211766244121133
