"beta","beta_sd","omega","omega_sd","rho","rho_sd","conv_code","tau1","tau1_sd","tau2","tau2_sd","tau3","tau3_sd","tau4","tau4_sd","tau5","tau5_sd","tau6","tau6_sd"
3.09417817292091,0.0181541789723931,0.24858001629929,0.00576811681079606,0.0109621186034913,0.0154859082056553,1,0.0156202374136639,0.0306117213503118,0.684484863224329,0.0172837022337682,0.689567785539808,0.0120101833901521,0.69335300137913,0.0102663111499724,0.694707163218934,0.00981185485773616,0.683152377366317,0.0101428211026473
