"beta","beta_sd","omega","omega_sd","rho","rho_sd","conv_code","tau1","tau1_sd","tau2","tau2_sd","tau3","tau3_sd","tau4","tau4_sd","tau5","tau5_sd","tau6","tau6_sd"
2.3075676604439,0.0124491682514857,0.0631945094789724,0.00222574086710385,0.283557775641895,0.0136903160408788,1,-0.0298035982405369,0.0299817035392531,0.723147993434004,0.0154521199266531,0.696201033954165,0.0106955059151758,0.677506815412725,0.0094388145392051,0.692216607360126,0.00928109916318775,0.696347659002441,0.00986151535772406
