"beta","beta_sd","omega","omega_sd","rho","rho_sd","conv_code","tau1","tau1_sd","tau2","tau2_sd","tau3","tau3_sd","tau4","tau4_sd","tau5","tau5_sd","tau6","tau6_sd"
0.298155589805477,0.0340862818729443,16.1642794936186,0.370986620386418,-0.0052136315101953,0.0197906484077115,1,-0.016360773685275,0.0263913541304998,0.706314683509235,0.0120963962913806,0.691390296140962,0.0128211262318654,0.700069101421605,0.0138236305796983,0.703314020945042,0.0149972639897482,0.698806829172567,0.0164870968450164
