"beta","beta_sd","omega","omega_sd","rho","rho_sd","conv_code","tau1","tau1_sd","tau2","tau2_sd","tau3","tau3_sd","tau4","tau4_sd","tau5","tau5_sd","tau6","tau6_sd"
2.18986809812831,0.0148462773632754,0.982335253385645,0.0185792357714945,0.593532319858364,0.015827969163779,1,-0.0423092373000669,0.0277246540013457,0.681643172946713,0.0125023708115463,0.702191406305617,0.00998940283255899,0.684850170344779,0.00988353881067966,0.693414286810396,0.0101955026478168,0.677633650207591,0.0113385103676825
