"beta","beta_sd","omega","omega_sd","rho","rho_sd","conv_code","tau1","tau1_sd","tau2","tau2_sd","tau3","tau3_sd","tau4","tau4_sd","tau5","tau5_sd","tau6","tau6_sd"
2.54528542169304,0.0179396529262525,0.968169570080948,0.0174001480666226,-0.599567012402,0.00627329858582093,1,-0.0420781571634871,0.0256361623818682,0.688435152144948,0.0131536169343637,0.692538402872913,0.0104561057686098,0.677163968516457,0.0100282998589536,0.679327538819267,0.0101545993166083,0.658556207870984,0.0108045191761309
