"beta","beta_sd","omega","omega_sd","rho","rho_sd","conv_code","tau1","tau1_sd","tau2","tau2_sd","tau3","tau3_sd","tau4","tau4_sd","tau5","tau5_sd","tau6","tau6_sd"
3.60480784388357,0.0214262129881511,0.0619422364316111,0.00317898424276818,-0.0160144238692976,0.0144540309469362,1,-0.0229260550069323,0.0342489363765738,0.70185570837609,0.0196324915404766,0.709631164165069,0.0136899314970587,0.695686406399387,0.0114738670860493,0.680333932509189,0.0107014044333834,0.687056141639998,0.0104155006704929
