"beta","beta_sd","omega","omega_sd","rho","rho_sd","conv_code","tau1","tau1_sd","tau2","tau2_sd","tau3","tau3_sd","tau4","tau4_sd","tau5","tau5_sd","tau6","tau6_sd"
3.26210180737913,0.0233101682645974,0.977576781499728,0.0193535886310902,-0.29507060382498,0.0132274490489502,1,-0.0307709643115244,0.0289459059436178,0.693982070305262,0.0163949461839759,0.674758251932887,0.0124584735194941,0.699409142385635,0.0109426723475163,0.682724524064597,0.0108926217016691,0.678496117195284,0.0112427557899099
