"beta","beta_sd","omega","omega_sd","rho","rho_sd","conv_code","tau1","tau1_sd","tau2","tau2_sd","tau3","tau3_sd","tau4","tau4_sd","tau5","tau5_sd","tau6","tau6_sd"
3.50252119545667,0.0204461839547311,0.0675500284416884,0.00511402509814316,0.587338552833021,0.0095164946619761,1,0.0240496565368844,0.0357239532061858,0.70892973844371,0.0190794068238903,0.663357086508857,0.0140030583987632,0.699143067279345,0.0111165790332594,0.690733570759001,0.0102986139020346,0.69623924051989,0.0102020901982356
