"beta","beta_sd","omega","omega_sd","rho","rho_sd","conv_code","tau1","tau1_sd","tau2","tau2_sd","tau3","tau3_sd","tau4","tau4_sd","tau5","tau5_sd","tau6","tau6_sd"
0.901138276989508,0.0063358178988275,0.0619959904678703,0.00203274340240234,0.603860418654491,0.00931180000552198,1,0.0114259005137031,0.0225234283885802,0.686672859871461,0.00955369502439454,0.690552741009998,0.00833015044317681,0.682235142364223,0.0094517445095735,0.676415904301265,0.0122633740979222,0.72678513744806,0.0175692604000029
