"beta","beta_sd","omega","omega_sd","rho","rho_sd","conv_code","tau1","tau1_sd","tau2","tau2_sd","tau3","tau3_sd","tau4","tau4_sd","tau5","tau5_sd","tau6","tau6_sd"
2.55788846636488,0.0406021592104526,15.6593800907045,0.39414555917108,-0.27975675271334,0.0190197781913523,1,0.0495611223415793,0.0312971222917605,0.68890601050008,0.0154186229629254,0.681959341114206,0.015774729280631,0.685030952048293,0.0162805649024543,0.675898361112907,0.017048819124947,0.6854344925459,0.0176959817687727
