"beta","beta_sd","omega","omega_sd","rho","rho_sd","conv_code","tau1","tau1_sd","tau2","tau2_sd","tau3","tau3_sd","tau4","tau4_sd","tau5","tau5_sd","tau6","tau6_sd"
2.10232196913543,0.0155355739008329,0.994807984191378,0.0179768378238904,0.00532730672008452,0.0177125755127662,1,0.0428354452980726,0.0239344565376746,0.681184163167216,0.0118424299917133,0.695436479506735,0.0101571345231672,0.6988568975198,0.0102047817612364,0.702427654490116,0.0109188503480164,0.679332449421025,0.0119514151022207
