"beta","beta_sd","omega","omega_sd","rho","rho_sd","conv_code","tau1","tau1_sd","tau2","tau2_sd","tau3","tau3_sd","tau4","tau4_sd","tau5","tau5_sd","tau6","tau6_sd"
2.43858924807946,0.035932537697172,15.8221773914028,0.336282247623507,0.285731875936549,0.0236344133023292,1,0.0420130303006827,0.0273048206062202,0.682208107517502,0.0123947289224988,0.7017670082417,0.0123877449724047,0.708130688201427,0.0125933119770883,0.717723172958361,0.0131151995218663,0.695690597964821,0.0141976865202116
