"beta","beta_sd","omega","omega_sd","rho","rho_sd","conv_code","tau1","tau1_sd","tau2","tau2_sd","tau3","tau3_sd","tau4","tau4_sd","tau5","tau5_sd","tau6","tau6_sd"
0.625744524511499,0.0345099066973508,15.8801580927564,0.38200642662851,0.902607758209547,0.00407406215444429,1,0.0283645197237792,0.0414862424897865,0.701315993955229,0.0136604529839113,0.709188430453884,0.0133914636916493,0.710728715645067,0.0139972869200596,0.689043214254379,0.0145691649405355,0.731593987427725,0.0157152876082323
