"beta","beta_sd","omega","omega_sd","rho","rho_sd","conv_code","tau1","tau1_sd","tau2","tau2_sd","tau3","tau3_sd","tau4","tau4_sd","tau5","tau5_sd","tau6","tau6_sd"
1.09153505609887,0.0116318531487781,0.989597443918289,0.0172562788133239,-0.599605126500236,0.00663304766673844,1,-0.0141738748443436,0.0227853843854844,0.70920571509325,0.00965350809466082,0.675626656356704,0.00994575845496513,0.685825613804288,0.0109035715814742,0.687832730426898,0.0122469482489873,0.691353509090844,0.0142730237677689
