"beta","beta_sd","omega","omega_sd","rho","rho_sd","conv_code","tau1","tau1_sd","tau2","tau2_sd","tau3","tau3_sd","tau4","tau4_sd","tau5","tau5_sd","tau6","tau6_sd"
3.08963790025914,0.0231252807934822,0.240605088982148,0.0106933802662682,0.896178754149023,0.00234590957572315,1,0.0183880511792259,0.0420774592466512,0.679823732107823,0.0187066126630007,0.680252880569581,0.0144943440726516,0.693225386723768,0.0123351610074277,0.679747928699778,0.0119580338782649,0.690878713087492,0.0117554901756479
