"beta","beta_sd","omega","omega_sd","rho","rho_sd","conv_code","tau1","tau1_sd","tau2","tau2_sd","tau3","tau3_sd","tau4","tau4_sd","tau5","tau5_sd","tau6","tau6_sd"
1.21933066609787,0.0344197037027773,15.805022010419,0.375570204638472,0.903232007879917,0.00382014140359325,1,0.0678565094453834,0.0406601942217039,0.699430021571093,0.013454668088479,0.705727194706606,0.0130722892128127,0.667681217279853,0.0141935728564535,0.69695914867807,0.0141982256506672,0.7131314907109,0.0154459564773575
