"beta","beta_sd","omega","omega_sd","rho","rho_sd","conv_code","tau1","tau1_sd","tau2","tau2_sd","tau3","tau3_sd","tau4","tau4_sd","tau5","tau5_sd","tau6","tau6_sd"
3.62520442813006,0.0230235674688052,0.573122660104723,0.0140215566305043,0.581124334838074,0.0138335873508486,1,0.0519589985127657,0.0354872354701279,0.67428307446379,0.0191508093576835,0.698242668251458,0.0135100758651417,0.705743934586163,0.0112837269789985,0.682069896193805,0.0107005086562648,0.697544473772153,0.0107097001735144
