"beta","beta_sd","omega","omega_sd","rho","rho_sd","conv_code","tau1","tau1_sd","tau2","tau2_sd","tau3","tau3_sd","tau4","tau4_sd","tau5","tau5_sd","tau6","tau6_sd"
1.59185966554838,0.0107325135291956,0.993589412415376,0.0150015715356505,0.323359293564173,0.0150859845272871,1,6.08960681373644e-05,0.0199792714957659,0.689427694620091,0.00834480645195944,0.69631059903674,0.00757067237096339,0.686325439804511,0.00802616865251574,0.684277496270188,0.00901627639161275,0.686554407524011,0.0102734471161966
