"beta","beta_sd","omega","omega_sd","rho","rho_sd","conv_code","tau1","tau1_sd","tau2","tau2_sd","tau3","tau3_sd","tau4","tau4_sd","tau5","tau5_sd","tau6","tau6_sd"
1.4950312785548,0.00849097284599044,0.0645581053557557,0.0034720011730128,0.894316500441659,0.00179234640952995,1,0.0109111822922853,0.0303899303121464,0.683595191397876,0.0112141059251273,0.685603547271641,0.0088462788797296,0.694999479802928,0.00826914485201304,0.693261854250692,0.00866987638670223,0.684097748960071,0.00987445067445751
