"beta","beta_sd","omega","omega_sd","rho","rho_sd","conv_code","tau1","tau1_sd","tau2","tau2_sd","tau3","tau3_sd","tau4","tau4_sd","tau5","tau5_sd","tau6","tau6_sd"
1.00778049689311,0.0349179065920477,16.8998527777884,0.404507981154087,0.591350819402541,0.0269043783861752,1,-0.0184426565766768,0.0322504613564626,0.708119908565649,0.0141374828393003,0.703370863862032,0.0144702154697268,0.725112855074772,0.0150902515669966,0.689210755311631,0.0162379146431461,0.687693188254423,0.0177338004260418
