"beta","beta_sd","omega","omega_sd","rho","rho_sd","conv_code","tau1","tau1_sd","tau2","tau2_sd","tau3","tau3_sd","tau4","tau4_sd","tau5","tau5_sd","tau6","tau6_sd"
3.87600329763821,0.087153618101797,15.4497553095099,0.687901941616303,-0.598806285936968,0.0190688760419637,1,0.0855954836926374,0.0470727633679337,0.649965845821922,0.0274023493148782,0.681164666970853,0.0269319422636686,0.68052161132256,0.0267188633904034,0.673354492082125,0.0280100673561756,0.663546099329777,0.0283750906376829
