"beta","beta_sd","omega","omega_sd","rho","rho_sd","conv_code","tau1","tau1_sd","tau2","tau2_sd","tau3","tau3_sd","tau4","tau4_sd","tau5","tau5_sd","tau6","tau6_sd"
2.08906291283175,0.01279728874651,1.01177154556631,0.0162281850402971,0.296800191731804,0.0165662826000786,1,-0.0102780043934145,0.0222858683910979,0.678831534708819,0.010199630473796,0.690475685665548,0.00842116918804335,0.697767838110981,0.0083664634929141,0.695467972813497,0.00885360865934335,0.67980081584165,0.00985076860785879
