"beta","beta_sd","omega","omega_sd","rho","rho_sd","conv_code","tau1","tau1_sd","tau2","tau2_sd","tau3","tau3_sd","tau4","tau4_sd","tau5","tau5_sd","tau6","tau6_sd"
2.32046121996071,0.018026958266324,1.0166508724203,0.0189011292618968,-0.900495947397531,0.0017067094627373,1,0.0134001502407748,0.0282516846176151,0.70359184573959,0.0126901915133834,0.723801085692896,0.0107748008116518,0.690882629310989,0.0104984952814822,0.698799522475874,0.0106730895287549,0.688870752718391,0.0114171166946717
