"beta","beta_sd","omega","omega_sd","rho","rho_sd","conv_code","tau1","tau1_sd","tau2","tau2_sd","tau3","tau3_sd","tau4","tau4_sd","tau5","tau5_sd","tau6","tau6_sd"
2.30784265130053,0.0162153177785539,0.995008214659921,0.0170674697937609,-0.595764184159107,0.00616132443644048,1,-0.00777813540328276,0.024540807444303,0.694405932075233,0.0120486633666243,0.698694281724189,0.00983002452273309,0.687520438383148,0.00954560932087581,0.678071464220411,0.00999750352957886,0.683345968489788,0.0105966294146606
