"beta","beta_sd","omega","omega_sd","rho","rho_sd","conv_code","tau1","tau1_sd","tau2","tau2_sd","tau3","tau3_sd","tau4","tau4_sd","tau5","tau5_sd","tau6","tau6_sd"
3.31386067768121,0.0291589245413272,0.246107619803087,0.00925025312306404,0.30724740351388,0.024150248482836,1,0.0157890995246791,0.0464204604305191,0.690091953695578,0.0259121391798595,0.703522797986809,0.0180488849358107,0.677923264592166,0.0156765995207636,0.706200205854258,0.0144644264607552,0.692455671472889,0.0148236057464482
