"beta","beta_sd","omega","omega_sd","rho","rho_sd","conv_code","tau1","tau1_sd","tau2","tau2_sd","tau3","tau3_sd","tau4","tau4_sd","tau5","tau5_sd","tau6","tau6_sd"
0.996227960042819,0.0192550292969679,1.01049844915839,0.033985759594135,-0.0190445497530504,0.034543241050004,1,-0.043766420287487,0.0373699892316738,0.713434943736235,0.0172770622896032,0.697019930276791,0.0181028215978002,0.708995324076518,0.0202654884801449,0.69007802369881,0.0236054155496277,0.70010269664129,0.0271266223736482
