"beta","beta_sd","omega","omega_sd","rho","rho_sd","conv_code","tau1","tau1_sd","tau2","tau2_sd","tau3","tau3_sd","tau4","tau4_sd","tau5","tau5_sd","tau6","tau6_sd"
2.00098286370544,0.0131969767682083,0.0590924369615007,0.00239158759093101,0.294070245122241,0.0163200653357392,1,-0.0541986355549445,0.0333791996817505,0.726874225027356,0.0169433042839874,0.686684519266393,0.011994373128807,0.689275930318671,0.0109456889958766,0.696952957730393,0.0109919170285573,0.686193394399829,0.0124333927735434
