"beta","beta_sd","omega","omega_sd","rho","rho_sd","conv_code","tau1","tau1_sd","tau2","tau2_sd","tau3","tau3_sd","tau4","tau4_sd","tau5","tau5_sd","tau6","tau6_sd"
3.79573532321111,0.0522129499801663,0.245174658980811,0.0113465498170525,-0.60323298243536,0.0132686383944538,1,0.0955250692141029,0.0516667623520893,0.629231408466867,0.0321473513366341,0.737967579340513,0.0231000212151167,0.663578555811758,0.0207006038772708,0.682206111881236,0.0194962979330983,0.692132985233666,0.0195734496593237
