"beta","beta_sd","omega","omega_sd","rho","rho_sd","conv_code","tau1","tau1_sd","tau2","tau2_sd","tau3","tau3_sd","tau4","tau4_sd","tau5","tau5_sd","tau6","tau6_sd"
3.35785634215533,0.0550772724174577,15.795431125878,0.49433598248676,0.341959570964711,0.0518364423376065,1,0.0123894805104199,0.0406730946996412,0.686486015476673,0.0203236949058777,0.684103909675512,0.0202875459547914,0.709309732257589,0.0203490362751137,0.673438375293139,0.0213766901897777,0.709906029649797,0.021864986408071
