"beta","beta_sd","omega","omega_sd","rho","rho_sd","conv_code","tau1","tau1_sd","tau2","tau2_sd","tau3","tau3_sd","tau4","tau4_sd","tau5","tau5_sd","tau6","tau6_sd"
0.903966586321422,0.00515758215336153,0.0640710771834735,0.00142179169260869,0.2998456304444,0.0119455018661311,1,0.0154705694197579,0.016950907547344,0.6922705237868,0.00742948470204761,0.690410076297112,0.00655265397642272,0.703411445087604,0.00760978580964348,0.699329200338408,0.00989264944715693,0.704885767293488,0.0146607838794176
