"beta","beta_sd","omega","omega_sd","rho","rho_sd","conv_code","tau1","tau1_sd","tau2","tau2_sd","tau3","tau3_sd","tau4","tau4_sd","tau5","tau5_sd","tau6","tau6_sd"
1.19539011076204,0.0115503735693586,1.04482282440211,0.0207764355498258,0.898039776295747,0.00286979427866511,1,-0.0607406477429102,0.031530672033667,0.701870423432417,0.0101591032622113,0.696812109924517,0.00937999543248749,0.712566264456796,0.00966542783946044,0.697192133337986,0.0108916596339278,0.697086521116388,0.0128694048945798
