"beta","beta_sd","omega","omega_sd","rho","rho_sd","conv_code","tau1","tau1_sd","tau2","tau2_sd","tau3","tau3_sd","tau4","tau4_sd","tau5","tau5_sd","tau6","tau6_sd"
3.09384624684801,0.0267645115734522,0.234812909083418,0.00909782510134987,0.604757884526647,0.0138091499034394,1,0.0266461918535149,0.045154174381442,0.671023017073351,0.0242044960790707,0.698472054446018,0.0173385356777152,0.686392056468325,0.0149819098631575,0.701845223992814,0.0140941819598854,0.679088192217818,0.0143997764631318
