"beta","beta_sd","omega","omega_sd","rho","rho_sd","conv_code","tau1","tau1_sd","tau2","tau2_sd","tau3","tau3_sd","tau4","tau4_sd","tau5","tau5_sd","tau6","tau6_sd"
0.595194600798129,0.0130467437268247,1.00031562911714,0.0287362550835954,-0.594753327620122,0.0114623285284568,1,0.0400100083941765,0.0278930324851242,0.679981319786547,0.0149885453967214,0.689440708360539,0.0158286357720123,0.695736712468199,0.0175806647575966,0.705402031412503,0.0203296319927076,0.696756012244774,0.0237683239322859
