"beta","beta_sd","omega","omega_sd","rho","rho_sd","conv_code","tau1","tau1_sd","tau2","tau2_sd","tau3","tau3_sd","tau4","tau4_sd","tau5","tau5_sd","tau6","tau6_sd"
2.48402726368813,0.0404546514460074,15.8401656459257,0.406752614312672,0.898260318851649,0.0047278871562412,1,-0.0431519700914024,0.044801904445597,0.68061884005966,0.0163704527023422,0.719208905164965,0.015557693249972,0.69598956290613,0.0156159141274849,0.697452654409227,0.0163446316831204,0.689418993598739,0.0172172622808212
