"beta","beta_sd","omega","omega_sd","rho","rho_sd","conv_code","tau1","tau1_sd","tau2","tau2_sd","tau3","tau3_sd","tau4","tau4_sd","tau5","tau5_sd","tau6","tau6_sd"
0.072998995588459,0.0409305165973699,17.5258309645177,1.21823100484282,-0.905784036345663,0.00660117968060558,1,0.0385664670798622,0.0665331526556602,0.726588793131874,0.0373495836157478,0.721372646489387,0.0381091337264313,0.701908773450986,0.0390256648253459,0.703832110560202,0.0399350576333867,0.771695029429293,0.0415048591391576
