"beta","beta_sd","omega","omega_sd","rho","rho_sd","conv_code","tau1","tau1_sd","tau2","tau2_sd","tau3","tau3_sd","tau4","tau4_sd","tau5","tau5_sd","tau6","tau6_sd"
3.50698910231995,0.0405157246897832,0.248434571354205,0.0100248121813563,-0.329674579901135,0.02035673024998,1,0.00109689738222449,0.0472938381214775,0.701595723881409,0.0269128896852535,0.672872852280298,0.02083116417019,0.709222862862262,0.0177004329890141,0.680680863675401,0.0173039599272455,0.696536938896963,0.0172451376360793
