"beta","beta_sd","omega","omega_sd","rho","rho_sd","conv_code","tau1","tau1_sd","tau2","tau2_sd","tau3","tau3_sd","tau4","tau4_sd","tau5","tau5_sd","tau6","tau6_sd"
2.41221782490802,0.0401266043450179,16.1299191855527,0.409772480377249,-0.289124211821929,0.0189605549145819,1,-0.0233780398499721,0.0323337164807876,0.704509587570878,0.0154528014478417,0.682507617955971,0.0158886996864499,0.715829979849679,0.0161831618184045,0.682193544452885,0.0169562585502211,0.690319664428584,0.0178610509979729
