"beta","beta_sd","omega","omega_sd","rho","rho_sd","conv_code","tau1","tau1_sd","tau2","tau2_sd","tau3","tau3_sd","tau4","tau4_sd","tau5","tau5_sd","tau6","tau6_sd"
0.969781992424605,0.0334865697358324,16.02548812966,0.352861632258288,0.29423465336204,0.0238164969551337,1,0.0210654283017213,0.0268889527484177,0.688180163705208,0.0117941484830333,0.684853131999288,0.0124948435907128,0.676868620792755,0.0133662771198166,0.696828449536804,0.0140188467474551,0.67015609279702,0.0156987380971271
