"beta","beta_sd","omega","omega_sd","rho","rho_sd","conv_code","tau1","tau1_sd","tau2","tau2_sd","tau3","tau3_sd","tau4","tau4_sd","tau5","tau5_sd","tau6","tau6_sd"
3.72827039097069,0.0396224176137909,0.996679015085289,0.0301302039594982,0.310398919562651,0.0361346179694293,1,0.0793885533055097,0.0487421638012327,0.677808573623872,0.0266014293086626,0.688926034063438,0.0193636902953563,0.721387766010364,0.0167742466191765,0.692137669656285,0.0167559839454124,0.708040781790016,0.0171032090660167
