"beta","beta_sd","omega","omega_sd","rho","rho_sd","conv_code","tau1","tau1_sd","tau2","tau2_sd","tau3","tau3_sd","tau4","tau4_sd","tau5","tau5_sd","tau6","tau6_sd"
0.775095390448524,0.012187969890776,0.979536646793758,0.0231918338918153,0.0135629494314173,0.0249277336558286,1,-0.0600234091953849,0.0253223654973461,0.69245741649518,0.0117180899712304,0.667637842722886,0.0131018493934722,0.670216313115132,0.0148864740122878,0.668566903327845,0.0168133838607062,0.684036509487576,0.0198749087950511
