"beta","beta_sd","omega","omega_sd","rho","rho_sd","conv_code","tau1","tau1_sd","tau2","tau2_sd","tau3","tau3_sd","tau4","tau4_sd","tau5","tau5_sd","tau6","tau6_sd"
3.8939658935721,0.033183507096539,1.00090451251406,0.0232231464960395,-0.615145515701296,0.0082764929337569,1,0.0200609229140491,0.0356511903081007,0.666846213169313,0.0206348507332957,0.703043865111815,0.0152066285174058,0.689894307773708,0.013518370772652,0.686017858136946,0.0127239612454418,0.705252037880999,0.0126022826382697
