"beta","beta_sd","omega","omega_sd","rho","rho_sd","conv_code","tau1","tau1_sd","tau2","tau2_sd","tau3","tau3_sd","tau4","tau4_sd","tau5","tau5_sd","tau6","tau6_sd"
2.19538892247309,0.0165940935798337,0.99435550432926,0.0181427557130163,-0.293598353553943,0.0124923959675615,1,0.00192053484907671,0.0256525967043564,0.702409810379019,0.0126707063086429,0.683313784495777,0.0107218879254928,0.693873293616598,0.0106633021104886,0.692984994729401,0.0109820632083866,0.685263980739236,0.0120508982464261
