"beta","beta_sd","omega","omega_sd","rho","rho_sd","conv_code","tau1","tau1_sd","tau2","tau2_sd","tau3","tau3_sd","tau4","tau4_sd","tau5","tau5_sd","tau6","tau6_sd"
2.38602815118313,0.0109719927051337,0.0593229142899772,0.00200247636738275,0.327605315986437,0.0116086380076078,1,-0.0296612852248072,0.0270962305412105,0.695146010586567,0.0143716041047972,0.687843202023293,0.00958649906072006,0.697656076975936,0.00818696209273297,0.688544641459494,0.00815517712476515,0.680298057745484,0.00861418544151222
