"beta","beta_sd","omega","omega_sd","rho","rho_sd","conv_code","tau1","tau1_sd","tau2","tau2_sd","tau3","tau3_sd","tau4","tau4_sd","tau5","tau5_sd","tau6","tau6_sd"
3.29412170405932,0.0199221070075945,0.563651127417791,0.0120826966098147,0.320202832342007,0.0202347847109065,1,-0.00227245117586043,0.0319598984908886,0.665659544675644,0.0177164902092047,0.708418097992282,0.0120974409517526,0.686654403531182,0.0104697026443074,0.694158119351801,0.0100389954552914,0.701300416012337,0.0102849732422782
