"beta","beta_sd","omega","omega_sd","rho","rho_sd","conv_code","tau1","tau1_sd","tau2","tau2_sd","tau3","tau3_sd","tau4","tau4_sd","tau5","tau5_sd","tau6","tau6_sd"
2.10831866335196,0.0149869006406933,1.00882117939139,0.0184957723770678,0.284646237878943,0.0218525178390771,1,-0.033702104390611,0.0256117419447988,0.704876888127866,0.011815944440577,0.705216459339583,0.00985042889941149,0.682825233124955,0.0100135416380757,0.697614425234956,0.0106056535351702,0.692100698701498,0.0115197691513937
