"beta","beta_sd","omega","omega_sd","rho","rho_sd","conv_code","tau1","tau1_sd","tau2","tau2_sd","tau3","tau3_sd","tau4","tau4_sd","tau5","tau5_sd","tau6","tau6_sd"
3.10985157286505,0.0255397928197784,0.0706748430131019,0.0059662057183305,0.570077027838692,0.0133132746910799,1,0.0357027063142432,0.0464624428784206,0.694248375923682,0.0245869458071864,0.684447976735717,0.0175290838922482,0.682839909821163,0.0150333275156127,0.68655720334622,0.0137140428883683,0.690250122951294,0.0139699499997404
