"beta","beta_sd","omega","omega_sd","rho","rho_sd","conv_code","tau1","tau1_sd","tau2","tau2_sd","tau3","tau3_sd","tau4","tau4_sd","tau5","tau5_sd","tau6","tau6_sd"
0.99863819294893,0.005998545608227,0.0624272210619883,0.00117375846372431,-0.594083197404243,0.00529327638076244,1,0.000631302066883873,0.0161079167786447,0.69138148136031,0.0085879230459872,0.689509329245203,0.00746111538843665,0.693630340532346,0.00825540446784515,0.687566396294906,0.00996996911040247,0.684901483411506,0.0131785556206078
