"beta","beta_sd","omega","omega_sd","rho","rho_sd","conv_code","tau1","tau1_sd","tau2","tau2_sd","tau3","tau3_sd","tau4","tau4_sd","tau5","tau5_sd","tau6","tau6_sd"
3.25636500036301,0.018828153006985,0.233680001591678,0.00643654865068822,0.320251418172819,0.0172625327185221,1,-0.00884566846878946,0.0329001827762018,0.665598145819649,0.018533197638209,0.712854874290448,0.0124271136691258,0.668279294937591,0.0106937720610044,0.669935562150788,0.0101672893262389,0.688987770749066,0.0101331128391539
