"beta","beta_sd","omega","omega_sd","rho","rho_sd","conv_code","tau1","tau1_sd","tau2","tau2_sd","tau3","tau3_sd","tau4","tau4_sd","tau5","tau5_sd","tau6","tau6_sd"
1.99747926791801,0.0102455307750329,0.0622034210721793,0.00135841071419383,-0.605777282258675,0.00509216542929908,1,0.0116145859565456,0.0217060926412052,0.69709931975228,0.0121769018545768,0.681653687825218,0.00895231524435047,0.686496780250787,0.00821381178642078,0.694589307937344,0.00839011824315465,0.69740650985077,0.00924829715195433
