"beta","beta_sd","omega","omega_sd","rho","rho_sd","conv_code","tau1","tau1_sd","tau2","tau2_sd","tau3","tau3_sd","tau4","tau4_sd","tau5","tau5_sd","tau6","tau6_sd"
0.406498903496296,0.0332434613226686,15.4940354872121,0.346850374916576,0.557328663008875,0.0238633251960439,1,-0.0144794248152184,0.0279851476609365,0.696486293196602,0.0119274117365958,0.684465120693959,0.0124930165644008,0.6775434390746,0.0134514276425921,0.701263783980256,0.0144311448521112,0.69104330059639,0.0158167565383919
