"beta","beta_sd","omega","omega_sd","rho","rho_sd","conv_code","tau1","tau1_sd","tau2","tau2_sd","tau3","tau3_sd","tau4","tau4_sd","tau5","tau5_sd","tau6","tau6_sd"
1.88828130955013,0.012757829597806,0.983602307446893,0.01550463843113,-0.28129368818281,0.0099882499022648,1,0.00431591100600663,0.0209393689151042,0.695074771243745,0.00979983603859478,0.683097991218669,0.00857392961132523,0.675037658236839,0.00877969704724016,0.692418385629372,0.00929882239067911,0.685888096932346,0.0101820681401543
