"beta","beta_sd","omega","omega_sd","rho","rho_sd","conv_code","tau1","tau1_sd","tau2","tau2_sd","tau3","tau3_sd","tau4","tau4_sd","tau5","tau5_sd","tau6","tau6_sd"
2.57046565229174,0.0385016055217019,15.9122984718861,0.369924597631643,0.6345898530056,0.0248861324756568,1,0.018769037358212,0.0339184826932464,0.71732728162726,0.0145430894960151,0.668078502480047,0.01459312381644,0.718121033736146,0.0145684947274196,0.680906210945685,0.0154774206858654,0.72595144936707,0.016496699064971
