"beta","beta_sd","omega","omega_sd","rho","rho_sd","conv_code","tau1","tau1_sd","tau2","tau2_sd","tau3","tau3_sd","tau4","tau4_sd","tau5","tau5_sd","tau6","tau6_sd"
3.86295978783099,0.0397013537884032,0.23489844920648,0.0108199211509823,0.0631232821061249,0.0300294593566804,1,0.00172567671019485,0.0497129354923762,0.654822520751653,0.029641632481247,0.711038151294593,0.0204946202718938,0.690771841812597,0.0177281834014712,0.67281000544389,0.0169068640222639,0.687225490919265,0.0168021219334065
