"beta","beta_sd","omega","omega_sd","rho","rho_sd","conv_code","tau1","tau1_sd","tau2","tau2_sd","tau3","tau3_sd","tau4","tau4_sd","tau5","tau5_sd","tau6","tau6_sd"
0.604512156621899,0.00413703435552036,0.0615909300411952,0.00121939178600216,0.307976550880101,0.0100629674119286,1,0.0121985797679605,0.0142135871962401,0.683356931582611,0.00534985418264727,0.698225098338902,0.00556373086754559,0.69499419314079,0.00775333266433401,0.691387437493728,0.0128718330863772,0.662491850158757,0.0266998553895691
