"beta","beta_sd","omega","omega_sd","rho","rho_sd","conv_code","tau1","tau1_sd","tau2","tau2_sd","tau3","tau3_sd","tau4","tau4_sd","tau5","tau5_sd","tau6","tau6_sd"
2.60509429273959,0.0214925332260013,0.970555058231648,0.0197423800012606,-0.597661768570279,0.00805142803751401,1,-0.00135286148390075,0.0298414442215242,0.724725650857763,0.0153110154738125,0.689873225324468,0.012680522677457,0.678781407267394,0.0119575703882921,0.689667119299237,0.0120010659876694,0.689128992984317,0.0127098181847309
