"beta","beta_sd","omega","omega_sd","rho","rho_sd","conv_code","tau1","tau1_sd","tau2","tau2_sd","tau3","tau3_sd","tau4","tau4_sd","tau5","tau5_sd","tau6","tau6_sd"
0.0251940037392406,0.034527897180435,15.8662200627045,0.387960183530051,-0.59268736868275,0.00881614651074247,1,0.00305274455073662,0.0291175748590987,0.693498482747004,0.0132564121041351,0.654243303703209,0.0142170128168811,0.701904378941445,0.0149661773580611,0.714392293847674,0.0161848182442276,0.712564195436123,0.0174651491508769
