"beta","beta_sd","omega","omega_sd","rho","rho_sd","conv_code","tau1","tau1_sd","tau2","tau2_sd","tau3","tau3_sd","tau4","tau4_sd","tau5","tau5_sd","tau6","tau6_sd"
2.94957425623654,0.110311810497948,17.977013460709,1.28899168921945,-0.913575727453123,0.00617319477071272,1,0.000863193034043124,0.0670146768733118,0.734933423723692,0.0391824043858752,0.752034635952749,0.0393169941149823,0.807301529451455,0.0389943243843282,0.80333684718625,0.0396863364838381,0.73607216815428,0.0405967875027827
