"beta","beta_sd","omega","omega_sd","rho","rho_sd","conv_code","tau1","tau1_sd","tau2","tau2_sd","tau3","tau3_sd","tau4","tau4_sd","tau5","tau5_sd","tau6","tau6_sd"
2.19639952726551,0.0154189067001093,0.995095403562979,0.0167925201797583,-0.598350334386273,0.00595815497428381,1,-0.00137577105526909,0.0244485778782391,0.690830300216998,0.0116360813484324,0.699094804889249,0.0095743100984511,0.695338601066772,0.00934431735779044,0.686770722391883,0.0098758820714002,0.680175807212386,0.0105870902484241
