"beta","beta_sd","omega","omega_sd","rho","rho_sd","conv_code","tau1","tau1_sd","tau2","tau2_sd","tau3","tau3_sd","tau4","tau4_sd","tau5","tau5_sd","tau6","tau6_sd"
3.39081024051482,0.0321857510699104,0.572050575325578,0.018214564923342,0.607866608053003,0.0172515296320084,1,0.00877146124205358,0.0470466012793186,0.701172593259281,0.0246367681428244,0.67649830548756,0.0181723562577877,0.677658111894683,0.0160552893643302,0.688842993203949,0.0150865698323919,0.690180554084991,0.0155088846216439
