"beta","beta_sd","omega","omega_sd","rho","rho_sd","conv_code","tau1","tau1_sd","tau2","tau2_sd","tau3","tau3_sd","tau4","tau4_sd","tau5","tau5_sd","tau6","tau6_sd"
3.8688360698385,0.0370701403168509,0.976732465139325,0.0250599550798353,-0.897429004033699,0.00236480242432761,1,-0.0138075961392062,0.0384049854268743,0.697802031004297,0.0202426309210355,0.673298349101963,0.0165906916561706,0.679766076354602,0.014667499620252,0.696680775914466,0.0137883452230699,0.679777830173133,0.0137446447278295
