"beta","beta_sd","omega","omega_sd","rho","rho_sd","conv_code","tau1","tau1_sd","tau2","tau2_sd","tau3","tau3_sd","tau4","tau4_sd","tau5","tau5_sd","tau6","tau6_sd"
3.27595398328883,0.0545060715105936,16.9264584707754,0.502145991890165,-0.903808499294314,0.00287997597303231,1,-0.0104980850259678,0.0493097682038068,0.731422710376052,0.0187231093240516,0.713865155161414,0.0185215496703221,0.684402138418607,0.0191252541950542,0.714723514672276,0.0191233624578867,0.711575188767899,0.0197394337559759
