"beta","beta_sd","omega","omega_sd","rho","rho_sd","conv_code","tau1","tau1_sd","tau2","tau2_sd","tau3","tau3_sd","tau4","tau4_sd","tau5","tau5_sd","tau6","tau6_sd"
2.67015982215636,0.0188994682958944,0.982729147625254,0.0196888384346505,0.331039668216238,0.0234618943554861,1,-0.0607748995816592,0.0295456760528789,0.704378746809874,0.0144740178369145,0.690680953100692,0.0113162127856688,0.698166310993275,0.0107711527962906,0.679480053492242,0.0110169730362364,0.697395440712211,0.0115855605944673
