"beta","beta_sd","omega","omega_sd","rho","rho_sd","conv_code","tau1","tau1_sd","tau2","tau2_sd","tau3","tau3_sd","tau4","tau4_sd","tau5","tau5_sd","tau6","tau6_sd"
0.456689804341557,0.0358525963795649,16.136783870782,0.61575264428407,-0.332665400076833,0.0278007525992264,1,-0.0895205553648779,0.0404646055500509,0.716478118215779,0.0217538400574397,0.691475665063479,0.0235007185250654,0.663558587264237,0.0243742713214126,0.697330449936355,0.0255480261328138,0.729269197034984,0.0265555158282214
