"beta","beta_sd","omega","omega_sd","rho","rho_sd","conv_code","tau1","tau1_sd","tau2","tau2_sd","tau3","tau3_sd","tau4","tau4_sd","tau5","tau5_sd","tau6","tau6_sd"
2.72273130021013,0.021523956328243,1.01913898831021,0.0203547755516328,-0.300186968440905,0.0138123660730833,1,0.0160361358150917,0.0302533709263329,0.690274504319465,0.0161045524567323,0.685565919606569,0.0124065590603719,0.709528647121585,0.0114947150875497,0.693038044703043,0.0117708885794265,0.711975759485558,0.0120652256245289
