"beta","beta_sd","omega","omega_sd","rho","rho_sd","conv_code","tau1","tau1_sd","tau2","tau2_sd","tau3","tau3_sd","tau4","tau4_sd","tau5","tau5_sd","tau6","tau6_sd"
0.993241122680533,0.00952444591408223,0.988069776466864,0.0145509659275702,0.299355945333017,0.0141726880879078,1,-0.0600779672267124,0.0189561297423018,0.692436199889921,0.00721359335446981,0.697704373666736,0.00730978190122839,0.692445809686139,0.00834243821116904,0.686293694782812,0.00996369119651494,0.701081551620171,0.0119058449679789
