"beta","beta_sd","omega","omega_sd","rho","rho_sd","conv_code","tau1","tau1_sd","tau2","tau2_sd","tau3","tau3_sd","tau4","tau4_sd","tau5","tau5_sd","tau6","tau6_sd"
3.43627221487112,0.0245272082914042,0.0665723784593687,0.00278199028847727,-0.904088781077068,0.00180909230060596,1,0.095124553901977,0.0313107484296972,0.672613011366297,0.0184096675468413,0.694073836021927,0.0142968294660933,0.706129626870015,0.0124551124003885,0.703109404029544,0.0115749169896774,0.698308472471894,0.0115366667750023
