"beta","beta_sd","omega","omega_sd","rho","rho_sd","conv_code","tau1","tau1_sd","tau2","tau2_sd","tau3","tau3_sd","tau4","tau4_sd","tau5","tau5_sd","tau6","tau6_sd"
2.7648537569359,0.0642624022587045,15.2973342405407,0.660458654400905,-0.588716529757457,0.0187374253073137,1,0.0317021105759059,0.0461016711488381,0.678807698606652,0.025272103157701,0.660465184087022,0.0258921790584419,0.659391128871285,0.026492539143103,0.693753052255366,0.0267623217258003,0.637621209839282,0.0281423298518107
