"beta","beta_sd","omega","omega_sd","rho","rho_sd","conv_code","tau1","tau1_sd","tau2","tau2_sd","tau3","tau3_sd","tau4","tau4_sd","tau5","tau5_sd","tau6","tau6_sd"
3.50224036076129,0.0250791330278423,0.563115521844179,0.0183122243809157,0.902128162251349,0.0023234421818053,2,-0.00247424731229341,0.0427458492232612,0.688472622973797,0.0183478347092602,0.705743040623742,0.0134603846620636,0.681856839249178,0.0116578080078962,0.703232062170547,0.0108738868496261,0.695532056992793,0.0110141488687708
