"beta","beta_sd","omega","omega_sd","rho","rho_sd","conv_code","tau1","tau1_sd","tau2","tau2_sd","tau3","tau3_sd","tau4","tau4_sd","tau5","tau5_sd","tau6","tau6_sd"
0.596247605208015,0.0109406444522943,1.0337772371064,0.0235076500887151,0.307366585158253,0.0293127651356394,1,-0.00437057610444192,0.0254940031755913,0.685812845065163,0.0105924623431277,0.714419106717824,0.0120787505311269,0.706343938332161,0.0146298175059763,0.699688895683918,0.0173878847308465,0.702722568379773,0.0205694999111584
