"beta","beta_sd","omega","omega_sd","rho","rho_sd","conv_code","tau1","tau1_sd","tau2","tau2_sd","tau3","tau3_sd","tau4","tau4_sd","tau5","tau5_sd","tau6","tau6_sd"
3.6662429183506,0.0247620781476709,0.0639244446521545,0.00499434810227064,0.300954046325468,0.0177839345094427,1,-0.0111855793803346,0.0388558665560483,0.697531424629669,0.0219873675782256,0.687051628267548,0.0163034094372124,0.69226727447612,0.0131709794904062,0.670134614027491,0.0121675860651651,0.696990659506755,0.0120522204482046
