"beta","beta_sd","omega","omega_sd","rho","rho_sd","conv_code","tau1","tau1_sd","tau2","tau2_sd","tau3","tau3_sd","tau4","tau4_sd","tau5","tau5_sd","tau6","tau6_sd"
0.823829775898935,0.0447491360272586,15.295348132674,0.986246703999337,-0.892862114638839,0.00697372507711021,1,0.0187923491848962,0.0635682355984626,0.673810054896076,0.0355988624002047,0.653829548193662,0.0357661278916981,0.68695420674517,0.0364629668442102,0.667509437925079,0.0375009670042095,0.63020684970975,0.0383539609871541
