"beta","beta_sd","omega","omega_sd","rho","rho_sd","conv_code","tau1","tau1_sd","tau2","tau2_sd","tau3","tau3_sd","tau4","tau4_sd","tau5","tau5_sd","tau6","tau6_sd"
1.60645063440134,0.00698275706530609,0.0646499180755541,0.00182705895583416,0.598814024152701,0.00707031854298117,1,0.00309758228756668,0.0217216487321355,0.694381874143545,0.00991836762669277,0.692649853420275,0.00726359248363286,0.690250013346182,0.0069497696640017,0.701069599059953,0.00740779681480383,0.700244641763424,0.00829061089917488
