"beta","beta_sd","omega","omega_sd","rho","rho_sd","conv_code","tau1","tau1_sd","tau2","tau2_sd","tau3","tau3_sd","tau4","tau4_sd","tau5","tau5_sd","tau6","tau6_sd"
1.70490020824498,0.00833047859825927,0.0632252876298851,0.00171207182831179,0.287745569696877,0.0127414142423093,1,5.35635810263458e-05,0.0234242870933098,0.689865242913315,0.0120138278815693,0.713108172382958,0.00836513328409719,0.686192175138742,0.00813897597536088,0.695630609805031,0.008673660593169,0.713394224860256,0.00971740744016028
