"beta","beta_sd","omega","omega_sd","rho","rho_sd","conv_code","tau1","tau1_sd","tau2","tau2_sd","tau3","tau3_sd","tau4","tau4_sd","tau5","tau5_sd","tau6","tau6_sd"
3.90292164997678,0.036841066700172,0.0598363344271923,0.00781195767927285,0.284403304070001,0.0248813614277113,1,-0.0317788421411734,0.0528609476334829,0.676912959260063,0.0305163385547663,0.655388151349372,0.0226901682056367,0.694200544561359,0.0177056970061771,0.675371190870107,0.0163961161375601,0.675707626174905,0.0160199405256658
