"beta","beta_sd","omega","omega_sd","rho","rho_sd","conv_code","tau1","tau1_sd","tau2","tau2_sd","tau3","tau3_sd","tau4","tau4_sd","tau5","tau5_sd","tau6","tau6_sd"
3.42746268775681,0.0274892267558681,0.221471311089234,0.0127039883527334,0.897087973534066,0.00237498598108604,1,-0.0360689498791038,0.046300016143406,0.611651792515259,0.022804663308241,0.719477529565126,0.0158818822814497,0.695450088753297,0.013668121789445,0.667267797735201,0.0127914021557015,0.66363473762364,0.0127919301821443
