"beta","beta_sd","omega","omega_sd","rho","rho_sd","conv_code","tau1","tau1_sd","tau2","tau2_sd","tau3","tau3_sd","tau4","tau4_sd","tau5","tau5_sd","tau6","tau6_sd"
0.0743282789675628,0.0359777845707988,16.0315233041699,0.493078581710136,-0.898062772914112,0.00313715074371553,1,-0.0554540376843145,0.0459932327307095,0.697567063578951,0.0179648604611979,0.673795941358827,0.0188345980409349,0.702702266827587,0.0190812007862988,0.674794338730678,0.02064442808402,0.686148058179332,0.0225711038607359
