"beta","beta_sd","omega","omega_sd","rho","rho_sd","conv_code","tau1","tau1_sd","tau2","tau2_sd","tau3","tau3_sd","tau4","tau4_sd","tau5","tau5_sd","tau6","tau6_sd"
3.02833012371665,0.0413313138375143,16.10586349675,0.379863967916583,0.635528404168401,0.0249148891318975,1,0.0338996331012914,0.0348817350896208,0.680999042134813,0.0155586980604909,0.686583758171573,0.0147527407392221,0.675622928275045,0.0148919839104609,0.714678287688445,0.0155318287659369,0.680140817176507,0.0166031022152527
