"beta","beta_sd","omega","omega_sd","rho","rho_sd","conv_code","tau1","tau1_sd","tau2","tau2_sd","tau3","tau3_sd","tau4","tau4_sd","tau5","tau5_sd","tau6","tau6_sd"
0.603425635134619,0.00474857082407701,0.0613903788373769,0.00114984299029057,-0.600622346632513,0.00522076692305399,1,0.00732092469956743,0.0144688524145868,0.688935314382873,0.00699395005673157,0.682525040216623,0.00724777882620743,0.69974784069613,0.00948522654484659,0.691735646474175,0.015132732263443,0.691888265147743,0.0285890984574383
