"beta","beta_sd","omega","omega_sd","rho","rho_sd","conv_code","tau1","tau1_sd","tau2","tau2_sd","tau3","tau3_sd","tau4","tau4_sd","tau5","tau5_sd","tau6","tau6_sd"
3.54294903963695,0.0243007294617639,0.243354810520043,0.00645783692027917,-0.264608220585957,0.0140359718410863,1,-0.0352573250710361,0.0343152714271397,0.689722288805373,0.0199918427593738,0.688886739985273,0.0141614578616653,0.675485974692922,0.012015389816032,0.678849612349553,0.0112870961476952,0.688229746285776,0.0112062966481582
