"beta","beta_sd","omega","omega_sd","rho","rho_sd","conv_code","tau1","tau1_sd","tau2","tau2_sd","tau3","tau3_sd","tau4","tau4_sd","tau5","tau5_sd","tau6","tau6_sd"
0.0901538608846644,0.0100665952373278,1.00751291229626,0.0192266068959959,0.300378731193814,0.0223516162152135,1,-0.00871469731075126,0.021663380933308,0.687460159887873,0.0083524908821144,0.675266245562862,0.0105153247630419,0.714431355964088,0.013026267094118,0.655473709633533,0.0171816742482376,0.687353248776729,0.0217105933947613
