"beta","beta_sd","omega","omega_sd","rho","rho_sd","conv_code","tau1","tau1_sd","tau2","tau2_sd","tau3","tau3_sd","tau4","tau4_sd","tau5","tau5_sd","tau6","tau6_sd"
3.19521888149329,0.0479993219537222,16.3017930459811,0.451301167988087,0.605665421164782,0.03425274965052,1,0.00584497005338349,0.0424940358989033,0.703879878323179,0.0190892289864451,0.685831064439455,0.0185367373641151,0.700707273716858,0.0188639321488137,0.688251031352655,0.020134096958894,0.708030401273076,0.0206523914213895
