"beta","beta_sd","omega","omega_sd","rho","rho_sd","conv_code","tau1","tau1_sd","tau2","tau2_sd","tau3","tau3_sd","tau4","tau4_sd","tau5","tau5_sd","tau6","tau6_sd"
1.74112222264684,0.0142805012439388,1.03283696245022,0.0177665137950501,-0.904269065683288,0.00151966743556712,1,0.0416362926792088,0.0263972897383037,0.696244192878334,0.0109553101071889,0.708100800714121,0.00973535240540165,0.71699895047556,0.00968338574601716,0.706977829055993,0.0102772256976388,0.702055672290325,0.0114440821110002
