"beta","beta_sd","omega","omega_sd","rho","rho_sd","conv_code","tau1","tau1_sd","tau2","tau2_sd","tau3","tau3_sd","tau4","tau4_sd","tau5","tau5_sd","tau6","tau6_sd"
3.84170559783605,0.0437673168148946,0.0624080013286286,0.0149818367270821,0.898193468250134,0.00290166182455129,1,-0.0924757703992896,0.0587873256101338,0.716748124000472,0.0283588194008585,0.684335828250146,0.0227895579457702,0.668068321575059,0.0192797520974029,0.678408744308596,0.0177526911222333,0.697721215132086,0.0174453282451075
