"beta","beta_sd","omega","omega_sd","rho","rho_sd","conv_code","tau1","tau1_sd","tau2","tau2_sd","tau3","tau3_sd","tau4","tau4_sd","tau5","tau5_sd","tau6","tau6_sd"
1.58546448609679,0.0362546367804961,15.798158004762,0.387106967958471,-0.900540360945495,0.00232254122224693,1,0.013565508849294,0.0396403744858308,0.692040391768947,0.0148979955569028,0.694137013538212,0.0146146176297832,0.688509310199989,0.0149402762081477,0.697920720285555,0.0156216919237381,0.713247650428447,0.0170156101047655
