"beta","beta_sd","omega","omega_sd","rho","rho_sd","conv_code","tau1","tau1_sd","tau2","tau2_sd","tau3","tau3_sd","tau4","tau4_sd","tau5","tau5_sd","tau6","tau6_sd"
1.83879515112229,0.0372322410945832,16.0698040795996,0.407312121800407,0.896017341227955,0.00494899686949175,1,0.0161297995425152,0.0440637259282802,0.692264955712558,0.0158883195290467,0.69626211775652,0.0154777612192689,0.685421830235758,0.0155788090960638,0.731600076422818,0.0157593908510848,0.699098880104604,0.0174852686678388
