"beta","beta_sd","omega","omega_sd","rho","rho_sd","conv_code","tau1","tau1_sd","tau2","tau2_sd","tau3","tau3_sd","tau4","tau4_sd","tau5","tau5_sd","tau6","tau6_sd"
1.79418176216557,0.0357061251710986,15.4138975517493,0.381938486322993,-0.0233726296889809,0.0252481351453204,1,-0.0285701273306677,0.0294864486772557,0.711720870099564,0.0141772400719244,0.682003443672907,0.0152177365154422,0.707171386596378,0.0158915237894894,0.68242945980645,0.016778523445691,0.687946895149244,0.0177822881244011
