"beta","beta_sd","omega","omega_sd","rho","rho_sd","conv_code","tau1","tau1_sd","tau2","tau2_sd","tau3","tau3_sd","tau4","tau4_sd","tau5","tau5_sd","tau6","tau6_sd"
2.54245167488178,0.0427083992679737,16.2768856230481,0.441714702284866,0.635036275371953,0.0331308231454774,1,0.0152155063743177,0.0416838202775967,0.71123192038004,0.0182997230168668,0.661512773818104,0.018022585856324,0.702326935744297,0.0183727399507756,0.684595934808396,0.0200202639245195,0.695354343444906,0.0208141591588901
