"beta","beta_sd","omega","omega_sd","rho","rho_sd","conv_code","tau1","tau1_sd","tau2","tau2_sd","tau3","tau3_sd","tau4","tau4_sd","tau5","tau5_sd","tau6","tau6_sd"
3.27242388297786,0.0243537064762526,0.561274412618423,0.0119836708194016,-0.590688202893442,0.00756912884006762,1,-0.00123872620882986,0.0317219706203909,0.696525184319063,0.0179483192835101,0.695233288680302,0.0132638487670053,0.685134917321282,0.0116992898277722,0.693063466714291,0.0112575881980147,0.669639058337756,0.011521819216338
