"beta","beta_sd","omega","omega_sd","rho","rho_sd","conv_code","tau1","tau1_sd","tau2","tau2_sd","tau3","tau3_sd","tau4","tau4_sd","tau5","tau5_sd","tau6","tau6_sd"
2.29505815908663,0.0129289395785816,0.0626653682509632,0.00192591445111288,-0.00644194902294634,0.0134527115812422,1,0.0241214677011653,0.0288879520771589,0.689432278952111,0.0158803862697471,0.672939895449831,0.0108519120047402,0.702615903324859,0.00957475744106693,0.695920694134284,0.00957709749707849,0.689524446394205,0.0101869356859091
