"beta","beta_sd","omega","omega_sd","rho","rho_sd","conv_code","tau1","tau1_sd","tau2","tau2_sd","tau3","tau3_sd","tau4","tau4_sd","tau5","tau5_sd","tau6","tau6_sd"
2.79548608086808,0.0154824432379266,0.0633640516492145,0.00197246085306651,-0.307774428451348,0.00998988777329226,1,0.0149081594598512,0.0290579551752697,0.666115344282376,0.0168336794887234,0.704176303401488,0.0112436100096968,0.701144618895616,0.00961865757138824,0.678910841035441,0.00932827759528683,0.702558618248654,0.00949997676116488
