"beta","beta_sd","omega","omega_sd","rho","rho_sd","conv_code","tau1","tau1_sd","tau2","tau2_sd","tau3","tau3_sd","tau4","tau4_sd","tau5","tau5_sd","tau6","tau6_sd"
3.36736631713461,0.0684956137978358,16.1226864912045,0.625416500171891,-0.291678597058974,0.0313295287490693,1,-0.0126125374747057,0.0432559513638281,0.712870734834833,0.0232838215077502,0.687734935285624,0.0233274128589801,0.686849345156888,0.0246461216441029,0.718124543292856,0.0247335991552447,0.719153322243943,0.025530238294706
