"beta","beta_sd","omega","omega_sd","rho","rho_sd","conv_code","tau1","tau1_sd","tau2","tau2_sd","tau3","tau3_sd","tau4","tau4_sd","tau5","tau5_sd","tau6","tau6_sd"
3.91262052343968,0.0606439044566851,0.553629003221502,0.0225351123321121,-0.606433605705192,0.014804200945635,1,-0.00153651257748425,0.0555647284038158,0.69786473567315,0.031995412716476,0.708650762875458,0.0241980459266961,0.705057164886016,0.021597846953953,0.679254174725554,0.0212364838094817,0.706714903343002,0.0206800393814079
