"beta","beta_sd","omega","omega_sd","rho","rho_sd","conv_code","tau1","tau1_sd","tau2","tau2_sd","tau3","tau3_sd","tau4","tau4_sd","tau5","tau5_sd","tau6","tau6_sd"
2.71809858972992,0.0383345646932967,15.3962055460328,0.347310267480618,-0.294764493539208,0.0148926359414726,1,-0.0257768396645982,0.028215086909459,0.685225310928736,0.0132213211800188,0.691510924245445,0.0131753567013481,0.690054174549169,0.0136325555186567,0.696974495212182,0.0140056614263835,0.691260917361494,0.0149109290246603
