"beta","beta_sd","omega","omega_sd","rho","rho_sd","conv_code","tau1","tau1_sd","tau2","tau2_sd","tau3","tau3_sd","tau4","tau4_sd","tau5","tau5_sd","tau6","tau6_sd"
0.0985263614051965,0.00411685195323028,0.0628982526617999,0.0013099955701148,-0.594077453718953,0.0059077506341642,1,-0.0027539208202496,0.0144697255691381,0.685529597006497,0.00683435251091251,0.719338212166892,0.0101751114500342,0.709417953318664,0.0229002653250145,0.694313668587767,0.070617239627449,0.897045324683835,0.303651647437814
