"beta","beta_sd","omega","omega_sd","rho","rho_sd","conv_code","tau1","tau1_sd","tau2","tau2_sd","tau3","tau3_sd","tau4","tau4_sd","tau5","tau5_sd","tau6","tau6_sd"
1.8982961326475,0.00963165551596295,0.0632199013073282,0.00374658526572319,0.898150711322459,0.00160462129974718,1,-0.0211544137844585,0.0307891881203231,0.695565488421614,0.0112046806954761,0.684761762136,0.00876771157955771,0.68808717090953,0.00797745473893774,0.700537069391418,0.00793907029433115,0.684531289566686,0.00856582690233648
