"beta","beta_sd","omega","omega_sd","rho","rho_sd","conv_code","tau1","tau1_sd","tau2","tau2_sd","tau3","tau3_sd","tau4","tau4_sd","tau5","tau5_sd","tau6","tau6_sd"
0.647421447030697,0.0339198459559506,16.1051192052695,0.382980548561398,-0.603310650141818,0.00826881205511306,1,-0.0366283523737842,0.0296611535244816,0.697941992125968,0.0131439744294222,0.690422276683004,0.0137320503427794,0.712004030983338,0.0143897377553103,0.690064347256198,0.0155027581093769,0.697162328634264,0.0168084379276236
