"beta","beta_sd","omega","omega_sd","rho","rho_sd","conv_code","tau1","tau1_sd","tau2","tau2_sd","tau3","tau3_sd","tau4","tau4_sd","tau5","tau5_sd","tau6","tau6_sd"
1.40460745261518,0.00615490042083851,0.0621394106584842,0.00164816634739109,0.598862664467847,0.00702201479022222,1,0.0241727780542841,0.0205250387312342,0.684424962654339,0.00918395055603361,0.691861345122735,0.00675694401015311,0.707441799084411,0.0066236747352941,0.692485011895398,0.0073544628110842,0.687543814492041,0.00831034690819414
