"beta","beta_sd","omega","omega_sd","rho","rho_sd","conv_code","tau1","tau1_sd","tau2","tau2_sd","tau3","tau3_sd","tau4","tau4_sd","tau5","tau5_sd","tau6","tau6_sd"
3.78818232756915,0.0317689647634035,0.987863032521457,0.0225741384535992,-0.600051738017089,0.00837141877223796,1,-0.0442579260067975,0.0358972077542714,0.702294244174893,0.0203284384160021,0.701127721422412,0.0148017007366094,0.695919046606674,0.0131931958038325,0.688500725037887,0.01248332980978,0.703941769967507,0.0125084541435292
