"beta","beta_sd","omega","omega_sd","rho","rho_sd","conv_code","tau1","tau1_sd","tau2","tau2_sd","tau3","tau3_sd","tau4","tau4_sd","tau5","tau5_sd","tau6","tau6_sd"
3.93890085054463,0.0680991271431402,0.253919693456572,0.0133352863316834,-0.902574950354638,0.00363752104446283,1,0.024651294994457,0.0558358320138996,0.701097738365508,0.0323455381509576,0.689045257506932,0.0264413543488323,0.702627175164601,0.024049915086332,0.704997591261276,0.0228722325689863,0.700492406902824,0.0229031103864145
