"beta","beta_sd","omega","omega_sd","rho","rho_sd","conv_code","tau1","tau1_sd","tau2","tau2_sd","tau3","tau3_sd","tau4","tau4_sd","tau5","tau5_sd","tau6","tau6_sd"
2.03020253038989,0.0356708990127939,15.5316528621888,0.361405510464536,0.594173305949191,0.0266987651116634,1,0.0379858231345027,0.0324280242403473,0.67370362761579,0.014404142587328,0.688353371337187,0.0141307807478789,0.702320872173917,0.0148270410709416,0.682501152786643,0.0157246724526324,0.720045434570427,0.0162560884578209
