"beta","beta_sd","omega","omega_sd","rho","rho_sd","conv_code","tau1","tau1_sd","tau2","tau2_sd","tau3","tau3_sd","tau4","tau4_sd","tau5","tau5_sd","tau6","tau6_sd"
0.504389789763896,0.00460527966572207,0.0607738732724117,0.00164544056225328,0.605839700367413,0.00769701734438342,1,0.0482469525399548,0.0180216583304744,0.682669899735682,0.00613731481354534,0.689930835669991,0.00659800626305229,0.687292707003763,0.00982502624958625,0.732112479719316,0.0172080870645293,0.667286018651478,0.0377032060448153
