"beta","beta_sd","omega","omega_sd","rho","rho_sd","conv_code","tau1","tau1_sd","tau2","tau2_sd","tau3","tau3_sd","tau4","tau4_sd","tau5","tau5_sd","tau6","tau6_sd"
1.14859018671626,0.0400143796352679,17.1573582241278,0.654822900846095,-0.331064377656141,0.0279770976629781,1,-0.0193496913818625,0.0417160827320973,0.733536780101691,0.0221525897560365,0.715815808962403,0.0231756126003483,0.673187701282474,0.0245095294094222,0.70667824683928,0.0254929076055526,0.711651788242437,0.0267429539942768
