"beta","beta_sd","omega","omega_sd","rho","rho_sd","conv_code","tau1","tau1_sd","tau2","tau2_sd","tau3","tau3_sd","tau4","tau4_sd","tau5","tau5_sd","tau6","tau6_sd"
3.15198246114162,0.027392132932632,0.236663397286856,0.00960854117660116,0.611375640959305,0.0137351778905603,1,0.0427720410203555,0.0450281220202699,0.642705722351503,0.0252989728632097,0.688869501574746,0.017787782281904,0.673631355819306,0.0150655262206736,0.673264540186264,0.0144841160293327,0.675919638949924,0.0148460835657057
