"beta","beta_sd","omega","omega_sd","rho","rho_sd","conv_code","tau1","tau1_sd","tau2","tau2_sd","tau3","tau3_sd","tau4","tau4_sd","tau5","tau5_sd","tau6","tau6_sd"
3.3406850990555,0.048718119317185,0.540486483733083,0.019766840182315,-0.591103334725019,0.014202060299318,1,-0.00354192276101826,0.0476944900627336,0.680814783350336,0.0283935774864778,0.688048659628618,0.0222567036821097,0.680914726994364,0.0199679995152621,0.671199516473328,0.0195674681905905,0.668941256293154,0.0198963497347204
