"beta","beta_sd","omega","omega_sd","rho","rho_sd","conv_code","tau1","tau1_sd","tau2","tau2_sd","tau3","tau3_sd","tau4","tau4_sd","tau5","tau5_sd","tau6","tau6_sd"
1.23648202712962,0.0328253858130554,15.3621484180826,0.334373891689636,0.00147538763122854,0.0194726087855436,1,-0.0567903468759834,0.0254557366085624,0.690976911304193,0.0120170909820214,0.693334634424994,0.0124475226891652,0.681765878638631,0.0131310770012901,0.678569710276399,0.0140951525753389,0.704180029354226,0.0151330640704037
