"beta","beta_sd","omega","omega_sd","rho","rho_sd","conv_code","tau1","tau1_sd","tau2","tau2_sd","tau3","tau3_sd","tau4","tau4_sd","tau5","tau5_sd","tau6","tau6_sd"
1.59348592107947,0.00728465612524692,0.0610015185589794,0.00117610604365461,-0.285787182115532,0.00782675032761351,1,0.0107947273582577,0.0186767936285512,0.683723722233143,0.0101522256267742,0.696576279438952,0.00737641099748228,0.68815503449805,0.00724356934151609,0.691881824807265,0.00787546653610966,0.688695332882278,0.00870304259831895
