"beta","beta_sd","omega","omega_sd","rho","rho_sd","conv_code","tau1","tau1_sd","tau2","tau2_sd","tau3","tau3_sd","tau4","tau4_sd","tau5","tau5_sd","tau6","tau6_sd"
2.29385341490272,0.0115520235144274,0.0630391195641467,0.00155757215468965,-0.299950613886536,0.00911705996067631,1,0.0346904047893488,0.0241426835964489,0.666723111812347,0.0137464277812649,0.698421674521747,0.00947548292026366,0.686084252500832,0.00848246793469615,0.688409406136387,0.00848797362521061,0.683153276467272,0.00904312063892964
