"beta","beta_sd","omega","omega_sd","rho","rho_sd","conv_code","tau1","tau1_sd","tau2","tau2_sd","tau3","tau3_sd","tau4","tau4_sd","tau5","tau5_sd","tau6","tau6_sd"
1.80149253428344,0.0379885569327854,15.8248230959086,0.437252278404135,0.593166548893516,0.0368296586311111,1,-0.0140562824825633,0.0410703014680363,0.700389191955909,0.0180145597634529,0.678748068569083,0.0182130313753321,0.692573689525962,0.0184588441425741,0.652669429642726,0.0205218285471596,0.680573168023157,0.0215764472803148
