"beta","beta_sd","omega","omega_sd","rho","rho_sd","conv_code","tau1","tau1_sd","tau2","tau2_sd","tau3","tau3_sd","tau4","tau4_sd","tau5","tau5_sd","tau6","tau6_sd"
1.70389138036434,0.0110869580090194,0.995196970868184,0.015172012369938,0.307267272675875,0.0151873194695907,1,0.024805709632023,0.0203713143870012,0.689260611733329,0.00875357731929788,0.696600007534394,0.00775234088571407,0.690729387205462,0.00809927498218962,0.689850104390776,0.00885984816911693,0.697018896513445,0.00990032318437441
