"beta","beta_sd","omega","omega_sd","rho","rho_sd","conv_code","tau1","tau1_sd","tau2","tau2_sd","tau3","tau3_sd","tau4","tau4_sd","tau5","tau5_sd","tau6","tau6_sd"
1.73106159731018,0.0191641522447517,1.06177018536628,0.0257154556972523,-0.0747185049480567,0.0236139456281428,1,0.0029318954735224,0.0281415436124646,0.717732147295331,0.013780527138393,0.722321655167632,0.013375948490021,0.694124285427869,0.0141369696511533,0.707005332927896,0.0150726927462757,0.704616708044068,0.0168663657333221
