"beta","beta_sd","omega","omega_sd","rho","rho_sd","conv_code","tau1","tau1_sd","tau2","tau2_sd","tau3","tau3_sd","tau4","tau4_sd","tau5","tau5_sd","tau6","tau6_sd"
0.506665602032504,0.00437443362774454,0.0636917451005787,0.00127184135919567,0.00687360671972002,0.0113963662918127,1,0.0217470356722702,0.014636929440268,0.697000806356141,0.00596786270131698,0.690353456440346,0.00693911447337095,0.694059537612894,0.0104925406554478,0.704955989448453,0.0188149169062848,0.766239746429629,0.043729022259911
