"beta","beta_sd","omega","omega_sd","rho","rho_sd","conv_code","tau1","tau1_sd","tau2","tau2_sd","tau3","tau3_sd","tau4","tau4_sd","tau5","tau5_sd","tau6","tau6_sd"
0.800473631256807,0.0360736510083433,15.8827762556916,0.473269506351294,-0.898398619362143,0.00303364448650622,1,0.0110155920015846,0.0464262358012445,0.682274433256638,0.0180093997731959,0.679790359312844,0.018290838519192,0.692567225320629,0.018678770034115,0.686391053700519,0.0196017920710739,0.70424300602691,0.0210181247788597
