"beta","beta_sd","omega","omega_sd","rho","rho_sd","conv_code","tau1","tau1_sd","tau2","tau2_sd","tau3","tau3_sd","tau4","tau4_sd","tau5","tau5_sd","tau6","tau6_sd"
3.50826056473464,0.0375919865647082,0.990325760596944,0.0296582919668315,0.306250490434353,0.0356482330177285,1,0.0499383431858749,0.0459050443979631,0.671865838929139,0.0247269213276644,0.693196283295956,0.0181616809694088,0.689762210532096,0.0164554522203113,0.696302582073942,0.0161418625725375,0.681862297041,0.016885372009685
