"beta","beta_sd","omega","omega_sd","rho","rho_sd","conv_code","tau1","tau1_sd","tau2","tau2_sd","tau3","tau3_sd","tau4","tau4_sd","tau5","tau5_sd","tau6","tau6_sd"
3.80441242382185,0.0350223362027528,1.01371299423807,0.0312571297519021,0.899268751870919,0.00305679629508517,1,0.0727849259471132,0.0505776239976487,0.680122358464559,0.0219755119085484,0.674072679221815,0.0169383983692271,0.713250892411931,0.0143633649573262,0.670709867053027,0.0138960866236336,0.693452971256637,0.0138004664863509
