"beta","beta_sd","omega","omega_sd","rho","rho_sd","conv_code","tau1","tau1_sd","tau2","tau2_sd","tau3","tau3_sd","tau4","tau4_sd","tau5","tau5_sd","tau6","tau6_sd"
3.28261685586412,0.0318850451596478,0.0610318483414846,0.0040301117250927,-0.292850921170033,0.0191188463567846,1,0.0324082711214691,0.0453650130888646,0.682184592394492,0.0263822295666658,0.66154729383959,0.019482300499498,0.697908194575059,0.0161817175212924,0.700727844728693,0.014911262096886,0.683514992449132,0.0152666431477676
