"beta","beta_sd","omega","omega_sd","rho","rho_sd","conv_code","tau1","tau1_sd","tau2","tau2_sd","tau3","tau3_sd","tau4","tau4_sd","tau5","tau5_sd","tau6","tau6_sd"
0.282381879993632,0.00993663557650104,1.01176906933722,0.0184949000963082,-0.293936378852586,0.0121735095048704,1,-0.0428427633388026,0.0212804854036624,0.698626243131764,0.00890654202328036,0.697326992663051,0.0103361677937779,0.694487016316777,0.0124852974461915,0.690340615734349,0.01548323501026,0.698418445949942,0.0197238012940531
