"beta","beta_sd","omega","omega_sd","rho","rho_sd","conv_code","tau1","tau1_sd","tau2","tau2_sd","tau3","tau3_sd","tau4","tau4_sd","tau5","tau5_sd","tau6","tau6_sd"
2.87806017099777,0.0189066852310234,0.0594517197179399,0.00205074086036112,-0.896232371602257,0.00178813535933965,1,-0.0311239104054385,0.0282514524839037,0.700971320169435,0.0159675141124583,0.693236137074243,0.0124012948233816,0.689897493716859,0.0111143539449326,0.674682815326367,0.0105654255763335,0.681479897908696,0.0106883616002644
