"beta","beta_sd","omega","omega_sd","rho","rho_sd","conv_code","tau1","tau1_sd","tau2","tau2_sd","tau3","tau3_sd","tau4","tau4_sd","tau5","tau5_sd","tau6","tau6_sd"
3.60538653780265,0.0281798324207549,0.979447992405639,0.0234550590804748,0.330015217698213,0.0272400671804731,1,-0.0220087335652356,0.0385908210450129,0.706235456027557,0.020306526981313,0.701687619893547,0.0147043285830586,0.680934942578943,0.0130105969662726,0.685386844384605,0.0127687670972945,0.704941125090474,0.0128372625662825
