"beta","beta_sd","omega","omega_sd","rho","rho_sd","conv_code","tau1","tau1_sd","tau2","tau2_sd","tau3","tau3_sd","tau4","tau4_sd","tau5","tau5_sd","tau6","tau6_sd"
1.57898275297672,0.021902911361633,0.974643291958518,0.0278217941349536,-0.601661999314756,0.0109053169216003,1,-0.0516700479768595,0.0305504467067645,0.707984969243738,0.0161640861873018,0.702147166907608,0.0155235550578205,0.691446926968071,0.0162395187747963,0.665787024794539,0.0176551145936756,0.714848359830062,0.0186934471273767
