"beta","beta_sd","omega","omega_sd","rho","rho_sd","conv_code","tau1","tau1_sd","tau2","tau2_sd","tau3","tau3_sd","tau4","tau4_sd","tau5","tau5_sd","tau6","tau6_sd"
3.26682704337879,0.0304335134448919,0.995572113788962,0.0231811936535413,-0.611817391381792,0.00892844054367119,1,-0.0670881224001644,0.0358130715844237,0.716914490387939,0.0195633461908198,0.680747445180535,0.0153240357941807,0.694948532674105,0.0137489067414552,0.687948105921733,0.0135139342262767,0.687128027520489,0.0138317016617959
