"beta","beta_sd","omega","omega_sd","rho","rho_sd","conv_code","tau1","tau1_sd","tau2","tau2_sd","tau3","tau3_sd","tau4","tau4_sd","tau5","tau5_sd","tau6","tau6_sd"
1.40318901565406,0.0105977052997557,1.0112725261941,0.0149316906290733,-0.029082688580812,0.0119755774944552,1,-0.0150354128111413,0.019096182847949,0.699346761535293,0.00807030270489606,0.697397198839453,0.0076959061251609,0.691332895301911,0.00829420343660379,0.690979260454391,0.0094101891789579,0.691462595148914,0.0108216931872701
