"beta","beta_sd","omega","omega_sd","rho","rho_sd","conv_code","tau1","tau1_sd","tau2","tau2_sd","tau3","tau3_sd","tau4","tau4_sd","tau5","tau5_sd","tau6","tau6_sd"
1.60339985635168,0.0117004809256133,0.0674064363941536,0.00425797518274054,0.898491712258124,0.00203079782754744,1,0.0465824058760031,0.0353269916022202,0.676876263971649,0.0143612776526639,0.686679190297425,0.0114376939865639,0.696379668111453,0.0109181691752736,0.691731155188144,0.0113163590819313,0.702320856371,0.0123382039705664
