"beta","beta_sd","omega","omega_sd","rho","rho_sd","conv_code","tau1","tau1_sd","tau2","tau2_sd","tau3","tau3_sd","tau4","tau4_sd","tau5","tau5_sd","tau6","tau6_sd"
3.60214817975257,0.027358724744185,0.546434998902206,0.0146665258052149,0.319917177393809,0.0245547672671383,1,-0.05127260986245,0.040011126130927,0.707347461054201,0.0214773672469879,0.700387916195005,0.0150645512063336,0.685572418489092,0.0132584305648542,0.701139744381176,0.0126448764345832,0.673291996091961,0.0126926602258296
