"beta","beta_sd","omega","omega_sd","rho","rho_sd","conv_code","tau1","tau1_sd","tau2","tau2_sd","tau3","tau3_sd","tau4","tau4_sd","tau5","tau5_sd","tau6","tau6_sd"
1.69766821355357,0.00736036695278569,0.0627411399084662,0.00130843640796079,-0.0128961748059201,0.00975055042050973,1,-0.00898247799229841,0.0195459157169947,0.685946863564475,0.0104625757682281,0.699556678699266,0.00746367801255538,0.693078065195964,0.00717921661151985,0.699719310733114,0.007660944026229,0.682487837691539,0.00852781761122056
