"beta","beta_sd","omega","omega_sd","rho","rho_sd","conv_code","tau1","tau1_sd","tau2","tau2_sd","tau3","tau3_sd","tau4","tau4_sd","tau5","tau5_sd","tau6","tau6_sd"
1.73456389579583,0.0676712473201212,15.847660172177,1.06681143877802,-0.899498886798637,0.00675422629136763,1,0.0743855505567183,0.0657041901068609,0.672951391638461,0.036771015982916,0.675053954991149,0.0367609332999058,0.69801886413761,0.0375879575682264,0.668469418767065,0.0386272908622918,0.660543818403565,0.0391940813758073
