"beta","beta_sd","omega","omega_sd","rho","rho_sd","conv_code","tau1","tau1_sd","tau2","tau2_sd","tau3","tau3_sd","tau4","tau4_sd","tau5","tau5_sd","tau6","tau6_sd"
2.38019815283179,0.0169896704530536,0.067830069738318,0.0036443762039526,0.578389584409165,0.0110296711813885,1,-0.0506910416883603,0.0393413747701763,0.69231129660155,0.0205146202514013,0.700807250864815,0.0139209387422844,0.687811145102038,0.0121999536102769,0.682422173681021,0.0118743736079741,0.688726147005264,0.0123354014042517
