"beta","beta_sd","omega","omega_sd","rho","rho_sd","conv_code","tau1","tau1_sd","tau2","tau2_sd","tau3","tau3_sd","tau4","tau4_sd","tau5","tau5_sd","tau6","tau6_sd"
1.08261702780656,0.0345776423050682,15.8867091203199,0.410765779800831,-0.27253524296683,0.0192443694264135,1,-0.00218958690682852,0.0313687578381174,0.695101464591722,0.014688937077877,0.676787844104593,0.0158083022615528,0.702719812718951,0.0166178984718692,0.653898373785443,0.0179765910029115,0.685262620922059,0.0188875224588016
