"beta","beta_sd","omega","omega_sd","rho","rho_sd","conv_code","tau1","tau1_sd","tau2","tau2_sd","tau3","tau3_sd","tau4","tau4_sd","tau5","tau5_sd","tau6","tau6_sd"
1.2163767354878,0.0394933085546917,16.3108830009812,0.61074966521075,-0.308631507970054,0.0284215290404977,1,0.0238217271498132,0.0394344403377806,0.71502904942133,0.021605209636565,0.71957917134959,0.0224741258052136,0.747088544379292,0.0237947131925891,0.730760940499923,0.0248947802826815,0.731488459580649,0.0271464355797022
