"beta","beta_sd","omega","omega_sd","rho","rho_sd","conv_code","tau1","tau1_sd","tau2","tau2_sd","tau3","tau3_sd","tau4","tau4_sd","tau5","tau5_sd","tau6","tau6_sd"
3.89189440147581,0.0707394108723274,0.259222271078386,0.0136684022564382,-0.902645184422172,0.00383578622665546,1,0.0313635250510498,0.0545520175604316,0.714007167306166,0.0323037059532889,0.740298365016556,0.0265810626176312,0.67532802873927,0.0248271225631707,0.722344873519373,0.0233377283741718,0.716965186585783,0.023496863003189
