"beta","beta_sd","omega","omega_sd","rho","rho_sd","conv_code","tau1","tau1_sd","tau2","tau2_sd","tau3","tau3_sd","tau4","tau4_sd","tau5","tau5_sd","tau6","tau6_sd"
1.88704554380652,0.0101949735476285,0.0615376874912318,0.00137090961203207,-0.901412830445991,0.00140451022175665,1,-0.0218666369465622,0.0201009866395862,0.697855894136786,0.011414769284278,0.690853991615027,0.00932888020663344,0.681076030337667,0.00862185342705944,0.683530268923523,0.00892742433778052,0.695086167314473,0.00940390347008338
