"beta","beta_sd","omega","omega_sd","rho","rho_sd","conv_code","tau1","tau1_sd","tau2","tau2_sd","tau3","tau3_sd","tau4","tau4_sd","tau5","tau5_sd","tau6","tau6_sd"
3.35307343510539,0.034183068494012,0.581880889492863,0.0155397027769819,-0.903092314495713,0.00234394300856285,1,-0.00109568253678305,0.0395059204563228,0.729427487528528,0.0205786320564382,0.684356205058169,0.017197805260344,0.718946444724354,0.0150641505260673,0.714136967467252,0.0145189831071655,0.697159507114389,0.0147722059238101
