"beta","beta_sd","omega","omega_sd","rho","rho_sd","conv_code","tau1","tau1_sd","tau2","tau2_sd","tau3","tau3_sd","tau4","tau4_sd","tau5","tau5_sd","tau6","tau6_sd"
3.86993131067859,0.0520676483126487,15.5672429511368,0.400236276798089,-0.897766117534205,0.00256816655340894,1,-0.0802459376023153,0.0419820078365283,0.701340738797209,0.0165796785501978,0.701216685438437,0.0156707158795016,0.695680269906475,0.0157881850886335,0.684352826907526,0.0162759517358489,0.682686315377992,0.0167189123138007
