"beta","beta_sd","omega","omega_sd","rho","rho_sd","conv_code","tau1","tau1_sd","tau2","tau2_sd","tau3","tau3_sd","tau4","tau4_sd","tau5","tau5_sd","tau6","tau6_sd"
3.16822079167158,0.0429148367441146,16.1589492804538,0.380911789393027,-0.597563679968396,0.00873986581031415,1,-0.00726904822799141,0.0307884096381077,0.720703059934373,0.0140595790321028,0.681766586868918,0.0142733609438649,0.683941766704742,0.0145382640419487,0.695380651165658,0.0146833931029346,0.694581806198877,0.0155730823876726
