"beta","beta_sd","omega","omega_sd","rho","rho_sd","conv_code","tau1","tau1_sd","tau2","tau2_sd","tau3","tau3_sd","tau4","tau4_sd","tau5","tau5_sd","tau6","tau6_sd"
2.90143836019799,0.0174912157064096,1.0131504647026,0.019141591432768,0.594128846304129,0.0145706253716086,1,0.022525437181023,0.0289862410199684,0.684156050405387,0.0141420153039435,0.688734426017622,0.0106027067668042,0.702578905569985,0.00943809034620817,0.695884675355584,0.00940666085826837,0.682261623750291,0.00994680955673238
