"beta","beta_sd","omega","omega_sd","rho","rho_sd","conv_code","tau1","tau1_sd","tau2","tau2_sd","tau3","tau3_sd","tau4","tau4_sd","tau5","tau5_sd","tau6","tau6_sd"
3.30363158252515,0.0245326877399229,1.00366723108325,0.0226760142023291,0.608330424049631,0.0161233328094708,1,-0.0115652154568459,0.0377361722906328,0.692596964336167,0.0191939257392548,0.709726153611879,0.0135344459138241,0.691360231096678,0.0120340678032366,0.692606978077009,0.0117520690118671,0.688365132976469,0.0122724533493349
