"beta","beta_sd","omega","omega_sd","rho","rho_sd","conv_code","tau1","tau1_sd","tau2","tau2_sd","tau3","tau3_sd","tau4","tau4_sd","tau5","tau5_sd","tau6","tau6_sd"
1.30276337538448,0.0113820997207351,0.985786229451256,0.0167149353729545,0.0105297298988719,0.0159846577732059,1,-0.000114157248060673,0.0210235022169249,0.692319922346435,0.00919017182506613,0.696907909259059,0.00911772993642742,0.686057622250959,0.0101966404056593,0.710455181982224,0.0112799174616545,0.679822065742542,0.0131997328902231
