"beta","beta_sd","omega","omega_sd","rho","rho_sd","conv_code","tau1","tau1_sd","tau2","tau2_sd","tau3","tau3_sd","tau4","tau4_sd","tau5","tau5_sd","tau6","tau6_sd"
1.00036589509663,0.00481737184521018,0.0614691319736305,0.00109380633771106,0.0047535899027766,0.00897632987402399,1,0.00335948477983765,0.0145869739718656,0.698259717622897,0.00690058772262217,0.687814839040584,0.00592304465994466,0.689658679400768,0.00663684539628185,0.679941242968818,0.00804731125505184,0.681445590461401,0.0111068754504311
