"beta","beta_sd","omega","omega_sd","rho","rho_sd","conv_code","tau1","tau1_sd","tau2","tau2_sd","tau3","tau3_sd","tau4","tau4_sd","tau5","tau5_sd","tau6","tau6_sd"
2.69792871649363,0.0135927254500875,0.0635711690778282,0.0031076070692271,0.601668998720484,0.00784531411315803,1,-0.00325866521050652,0.0301336484248376,0.67540213157878,0.0157753262785144,0.698541323048356,0.010808052036546,0.707932092040696,0.00902668213834604,0.691929036833255,0.00874130804499931,0.687227680005737,0.00898482132969071
