"beta","beta_sd","omega","omega_sd","rho","rho_sd","conv_code","tau1","tau1_sd","tau2","tau2_sd","tau3","tau3_sd","tau4","tau4_sd","tau5","tau5_sd","tau6","tau6_sd"
3.20906984888271,0.0234083559958864,0.0701620263897951,0.00846732567668888,0.901094774532873,0.0020297560120136,1,-0.027862284500951,0.0426194948443502,0.689597666001081,0.0199112629962518,0.712527544075242,0.0147544448513097,0.67724578136508,0.0128207530416087,0.713813992903495,0.0118245012927345,0.687427336349908,0.0118934728140724
