"beta","beta_sd","omega","omega_sd","rho","rho_sd","conv_code","tau1","tau1_sd","tau2","tau2_sd","tau3","tau3_sd","tau4","tau4_sd","tau5","tau5_sd","tau6","tau6_sd"
2.39883357321488,0.0381143183405923,15.9712200427187,0.369202086450187,-0.598423098077389,0.0084482424614748,1,-0.0178949877089919,0.0302618248549124,0.713809300666226,0.0135537341601602,0.700194494708814,0.0136541094269097,0.677229716689638,0.0143625546644984,0.682810220958451,0.0149044477852278,0.69009353384601,0.0155492523334511
