"beta","beta_sd","omega","omega_sd","rho","rho_sd","conv_code","tau1","tau1_sd","tau2","tau2_sd","tau3","tau3_sd","tau4","tau4_sd","tau5","tau5_sd","tau6","tau6_sd"
2.09777247603996,0.0225604347424992,0.997411305967482,0.0252189462992165,-0.0164643525041508,0.0264701356909281,1,0.00823894057018303,0.0297261009682513,0.678632224405633,0.0156478219398113,0.708860064029166,0.0135226190292197,0.676763850339339,0.0141750926220296,0.692379105194517,0.0150810784087541,0.694050098376308,0.0165356503412746
