"beta","beta_sd","omega","omega_sd","rho","rho_sd","conv_code","tau1","tau1_sd","tau2","tau2_sd","tau3","tau3_sd","tau4","tau4_sd","tau5","tau5_sd","tau6","tau6_sd"
1.09809223321036,0.0120732684845687,1.01084376338252,0.0207763677089427,0.599044139267811,0.0196297142589019,1,0.0461289137347617,0.0275089706166694,0.675356747734898,0.0110796992198692,0.704261435294695,0.010909987904419,0.703989857035878,0.0122715898074882,0.702381572834582,0.0138911767469716,0.683473409598257,0.0166888169871609
