"beta","beta_sd","omega","omega_sd","rho","rho_sd","conv_code","tau1","tau1_sd","tau2","tau2_sd","tau3","tau3_sd","tau4","tau4_sd","tau5","tau5_sd","tau6","tau6_sd"
2.9154417615329,0.0174857486252766,1.00738018908284,0.0182684850825005,0.322589418059945,0.019412275051716,1,0.0330268870759623,0.0271661604652594,0.692390753041119,0.0139576534610716,0.698094661594529,0.0103391887478436,0.70193687908051,0.00941318897230415,0.684178872583532,0.00958695965390083,0.688076998373151,0.0100319329159283
