"beta","beta_sd","omega","omega_sd","rho","rho_sd","conv_code","tau1","tau1_sd","tau2","tau2_sd","tau3","tau3_sd","tau4","tau4_sd","tau5","tau5_sd","tau6","tau6_sd"
0.85183910717465,0.0348685607795805,15.7936423029222,0.406078133508611,0.900239326155354,0.00461155270578644,1,-0.0205893905212964,0.0441268735850688,0.686018453600456,0.015592699081842,0.670632212343747,0.0153687499875494,0.724356949177504,0.0153937959845622,0.67220113081976,0.0166081000430764,0.709341221492609,0.0182487055001735
