"beta","beta_sd","omega","omega_sd","rho","rho_sd","conv_code","tau1","tau1_sd","tau2","tau2_sd","tau3","tau3_sd","tau4","tau4_sd","tau5","tau5_sd","tau6","tau6_sd"
3.19723911055426,0.0198316223912256,0.986112589191238,0.0199180732024612,0.579967394263482,0.0155280225092539,1,-0.0191497517964862,0.0321186590921111,0.693893849952071,0.0159391675966511,0.680718307400757,0.0116342144596145,0.689793252752004,0.0101375231428827,0.69940621027941,0.00987590910409464,0.675512507562325,0.0102423379127093
