"beta","beta_sd","omega","omega_sd","rho","rho_sd","conv_code","tau1","tau1_sd","tau2","tau2_sd","tau3","tau3_sd","tau4","tau4_sd","tau5","tau5_sd","tau6","tau6_sd"
0.0659585762292798,0.0362916378375092,16.6314601245092,0.414131641769185,0.896743699370778,0.00439582362249397,1,-0.0491439159801332,0.0415631632959937,0.683866087505328,0.0138870930652398,0.690318950530352,0.0137528597647507,0.708685551892184,0.0141251466220432,0.683864169867174,0.0153004495676927,0.708884826059713,0.0166970691520774
