"beta","beta_sd","omega","omega_sd","rho","rho_sd","conv_code","tau1","tau1_sd","tau2","tau2_sd","tau3","tau3_sd","tau4","tau4_sd","tau5","tau5_sd","tau6","tau6_sd"
1.00261806598726,0.0065076615643579,0.0610085005153941,0.00116902592734972,-0.898100280135566,0.00147779124606268,2,0.000295707076611598,0.0172204932190989,0.70032415808735,0.00953923171067516,0.69100797907745,0.00849520828791307,0.698881269311839,0.0088471584941292,0.690126272045511,0.0101694751042018,0.695350974155868,0.0128412351891805
