"beta","beta_sd","omega","omega_sd","rho","rho_sd","conv_code","tau1","tau1_sd","tau2","tau2_sd","tau3","tau3_sd","tau4","tau4_sd","tau5","tau5_sd","tau6","tau6_sd"
0.645636587847368,0.0342961776736731,16.227909417829,0.401443596745229,0.269559771160591,0.0335558392895864,1,-0.0122051217397739,0.0306420053987635,0.691029328102873,0.014109969941428,0.687577275893192,0.0148553106796367,0.679809778785362,0.0160905178166594,0.694773914666592,0.0171236572149344,0.694796543833475,0.0182203140063378
