"beta","beta_sd","omega","omega_sd","rho","rho_sd","conv_code","tau1","tau1_sd","tau2","tau2_sd","tau3","tau3_sd","tau4","tau4_sd","tau5","tau5_sd","tau6","tau6_sd"
1.48280970072011,0.0116829500717203,1.00456561439763,0.0156110456437851,-0.606032748451182,0.00521116031959472,1,-0.0641901910175654,0.0213491714562612,0.700992472146084,0.00903059056678842,0.705626207267121,0.00837806513546538,0.695049136693186,0.00887412858177231,0.686987155134895,0.00978288147923094,0.687015968108304,0.0111423768792913
