"beta","beta_sd","omega","omega_sd","rho","rho_sd","conv_code","tau1","tau1_sd","tau2","tau2_sd","tau3","tau3_sd","tau4","tau4_sd","tau5","tau5_sd","tau6","tau6_sd"
1.1933934879527,0.00743131672859643,0.0636299942025436,0.00123494313127435,-0.901913788907403,0.00143664855492052,1,-0.0134833381594326,0.0181248427083946,0.696397594102351,0.0102705132249161,0.682912512042608,0.00889529925796761,0.710181487396196,0.00888425257103993,0.685792181628217,0.00981323864805704,0.69551676733012,0.0115045761347117
