"beta","beta_sd","omega","omega_sd","rho","rho_sd","conv_code","tau1","tau1_sd","tau2","tau2_sd","tau3","tau3_sd","tau4","tau4_sd","tau5","tau5_sd","tau6","tau6_sd"
3.98990221726196,0.026718990923612,0.0592127775379284,0.00348529200140503,-0.287860762324855,0.0133799404883457,1,-0.0505678700607955,0.0368121581174113,0.728191712315282,0.0208506505525114,0.659648890581676,0.015757517403704,0.71652543494252,0.0125309305258115,0.686505388552956,0.0116946249043271,0.691803871889832,0.0111853290972452
