"beta","beta_sd","omega","omega_sd","rho","rho_sd","conv_code","tau1","tau1_sd","tau2","tau2_sd","tau3","tau3_sd","tau4","tau4_sd","tau5","tau5_sd","tau6","tau6_sd"
0.154375202358187,0.0368049005522243,15.5507136668471,0.486607575593593,0.896221384002578,0.00636758349706871,1,-0.0351748975147112,0.053854720727975,0.674960422198992,0.02008075213117,0.696233961123918,0.0195791812660915,0.704073222324202,0.021311906167635,0.68748654255198,0.0221026760616587,0.692030494394707,0.0231917578366695
