"beta","beta_sd","omega","omega_sd","rho","rho_sd","conv_code","tau1","tau1_sd","tau2","tau2_sd","tau3","tau3_sd","tau4","tau4_sd","tau5","tau5_sd","tau6","tau6_sd"
3.08909729477987,0.020676806953483,0.0578956294175208,0.00254258862643902,-0.293518328969486,0.0124985255003467,1,-0.0342782686339171,0.0354429522438651,0.712397315398465,0.0200055990784018,0.682096195336492,0.014328819354,0.685831264603918,0.0120486685525302,0.694584576285029,0.0113127173063342,0.688551838151566,0.0115531344132827
