"beta","beta_sd","omega","omega_sd","rho","rho_sd","conv_code","tau1","tau1_sd","tau2","tau2_sd","tau3","tau3_sd","tau4","tau4_sd","tau5","tau5_sd","tau6","tau6_sd"
3.28796127518836,0.0428182664240127,0.0640789936719819,0.00418982191377077,-0.901067083475933,0.0028770117510508,1,-0.00992726646751276,0.044320927509325,0.677549261825993,0.0264327400647485,0.695749575716469,0.0214127531426274,0.692317314154253,0.0186394440886677,0.70966252962792,0.0180855460071667,0.670927339550732,0.0186027982312262
