"beta","beta_sd","omega","omega_sd","rho","rho_sd","conv_code","tau1","tau1_sd","tau2","tau2_sd","tau3","tau3_sd","tau4","tau4_sd","tau5","tau5_sd","tau6","tau6_sd"
1.98863765519885,0.0102565992918275,0.0628502287134979,0.00234589096902526,0.594224970390037,0.00805387127151761,1,0.00605528624524462,0.0276566970537864,0.693606353730311,0.0136207622912092,0.681669263447853,0.00965701175630107,0.700209625153779,0.00855556227619911,0.670243810452306,0.00898502389718802,0.694072043284937,0.00967383820243554
