"beta","beta_sd","omega","omega_sd","rho","rho_sd","conv_code","tau1","tau1_sd","tau2","tau2_sd","tau3","tau3_sd","tau4","tau4_sd","tau5","tau5_sd","tau6","tau6_sd"
3.77945458393677,0.0299591520052651,0.0601025976559294,0.00381174408628959,-0.299465807874031,0.0149778289607418,1,-0.00492663487662527,0.0394418740085889,0.703311330308478,0.0233622276299084,0.681290723635809,0.0176616796547554,0.679422775481988,0.0144943848187604,0.695114957131676,0.0132767386310982,0.682545893791078,0.0131069802969511
