"beta","beta_sd","omega","omega_sd","rho","rho_sd","conv_code","tau1","tau1_sd","tau2","tau2_sd","tau3","tau3_sd","tau4","tau4_sd","tau5","tau5_sd","tau6","tau6_sd"
0.906183573448685,0.03312138937329,15.79412337243,0.345426284724443,0.272458220728646,0.0232059094277465,1,-0.0286454944313399,0.0261548380433713,0.686766029008553,0.0118680900789593,0.694647950444494,0.012219896857857,0.69013351467742,0.0133149524050372,0.705882771235037,0.0139778693897193,0.683982807201608,0.0154807327769653
