"beta","beta_sd","omega","omega_sd","rho","rho_sd","conv_code","tau1","tau1_sd","tau2","tau2_sd","tau3","tau3_sd","tau4","tau4_sd","tau5","tau5_sd","tau6","tau6_sd"
2.69674713520645,0.0391847417289442,15.8184525270971,0.373359901476346,0.894630936592873,0.00442429933412068,1,0.0465084695456166,0.040511289666286,0.692969231188765,0.0143528272403025,0.68050581576858,0.0135159638526008,0.684888762194629,0.0136450934343828,0.687856482643189,0.0138037419247744,0.686707604456767,0.0149224313267637
