"beta","beta_sd","omega","omega_sd","rho","rho_sd","conv_code","tau1","tau1_sd","tau2","tau2_sd","tau3","tau3_sd","tau4","tau4_sd","tau5","tau5_sd","tau6","tau6_sd"
2.29531745506712,0.0376311854946246,16.3847943715002,0.384214188287575,0.579874098238683,0.0281478975972055,1,-0.0577207296573143,0.0324837718932831,0.687120545913522,0.0143466495553702,0.706471794446222,0.0140207967900209,0.663536741096639,0.0150085003493819,0.701710566379059,0.015791736508646,0.690543417513508,0.0173451023439065
