"beta","beta_sd","omega","omega_sd","rho","rho_sd","conv_code","tau1","tau1_sd","tau2","tau2_sd","tau3","tau3_sd","tau4","tau4_sd","tau5","tau5_sd","tau6","tau6_sd"
0.206401355490465,0.00964727115024326,1.02357674050616,0.0167471356801914,-0.307317191327074,0.00973856197440006,1,-0.0412586385899808,0.0191372046994173,0.703745212116175,0.00747509307541215,0.69854895053884,0.00887009799086052,0.684448349797322,0.0113082633239455,0.72559583167204,0.0137338314273105,0.717465907351447,0.0175684015417806
