"beta","beta_sd","omega","omega_sd","rho","rho_sd","conv_code","tau1","tau1_sd","tau2","tau2_sd","tau3","tau3_sd","tau4","tau4_sd","tau5","tau5_sd","tau6","tau6_sd"
3.79284505879752,0.0260439376855918,0.0536417333049895,0.00512206417447971,0.311544924079015,0.0175542524165908,1,-0.0226903006041676,0.0406748717837782,0.693261001525185,0.0231762422868247,0.717120794110764,0.0164228329325262,0.661682193210126,0.0139706849570749,0.710869870403282,0.0121230648745686,0.692629048519955,0.0122108492199799
