"beta","beta_sd","omega","omega_sd","rho","rho_sd","conv_code","tau1","tau1_sd","tau2","tau2_sd","tau3","tau3_sd","tau4","tau4_sd","tau5","tau5_sd","tau6","tau6_sd"
3.12427455947323,0.0323889896080893,1.02951295809294,0.0293486335286503,0.257200979589363,0.0353618555018872,1,0.0619815472792376,0.0407582340176064,0.665719949456608,0.0222836750629076,0.715915689841188,0.0161521023195906,0.669610767234458,0.0156721620995563,0.697123302202409,0.0153772647846068,0.719337070663645,0.0162207598395765
