"beta","beta_sd","omega","omega_sd","rho","rho_sd","conv_code","tau1","tau1_sd","tau2","tau2_sd","tau3","tau3_sd","tau4","tau4_sd","tau5","tau5_sd","tau6","tau6_sd"
3.85691355594983,0.0632539981750571,0.980108960752908,0.0376352309578026,-0.594575456778573,0.0159962230735395,1,-0.0491975685609632,0.0496837847830195,0.696891813465934,0.0306485208707355,0.702159378521959,0.0242095516588535,0.682222189987434,0.022352272211044,0.682926006631596,0.0217485635961239,0.703085477074453,0.0215224886980091
