"beta","beta_sd","omega","omega_sd","rho","rho_sd","conv_code","tau1","tau1_sd","tau2","tau2_sd","tau3","tau3_sd","tau4","tau4_sd","tau5","tau5_sd","tau6","tau6_sd"
3.77057844419999,0.064145312943082,0.268158504210099,0.0131702293362851,-0.901792711982681,0.00364045675856331,1,-0.0311535222604729,0.0542508911595296,0.700460407265294,0.0320842169370358,0.718364171643887,0.0255933455117022,0.72942034229977,0.0230131619828142,0.708124096057127,0.0222351288929689,0.725116792201656,0.0220678385298432
