"beta","beta_sd","omega","omega_sd","rho","rho_sd","conv_code","tau1","tau1_sd","tau2","tau2_sd","tau3","tau3_sd","tau4","tau4_sd","tau5","tau5_sd","tau6","tau6_sd"
2.96746423606026,0.0158162487263445,0.0584370484620377,0.00231723752456745,0.0294182709686736,0.0127727963141951,1,-0.0335341558332521,0.0312365417243853,0.684208772288553,0.0175742067035941,0.696523532143632,0.0116712474337335,0.688639483680868,0.00984810373643158,0.671851032183355,0.00949839589387188,0.692929633476256,0.00952113029684819
