"beta","beta_sd","omega","omega_sd","rho","rho_sd","conv_code","tau1","tau1_sd","tau2","tau2_sd","tau3","tau3_sd","tau4","tau4_sd","tau5","tau5_sd","tau6","tau6_sd"
1.01572786901737,0.0370966114281942,16.9681755477219,0.549354741722293,0.268374520799125,0.0505539065221269,1,-0.0250306756516579,0.0380167855668931,0.714219599110157,0.0187320723021057,0.70888816281306,0.020136149283051,0.72285939599191,0.0206577525001946,0.729909626367442,0.0226414901969291,0.695732508181707,0.0248517848938099
