"beta","beta_sd","omega","omega_sd","rho","rho_sd","conv_code","tau1","tau1_sd","tau2","tau2_sd","tau3","tau3_sd","tau4","tau4_sd","tau5","tau5_sd","tau6","tau6_sd"
2.79912798533733,0.0417421293221511,16.187025051964,0.402770565700949,0.0326289298309072,0.0278495673481569,1,0.0135455653693202,0.0310023949477927,0.699867075359946,0.0150918836202724,0.712692849292332,0.0150891142674442,0.674879679845988,0.0160835425800319,0.708803616697604,0.0164869273579733,0.704674697728982,0.0174212767249335
