"beta","beta_sd","omega","omega_sd","rho","rho_sd","conv_code","tau1","tau1_sd","tau2","tau2_sd","tau3","tau3_sd","tau4","tau4_sd","tau5","tau5_sd","tau6","tau6_sd"
3.72014351998867,0.0380127603413032,0.0585382958187739,0.00475401200806521,-0.300324268815377,0.0201232364843792,1,0.00990936500046583,0.0482407767782294,0.712073781610956,0.0281663142118511,0.655319454899239,0.0213122816109018,0.734968611568408,0.0172074249974605,0.693041759340639,0.01616201953398,0.704722037305858,0.0160486037353792
