"beta","beta_sd","omega","omega_sd","rho","rho_sd","conv_code","tau1","tau1_sd","tau2","tau2_sd","tau3","tau3_sd","tau4","tau4_sd","tau5","tau5_sd","tau6","tau6_sd"
0.999000473981096,0.00556568808087152,0.0597916549618202,0.00170445117040544,0.623242170781178,0.00717446196861533,1,-0.0338713006887135,0.0201700802406945,0.700331540441524,0.0082948575664895,0.694755250318047,0.00679607774736607,0.696236889448413,0.00739741979286161,0.666360508135439,0.00921484313102234,0.676525592457492,0.0122972348271542
