"beta","beta_sd","omega","omega_sd","rho","rho_sd","conv_code","tau1","tau1_sd","tau2","tau2_sd","tau3","tau3_sd","tau4","tau4_sd","tau5","tau5_sd","tau6","tau6_sd"
3.7804878769104,0.0276966203121588,0.251861972566103,0.0141517056475233,0.903366963637056,0.00215748316419639,1,0.0486715606864371,0.0435951391030519,0.666493555183951,0.0196381234118069,0.687376833078733,0.014988942323537,0.704681655341364,0.0126740677423034,0.67372915473731,0.0118102493616986,0.688927588316252,0.0114789700949257
