"beta","beta_sd","omega","omega_sd","rho","rho_sd","conv_code","tau1","tau1_sd","tau2","tau2_sd","tau3","tau3_sd","tau4","tau4_sd","tau5","tau5_sd","tau6","tau6_sd"
0.821890516045646,0.0351447414910911,16.5499325782979,0.441297016767267,-0.60081247035387,0.0106360195229899,1,0.00126400330331607,0.0344246604333976,0.717586197319705,0.0155860571356221,0.686878858188994,0.0162493720615586,0.689888685667405,0.0175296437913087,0.693306797122285,0.0185820668849888,0.693094631491137,0.0198970164270588
