"beta","beta_sd","omega","omega_sd","rho","rho_sd","conv_code","tau1","tau1_sd","tau2","tau2_sd","tau3","tau3_sd","tau4","tau4_sd","tau5","tau5_sd","tau6","tau6_sd"
1.49188261630106,0.0101618084786694,0.0615533936196284,0.00182573464670778,-0.0242283858541845,0.0160691172788946,1,0.000213975398697719,0.025476376741196,0.707648425473965,0.0132468024534198,0.67884685635078,0.0100377066680461,0.683544943813368,0.010372346589216,0.678214369615601,0.0115629752792753,0.678809202057425,0.0129100238863809
