"beta","beta_sd","omega","omega_sd","rho","rho_sd","conv_code","tau1","tau1_sd","tau2","tau2_sd","tau3","tau3_sd","tau4","tau4_sd","tau5","tau5_sd","tau6","tau6_sd"
0.102346030498221,0.00423265892866346,0.0640930661374676,0.00158015866421686,0.293128070445045,0.0132016827750814,1,0.0142980597339415,0.0158981111171886,0.688035067131867,0.00577486677604257,0.709181017417257,0.00989871015672822,0.708220224992989,0.0238320091762431,0.834814717718944,0.0803654766957024,1.93819968589059,1000.32606092845
