"beta","beta_sd","omega","omega_sd","rho","rho_sd","conv_code","tau1","tau1_sd","tau2","tau2_sd","tau3","tau3_sd","tau4","tau4_sd","tau5","tau5_sd","tau6","tau6_sd"
1.29612470027619,0.0101198931347914,1.0101198215875,0.0154992814614554,0.575349383374351,0.0138835345841176,1,0.0108702033766725,0.0208717991650317,0.68520107399022,0.00796005868409985,0.701311161173626,0.00740155198892304,0.692694550960475,0.00821888399812161,0.696600902885408,0.00927972588221633,0.682284282753824,0.0107266962056512
