"beta","beta_sd","omega","omega_sd","rho","rho_sd","conv_code","tau1","tau1_sd","tau2","tau2_sd","tau3","tau3_sd","tau4","tau4_sd","tau5","tau5_sd","tau6","tau6_sd"
3.9726004600088,0.144316656431769,16.4726863185268,1.18269792955603,-0.898435104854737,0.00734604945548303,1,0.111219202345226,0.0689355164404006,0.699501970374484,0.039904363901988,0.708314965462836,0.0394735885478101,0.671187314888722,0.0395801234717582,0.711975099049723,0.0399393913281301,0.676964928788916,0.0406262548698351
