"beta","beta_sd","omega","omega_sd","rho","rho_sd","conv_code","tau1","tau1_sd","tau2","tau2_sd","tau3","tau3_sd","tau4","tau4_sd","tau5","tau5_sd","tau6","tau6_sd"
0.651256021266642,0.0339081753805305,14.6880323658506,0.45932691101057,0.3432013981455,0.0528905294497569,1,-0.00258584800368396,0.0374449894288064,0.685306287044243,0.0174735194861747,0.658601254328287,0.0196637505923817,0.673815733685789,0.0208218064575594,0.706467929119855,0.0219624369507409,0.586702599168064,0.0253583433273282
