"beta","beta_sd","omega","omega_sd","rho","rho_sd","conv_code","tau1","tau1_sd","tau2","tau2_sd","tau3","tau3_sd","tau4","tau4_sd","tau5","tau5_sd","tau6","tau6_sd"
3.5988926712976,0.0273325591776391,0.990391004689805,0.0211271214132342,-0.294668096940177,0.0142650833777788,1,-0.0195245278134717,0.0327935949257862,0.699793188765123,0.0183756669468757,0.698606671324442,0.0134956412208864,0.689107707946091,0.0120147978603527,0.694420317794782,0.0115966741583628,0.683313923774906,0.0117125903328593
