"beta","beta_sd","omega","omega_sd","rho","rho_sd","conv_code","tau1","tau1_sd","tau2","tau2_sd","tau3","tau3_sd","tau4","tau4_sd","tau5","tau5_sd","tau6","tau6_sd"
1.40524232624494,0.0111527777045106,0.986640823108725,0.0188348944378785,0.901606908160709,0.00253937497244456,1,0.0156653480911935,0.0302135526774975,0.671901246829652,0.00944953482478485,0.707653584876593,0.00824870583644496,0.705829265199744,0.00839514867160106,0.668850255087247,0.00929143927159804,0.69693912221792,0.0103542665831864
