"beta","beta_sd","omega","omega_sd","rho","rho_sd","conv_code","tau1","tau1_sd","tau2","tau2_sd","tau3","tau3_sd","tau4","tau4_sd","tau5","tau5_sd","tau6","tau6_sd"
0.596014261610979,0.00449694184976225,0.061568582725663,0.00124494277405849,0.00808775328242597,0.0112890648661603,1,-0.00468752364973104,0.0146643216253208,0.687823380501005,0.00624206912164105,0.700537767430404,0.00673689898589731,0.706221056168174,0.00928397300067987,0.675308398232518,0.0151306204666108,0.706252780444169,0.0312634217083027
