"beta","beta_sd","omega","omega_sd","rho","rho_sd","conv_code","tau1","tau1_sd","tau2","tau2_sd","tau3","tau3_sd","tau4","tau4_sd","tau5","tau5_sd","tau6","tau6_sd"
1.518852931662,0.010870783592121,1.01392726599333,0.015037369366587,0.00839268714032111,0.0122683773353691,1,0.00741778294884044,0.0193679186486181,0.684008343380742,0.0083599092027277,0.690211608495626,0.00780836829755944,0.702952896710407,0.00825186659743766,0.698346593768402,0.00915887974540396,0.709302730893692,0.0103872292364734
