"beta","beta_sd","omega","omega_sd","rho","rho_sd","conv_code","tau1","tau1_sd","tau2","tau2_sd","tau3","tau3_sd","tau4","tau4_sd","tau5","tau5_sd","tau6","tau6_sd"
1.60444712659086,0.0159945314366448,1.01392256698455,0.0249018163351711,0.907369557506728,0.0030187519262891,1,-0.0372043004812003,0.0385741398506348,0.713716232351464,0.0139548370922026,0.690885228413724,0.0128046266373455,0.697422031435958,0.0127691943601577,0.708976639850471,0.012949129163334,0.708439209677044,0.0152365503200124
