"beta","beta_sd","omega","omega_sd","rho","rho_sd","conv_code","tau1","tau1_sd","tau2","tau2_sd","tau3","tau3_sd","tau4","tau4_sd","tau5","tau5_sd","tau6","tau6_sd"
-0.00211281833575104,0.0131382046350743,0.982444623215512,0.02655237678707,0.899358071360026,0.00391698570294261,1,0.0166970519705983,0.0411023437283698,0.701968249607824,0.0120393140817661,0.689262031910748,0.0130751135636602,0.717057980000279,0.016072595143745,0.694083163668054,0.021771807634316,0.666299037782692,0.0265811093749054
