"beta","beta_sd","omega","omega_sd","rho","rho_sd","conv_code","tau1","tau1_sd","tau2","tau2_sd","tau3","tau3_sd","tau4","tau4_sd","tau5","tau5_sd","tau6","tau6_sd"
3.66165437798934,0.0280892269005285,0.239020168774944,0.0078701329474566,0.0174574142735855,0.0217592082495474,1,-0.030723917506141,0.0395053317146387,0.719623755841118,0.0223256033179178,0.662526026774145,0.0166252727899225,0.67088779737231,0.0139053960770098,0.69709263072122,0.0126190857380562,0.68929304670784,0.0129472236553483
