"beta","beta_sd","omega","omega_sd","rho","rho_sd","conv_code","tau1","tau1_sd","tau2","tau2_sd","tau3","tau3_sd","tau4","tau4_sd","tau5","tau5_sd","tau6","tau6_sd"
0.992223613252643,0.0156866607030348,1.01430414362049,0.0289506476374246,0.895612614618215,0.00429174582003601,1,0.0501235189827365,0.0439450904858563,0.691811824665207,0.0136941247890808,0.668730029560937,0.0134964285723925,0.720208429932383,0.0139890540027565,0.700003528862129,0.0166085539091547,0.667392950067275,0.01927656141941
