"beta","beta_sd","omega","omega_sd","rho","rho_sd","conv_code","tau1","tau1_sd","tau2","tau2_sd","tau3","tau3_sd","tau4","tau4_sd","tau5","tau5_sd","tau6","tau6_sd"
3.42791120051066,0.0312683246329037,0.255091459017803,0.0102101191850747,0.305938479716539,0.0262765844062209,1,-0.0644795600331822,0.0471246957758415,0.727170226141563,0.0252667092358621,0.694050214626294,0.0184258236685126,0.710928757624619,0.0159150979164643,0.708526850451754,0.0150364051828183,0.692608735455409,0.0152096409816451
