"beta","beta_sd","omega","omega_sd","rho","rho_sd","conv_code","tau1","tau1_sd","tau2","tau2_sd","tau3","tau3_sd","tau4","tau4_sd","tau5","tau5_sd","tau6","tau6_sd"
2.40380744398312,0.0224158308372306,1.00701525901756,0.0216562636692202,-0.898990584554614,0.00210011277624828,1,-0.0390546292719346,0.0330420646745888,0.697292618627766,0.015692648789638,0.705643682854379,0.0132801553604988,0.704418913168596,0.0125367358691159,0.704668130713027,0.0125823127074848,0.697306689492301,0.0133467425530808
