"beta","beta_sd","omega","omega_sd","rho","rho_sd","conv_code","tau1","tau1_sd","tau2","tau2_sd","tau3","tau3_sd","tau4","tau4_sd","tau5","tau5_sd","tau6","tau6_sd"
3.72900482478414,0.0279042840110381,0.248673263121066,0.0102251385727396,0.605707490377771,0.0121635213149072,1,-0.0181293352907632,0.0422557217606922,0.710346883920119,0.0225790383206931,0.700379177136627,0.0163579728356126,0.711692037487161,0.013656887040258,0.695083475600894,0.0128512718058206,0.696178193500282,0.0125394084012389
