"beta","beta_sd","omega","omega_sd","rho","rho_sd","conv_code","tau1","tau1_sd","tau2","tau2_sd","tau3","tau3_sd","tau4","tau4_sd","tau5","tau5_sd","tau6","tau6_sd"
2.70295221342428,0.0203896136983133,0.0604686859828161,0.00438222397299138,0.603173577284553,0.0109870277501191,1,-0.0217973540333549,0.0410110537318197,0.678809231968225,0.0218948473572697,0.730764403360121,0.0149643303002898,0.695327715334139,0.0130597331488151,0.684567670509819,0.0127262903228698,0.706513561449389,0.013087190645639
