"beta","beta_sd","omega","omega_sd","rho","rho_sd","conv_code","tau1","tau1_sd","tau2","tau2_sd","tau3","tau3_sd","tau4","tau4_sd","tau5","tau5_sd","tau6","tau6_sd"
0.19589816885424,0.00972335360595478,0.992306262171382,0.017008861831507,0.606207638399787,0.0139333732305197,1,0.005051642884712,0.0214595476295248,0.688058876198364,0.0071807320374463,0.713089017969629,0.008218803114823,0.688831526373378,0.01071300646838,0.7067076910709,0.0133751084622111,0.672608309047955,0.0179682097141512
