"beta","beta_sd","omega","omega_sd","rho","rho_sd","conv_code","tau1","tau1_sd","tau2","tau2_sd","tau3","tau3_sd","tau4","tau4_sd","tau5","tau5_sd","tau6","tau6_sd"
2.50920360444485,0.0148137918787546,1.00746935448847,0.0176624439140851,0.606002482401141,0.0134981284235228,1,0.0116740335210394,0.0268460857938057,0.681715561229128,0.0125741193475933,0.69502298898773,0.00936262347681168,0.691187001572677,0.00872263755083754,0.698748472053878,0.00886165886539999,0.685251218145491,0.00959158753225374
