"beta","beta_sd","omega","omega_sd","rho","rho_sd","conv_code","tau1","tau1_sd","tau2","tau2_sd","tau3","tau3_sd","tau4","tau4_sd","tau5","tau5_sd","tau6","tau6_sd"
2.37007550797612,0.035555809083754,15.5263179742984,0.33317445890457,0.606743847619917,0.0209832924600516,1,-0.00772107484153366,0.029467879253721,0.682282682018038,0.0127327707983616,0.681780795066937,0.0124203151172703,0.682095851492543,0.0129029685051331,0.683492324021204,0.0133583177544779,0.699109765406347,0.0141563065262679
