"beta","beta_sd","omega","omega_sd","rho","rho_sd","conv_code","tau1","tau1_sd","tau2","tau2_sd","tau3","tau3_sd","tau4","tau4_sd","tau5","tau5_sd","tau6","tau6_sd"
2.62769601904597,0.0176158428139506,1.00362206585148,0.022509214190548,0.902055635360535,0.00253658063149836,1,0.0351106949600362,0.0360717879899178,0.707565701163385,0.0131393344898212,0.703097452661543,0.0105395805655918,0.687014594424763,0.00973659851612111,0.710023560852525,0.00956624630766297,0.693115081515222,0.0100807790703926
