"beta","beta_sd","omega","omega_sd","rho","rho_sd","conv_code","tau1","tau1_sd","tau2","tau2_sd","tau3","tau3_sd","tau4","tau4_sd","tau5","tau5_sd","tau6","tau6_sd"
0.308925016069984,0.0106583600070243,1.00078985467555,0.0178208330563168,-0.900415498716623,0.00161860011126282,1,-0.015589510590553,0.025815538735501,0.703372208088347,0.00906425922901879,0.694202614874415,0.00949616762397328,0.694759235714447,0.0110587520153474,0.713868038738108,0.0135887201086718,0.694376794963683,0.0170170149413265
