"beta","beta_sd","omega","omega_sd","rho","rho_sd","conv_code","tau1","tau1_sd","tau2","tau2_sd","tau3","tau3_sd","tau4","tau4_sd","tau5","tau5_sd","tau6","tau6_sd"
0.906095891671984,0.00970888712185321,0.983994616491726,0.0148385991380089,-0.289753727635985,0.0091886119281526,1,-0.0229074394876194,0.0185113611283977,0.695164759767914,0.00757040055035295,0.687826932945746,0.00788435407399576,0.691501107750286,0.00905526834700929,0.688379426018737,0.0105344249707766,0.697801208229666,0.0126265831722059
