"beta","beta_sd","omega","omega_sd","rho","rho_sd","conv_code","tau1","tau1_sd","tau2","tau2_sd","tau3","tau3_sd","tau4","tau4_sd","tau5","tau5_sd","tau6","tau6_sd"
3.58688359262962,0.0467780910924835,0.548265620190943,0.0196404991553243,-0.266728884594742,0.0256409857766975,1,0.000662772507404701,0.0493155979423657,0.675620928567787,0.0289919333427421,0.7062946226259,0.0211048570596218,0.695836470432927,0.0188539228145982,0.683752085528946,0.0182080671652114,0.683510228199125,0.0189401340807371
