"beta","beta_sd","omega","omega_sd","rho","rho_sd","conv_code","tau1","tau1_sd","tau2","tau2_sd","tau3","tau3_sd","tau4","tau4_sd","tau5","tau5_sd","tau6","tau6_sd"
0.491318102997405,0.00485586755782413,0.0633413789264679,0.00124801977270399,-0.900674825699156,0.00147439037531499,1,-0.00934118589243826,0.0158772384676797,0.685672504579088,0.00812838986787871,0.689246797754243,0.00836721679273133,0.699634253727499,0.0102520160530584,0.69170186908319,0.0150137830077946,0.697041045015924,0.0261818044799519
