"beta","beta_sd","omega","omega_sd","rho","rho_sd","conv_code","tau1","tau1_sd","tau2","tau2_sd","tau3","tau3_sd","tau4","tau4_sd","tau5","tau5_sd","tau6","tau6_sd"
2.79789482317665,0.0189872130885463,0.0613137310058322,0.00622856712079914,0.900558228060892,0.00189944821099564,1,-0.0469826938311394,0.0405489535951359,0.698002756931522,0.0178685571654205,0.702875876672687,0.0132299719817719,0.692869557166606,0.0115113144618561,0.695153129406001,0.0108650952604133,0.705483959554231,0.0109793191575195
