"beta","beta_sd","omega","omega_sd","rho","rho_sd","conv_code","tau1","tau1_sd","tau2","tau2_sd","tau3","tau3_sd","tau4","tau4_sd","tau5","tau5_sd","tau6","tau6_sd"
0.502917912576116,0.00543663151657771,0.0659673167559758,0.00169509104755542,-0.311010585063754,0.0123592019694853,1,-0.00624298105701305,0.0167375642219865,0.70237963703703,0.0083814114733451,0.696000017828701,0.00991018220906585,0.715127203617633,0.0141772470320165,0.688694557520366,0.0238826155396254,0.699294353469224,0.0533722788651114
