"beta","beta_sd","omega","omega_sd","rho","rho_sd","conv_code","tau1","tau1_sd","tau2","tau2_sd","tau3","tau3_sd","tau4","tau4_sd","tau5","tau5_sd","tau6","tau6_sd"
0.600755687369817,0.00461325469262185,0.0628464115941303,0.00118173426389896,-0.309262613034257,0.00836338277164728,1,-0.00356816351930241,0.0141973868458515,0.69813014022932,0.00654216223360112,0.6887454004981,0.00701366274579292,0.717586645411288,0.00946553625696735,0.669649967638157,0.0152808376974032,0.71802728464704,0.030578817760594
