"beta","beta_sd","omega","omega_sd","rho","rho_sd","conv_code","tau1","tau1_sd","tau2","tau2_sd","tau3","tau3_sd","tau4","tau4_sd","tau5","tau5_sd","tau6","tau6_sd"
1.41260450898263,0.0112151363397689,1.0151510138577,0.0172932977704983,0.582519328363793,0.0160062305960802,1,0.00404328363181679,0.023346662069111,0.687572244208624,0.00937355114505596,0.690394053482377,0.00867277311050823,0.686532088909085,0.00942759993498373,0.697361214176499,0.0104591803256174,0.721906502468294,0.0118259769183968
