"beta","beta_sd","omega","omega_sd","rho","rho_sd","conv_code","tau1","tau1_sd","tau2","tau2_sd","tau3","tau3_sd","tau4","tau4_sd","tau5","tau5_sd","tau6","tau6_sd"
3.39136213285763,0.0242901931486201,0.0609463198413432,0.00303919502962938,-0.288092109240305,0.013531895181304,1,-0.014466406108452,0.036972547905158,0.689114947054771,0.0213175893800571,0.693948918925425,0.0154911507113184,0.700171144078607,0.0130537788864233,0.688740798007613,0.0121691958543171,0.685216532514945,0.0120329246459918
