"beta","beta_sd","omega","omega_sd","rho","rho_sd","conv_code","tau1","tau1_sd","tau2","tau2_sd","tau3","tau3_sd","tau4","tau4_sd","tau5","tau5_sd","tau6","tau6_sd"
1.619693972828,0.00783912072922263,0.0644989270060736,0.00123383356197417,-0.603636742623022,0.00474180034918233,1,0.00357442201400191,0.0186521931768454,0.698065485763975,0.0102648367426626,0.707172200482852,0.00770503919004671,0.715860219429272,0.00749712105937193,0.68898311239857,0.00816927985021089,0.688891893528237,0.00904350948086262
