"beta","beta_sd","omega","omega_sd","rho","rho_sd","conv_code","tau1","tau1_sd","tau2","tau2_sd","tau3","tau3_sd","tau4","tau4_sd","tau5","tau5_sd","tau6","tau6_sd"
3.28967097543843,0.0472708121297113,16.1607787062021,0.410436014553267,-0.900211978592003,0.00246476884678077,1,-0.000821571832064295,0.0415360870515857,0.685318608345451,0.0162245214134715,0.692397842325463,0.0155567249210319,0.701580683247032,0.0155137430898407,0.69278077242974,0.016202727991177,0.707714439264994,0.0165512145759897
