"beta","beta_sd","omega","omega_sd","rho","rho_sd","conv_code","tau1","tau1_sd","tau2","tau2_sd","tau3","tau3_sd","tau4","tau4_sd","tau5","tau5_sd","tau6","tau6_sd"
1.58381848540899,0.039527869253443,15.6113720189848,0.484046814372152,0.901393133955783,0.00579281429967944,1,-0.0431218405100999,0.052433374273225,0.709408417684014,0.020052197743306,0.719238647654882,0.0195168379003108,0.713781256791965,0.0201200944416479,0.706634343932888,0.0210821109518219,0.703888716588032,0.0237267219562465
