"beta","beta_sd","omega","omega_sd","rho","rho_sd","conv_code","tau1","tau1_sd","tau2","tau2_sd","tau3","tau3_sd","tau4","tau4_sd","tau5","tau5_sd","tau6","tau6_sd"
3.28316032638675,0.0245497455943949,0.0600411080766656,0.00275660292202952,-0.590650384733985,0.00806230873875225,1,-0.00351872567205722,0.0358719155007509,0.697360940045233,0.0208517693946669,0.66679458823091,0.0157296187454233,0.696357944153797,0.0129965352239952,0.695484199721266,0.0122320539144238,0.697165022023919,0.0123129596149733
