"beta","beta_sd","omega","omega_sd","rho","rho_sd","conv_code","tau1","tau1_sd","tau2","tau2_sd","tau3","tau3_sd","tau4","tau4_sd","tau5","tau5_sd","tau6","tau6_sd"
3.89676351480544,0.0443990350509705,1.01841679816696,0.0334245145335366,0.288022129738924,0.03790045822981,1,-0.073231749038611,0.0488993881484715,0.740548897126989,0.0266355468310469,0.689982600086607,0.0208853762860462,0.702968979535181,0.0179329303834911,0.703340812086932,0.0170938485544355,0.6861961464941,0.0177697769382258
