"beta","beta_sd","omega","omega_sd","rho","rho_sd","conv_code","tau1","tau1_sd","tau2","tau2_sd","tau3","tau3_sd","tau4","tau4_sd","tau5","tau5_sd","tau6","tau6_sd"
2.89945445113842,0.0597787147650268,16.3222633978844,0.619634223292693,-0.323705499341176,0.0284864443621097,1,0.041219146980286,0.0421562221397349,0.690013853891006,0.022957543503206,0.689947332745645,0.0229037314918328,0.722567147776415,0.0237600622809052,0.738161729298352,0.0244180592135145,0.697712591785203,0.0259184983768273
