"beta","beta_sd","omega","omega_sd","rho","rho_sd","conv_code","tau1","tau1_sd","tau2","tau2_sd","tau3","tau3_sd","tau4","tau4_sd","tau5","tau5_sd","tau6","tau6_sd"
1.30400583377395,0.0116650551251049,0.987141441774557,0.0197665675605417,0.896429851157281,0.00293388446964697,1,0.0153768473603796,0.031713916481461,0.696076502057438,0.0103680796939279,0.685630724883228,0.0094471539862417,0.697032734846321,0.00957842729201485,0.684310419659545,0.0107801357028736,0.683275704545094,0.0124133639455855
