"beta","beta_sd","omega","omega_sd","rho","rho_sd","conv_code","tau1","tau1_sd","tau2","tau2_sd","tau3","tau3_sd","tau4","tau4_sd","tau5","tau5_sd","tau6","tau6_sd"
3.83886027494837,0.0393555821093348,0.223396688316843,0.0126856280893547,0.613037220693464,0.0152300776991378,1,-0.00940380372771018,0.0546607227353364,0.682861121245317,0.0301863586292333,0.68066744487061,0.0217901946933769,0.674491408243497,0.018736575047621,0.680215117921421,0.0166772617447807,0.663908779638457,0.0165690658352861
