"beta","beta_sd","omega","omega_sd","rho","rho_sd","conv_code","tau1","tau1_sd","tau2","tau2_sd","tau3","tau3_sd","tau4","tau4_sd","tau5","tau5_sd","tau6","tau6_sd"
3.2202315458774,0.0352749527659688,0.562310568398775,0.0173287766546679,-0.00397324617896819,0.0302922076463586,1,0.0470470553075454,0.0431051896753784,0.655463883814643,0.0251920770374966,0.710980664504199,0.0179306584941165,0.694871726846544,0.0162844512719637,0.709604560410247,0.0159061562495009,0.682979990793128,0.0166161681669191
