"beta","beta_sd","omega","omega_sd","rho","rho_sd","conv_code","tau1","tau1_sd","tau2","tau2_sd","tau3","tau3_sd","tau4","tau4_sd","tau5","tau5_sd","tau6","tau6_sd"
3.48442940168711,0.0259461138302565,0.545015079040028,0.0140105633473513,0.316229862142453,0.0242387840780475,1,-0.0444285613705743,0.0371703990752403,0.703244237359275,0.0205739189290127,0.703951490298,0.0149572826293285,0.692552698224083,0.0128773553075828,0.68280962102106,0.0123291169591774,0.691154848981434,0.0125657765311132
