"beta","beta_sd","omega","omega_sd","rho","rho_sd","conv_code","tau1","tau1_sd","tau2","tau2_sd","tau3","tau3_sd","tau4","tau4_sd","tau5","tau5_sd","tau6","tau6_sd"
3.91492186182544,0.0426742006921772,0.623410291977824,0.0222573580985649,0.271193209597609,0.0355259050083744,1,-0.0159697929389106,0.0522363447174635,0.736872930094016,0.0273598426955533,0.689292085507602,0.0207301272115758,0.760295560005958,0.0176120837275058,0.700059654723577,0.0167477051968733,0.719758851567079,0.0172630534656813
