"beta","beta_sd","omega","omega_sd","rho","rho_sd","conv_code","tau1","tau1_sd","tau2","tau2_sd","tau3","tau3_sd","tau4","tau4_sd","tau5","tau5_sd","tau6","tau6_sd"
2.5797181778036,0.0199314446529197,0.960667602861838,0.018593971071219,-0.898610475980595,0.00181219757707552,1,0.0356716323693913,0.0293979657898394,0.674510337249187,0.0138656728594574,0.69090947780685,0.0116494574039261,0.683988247207467,0.0108914562732496,0.687968778755854,0.0108674147432482,0.684810969337089,0.0113852319711285
