"beta","beta_sd","omega","omega_sd","rho","rho_sd","conv_code","tau1","tau1_sd","tau2","tau2_sd","tau3","tau3_sd","tau4","tau4_sd","tau5","tau5_sd","tau6","tau6_sd"
0.99278406526944,0.0163769359927604,1.01372655661382,0.0292245882266113,0.629241869093232,0.0257760753120556,1,-0.016961634715339,0.0383644002241145,0.691340361781855,0.0150848260333085,0.714962030901986,0.0152576163963616,0.68375746693811,0.0180168426306369,0.68225041247951,0.020588092431122,0.663507936467412,0.0241354369123538
