"beta","beta_sd","omega","omega_sd","rho","rho_sd","conv_code","tau1","tau1_sd","tau2","tau2_sd","tau3","tau3_sd","tau4","tau4_sd","tau5","tau5_sd","tau6","tau6_sd"
2.48591715106239,0.0140219211389587,0.0627465531094801,0.00318555549107695,0.592278901021242,0.00874004354231779,1,-0.0150094813258228,0.0320767294966987,0.690699594709979,0.0165477317655322,0.685636951083439,0.0115386980061466,0.691731520395952,0.0100048651477515,0.686451394727728,0.00972815643829305,0.70287600766613,0.0100020677617811
