"beta","beta_sd","omega","omega_sd","rho","rho_sd","conv_code","tau1","tau1_sd","tau2","tau2_sd","tau3","tau3_sd","tau4","tau4_sd","tau5","tau5_sd","tau6","tau6_sd"
2.90359254801381,0.029691849222594,1.03060085663005,0.0313291829689822,0.897813612214361,0.00346332222807621,1,-0.125411724091813,0.0505181510875169,0.727738162541271,0.0210814741079729,0.681714269652609,0.0172051105130561,0.715797625366736,0.0146761583258197,0.678764200151455,0.0151032391731657,0.686490174953763,0.0154032734058827
