"beta","beta_sd","omega","omega_sd","rho","rho_sd","conv_code","tau1","tau1_sd","tau2","tau2_sd","tau3","tau3_sd","tau4","tau4_sd","tau5","tau5_sd","tau6","tau6_sd"
0.495994719393162,0.00665835982676391,0.0712121792482265,0.00367759144462566,0.89819047742532,0.0021287014123647,1,-0.0179834698315824,0.0308118101846918,0.692773694208152,0.00946640014623025,0.699676846366846,0.00937520716276722,0.690019574528814,0.0112577697159995,0.744597895522263,0.0167094317566817,0.683915019983728,0.0311328926643095
