"beta","beta_sd","omega","omega_sd","rho","rho_sd","conv_code","tau1","tau1_sd","tau2","tau2_sd","tau3","tau3_sd","tau4","tau4_sd","tau5","tau5_sd","tau6","tau6_sd"
3.09374966518553,0.0165424967458432,0.0623276211132341,0.00240808118460842,-0.00247509969538679,0.0129680026120901,1,-0.0511777769271113,0.0299800923743236,0.722693870986501,0.0166407596197668,0.693760965534903,0.0118792739545789,0.692892887561228,0.00999523802788945,0.680059556784909,0.00942192334867325,0.699958919600048,0.0095659646748265
