"beta","beta_sd","omega","omega_sd","rho","rho_sd","conv_code","tau1","tau1_sd","tau2","tau2_sd","tau3","tau3_sd","tau4","tau4_sd","tau5","tau5_sd","tau6","tau6_sd"
0.0661021000189865,0.0354299119149062,16.5813478520797,0.420724573667928,0.233192758578193,0.0335555225329149,1,-0.0381621683010502,0.0302915966259303,0.722002675566879,0.0139643516106517,0.704585602130578,0.0153100289058982,0.685638624933004,0.0168103168221423,0.712472171889023,0.0173468202625109,0.710262277831096,0.0190834513291629
