"beta","beta_sd","omega","omega_sd","rho","rho_sd","conv_code","tau1","tau1_sd","tau2","tau2_sd","tau3","tau3_sd","tau4","tau4_sd","tau5","tau5_sd","tau6","tau6_sd"
0.591070106760973,0.00536267823852634,0.0617895915059,0.00287629286813825,0.899739627780332,0.00161054696455256,1,-0.0445633576428395,0.0260129739186473,0.695362407383598,0.00658434402294585,0.691038718180093,0.00619231522530928,0.693880500697062,0.00755907010895532,0.679338473197219,0.0109377752727927,0.677652684827352,0.0180668301642244
