"beta","beta_sd","omega","omega_sd","rho","rho_sd","conv_code","tau1","tau1_sd","tau2","tau2_sd","tau3","tau3_sd","tau4","tau4_sd","tau5","tau5_sd","tau6","tau6_sd"
0.495664061414207,0.00430312002484286,0.060982087485757,0.00137890369951947,0.300242203790212,0.0118156918105783,1,-0.00738225334137764,0.0155166369882649,0.688926696517903,0.00578738275567553,0.694843991249421,0.00664574944227066,0.690292516118907,0.0102388960107972,0.686629003432836,0.0188946962726387,0.705891094961218,0.0402074058342764
