"beta","beta_sd","omega","omega_sd","rho","rho_sd","conv_code","tau1","tau1_sd","tau2","tau2_sd","tau3","tau3_sd","tau4","tau4_sd","tau5","tau5_sd","tau6","tau6_sd"
0.916725179319295,0.0344879613864347,16.9180577183013,0.379438562358739,0.611932839401752,0.0210954337591976,1,0.0670418451357482,0.0291566717124856,0.690424351701418,0.0122552750232474,0.704602595999011,0.0124834197112779,0.699972165595003,0.0131120918507961,0.709424402821718,0.0140484670519228,0.679193050302234,0.0156991741563908
