"beta","beta_sd","omega","omega_sd","rho","rho_sd","conv_code","tau1","tau1_sd","tau2","tau2_sd","tau3","tau3_sd","tau4","tau4_sd","tau5","tau5_sd","tau6","tau6_sd"
1.99391063756522,0.0149253087672702,1.01206114404193,0.0177641407236094,-0.0277191645726493,0.0163075353761164,1,-0.00228604821338945,0.0237095171038431,0.688101103370533,0.0115708676724088,0.681066589391261,0.0100924220191601,0.69471460303191,0.0100754563559858,0.692481580301488,0.0107644543881077,0.670015990319426,0.0118301321883182
