"beta","beta_sd","omega","omega_sd","rho","rho_sd","conv_code","tau1","tau1_sd","tau2","tau2_sd","tau3","tau3_sd","tau4","tau4_sd","tau5","tau5_sd","tau6","tau6_sd"
0.296150949737504,0.0107333338584541,1.01849709866763,0.0238452255643105,0.320159174562681,0.0294792002099596,1,0.0316389189840841,0.025943338727645,0.697615623963801,0.010683525007141,0.692166386926763,0.0127281064676445,0.681014058656864,0.0162398075617133,0.695960582461366,0.0192060779355005,0.658693734438196,0.0243877488652168
