"beta","beta_sd","omega","omega_sd","rho","rho_sd","conv_code","tau1","tau1_sd","tau2","tau2_sd","tau3","tau3_sd","tau4","tau4_sd","tau5","tau5_sd","tau6","tau6_sd"
1.81174994062801,0.0142860585547054,0.991918689776358,0.0174392889184132,-0.298525001956713,0.0117596655731967,1,0.0498968045247929,0.0231535929741242,0.685212885688058,0.0110272705562826,0.69267962126085,0.00992087227554664,0.697453575945061,0.0102984188519616,0.67873076309352,0.0112367960893238,0.700707447446616,0.0123176065453527
