"beta","beta_sd","omega","omega_sd","rho","rho_sd","conv_code","tau1","tau1_sd","tau2","tau2_sd","tau3","tau3_sd","tau4","tau4_sd","tau5","tau5_sd","tau6","tau6_sd"
0.487582795332565,0.0341171571501858,16.3266040368161,0.366272220499921,0.595718818641977,0.0219686126092059,1,0.009730259020758,0.0290617820596543,0.694992106844235,0.0121190106434873,0.713482147513301,0.0124562126152506,0.697302916429516,0.0136298655940899,0.71733000648559,0.0141356808865386,0.687429922448533,0.0158666004280094
