"beta","beta_sd","omega","omega_sd","rho","rho_sd","conv_code","tau1","tau1_sd","tau2","tau2_sd","tau3","tau3_sd","tau4","tau4_sd","tau5","tau5_sd","tau6","tau6_sd"
2.89607565631344,0.0178972967454195,0.0625498267764229,0.00276332813121027,0.0279475355229347,0.0155584094916055,1,0.0133220077542158,0.0336942445103703,0.706960503696035,0.0185260331936349,0.670001645163,0.0132352512763632,0.694304369106048,0.0109788046495081,0.678858918703787,0.0107064566193543,0.703021786841134,0.0108837152018431
