"beta","beta_sd","omega","omega_sd","rho","rho_sd","conv_code","tau1","tau1_sd","tau2","tau2_sd","tau3","tau3_sd","tau4","tau4_sd","tau5","tau5_sd","tau6","tau6_sd"
3.79965750677492,0.0344872441449093,0.569828914670361,0.01500856875437,-0.90360914030683,0.00216768485972873,1,0.0092635692991715,0.0368522595963595,0.684905362055406,0.0206008927694966,0.712058485129434,0.0162492129333647,0.687782984434786,0.0144675217847546,0.69109450997208,0.0135753668073486,0.689918353425187,0.013320252922472
