"beta","beta_sd","omega","omega_sd","rho","rho_sd","conv_code","tau1","tau1_sd","tau2","tau2_sd","tau3","tau3_sd","tau4","tau4_sd","tau5","tau5_sd","tau6","tau6_sd"
3.3002451135288,0.0327623961678631,0.251949903827904,0.00946924040798029,0.0125805394742788,0.027265442706471,1,-0.0235469911909809,0.0468690590833891,0.675364873756727,0.0265993732154587,0.711208235680117,0.0185147320700378,0.69003751260909,0.0159513212630365,0.704748609570368,0.0152210940572451,0.684936422619496,0.016041466461806
