"beta","beta_sd","omega","omega_sd","rho","rho_sd","conv_code","tau1","tau1_sd","tau2","tau2_sd","tau3","tau3_sd","tau4","tau4_sd","tau5","tau5_sd","tau6","tau6_sd"
-0.0103985687594538,0.0113215992814664,0.97858639104152,0.0212354976640071,0.897943914302311,0.00302079845992168,1,-0.0510172954510302,0.0332621344372718,0.705668149992084,0.00815146551816198,0.701319116484865,0.00903025432443248,0.689450336649224,0.0112249626027921,0.65845643076195,0.0146668746490832,0.702436294342479,0.0187018955944597
