"beta","beta_sd","omega","omega_sd","rho","rho_sd","conv_code","tau1","tau1_sd","tau2","tau2_sd","tau3","tau3_sd","tau4","tau4_sd","tau5","tau5_sd","tau6","tau6_sd"
3.32533975500072,0.0272399455164097,0.583465307730619,0.0134202875766476,-0.899741571695132,0.00203683480651284,1,0.00316701584989049,0.0340188824408742,0.682746983968545,0.0183485928228352,0.714187123422705,0.0141854708527114,0.706158690454401,0.0127201572733285,0.701682267298231,0.0120792036071445,0.690212552580641,0.0122390898244345
