"beta","beta_sd","omega","omega_sd","rho","rho_sd","conv_code","tau1","tau1_sd","tau2","tau2_sd","tau3","tau3_sd","tau4","tau4_sd","tau5","tau5_sd","tau6","tau6_sd"
3.73913913049613,0.0544431022512471,16.0185948917158,0.457412316407178,0.607201606511092,0.0361171395474668,1,0.0156881955647117,0.0435843318007693,0.69090713362245,0.0198928365552762,0.668480529092504,0.019117383301643,0.649816794994631,0.0193768188667039,0.663527541378208,0.0203526920623599,0.697678447700246,0.021588251454953
