"beta","beta_sd","omega","omega_sd","rho","rho_sd","conv_code","tau1","tau1_sd","tau2","tau2_sd","tau3","tau3_sd","tau4","tau4_sd","tau5","tau5_sd","tau6","tau6_sd"
1.11832149344545,0.0150704061662265,1.02040378626005,0.0251635326180492,-0.319552968238208,0.0170228413488479,1,0.0348534976379288,0.026531764323112,0.687037360459476,0.013214380583554,0.698948754139021,0.0137131123643661,0.70911664120074,0.0148381023517728,0.697625681433538,0.016463352374584,0.708225058030944,0.0187392483039326
