"beta","beta_sd","omega","omega_sd","rho","rho_sd","conv_code","tau1","tau1_sd","tau2","tau2_sd","tau3","tau3_sd","tau4","tau4_sd","tau5","tau5_sd","tau6","tau6_sd"
1.93404788754067,0.0113572291018685,0.0647638974239276,0.00151397797511107,-0.613016247293228,0.00586405005051331,1,0.0145007420313859,0.0242346301593954,0.708539081888743,0.0134703607660352,0.699926307928936,0.0100225469474216,0.71923770564746,0.00925015249338174,0.702606854438041,0.00968921914725732,0.706556126799224,0.0105802548774998
