"beta","beta_sd","omega","omega_sd","rho","rho_sd","conv_code","tau1","tau1_sd","tau2","tau2_sd","tau3","tau3_sd","tau4","tau4_sd","tau5","tau5_sd","tau6","tau6_sd"
3.56216749189751,0.0405948531778502,0.537529706646611,0.0186417974979725,0.0243589201263279,0.0321189674954899,1,0.00779440306535124,0.0451769679938424,0.671259247024679,0.0260060345201784,0.676229997881691,0.0202780881037856,0.705816227488148,0.0174928521716971,0.689805625984718,0.0170393454482794,0.680433383081314,0.0171399563612787
