"beta","beta_sd","omega","omega_sd","rho","rho_sd","conv_code","tau1","tau1_sd","tau2","tau2_sd","tau3","tau3_sd","tau4","tau4_sd","tau5","tau5_sd","tau6","tau6_sd"
3.50359851318287,0.050165176279869,16.112828628896,0.430048713570388,-0.605053992267883,0.0110388831049741,1,0.0130644399056647,0.0358591970223383,0.692254132686391,0.0171098873617194,0.702854434749762,0.0165756233737921,0.682537628054931,0.0171964628596861,0.688244237540368,0.0178423215889113,0.684992858131317,0.0185494907290583
