"beta","beta_sd","omega","omega_sd","rho","rho_sd","conv_code","tau1","tau1_sd","tau2","tau2_sd","tau3","tau3_sd","tau4","tau4_sd","tau5","tau5_sd","tau6","tau6_sd"
1.3062279343322,0.00675804732592265,0.0641523394996297,0.00313391871342552,0.899194007938468,0.00158424848882478,1,0.00353261141985996,0.0277084444466422,0.70052105189252,0.00891548572284181,0.689457035952816,0.00723554724404601,0.696396802358488,0.00695744281938762,0.692923654042858,0.00745309878781522,0.698522178441189,0.00873685493092697
