"beta","beta_sd","omega","omega_sd","rho","rho_sd","conv_code","tau1","tau1_sd","tau2","tau2_sd","tau3","tau3_sd","tau4","tau4_sd","tau5","tau5_sd","tau6","tau6_sd"
2.76785045874172,0.0400264269201812,16.5606544212788,0.38433785170054,0.641194803526879,0.0237796293475188,1,-0.0331925543497552,0.0343202049394318,0.721628643856376,0.0146513649272646,0.692641558628892,0.0142127488821899,0.725986749854452,0.0148292715495546,0.702292560594787,0.0155388181796354,0.714245164093582,0.0164282577210524
