"beta","beta_sd","omega","omega_sd","rho","rho_sd","conv_code","tau1","tau1_sd","tau2","tau2_sd","tau3","tau3_sd","tau4","tau4_sd","tau5","tau5_sd","tau6","tau6_sd"
3.84415229926994,0.0345994722135763,0.949340294419361,0.0296057702099964,0.894752699805311,0.00306358592684961,1,-0.0886080696600539,0.0493646219578192,0.693451240378377,0.0223371802362384,0.70327431672382,0.0169753520538083,0.685182123368166,0.0144938247509385,0.686523166684099,0.0135071109822961,0.678804307624219,0.0137393711849216
