"beta","beta_sd","omega","omega_sd","rho","rho_sd","conv_code","tau1","tau1_sd","tau2","tau2_sd","tau3","tau3_sd","tau4","tau4_sd","tau5","tau5_sd","tau6","tau6_sd"
3.6086673400922,0.0594279592915704,16.1411506571152,0.514219502064545,0.900304413194014,0.00580854230345716,1,-0.0287965008615053,0.0557818633909142,0.687035068914546,0.0221508746156486,0.698572597537208,0.020796389308605,0.715770075769312,0.0211069517723011,0.68493006591122,0.0213573134964132,0.730257465894388,0.0217371012602122
