"beta","beta_sd","omega","omega_sd","rho","rho_sd","conv_code","tau1","tau1_sd","tau2","tau2_sd","tau3","tau3_sd","tau4","tau4_sd","tau5","tau5_sd","tau6","tau6_sd"
0.496517053581185,0.0114932089733521,1.02054698600532,0.0201441036301388,-0.900254905840178,0.00188121385881022,1,-0.0169480032090425,0.0285417826620189,0.700683367976745,0.0106925520863092,0.695225302481583,0.0110772487507262,0.701042473067742,0.0125807820457796,0.689739860315217,0.0148658240585828,0.719126533601655,0.0179687212549009
