"beta","beta_sd","omega","omega_sd","rho","rho_sd","conv_code","tau1","tau1_sd","tau2","tau2_sd","tau3","tau3_sd","tau4","tau4_sd","tau5","tau5_sd","tau6","tau6_sd"
1.7933355653094,0.011520839588752,1.0049231938762,0.0161352167124191,0.600874698747908,0.0134864146328366,1,-0.0232769614838324,0.0228624708910704,0.698555075490182,0.00939040711261105,0.687523982484533,0.007933715248488,0.6904421062787,0.00818329261178961,0.684242250643886,0.00891023356136552,0.68284471162591,0.00985078498574415
