"beta","beta_sd","omega","omega_sd","rho","rho_sd","conv_code","tau1","tau1_sd","tau2","tau2_sd","tau3","tau3_sd","tau4","tau4_sd","tau5","tau5_sd","tau6","tau6_sd"
3.93765678303474,0.063855925286313,15.6850619519408,0.511896987265702,0.272780892918848,0.0525183526011789,1,0.0391156389753342,0.0405423793496265,0.702511680417314,0.0207432121449068,0.694831646677469,0.0208410342223096,0.672900684548064,0.0214843465715222,0.695359476076382,0.0218290687230138,0.720907867998859,0.0233029881384112
