"beta","beta_sd","omega","omega_sd","rho","rho_sd","conv_code","tau1","tau1_sd","tau2","tau2_sd","tau3","tau3_sd","tau4","tau4_sd","tau5","tau5_sd","tau6","tau6_sd"
0.981427253037924,0.0152896710310772,0.963638502742244,0.021583930142552,-0.798794919601273,0.00396062009363692,1,-0.0245228968701174,0.0316873260278325,0.665177357101948,0.012270714982335,0.687704341581,0.0120049454554955,0.698468931042289,0.0132662425035196,0.693275060117875,0.0150968779761058,0.700896666983636,0.0180351441527652
