"beta","beta_sd","omega","omega_sd","rho","rho_sd","conv_code","tau1","tau1_sd","tau2","tau2_sd","tau3","tau3_sd","tau4","tau4_sd","tau5","tau5_sd","tau6","tau6_sd"
0.902611191862211,0.00757148472401301,0.0625401515466951,0.00362123327126886,0.900705699038932,0.0019803839823162,1,0.0101959517067725,0.0310320687567735,0.705792309258669,0.010652405081231,0.688932179115306,0.00952444190322695,0.710142576016174,0.00976131546577227,0.676680795286501,0.0122644817970934,0.689598896245576,0.0164640353543283
