"beta","beta_sd","omega","omega_sd","rho","rho_sd","conv_code","tau1","tau1_sd","tau2","tau2_sd","tau3","tau3_sd","tau4","tau4_sd","tau5","tau5_sd","tau6","tau6_sd"
3.6335661274393,0.0329343045356429,0.0630021921752699,0.00788846605463452,0.603069778309648,0.0127610380793514,1,-0.000803239712762384,0.050474349337362,0.670754480280394,0.0289005610299743,0.732384728752016,0.019848573484653,0.703464265897871,0.016332382338035,0.693534157616403,0.0153946286555877,0.705462264321476,0.0148614118311909
