"beta","beta_sd","omega","omega_sd","rho","rho_sd","conv_code","tau1","tau1_sd","tau2","tau2_sd","tau3","tau3_sd","tau4","tau4_sd","tau5","tau5_sd","tau6","tau6_sd"
2.71804527874356,0.0204169484382909,1.00846243130961,0.0200326010289406,-0.0082275000022123,0.0191344063892898,1,0.0210333640167839,0.0286999730010464,0.70150773469145,0.0149493393941949,0.680306961039671,0.0119532332618113,0.715059361381575,0.0111304350623658,0.708652326300038,0.0114241490351122,0.684143910038455,0.0121344746832712
