"beta","beta_sd","omega","omega_sd","rho","rho_sd","conv_code","tau1","tau1_sd","tau2","tau2_sd","tau3","tau3_sd","tau4","tau4_sd","tau5","tau5_sd","tau6","tau6_sd"
1.80871193533295,0.0158150854743817,0.064590421972157,0.00200802748299077,-0.598903541251069,0.00848990787719385,1,-0.0673013558937219,0.0289971487446961,0.740738907298426,0.0162446527122409,0.688782154294298,0.012665096572531,0.695565242282238,0.0123263377621047,0.690568991407446,0.013138292031566,0.692249102987283,0.0142932071219877
