"beta","beta_sd","omega","omega_sd","rho","rho_sd","conv_code","tau1","tau1_sd","tau2","tau2_sd","tau3","tau3_sd","tau4","tau4_sd","tau5","tau5_sd","tau6","tau6_sd"
4.04393246825874,0.0393528944742228,1.02126383914925,0.0268989911677212,-0.297737644530925,0.0189479842825229,1,0.0207180880009091,0.0407020515757448,0.685182348711281,0.0239576232982971,0.712120922055839,0.0179737196191737,0.698466745330241,0.0153061539662022,0.701494896765229,0.0146862874968708,0.71360380963274,0.0145948675799403
