"beta","beta_sd","omega","omega_sd","rho","rho_sd","conv_code","tau1","tau1_sd","tau2","tau2_sd","tau3","tau3_sd","tau4","tau4_sd","tau5","tau5_sd","tau6","tau6_sd"
0.135055874410081,0.0364416600203151,16.4741808455425,0.501072101956825,-0.90347534738069,0.00293479516887099,1,-0.0468010163875006,0.047330380356243,0.69350154575809,0.0179954634224546,0.707219231360139,0.0182560289459797,0.737569994823261,0.0192478950513584,0.69336994776119,0.0206139634943465,0.698988438927322,0.022164547532924
