"beta","beta_sd","omega","omega_sd","rho","rho_sd","conv_code","tau1","tau1_sd","tau2","tau2_sd","tau3","tau3_sd","tau4","tau4_sd","tau5","tau5_sd","tau6","tau6_sd"
3.63688026902776,0.045428652129685,15.8234659580992,0.376516776557266,0.636400176348493,0.0259408775045105,1,-0.039639011247775,0.0359301456156443,0.702445321559153,0.0156933113752354,0.696051004453471,0.0149846519160424,0.679735099167936,0.0156113041245667,0.680247193992834,0.0155478174509212,0.697553534402867,0.016442919827452
