"beta","beta_sd","omega","omega_sd","rho","rho_sd","conv_code","tau1","tau1_sd","tau2","tau2_sd","tau3","tau3_sd","tau4","tau4_sd","tau5","tau5_sd","tau6","tau6_sd"
1.10216529745146,0.0137586958685129,1.02090136958911,0.0234712321751699,-0.0078569922709981,0.0237373990645197,1,-0.0229954855484118,0.0257231360622257,0.684483678825487,0.012054331240062,0.706527005350495,0.0125002449620006,0.700849017587242,0.0141806581643645,0.696254626290011,0.0159477966264306,0.69853331175885,0.0180200865256444
