"beta","beta_sd","omega","omega_sd","rho","rho_sd","conv_code","tau1","tau1_sd","tau2","tau2_sd","tau3","tau3_sd","tau4","tau4_sd","tau5","tau5_sd","tau6","tau6_sd"
0.606885659417546,0.00477916088666141,0.0626541392358545,0.00167828262864488,0.600824421793796,0.00781967311195868,1,0.00632437171199745,0.0181104110917853,0.694540631279423,0.00641084110929643,0.70761769252206,0.00638850140166358,0.692739957176972,0.00896149148990114,0.707955080766421,0.0141356919388757,0.722750573401963,0.0287787770436722
