"beta","beta_sd","omega","omega_sd","rho","rho_sd","conv_code","tau1","tau1_sd","tau2","tau2_sd","tau3","tau3_sd","tau4","tau4_sd","tau5","tau5_sd","tau6","tau6_sd"
2.71516338691192,0.0206941335747924,1.00360035468054,0.0243060235886666,0.89963207725764,0.00283722323338707,1,0.0284674470840352,0.040119316153983,0.694321956637735,0.0158206809041991,0.689992510205695,0.0125525904048914,0.689010918457302,0.0114071510028016,0.717756140055554,0.0109137317663802,0.691928779822967,0.0117166440263006
