"beta","beta_sd","omega","omega_sd","rho","rho_sd","conv_code","tau1","tau1_sd","tau2","tau2_sd","tau3","tau3_sd","tau4","tau4_sd","tau5","tau5_sd","tau6","tau6_sd"
3.23025719340598,0.0308881086223733,0.0663829582089473,0.00397669527619453,-0.317390496332561,0.0180099227948806,1,0.0332090921311603,0.0436648406436293,0.682708790200617,0.0258447924266137,0.725634730657966,0.0186311475964436,0.684963992204408,0.0157150141470923,0.683278374355404,0.0150698180233727,0.737330803529631,0.014927853192385
