"beta","beta_sd","omega","omega_sd","rho","rho_sd","conv_code","tau1","tau1_sd","tau2","tau2_sd","tau3","tau3_sd","tau4","tau4_sd","tau5","tau5_sd","tau6","tau6_sd"
2.92021789321624,0.0238832053034372,0.0677360621393551,0.00373955836114692,-0.0327891551794332,0.0214276561885497,1,-0.0236216329875651,0.0422624829919728,0.707175072198485,0.0231973670868415,0.710733217000472,0.0165007323910641,0.690284548699489,0.0139005832544611,0.716086177131549,0.0137205442778518,0.687138132931572,0.0138220056055032
