"beta","beta_sd","omega","omega_sd","rho","rho_sd","conv_code","tau1","tau1_sd","tau2","tau2_sd","tau3","tau3_sd","tau4","tau4_sd","tau5","tau5_sd","tau6","tau6_sd"
1.22957356281313,0.0374780489706572,15.9509564394529,0.467349656590352,-0.903986781630604,0.00282846133761045,1,-0.0538415709043316,0.0467869411407987,0.731251269950828,0.0177027928293141,0.675879752470624,0.0181919718277097,0.714494719882367,0.0184993299582751,0.719547895368964,0.0195736830672733,0.719909095431436,0.0204207812524711
