"beta","beta_sd","omega","omega_sd","rho","rho_sd","conv_code","tau1","tau1_sd","tau2","tau2_sd","tau3","tau3_sd","tau4","tau4_sd","tau5","tau5_sd","tau6","tau6_sd"
1.9724595569996,0.0378155360606795,16.4626656503183,0.41095159006386,-0.305012878130311,0.0178490073415663,1,-0.0394115897638626,0.0311954093400172,0.714901468840566,0.015036371685708,0.714731530910674,0.0152273997332637,0.694371053128322,0.016280766564008,0.714798249554055,0.0169258676336046,0.695549695694594,0.0181457819554904
