"beta","beta_sd","omega","omega_sd","rho","rho_sd","conv_code","tau1","tau1_sd","tau2","tau2_sd","tau3","tau3_sd","tau4","tau4_sd","tau5","tau5_sd","tau6","tau6_sd"
1.59141572333131,0.0355852101703904,16.4425329739687,0.40073561564905,0.231320581122761,0.032526093204567,1,-0.0437585980242594,0.0298114238753816,0.699804733667611,0.0139040074684828,0.716213464346617,0.0146403687408315,0.707566501056376,0.015381560528409,0.709798270541287,0.0165797758674524,0.702385207745252,0.0178516054544207
