"beta","beta_sd","omega","omega_sd","rho","rho_sd","conv_code","tau1","tau1_sd","tau2","tau2_sd","tau3","tau3_sd","tau4","tau4_sd","tau5","tau5_sd","tau6","tau6_sd"
3.36116763847643,0.0585665977627556,15.3361939492019,0.514371076979409,0.036485724283917,0.0415921009471256,1,-0.0656977080013184,0.0400123601604071,0.698995168186684,0.020664898551638,0.709655299814161,0.0211187588797617,0.665519267716501,0.0217429198487113,0.700252422953064,0.0221881137113814,0.644871154551588,0.0239094167987599
