"beta","beta_sd","omega","omega_sd","rho","rho_sd","conv_code","tau1","tau1_sd","tau2","tau2_sd","tau3","tau3_sd","tau4","tau4_sd","tau5","tau5_sd","tau6","tau6_sd"
1.40669417477725,0.011588323718602,1.01203263300791,0.0158753695418333,-0.602471061509059,0.00536946076989387,1,-0.00457608568629894,0.0209835176852196,0.692596615324314,0.0089384245475451,0.688570319106568,0.0084573471647765,0.679420970911832,0.00900864140616948,0.712956224553197,0.00975468901788738,0.704410740890436,0.0113203735593249
