"beta","beta_sd","omega","omega_sd","rho","rho_sd","conv_code","tau1","tau1_sd","tau2","tau2_sd","tau3","tau3_sd","tau4","tau4_sd","tau5","tau5_sd","tau6","tau6_sd"
2.32958048622783,0.0355779424911303,15.8765953391342,0.33676566419663,0.611971989011529,0.0209394495583576,1,-0.00754331542603598,0.0295835753629864,0.719373489067644,0.0123437602807971,0.687915311662975,0.0123406244864644,0.677386064906349,0.0129062642243572,0.693222674191593,0.0132806208899408,0.708145476021705,0.0139659951729344
