"beta","beta_sd","omega","omega_sd","rho","rho_sd","conv_code","tau1","tau1_sd","tau2","tau2_sd","tau3","tau3_sd","tau4","tau4_sd","tau5","tau5_sd","tau6","tau6_sd"
3.6810909422553,0.0386044710712411,0.24791935953487,0.0106605297784034,0.0193150535824402,0.0302278497275935,1,-0.0407950193578385,0.0509163163389568,0.720334907934331,0.0283700666997869,0.661088744089083,0.0210478321230983,0.712159017880455,0.0173863282320578,0.680650601698422,0.0167786785841695,0.691500469441227,0.0168637503510624
