"beta","beta_sd","omega","omega_sd","rho","rho_sd","conv_code","tau1","tau1_sd","tau2","tau2_sd","tau3","tau3_sd","tau4","tau4_sd","tau5","tau5_sd","tau6","tau6_sd"
0.49679413012519,0.00494418846055614,0.0607969383848338,0.00170531848999882,0.326652116876986,0.0143748826483016,1,0.00334162750708068,0.0180969456823977,0.693380847198185,0.00722000237270212,0.679636443432432,0.00854146036727532,0.703934634870876,0.0128113951434037,0.701259172960583,0.0226891698814995,0.722586206944903,0.0526211862733827
