"beta","beta_sd","omega","omega_sd","rho","rho_sd","conv_code","tau1","tau1_sd","tau2","tau2_sd","tau3","tau3_sd","tau4","tau4_sd","tau5","tau5_sd","tau6","tau6_sd"
3.80082949350757,0.0435967902982719,0.0661362425426752,0.0133986247147787,0.898842249612186,0.00291928144450942,1,0.0314715852772668,0.0567246885440987,0.678514152414518,0.0283734215023855,0.679435951180022,0.021821083830554,0.69045362193413,0.01938974030353,0.682952045429303,0.0181074549873305,0.687731036122024,0.0171425901021333
