"beta","beta_sd","omega","omega_sd","rho","rho_sd","conv_code","tau1","tau1_sd","tau2","tau2_sd","tau3","tau3_sd","tau4","tau4_sd","tau5","tau5_sd","tau6","tau6_sd"
1.38055933139846,0.0195531780007565,0.971267186923479,0.0276077824818003,-0.605067858217778,0.011008220564938,1,-0.027688161794775,0.0283650162256077,0.685613890862914,0.0157579363627638,0.708258734943921,0.0153246318814016,0.673830145587323,0.0165271701879135,0.685047648923933,0.0177736692636494,0.689265452552214,0.0194349186883704
