"beta","beta_sd","omega","omega_sd","rho","rho_sd","conv_code","tau1","tau1_sd","tau2","tau2_sd","tau3","tau3_sd","tau4","tau4_sd","tau5","tau5_sd","tau6","tau6_sd"
3.77219017648396,0.0847630117457063,16.3241952570498,0.723510403679359,-0.608224151894127,0.0184289696195135,1,0.0594549349109369,0.049301090122653,0.714783737072359,0.0266836710235628,0.715011987873962,0.0265997590688862,0.70411652487165,0.0269425132738569,0.722334170087687,0.0267535056087412,0.722627072089936,0.0284563351997603
