"beta","beta_sd","omega","omega_sd","rho","rho_sd","conv_code","tau1","tau1_sd","tau2","tau2_sd","tau3","tau3_sd","tau4","tau4_sd","tau5","tau5_sd","tau6","tau6_sd"
1.47631127642277,0.0399820347713583,16.8108613528826,0.522955409917788,0.904088851141417,0.00556068203172387,1,-0.00353180221172391,0.0534749975130447,0.689649820306387,0.0204204361867689,0.70434904612757,0.0195146642334455,0.677878325909012,0.0212233216868669,0.702283626586268,0.0214644407354679,0.752177678542216,0.0227675051110203
