"beta","beta_sd","omega","omega_sd","rho","rho_sd","conv_code","tau1","tau1_sd","tau2","tau2_sd","tau3","tau3_sd","tau4","tau4_sd","tau5","tau5_sd","tau6","tau6_sd"
3.91014244626115,0.0249080560606467,0.0615972753360801,0.00604789758317222,0.592279429501534,0.00975016690491802,1,0.0569625444841599,0.0375764293282057,0.646602571896918,0.0214927263606947,0.721744279485513,0.0149724617661159,0.697259558466667,0.0124492448391221,0.681849233176044,0.0112008079228329,0.696616606816592,0.0109181010681693
