"beta","beta_sd","omega","omega_sd","rho","rho_sd","conv_code","tau1","tau1_sd","tau2","tau2_sd","tau3","tau3_sd","tau4","tau4_sd","tau5","tau5_sd","tau6","tau6_sd"
-0.0077932941261567,0.0118053173424852,1.00855486217692,0.0241181228168112,0.588747838878276,0.0232579326445108,1,0.00241532180779322,0.0297977048212612,0.708077039455663,0.0106602255518729,0.694501110571575,0.0131489290272338,0.698458281453216,0.0173993944438421,0.725734608443845,0.0215163670725913,0.720123302125016,0.029271531963046
