"beta","beta_sd","omega","omega_sd","rho","rho_sd","conv_code","tau1","tau1_sd","tau2","tau2_sd","tau3","tau3_sd","tau4","tau4_sd","tau5","tau5_sd","tau6","tau6_sd"
0.693003547420136,0.00472492804015073,0.0633449118796699,0.00139879802916931,0.290134321317093,0.0118299484458813,1,-0.0317267541153515,0.016117367222265,0.691314504149698,0.0065520504299817,0.692604901794635,0.00645081358550417,0.689539178458031,0.00843761743319472,0.705085712553513,0.0122831050340433,0.669004142831032,0.0230615874116845
