"beta","beta_sd","omega","omega_sd","rho","rho_sd","conv_code","tau1","tau1_sd","tau2","tau2_sd","tau3","tau3_sd","tau4","tau4_sd","tau5","tau5_sd","tau6","tau6_sd"
0.502371784495628,0.00402313684032053,0.061757631115861,0.00121839618820091,0.311302651912558,0.010045834273886,1,0.00546933429531607,0.0141159702552143,0.692864826631333,0.00504273943787564,0.699074929215353,0.00567462459997511,0.677743534857908,0.00884544116447222,0.703208433280462,0.0156389637648618,0.691873292865212,0.0371717664889183
