"beta_error","beta_sd_avg","omega_error","omega_sd_avg","rho_error","rho_sd_avg","rho","N","n_reps","beta_free","omega_var","Tfull"
-0.00059884331427562,0.0633343363841722,0.00142026324223003,0.107088548033597,0.013228027378357,0.130443372820744,0.1,1000,1000,1,1,2
0.000802685737824307,0.0623208556313953,0.00591254758269306,0.106849126192688,0.00887378911482093,0.14024353725689,0.2,1000,1000,1,1,2
0.00503682248853923,0.0611211505806843,0.00728537915353417,0.106027865622028,0.00953241959785753,0.147842350896541,0.3,1000,1000,1,1,2
0.00404746590532987,0.059529100924519,0.00256802936740389,0.104177443257551,0.0156094738741892,0.150115369489315,0.4,1000,1000,1,1,2
0.00802213351418788,0.058860013997694,0.011010490993586,0.104135911409108,-0.00673554639056935,0.145434187326712,0.5,1000,1000,1,1,2
0.0071405767372607,0.0576387494711263,0.0112291517865129,0.101917102126925,-0.0117733912065174,0.130463013213775,0.6,1000,1000,1,1,2
0.00732279130747098,0.0569118184269945,0.0180226095591061,0.100718581759702,-0.025033676826232,0.107387547165703,0.7,1000,1000,1,1,2
0.00692590894287078,0.0569931756217538,0.0128396837008845,0.0993269799306053,-0.018576665108637,0.0662742584749669,0.8,1000,1000,1,1,2
-5.93971316322828e-05,0.0593373104855679,0.00598640453883237,0.106450715298876,-0.00523200543427823,0.0234453710347902,0.9,1000,1000,1,1,2
