"beta1","beta1_sd","beta2","beta2_sd","omega_b1","omega_b1_sd","omega_b2","omega_b2_sd","omega_cov","omega_cov_sd","rho","rho_sd","conv_code","omega_cor","tau1","tau1_sd","tau2","tau2_sd","tau3","tau3_sd","tau4","tau4_sd","tau5","tau5_sd","tau6","tau6_sd"
0.998692173919637,0.00723650945011082,0.992306756928147,0.00978179111316938,0.060269959676328,0.00316786488147997,0.56126945265353,0.0158689955723649,-0.169159026133256,0.00514069706519459,0.901536639352259,0.00169077558889788,1,-0.919727183402908,0.0296792326699675,0.0293644549865118,0.674616606957678,0.0095419250733919,0.705524520544621,0.00826684422459107,0.684988878254182,0.00847294880082152,0.688722446299903,0.00948559877449387,0.684963292609455,0.0119958050803237
