"beta1","beta1_sd","beta2","beta2_sd","omega_b1","omega_b1_sd","omega_b2","omega_b2_sd","omega_cov","omega_cov_sd","rho","rho_sd","conv_code","omega_cor","tau1","tau1_sd","tau2","tau2_sd","tau3","tau3_sd","tau4","tau4_sd","tau5","tau5_sd","tau6","tau6_sd"
1.0014398462463,0.00561677293816621,1.00788881943576,0.00726485707839043,0.0645456167796811,0.00111136889029676,0.0651569168970812,0.00690378710985705,-0.0203209368537252,0.00186853805797363,-0.600948261927181,0.0044770751108375,1,-0.313350278956304,0.0148624482209182,0.0147543931743774,0.678630978999651,0.00781280218642915,0.70907171866241,0.00673481711641593,0.69908474192051,0.00724455016816179,0.697617662426849,0.00855281277052919,0.695410725635746,0.0112221871135611
