"beta1","beta1_sd","beta2","beta2_sd","omega_b1","omega_b1_sd","omega_b2","omega_b2_sd","omega_cov","omega_cov_sd","rho","rho_sd","conv_code","omega_cor","tau1","tau1_sd","tau2","tau2_sd","tau3","tau3_sd","tau4","tau4_sd","tau5","tau5_sd","tau6","tau6_sd"
1.00352930106352,0.00569380021127031,1.01204626502596,0.00741882761600961,0.0632216442992304,0.00130092199287642,0.0716264305329102,0.00668106281621911,0.0389477037282905,0.00202781968144858,0.0154714774564661,0.0116814753307792,1,0.578778393201904,0.000133997234805951,0.0164976887693069,0.696320425077979,0.00824725799001466,0.696859030834772,0.00720849435469523,0.696507480868298,0.00785682096059646,0.69218746825922,0.00944657006320185,0.674311082599183,0.0128494294733813
