"beta1","beta1_sd","beta2","beta2_sd","omega_b1","omega_b1_sd","omega_b2","omega_b2_sd","omega_cov","omega_cov_sd","rho","rho_sd","conv_code","omega_cor","tau1","tau1_sd","tau2","tau2_sd","tau3","tau3_sd","tau4","tau4_sd","tau5","tau5_sd","tau6","tau6_sd"
1.00229153421783,0.0109863679487645,1.00241871395157,0.01249150661536,0.548370087816786,0.0105303942341311,0.237224331832492,0.0175581091751185,-0.329740020908794,0.011264274606671,-0.901165758026738,0.00178103741986502,1,-0.914229364694068,0.0201630654244127,0.0249151631219527,0.692927460769707,0.0112601512730182,0.6978293558572,0.0105496281960532,0.693954717327023,0.0110817877517718,0.682032071712553,0.0123967181819514,0.689745301366466,0.0144822242122493
