"beta1","beta1_sd","beta2","beta2_sd","omega_b1","omega_b1_sd","omega_b2","omega_b2_sd","omega_cov","omega_cov_sd","rho","rho_sd","conv_code","omega_cor","tau1","tau1_sd","tau2","tau2_sd","tau3","tau3_sd","tau4","tau4_sd","tau5","tau5_sd","tau6","tau6_sd"
0.995324968870475,0.00798368605304259,1.0074660287244,0.00783768774069399,0.239243928585747,0.00627407481316366,0.0588138687775032,0.00645837642421439,0.0086405525336728,0.00516187631984136,0.901012393773017,0.00207403411309384,1,0.0728418853893175,-0.0270018597766239,0.029224692687242,0.693511211080372,0.0092667144890123,0.695183639062902,0.00826213135289311,0.690152711201794,0.00858960161911562,0.691222142467507,0.0100080660152001,0.686321815185631,0.0123197983051927
