"beta1","beta1_sd","beta2","beta2_sd","omega_b1","omega_b1_sd","omega_b2","omega_b2_sd","omega_cov","omega_cov_sd","rho","rho_sd","conv_code","omega_cor","tau1","tau1_sd","tau2","tau2_sd","tau3","tau3_sd","tau4","tau4_sd","tau5","tau5_sd","tau6","tau6_sd"
0.997516003597721,0.0102261527097037,1.00094150028786,0.0080987165059798,0.995161167626227,0.0154133985119404,0.0629312353493482,0.00787707905283795,-0.0643597756455797,0.00908348111976314,-0.286535251991478,0.00968613784657858,1,-0.257178513918448,0.0110603848444217,0.019441761452535,0.687815621187656,0.00816362831033187,0.702647561092122,0.00810873534841346,0.684379373984952,0.00901313638272846,0.697729635525882,0.0103538906872521,0.662416029385973,0.0124854552674301
