"beta1","beta1_sd","beta2","beta2_sd","omega_b1","omega_b1_sd","omega_b2","omega_b2_sd","omega_cov","omega_cov_sd","rho","rho_sd","conv_code","omega_cor","tau1","tau1_sd","tau2","tau2_sd","tau3","tau3_sd","tau4","tau4_sd","tau5","tau5_sd","tau6","tau6_sd"
0.996477970858474,0.0061604320388566,0.998603471030893,0.00819176848096797,0.0624475128974825,0.00118268692087643,0.0563552816323364,0.00772107410510241,0.058470938364025,0.00215388780322476,-0.597621074944277,0.00530842921777295,1,0.985632869508264,-0.0160070959116372,0.0158604734832565,0.688310006225061,0.00883677889095007,0.694099675602574,0.00779683124187424,0.693198992371041,0.00841953999115511,0.686528204900919,0.00998187507291929,0.679954621261382,0.0130947742121601
