"beta1","beta1_sd","beta2","beta2_sd","omega_b1","omega_b1_sd","omega_b2","omega_b2_sd","omega_cov","omega_cov_sd","rho","rho_sd","conv_code","omega_cor","tau1","tau1_sd","tau2","tau2_sd","tau3","tau3_sd","tau4","tau4_sd","tau5","tau5_sd","tau6","tau6_sd"
0.99451767330157,0.0075532111289608,1.00264577615396,0.0090010478309071,0.244265924528975,0.00424870289925619,0.253479953112091,0.0113818320573489,-0.145086875558541,0.00489376176249211,0.0205155031830301,0.0145308044680866,1,-0.58307561093839,-0.0180815207212712,0.0194361067401462,0.67671905262953,0.00871132772789552,0.711538018965209,0.007853307624541,0.677862084716195,0.00893283829795159,0.697421798487928,0.0105106273996899,0.685973719088523,0.0133143029897917
