"beta1","beta1_sd","beta2","beta2_sd","omega_b1","omega_b1_sd","omega_b2","omega_b2_sd","omega_cov","omega_cov_sd","rho","rho_sd","conv_code","omega_cor","tau1","tau1_sd","tau2","tau2_sd","tau3","tau3_sd","tau4","tau4_sd","tau5","tau5_sd","tau6","tau6_sd"
1.01436658318607,0.00696665079358217,1.0073932311876,0.0105583113534285,0.0608740928296664,0.00328117431667822,1.02267755094768,0.0221004207372161,0.072873435484544,0.00538617889634371,0.902231187827821,0.00169542287324943,1,0.292067767840558,-0.0083756986521031,0.0290651990212944,0.718640547492117,0.00847808930986415,0.695024656128341,0.00738099238405664,0.691912221537766,0.00756252319499513,0.695671447646743,0.00859922039558718,0.70652506337018,0.010742157414058
