"beta1","beta1_sd","beta2","beta2_sd","omega_b1","omega_b1_sd","omega_b2","omega_b2_sd","omega_cov","omega_cov_sd","rho","rho_sd","conv_code","omega_cor","tau1","tau1_sd","tau2","tau2_sd","tau3","tau3_sd","tau4","tau4_sd","tau5","tau5_sd","tau6","tau6_sd"
0.996595652659505,0.0102594242532803,1.00356673476639,0.00985574493784603,1.00180909741734,0.0156349881810284,0.564765819984743,0.0179371945853112,0.681740206009512,0.0143134250898903,-0.302118375280088,0.0095731880090617,1,0.906342237237104,0.00423664266627089,0.0193301175786948,0.691805965641823,0.00809350793239266,0.692133971870598,0.00823906894374556,0.68517538621753,0.00923774350418422,0.715188326101914,0.0104458664723364,0.687726495631758,0.0125397360999477
