"beta1","beta1_sd","beta2","beta2_sd","omega_b1","omega_b1_sd","omega_b2","omega_b2_sd","omega_cov","omega_cov_sd","rho","rho_sd","conv_code","omega_cor","tau1","tau1_sd","tau2","tau2_sd","tau3","tau3_sd","tau4","tau4_sd","tau5","tau5_sd","tau6","tau6_sd"
0.998821192460475,0.00712512150031293,1.00775563658108,0.00880540943172787,0.0667598001590833,0.00205211341942552,0.0537175993447378,0.0079050644031905,-0.0595839928462445,0.00283708794259189,0.595888620348107,0.00966429242311899,1,-0.994978716732988,-0.0135918421566659,0.023294193478267,0.700174746428515,0.0105709999765018,0.680206665939993,0.00913389596534764,0.706316291333461,0.00934890012181887,0.694286666201673,0.0113434366822842,0.69768054049008,0.0150169030634386
