"beta1","beta1_sd","beta2","beta2_sd","omega_b1","omega_b1_sd","omega_b2","omega_b2_sd","omega_cov","omega_cov_sd","rho","rho_sd","conv_code","omega_cor","tau1","tau1_sd","tau2","tau2_sd","tau3","tau3_sd","tau4","tau4_sd","tau5","tau5_sd","tau6","tau6_sd"
1.00258176712148,0.00967617856015267,1.00793697601989,0.0124145360857713,0.570173137855701,0.0102597792627306,1.02184075192577,0.0285594940676408,0.463817810310287,0.0122194751820703,-0.00467680946788275,0.0180788560552959,1,0.607648507389582,-0.0207841118141939,0.0216029677778668,0.711264649432816,0.00907606044214783,0.701468507326773,0.00924356567376482,0.693550732681826,0.010425986139864,0.670928126421728,0.0121139491192749,0.703565744267501,0.0140168242710122
