"beta1","beta1_sd","beta2","beta2_sd","omega_b1","omega_b1_sd","omega_b2","omega_b2_sd","omega_cov","omega_cov_sd","rho","rho_sd","conv_code","omega_cor","tau1","tau1_sd","tau2","tau2_sd","tau3","tau3_sd","tau4","tau4_sd","tau5","tau5_sd","tau6","tau6_sd"
1.00711897534806,0.00686726281632665,0.992275921154072,0.00748006184697184,0.0636307018320556,0.00318948818000056,0.076555554728213,0.00620836620740601,-0.05823778574181,0.00335114768859344,0.901004452221574,0.00171064614986037,1,-0.834417000192735,-0.00656534092208122,0.0285123690024597,0.697618333357358,0.00915782310807861,0.706375709374556,0.00791609463152351,0.698221110484969,0.00808703507836897,0.699698624271235,0.00912614242107395,0.680844491196794,0.0118590284768048
