"beta1","beta1_sd","beta2","beta2_sd","omega_b1","omega_b1_sd","omega_b2","omega_b2_sd","omega_cov","omega_cov_sd","rho","rho_sd","conv_code","omega_cor","tau1","tau1_sd","tau2","tau2_sd","tau3","tau3_sd","tau4","tau4_sd","tau5","tau5_sd","tau6","tau6_sd"
1.00580587145784,0.00784468407041815,0.975846383018755,0.0128825978694575,0.0637408575714826,0.00200759953888358,1.01223195413754,0.0292032731578541,0.000409062033488875,0.00413861682272838,0.283329781448105,0.0192089725343112,1,0.00161042387456027,0.00418928400993067,0.0229655146171118,0.699180525270851,0.0109569733368645,0.683826423224688,0.00945231075569018,0.695404155231423,0.0104354768837708,0.694848437205316,0.0125281198971891,0.710926829719663,0.016147821578212
