"beta1","beta1_sd","beta2","beta2_sd","omega_b1","omega_b1_sd","omega_b2","omega_b2_sd","omega_cov","omega_cov_sd","rho","rho_sd","conv_code","omega_cor","tau1","tau1_sd","tau2","tau2_sd","tau3","tau3_sd","tau4","tau4_sd","tau5","tau5_sd","tau6","tau6_sd"
1.00118860821989,0.0136191231957853,1.01638277308319,0.0144575056609026,1.0044883417982,0.0208739657204276,0.284093196251875,0.0228592204699514,-0.150473609231355,0.0162970631898461,-0.900849455807277,0.00197866110361993,1,-0.281680946396802,-0.0216649228697179,0.0295332545336132,0.702149108670942,0.0119889588450505,0.697787724905147,0.0117945105570097,0.68884038500779,0.012419699875928,0.707547171221124,0.0135816938533721,0.724512968333576,0.0154057296185685
