"beta1","beta1_sd","beta2","beta2_sd","omega_b1","omega_b1_sd","omega_b2","omega_b2_sd","omega_cov","omega_cov_sd","rho","rho_sd","conv_code","omega_cor","tau1","tau1_sd","tau2","tau2_sd","tau3","tau3_sd","tau4","tau4_sd","tau5","tau5_sd","tau6","tau6_sd"
1.02200809991572,0.0100610598859861,1.00064315203507,0.00846188150953683,0.978752618531542,0.0156364480854037,0.262280346642933,0.010468738381677,-0.014115193205687,0.0103441332550287,0.619554018991272,0.0138104345291475,1,-0.0278591257765498,0.028901800844854,0.0221867733896728,0.696236614677938,0.00803121953288362,0.69369157611548,0.00777601502894495,0.700344249603012,0.00853269522295949,0.704694752315514,0.00988749378098656,0.678524330756388,0.0118978604926858
