"beta1","beta1_sd","beta2","beta2_sd","omega_b1","omega_b1_sd","omega_b2","omega_b2_sd","omega_cov","omega_cov_sd","rho","rho_sd","conv_code","omega_cor","tau1","tau1_sd","tau2","tau2_sd","tau3","tau3_sd","tau4","tau4_sd","tau5","tau5_sd","tau6","tau6_sd"
1.00765990317191,0.0111400432712114,0.997966332073086,0.0103542494348246,1.01161157044084,0.0176276232182121,0.245319659552505,0.0143407731992007,0.451111908929299,0.0133862866423303,-0.29904524749443,0.0115330850489493,1,0.905547470034095,0.0119782694603265,0.0216867091786502,0.692605405394283,0.00949714712194071,0.690611265708781,0.00968823918883089,0.698651834245779,0.0108698192556718,0.691501033222606,0.0122485752251241,0.702815604630675,0.0143312035354993
