"beta1","beta1_sd","beta2","beta2_sd","omega_b1","omega_b1_sd","omega_b2","omega_b2_sd","omega_cov","omega_cov_sd","rho","rho_sd","conv_code","omega_cor","tau1","tau1_sd","tau2","tau2_sd","tau3","tau3_sd","tau4","tau4_sd","tau5","tau5_sd","tau6","tau6_sd"
1.00169074093939,0.00877314514863082,1.01553609861377,0.00968834104455814,0.253395384090238,0.00562745604111134,0.0636265786708485,0.00890401701533788,-0.105979857178609,0.00555219276654348,0.610691413609952,0.012437603413469,1,-0.834650570792462,0.0071693416950865,0.0248584668171805,0.701423779067245,0.0104141112401413,0.693276567757764,0.0095111694213099,0.689440392469139,0.0106463194357721,0.68096754416784,0.013008960047678,0.712128610571193,0.0158637688796521
