"beta1","beta1_sd","beta2","beta2_sd","omega_b1","omega_b1_sd","omega_b2","omega_b2_sd","omega_cov","omega_cov_sd","rho","rho_sd","conv_code","omega_cor","tau1","tau1_sd","tau2","tau2_sd","tau3","tau3_sd","tau4","tau4_sd","tau5","tau5_sd","tau6","tau6_sd"
1.00643680782599,0.00532919910074237,1.00052590234293,0.00875618648172013,0.0624602997594991,0.00118499533105956,0.584453119193918,0.0141978931616323,0.0548677124542923,0.0025890020029037,-0.00900173060181787,0.0105639697977155,1,0.287170603910481,-0.0119153874347009,0.0155399239418507,0.708557705997878,0.00731863549659916,0.698986586603556,0.0064194487307749,0.693717754964736,0.00709028555364003,0.703518165183269,0.00834942163727156,0.696167481122543,0.0111853862653246
