"beta1","beta1_sd","beta2","beta2_sd","omega_b1","omega_b1_sd","omega_b2","omega_b2_sd","omega_cov","omega_cov_sd","rho","rho_sd","conv_code","omega_cor","tau1","tau1_sd","tau2","tau2_sd","tau3","tau3_sd","tau4","tau4_sd","tau5","tau5_sd","tau6","tau6_sd"
0.990198313800763,0.00927422106456007,1.00338181160571,0.00898583006301406,0.563904998278148,0.00936620228695952,0.0546226960785247,0.00877954761899412,-0.164477704849228,0.00722516682128273,-0.287979283771922,0.0105350468354393,1,-0.93716810343719,-0.00801943435435251,0.0206617606113897,0.683720151824189,0.00908940889111375,0.683554652270911,0.00878032378596679,0.690369374682742,0.00968283292182913,0.676943183847675,0.0114529256536272,0.689664181865498,0.0138069589104475
