"beta1","beta1_sd","beta2","beta2_sd","omega_b1","omega_b1_sd","omega_b2","omega_b2_sd","omega_cov","omega_cov_sd","rho","rho_sd","conv_code","omega_cor","tau1","tau1_sd","tau2","tau2_sd","tau3","tau3_sd","tau4","tau4_sd","tau5","tau5_sd","tau6","tau6_sd"
1.01188246331784,0.00863168514816273,1.01840587248978,0.0118299539824802,0.256583358275479,0.00453604725777436,0.585323695476535,0.0216377057565921,0.00870389512046971,0.00649657693269882,-0.902573000133662,0.00147005550990993,1,0.022459565685286,-0.00317861513469711,0.0209644061509072,0.702645230849748,0.00938729572108832,0.70572760169573,0.00873122869928969,0.711728573939475,0.00905353739091893,0.702554101966796,0.0103546290250356,0.700017177411775,0.0123546537271162
