"beta1","beta1_sd","beta2","beta2_sd","omega_b1","omega_b1_sd","omega_b2","omega_b2_sd","omega_cov","omega_cov_sd","rho","rho_sd","conv_code","omega_cor","tau1","tau1_sd","tau2","tau2_sd","tau3","tau3_sd","tau4","tau4_sd","tau5","tau5_sd","tau6","tau6_sd"
0.99696052807115,0.00526393652844645,1.00333949610961,0.00609286705812603,0.0649117577699782,0.00156045835746841,0.0658596912800982,0.0048743277069217,0.0560289060071293,0.00200036457472967,0.603205172963604,0.00706985086909292,1,0.856920657933215,0.00970004742002087,0.0179408461404117,0.691577015777376,0.00728585209638257,0.691513947809518,0.00615256567689802,0.707833226042373,0.00657452562372457,0.699174412451061,0.00790643703997802,0.688806298705966,0.0108745643007104
