"beta1","beta1_sd","beta2","beta2_sd","omega_b1","omega_b1_sd","omega_b2","omega_b2_sd","omega_cov","omega_cov_sd","rho","rho_sd","conv_code","omega_cor","tau1","tau1_sd","tau2","tau2_sd","tau3","tau3_sd","tau4","tau4_sd","tau5","tau5_sd","tau6","tau6_sd"
1.00800124598762,0.00783598743952927,0.981991298160509,0.0127040487008015,0.0622626500882356,0.00227586789961066,0.964351378578133,0.0281686958102867,-0.0745137539542629,0.00468177519734516,0.609844906941573,0.0108897687908113,1,-0.304091996375248,-0.0302413887809958,0.0252700202538058,0.715706435945196,0.0112726903561211,0.710319926614415,0.00967328507786918,0.680161466621542,0.0103240451164393,0.712557996791079,0.0121923198992584,0.714334996332208,0.0158744688816236
