"beta1","beta1_sd","beta2","beta2_sd","omega_b1","omega_b1_sd","omega_b2","omega_b2_sd","omega_cov","omega_cov_sd","rho","rho_sd","conv_code","omega_cor","tau1","tau1_sd","tau2","tau2_sd","tau3","tau3_sd","tau4","tau4_sd","tau5","tau5_sd","tau6","tau6_sd"
1.00584926935103,0.00981827539421786,1.00384214305316,0.0103838231253251,0.562660691259738,0.0122734692798144,0.568073272688575,0.018402603533546,0.50833186256406,0.0125019014579161,0.900405100749881,0.00245876933273591,1,0.899128712246905,-0.0406976137577651,0.030885196703561,0.708702791215011,0.00963948511793752,0.701528298620712,0.00908445037516099,0.693925934357702,0.00977480879568645,0.711694206102025,0.0111158029927358,0.668179833563394,0.0135423444209013
