"beta1","beta1_sd","beta2","beta2_sd","omega_b1","omega_b1_sd","omega_b2","omega_b2_sd","omega_cov","omega_cov_sd","rho","rho_sd","conv_code","omega_cor","tau1","tau1_sd","tau2","tau2_sd","tau3","tau3_sd","tau4","tau4_sd","tau5","tau5_sd","tau6","tau6_sd"
0.999930035486325,0.00550634025125338,0.994477670397284,0.0100580623620412,0.0626063793451532,0.00137964719694421,1.00893344537431,0.0204837367573735,0.00210703609004848,0.00315331187871652,0.296159108604252,0.0127607031251098,1,0.00838361683000096,-0.00425149549244174,0.0171664741799757,0.687955619940249,0.00757479958307487,0.700328134331062,0.00647547563029087,0.691450353312704,0.00704033829707772,0.69746230833932,0.00844915880907029,0.691348184446571,0.0112245018776312
