"beta1","beta1_sd","beta2","beta2_sd","omega_b1","omega_b1_sd","omega_b2","omega_b2_sd","omega_cov","omega_cov_sd","rho","rho_sd","conv_code","omega_cor","tau1","tau1_sd","tau2","tau2_sd","tau3","tau3_sd","tau4","tau4_sd","tau5","tau5_sd","tau6","tau6_sd"
1.00462793457583,0.00870736366169788,0.993799680346237,0.00941062109423455,0.561751721526576,0.00937240757247292,0.575253321111755,0.015704377638688,0.157068162384118,0.00862229093838381,0.616352504517166,0.0130493061809302,1,0.27630350200282,0.0216899757820801,0.0218375327471376,0.697431393758356,0.00777820441340629,0.70131114341995,0.00749730535931298,0.695550530599345,0.00833330403297332,0.693026005200661,0.00974289779945521,0.692772693833848,0.0118752821604341
