"beta1","beta1_sd","beta2","beta2_sd","omega_b1","omega_b1_sd","omega_b2","omega_b2_sd","omega_cov","omega_cov_sd","rho","rho_sd","conv_code","omega_cor","tau1","tau1_sd","tau2","tau2_sd","tau3","tau3_sd","tau4","tau4_sd","tau5","tau5_sd","tau6","tau6_sd"
1.01049033057374,0.0084890588805272,0.987877729330705,0.00820389149956916,0.563693804820118,0.00851868853587519,0.249983466930349,0.0103569020432409,-0.00445550042649925,0.00664233110147336,0.00825695051500893,0.0128165685000314,1,-0.0118691389819887,-0.000575700894057541,0.0187161251731594,0.69788691559858,0.00752630027589278,0.68626274010376,0.00741673164977241,0.697474926605086,0.0082856549093683,0.686414837507647,0.00980815200992546,0.694866719775832,0.0118058118453017
