"beta1","beta1_sd","beta2","beta2_sd","omega_b1","omega_b1_sd","omega_b2","omega_b2_sd","omega_cov","omega_cov_sd","rho","rho_sd","conv_code","omega_cor","tau1","tau1_sd","tau2","tau2_sd","tau3","tau3_sd","tau4","tau4_sd","tau5","tau5_sd","tau6","tau6_sd"
0.999590970556498,0.0106129169314292,1.00629155616423,0.0102075943279081,1.01186306086828,0.0174621482313656,0.56508608656605,0.0190810737916296,-0.67886265648418,0.0156099780160898,0.603385985120531,0.0141822008938248,1,-0.897767214082929,-0.0146342766339403,0.02406901766358,0.699059541543523,0.00925774458651061,0.698800299868842,0.0087119408748113,0.695240102881679,0.00981711761903523,0.691011877276949,0.0114695439215044,0.702894149985283,0.0133537078348388
