"beta1","beta1_sd","beta2","beta2_sd","omega_b1","omega_b1_sd","omega_b2","omega_b2_sd","omega_cov","omega_cov_sd","rho","rho_sd","conv_code","omega_cor","tau1","tau1_sd","tau2","tau2_sd","tau3","tau3_sd","tau4","tau4_sd","tau5","tau5_sd","tau6","tau6_sd"
0.997633127182278,0.012333945342578,1.00001588835851,0.013303035465504,0.560815281857144,0.0133123026402947,0.0761629613340085,0.0153208994547141,-0.0697684087066271,0.00949591078697316,-0.274158560633669,0.0180237138047616,1,-0.33758021625051,0.00355693731829454,0.0252239453811873,0.701705981347065,0.0122879384834571,0.685180453888489,0.0125996304955645,0.692584807234464,0.0138171044952472,0.707795348281446,0.015688579342128,0.695390613210054,0.0183039831422401
