"beta1","beta1_sd","beta2","beta2_sd","omega_b1","omega_b1_sd","omega_b2","omega_b2_sd","omega_cov","omega_cov_sd","rho","rho_sd","conv_code","omega_cor","tau1","tau1_sd","tau2","tau2_sd","tau3","tau3_sd","tau4","tau4_sd","tau5","tau5_sd","tau6","tau6_sd"
1.02044070004849,0.0196616593790393,0.983667817068799,0.023994352812075,0.58691450672024,0.0219703889987901,0.212583768009158,0.0394059207984565,-0.335991431136446,0.0190931401401796,-0.906068536257267,0.00335640319635383,1,-0.951208514929281,0.00908258282271428,0.0317879163703576,0.698554772922453,0.0199496782631023,0.712894909955777,0.0195691363806639,0.718271973316018,0.0201995519262808,0.74420810232539,0.0215642774908805,0.737286441064952,0.0235118709171901
