"beta1","beta1_sd","beta2","beta2_sd","omega_b1","omega_b1_sd","omega_b2","omega_b2_sd","omega_cov","omega_cov_sd","rho","rho_sd","conv_code","omega_cor","tau1","tau1_sd","tau2","tau2_sd","tau3","tau3_sd","tau4","tau4_sd","tau5","tau5_sd","tau6","tau6_sd"
0.990332590853845,0.00585210948120222,0.979737595579701,0.00764405265986856,0.0618941558529673,0.00117879692494602,0.0626234945743182,0.00700235646557409,0.0553835821277089,0.00200400590186325,-0.291106975296182,0.00879098857576626,1,0.889585243777547,-0.00860699233162542,0.015862073642516,0.692673903874381,0.00834767507085402,0.679666273522146,0.00746446460221405,0.681437280389308,0.00816439432173814,0.702502373246894,0.00958282342224029,0.675483154406738,0.0129435031183695
