"beta1","beta1_sd","beta2","beta2_sd","omega_b1","omega_b1_sd","omega_b2","omega_b2_sd","omega_cov","omega_cov_sd","rho","rho_sd","conv_code","omega_cor","tau1","tau1_sd","tau2","tau2_sd","tau3","tau3_sd","tau4","tau4_sd","tau5","tau5_sd","tau6","tau6_sd"
0.990814410856851,0.00787064168953853,0.987740124918359,0.0115706716175542,0.238710457840324,0.0043253064411923,1.00208661411889,0.025219012299481,-0.292296568504242,0.00718223904693767,0.00986391920355729,0.0162877120019729,1,-0.597634091653717,-0.00588034034000281,0.0200561432498754,0.684001598980915,0.00904042189092705,0.678332422398157,0.00844852051707781,0.698179531745429,0.00914804364977183,0.681835980405889,0.0108444786983819,0.690026306273191,0.0135032641553399
