"beta1","beta1_sd","beta2","beta2_sd","omega_b1","omega_b1_sd","omega_b2","omega_b2_sd","omega_cov","omega_cov_sd","rho","rho_sd","conv_code","omega_cor","tau1","tau1_sd","tau2","tau2_sd","tau3","tau3_sd","tau4","tau4_sd","tau5","tau5_sd","tau6","tau6_sd"
0.992496514800037,0.00613865046928335,0.993108358703723,0.00873474386862115,0.0613793380922881,0.00123119247100286,0.242557736551916,0.010643129549294,0.0385643761169602,0.00233015052389463,-0.28992439891011,0.00928589066503089,1,0.31605862314315,0.021732470904914,0.0166142425729059,0.677517593010783,0.00868375057331665,0.675391511101836,0.00762475009924773,0.689473693936698,0.00832339298447797,0.686572023707147,0.00990487237758166,0.686362326447435,0.0130593192973843
