"beta1","beta1_sd","beta2","beta2_sd","omega_b1","omega_b1_sd","omega_b2","omega_b2_sd","omega_cov","omega_cov_sd","rho","rho_sd","conv_code","omega_cor","tau1","tau1_sd","tau2","tau2_sd","tau3","tau3_sd","tau4","tau4_sd","tau5","tau5_sd","tau6","tau6_sd"
0.990925497983575,0.00910911241482008,0.999915341358723,0.0123281533794924,0.061046609733358,0.00165123306998698,0.233803492594233,0.0160641194155962,-0.0717105167791762,0.00318757564929865,-0.589346238259324,0.00823509491961317,1,-0.600242275680343,-0.00902976652480659,0.0206714159359622,0.686346986066245,0.0120322027433083,0.690908903697692,0.0108514609386615,0.691283021050161,0.0117771964770526,0.659590801699897,0.0138441638662992,0.714427713529705,0.0169918324318275
