"beta1","beta1_sd","beta2","beta2_sd","omega_b1","omega_b1_sd","omega_b2","omega_b2_sd","omega_cov","omega_cov_sd","rho","rho_sd","conv_code","omega_cor","tau1","tau1_sd","tau2","tau2_sd","tau3","tau3_sd","tau4","tau4_sd","tau5","tau5_sd","tau6","tau6_sd"
0.997335166951089,0.00948885920266718,0.990760848621447,0.0119601651305795,0.568537167287711,0.00940874563604985,1.00069571215564,0.0273178977612146,0.458310437996246,0.0116651558225496,-0.586881677097193,0.00590487086522415,1,0.607616135595688,0.00499999722223079,0.0203041009597527,0.68337032202823,0.00859255965123584,0.690424628294769,0.00844224993856652,0.688239378996459,0.00933099243905499,0.680955416687177,0.0107384681738887,0.704058648454443,0.0126266903213909
