"beta1","beta1_sd","beta2","beta2_sd","omega_b1","omega_b1_sd","omega_b2","omega_b2_sd","omega_cov","omega_cov_sd","rho","rho_sd","conv_code","omega_cor","tau1","tau1_sd","tau2","tau2_sd","tau3","tau3_sd","tau4","tau4_sd","tau5","tau5_sd","tau6","tau6_sd"
1.00815991149224,0.00990674236209484,1.00209033328511,0.0113834328704984,0.564542568409244,0.00993237536887553,0.588908113764964,0.0212489214982893,0.348965789640759,0.0104481187018075,-0.296234114224589,0.0121506720150865,1,0.60521646878813,0.0140074111316322,0.0212575071405328,0.691220246553417,0.0093816030419122,0.697021397820424,0.00933487813961374,0.696670615605312,0.0104154435710892,0.709673714763143,0.011944937602405,0.689562150878579,0.0143286938945808
