"beta1","beta1_sd","beta2","beta2_sd","omega_b1","omega_b1_sd","omega_b2","omega_b2_sd","omega_cov","omega_cov_sd","rho","rho_sd","conv_code","omega_cor","tau1","tau1_sd","tau2","tau2_sd","tau3","tau3_sd","tau4","tau4_sd","tau5","tau5_sd","tau6","tau6_sd"
0.99523573809697,0.00871531540155033,0.985965074315138,0.0117256498154555,0.24365003575939,0.00443306415706039,0.570993323033808,0.021619594709264,0.110036695080694,0.00604230276368242,-0.594690846196054,0.00652150235066778,1,0.295011389685264,-0.000166311365369828,0.0203720099092364,0.677376485139935,0.00962122167404873,0.687780276681305,0.00909298245445155,0.697011229261208,0.00992430826517163,0.684807260875354,0.0114768964041894,0.709019696088883,0.0139464977244582
