"beta1","beta1_sd","beta2","beta2_sd","omega_b1","omega_b1_sd","omega_b2","omega_b2_sd","omega_cov","omega_cov_sd","rho","rho_sd","conv_code","omega_cor","tau1","tau1_sd","tau2","tau2_sd","tau3","tau3_sd","tau4","tau4_sd","tau5","tau5_sd","tau6","tau6_sd"
0.991170151229833,0.00889956613337336,1.00042093802738,0.00898889570517534,0.550750286647657,0.00949551606803149,0.229824512795873,0.011050291635241,0.211370908449511,0.00784672354397733,0.318522216090946,0.0199875333078047,1,0.594113846146797,-0.0304893844854159,0.0209788930057919,0.707911735201694,0.00833342783133066,0.696432839084508,0.00841644196292535,0.68497130144693,0.00954778335221248,0.676387957969302,0.0114169773085516,0.690426805905146,0.013644786917715
