"beta1","beta1_sd","beta2","beta2_sd","omega_b1","omega_b1_sd","omega_b2","omega_b2_sd","omega_cov","omega_cov_sd","rho","rho_sd","conv_code","omega_cor","tau1","tau1_sd","tau2","tau2_sd","tau3","tau3_sd","tau4","tau4_sd","tau5","tau5_sd","tau6","tau6_sd"
1.00084713392286,0.00660345638003127,1.00081608478456,0.0066738935100607,0.252636995202307,0.00376547255695421,0.063796354789659,0.00595348224932059,0.112645003229803,0.003619170372666,0.00372627771032373,0.0106249997511898,1,0.887289875202739,-0.019564118676033,0.0165533501905089,0.708401004884643,0.00695360967171279,0.694585699716079,0.00662633505188432,0.685379761751911,0.00752796629412819,0.705441650648097,0.00891883614276934,0.694112922708629,0.0113763489867497
