"beta1","beta1_sd","beta2","beta2_sd","omega_b1","omega_b1_sd","omega_b2","omega_b2_sd","omega_cov","omega_cov_sd","rho","rho_sd","conv_code","omega_cor","tau1","tau1_sd","tau2","tau2_sd","tau3","tau3_sd","tau4","tau4_sd","tau5","tau5_sd","tau6","tau6_sd"
1.00657637694831,0.0111279224440487,1.00774091237253,0.0111145212580516,1.00459468030639,0.0182542398779232,0.567543388306122,0.0197121065949176,-0.216218421976286,0.0139046240513141,0.609525587106045,0.0169316092444245,1,-0.286350352487299,-0.00628715596066465,0.025360148414124,0.701765322740293,0.00941543701736983,0.695421333930339,0.00930597007481965,0.680583900695603,0.010307516811299,0.710449690378913,0.0118313099648931,0.697407793941889,0.0141959609099864
