"beta1","beta1_sd","beta2","beta2_sd","omega_b1","omega_b1_sd","omega_b2","omega_b2_sd","omega_cov","omega_cov_sd","rho","rho_sd","conv_code","omega_cor","tau1","tau1_sd","tau2","tau2_sd","tau3","tau3_sd","tau4","tau4_sd","tau5","tau5_sd","tau6","tau6_sd"
1.00024093370748,0.00914113377310053,0.999762371000215,0.0132305305432474,0.254182278182429,0.00486264193993076,1.01025379123198,0.0311468884634908,0.153952446199072,0.00732524607767779,-0.602800967583185,0.00685166407345944,1,0.303807657111879,-0.00846330694923329,0.0208664631663589,0.697493886090049,0.00989921479584284,0.687666326199427,0.00946168558078302,0.693300706210077,0.0103195002700228,0.705990597341459,0.0119121597954504,0.705428056388232,0.0144389432547832
