"beta1","beta1_sd","beta2","beta2_sd","omega_b1","omega_b1_sd","omega_b2","omega_b2_sd","omega_cov","omega_cov_sd","rho","rho_sd","conv_code","omega_cor","tau1","tau1_sd","tau2","tau2_sd","tau3","tau3_sd","tau4","tau4_sd","tau5","tau5_sd","tau6","tau6_sd"
0.996245731666059,0.0127656367379656,0.974122909403957,0.0153843694148381,0.582311600005915,0.0160296467064644,1.00543482154993,0.0374316640127916,0.47330527143127,0.0182690399875313,0.894191691541495,0.00348842010853031,1,0.618566875334676,-0.00192935811760104,0.0371990155389409,0.684601034715663,0.0130922657826181,0.688430717910107,0.0124386270357007,0.691398378269903,0.0133698392400853,0.675736620513301,0.0152699946315039,0.711944290942059,0.0173134128137558
