"beta1","beta1_sd","beta2","beta2_sd","omega_b1","omega_b1_sd","omega_b2","omega_b2_sd","omega_cov","omega_cov_sd","rho","rho_sd","conv_code","omega_cor","tau1","tau1_sd","tau2","tau2_sd","tau3","tau3_sd","tau4","tau4_sd","tau5","tau5_sd","tau6","tau6_sd"
1.01365764582241,0.0095777580362962,0.997820114514856,0.0123794144948441,0.251824998357689,0.0056524990005148,0.56672694921274,0.0213223372661535,0.342389705562415,0.00855033956087488,0.00747025795058679,0.020954884562668,1,0.906325806545949,0.0328287001306122,0.0220475996534865,0.693831527631974,0.0104950505358496,0.699000907510091,0.0106511150073638,0.681291648493299,0.0121919084621529,0.711596759411604,0.0140482935632846,0.704442638510613,0.0173373967256534
