"beta1","beta1_sd","beta2","beta2_sd","omega_b1","omega_b1_sd","omega_b2","omega_b2_sd","omega_cov","omega_cov_sd","rho","rho_sd","conv_code","omega_cor","tau1","tau1_sd","tau2","tau2_sd","tau3","tau3_sd","tau4","tau4_sd","tau5","tau5_sd","tau6","tau6_sd"
1.00518067698548,0.00757385019791339,0.99667491136426,0.0126717321949493,0.0629027592416896,0.0019757612358848,1.01290831732702,0.0285815098936046,0.147575433552768,0.00471267633852655,0.328426938450441,0.0180809179485059,1,0.584647572774939,0.0258573138725632,0.0225533285311498,0.7039595039314,0.0104718290520133,0.682391251307685,0.00922344748507354,0.700317354440795,0.0103363440868373,0.674750914113382,0.01257955352509,0.699315176831651,0.0166264239564156
