"beta1","beta1_sd","beta2","beta2_sd","omega_b1","omega_b1_sd","omega_b2","omega_b2_sd","omega_cov","omega_cov_sd","rho","rho_sd","conv_code","omega_cor","tau1","tau1_sd","tau2","tau2_sd","tau3","tau3_sd","tau4","tau4_sd","tau5","tau5_sd","tau6","tau6_sd"
0.985292287937156,0.0149935666386271,0.992539384304783,0.019729579530667,0.251131805004439,0.00816565903500574,0.0654820639377214,0.029186873578006,0.030653477326932,0.00793142450372306,-0.899792035505093,0.00295067347428615,1,0.239038419772034,-0.045701878162034,0.0262152643006016,0.692092539610628,0.0166491565812664,0.693508619813475,0.0162799972488284,0.680787150153006,0.0171948491479463,0.697003323364492,0.0186417436597682,0.70375693727198,0.0211685887580456
