"beta1","beta1_sd","beta2","beta2_sd","omega_b1","omega_b1_sd","omega_b2","omega_b2_sd","omega_cov","omega_cov_sd","rho","rho_sd","conv_code","omega_cor","tau1","tau1_sd","tau2","tau2_sd","tau3","tau3_sd","tau4","tau4_sd","tau5","tau5_sd","tau6","tau6_sd"
0.977940961454147,0.0142777647312919,0.990504228847434,0.0163474086154154,0.959995948438845,0.0244490124979964,0.557222088500972,0.0312096836618464,-0.454313656573382,0.01924863554517,-0.262645526521494,0.0212159795389125,1,-0.621164932470874,0.0464524166162683,0.0276652825360134,0.644092661086241,0.0141021661622348,0.676590128584839,0.0138326078924065,0.682823834280603,0.0152938650564292,0.673670964141579,0.0170976890921593,0.665533838612159,0.0192627114643496
