"beta1","beta1_sd","beta2","beta2_sd","omega_b1","omega_b1_sd","omega_b2","omega_b2_sd","omega_cov","omega_cov_sd","rho","rho_sd","conv_code","omega_cor","tau1","tau1_sd","tau2","tau2_sd","tau3","tau3_sd","tau4","tau4_sd","tau5","tau5_sd","tau6","tau6_sd"
1.00773351154625,0.0117973352517302,1.00476886629859,0.0113657597902077,1.00915352222878,0.0181371002809183,0.238748820520456,0.0161242432839173,0.445397076179646,0.0142044011870918,-0.610445754448192,0.00660481897352892,1,0.907398640439447,0.0168135007883551,0.0234355954276309,0.711068719373625,0.0101026050191108,0.694236390503437,0.0102393520520031,0.694250673832318,0.0111723137145666,0.707648449164712,0.0128139754990532,0.676918881491787,0.0149789156205033
