"beta1","beta1_sd","beta2","beta2_sd","omega_b1","omega_b1_sd","omega_b2","omega_b2_sd","omega_cov","omega_cov_sd","rho","rho_sd","conv_code","omega_cor","tau1","tau1_sd","tau2","tau2_sd","tau3","tau3_sd","tau4","tau4_sd","tau5","tau5_sd","tau6","tau6_sd"
1.00431466931208,0.00903509895077924,1.00058706866277,0.0100525755108898,0.248593168102884,0.00557261852588672,0.0710411800244995,0.0099393011385563,-0.000971121398713305,0.00513662712662691,0.313708328945105,0.0221661528055874,2,-0.00730758450194857,-0.00111306427409504,0.0230889632005939,0.707018863500513,0.0102276350062037,0.691854402849721,0.00975293872600272,0.696827296000704,0.0111389848711942,0.666006357793961,0.0135518426665713,0.696892251230308,0.0163335343558515
