"beta1","beta1_sd","beta2","beta2_sd","omega_b1","omega_b1_sd","omega_b2","omega_b2_sd","omega_cov","omega_cov_sd","rho","rho_sd","conv_code","omega_cor","tau1","tau1_sd","tau2","tau2_sd","tau3","tau3_sd","tau4","tau4_sd","tau5","tau5_sd","tau6","tau6_sd"
0.995395475649621,0.0157352342603541,1.00923064722243,0.0172508904301355,0.961401998273734,0.0268207786065477,0.0786051265722058,0.0240428593916124,0.150045925219514,0.0161350461762148,-0.595463791325261,0.0118218121246025,1,0.545815996899373,0.053620964231273,0.0289056086920728,0.670185017129801,0.0150652946966045,0.685339128082857,0.0151581698623336,0.685750675374688,0.0166072587791799,0.673825270810811,0.0183584388128752,0.722007171051217,0.0206630891167241
