"beta1","beta1_sd","beta2","beta2_sd","omega_b1","omega_b1_sd","omega_b2","omega_b2_sd","omega_cov","omega_cov_sd","rho","rho_sd","conv_code","omega_cor","tau1","tau1_sd","tau2","tau2_sd","tau3","tau3_sd","tau4","tau4_sd","tau5","tau5_sd","tau6","tau6_sd"
1.00081137551092,0.00569983321153987,1.00998964781999,0.00720759418165965,0.0645451658242288,0.00146723331331305,0.0731791927515398,0.00652099201132254,0.00118497199914293,0.00204366231698528,0.301764992061888,0.0126549298459806,1,0.0172417927486214,0.0135428100674711,0.0180656730361655,0.696564914405163,0.00830361522465421,0.691409255980267,0.00705045439993704,0.708484501532958,0.00770197901414587,0.684724295257855,0.00935629235869931,0.725861822123158,0.0122698018632318
