"beta1","beta1_sd","beta2","beta2_sd","omega_b1","omega_b1_sd","omega_b2","omega_b2_sd","omega_cov","omega_cov_sd","rho","rho_sd","conv_code","omega_cor","tau1","tau1_sd","tau2","tau2_sd","tau3","tau3_sd","tau4","tau4_sd","tau5","tau5_sd","tau6","tau6_sd"
1.00534147046012,0.00818653885166804,1.01305697095248,0.0102762035073985,0.247023599363277,0.00415867770174874,0.267608853322399,0.0145267715904266,0.154207914020358,0.00576982603387334,-0.898990248985923,0.00144101331540459,1,0.599773400425911,-0.00422889422645797,0.0201249068429148,0.697463362982608,0.0089456276044394,0.689365167469189,0.0084293572242494,0.697483171201032,0.00880055928934459,0.691567025404026,0.0100172873050809,0.684490794840336,0.0121510557501161
