"beta1","beta1_sd","beta2","beta2_sd","omega_b1","omega_b1_sd","omega_b2","omega_b2_sd","omega_cov","omega_cov_sd","rho","rho_sd","conv_code","omega_cor","tau1","tau1_sd","tau2","tau2_sd","tau3","tau3_sd","tau4","tau4_sd","tau5","tau5_sd","tau6","tau6_sd"
0.979251497927414,0.0119930721799007,0.993514878894321,0.0117070458091617,0.996251069695285,0.0180231869103713,0.252944390905884,0.0162894386864739,0.151590685020958,0.0137434968190346,-0.898826713951491,0.00167680316465019,1,0.301978197496451,-0.0177739039180796,0.0259976935745827,0.69599139410332,0.0100699905136424,0.676848490607475,0.0098576642973058,0.679179900644389,0.0104396933419769,0.684385982598832,0.0116620380207457,0.684607428275903,0.0133674029565018
