"beta1","beta1_sd","beta2","beta2_sd","omega_b1","omega_b1_sd","omega_b2","omega_b2_sd","omega_cov","omega_cov_sd","rho","rho_sd","conv_code","omega_cor","tau1","tau1_sd","tau2","tau2_sd","tau3","tau3_sd","tau4","tau4_sd","tau5","tau5_sd","tau6","tau6_sd"
0.971945427447429,0.00993261393294256,0.958600864792234,0.00951005871842244,0.981640276498175,0.0153386590695861,0.547766904441921,0.0165660693454871,0.46189370792986,0.0125706705114377,0.305127992350417,0.0177311321905826,1,0.629894718772843,-0.0107719886226807,0.0202537289333914,0.684115681476415,0.00779272666995487,0.679709159008901,0.00800118067446585,0.697795044381644,0.00883268833096149,0.679957713812046,0.0103474962126548,0.671907409535599,0.0122146017982634
