"beta1","beta1_sd","beta2","beta2_sd","omega_b1","omega_b1_sd","omega_b2","omega_b2_sd","omega_cov","omega_cov_sd","rho","rho_sd","conv_code","omega_cor","tau1","tau1_sd","tau2","tau2_sd","tau3","tau3_sd","tau4","tau4_sd","tau5","tau5_sd","tau6","tau6_sd"
0.994229563711299,0.00740357664516093,0.991734098522683,0.00855437715436708,0.242981549588004,0.00412721829220284,0.241680820308254,0.0103650453907918,-0.223296899652927,0.00507371806362177,0.0126538106126132,0.0139785829800474,1,-0.921456740597288,-0.0250035612037511,0.0190585896243608,0.697123598310778,0.00856589884609315,0.683441747663242,0.00777699452581101,0.689839519656162,0.00867312294420192,0.679424387680544,0.0103974214029672,0.686923716034587,0.012975801270345
