"beta1","beta1_sd","beta2","beta2_sd","omega_b1","omega_b1_sd","omega_b2","omega_b2_sd","omega_cov","omega_cov_sd","rho","rho_sd","conv_code","omega_cor","tau1","tau1_sd","tau2","tau2_sd","tau3","tau3_sd","tau4","tau4_sd","tau5","tau5_sd","tau6","tau6_sd"
1.00775015796801,0.00937635870064706,1.0030875494472,0.00957156978057484,0.561226737436448,0.00952765626758192,0.234154074865043,0.0125805192611564,-0.221175688225968,0.00802066572378685,-0.0150740943785801,0.0161154633883095,1,-0.610122935017657,0.0193558879030898,0.0207847794484136,0.685217585954151,0.00899682952073612,0.691659566226167,0.00872302000125687,0.696166676808487,0.00976999744655845,0.692157959200107,0.0113154869723724,0.695769950438919,0.0137083543776252
