"beta1","beta1_sd","beta2","beta2_sd","omega_b1","omega_b1_sd","omega_b2","omega_b2_sd","omega_cov","omega_cov_sd","rho","rho_sd","conv_code","omega_cor","tau1","tau1_sd","tau2","tau2_sd","tau3","tau3_sd","tau4","tau4_sd","tau5","tau5_sd","tau6","tau6_sd"
0.989844679801867,0.00900305137504249,0.996645107871378,0.00905658514335785,0.551209336735926,0.00996638689184519,0.23965397631187,0.0113718950050807,-0.106036124412201,0.00783959095529133,0.584043913854502,0.0150211906666399,1,-0.291744880461065,0.0118212824575127,0.0227604342225265,0.694956342466597,0.00870583957594188,0.669265659012294,0.00844484728020838,0.679772757684696,0.00952510461532889,0.689494478378713,0.0109138961185834,0.688393542245515,0.0133260429700715
