"beta1","beta1_sd","beta2","beta2_sd","omega_b1","omega_b1_sd","omega_b2","omega_b2_sd","omega_cov","omega_cov_sd","rho","rho_sd","conv_code","omega_cor","tau1","tau1_sd","tau2","tau2_sd","tau3","tau3_sd","tau4","tau4_sd","tau5","tau5_sd","tau6","tau6_sd"
0.998014331886124,0.00670940443642112,0.994161250931101,0.00645681612512488,0.24800839641146,0.00425701644392293,0.0583385953599577,0.00537314499027995,-0.0417615373268739,0.00362468163534334,0.610977251599063,0.00927321020181784,1,-0.34718847584275,0.00830922979906315,0.0194024956037326,0.687777570693264,0.00725904518826187,0.697209609078845,0.00650713322881549,0.694464071162589,0.00722346550829524,0.689008249326691,0.00873797454970287,0.681069416083854,0.0112887049947678
