"beta1","beta1_sd","beta2","beta2_sd","omega_b1","omega_b1_sd","omega_b2","omega_b2_sd","omega_cov","omega_cov_sd","rho","rho_sd","conv_code","omega_cor","tau1","tau1_sd","tau2","tau2_sd","tau3","tau3_sd","tau4","tau4_sd","tau5","tau5_sd","tau6","tau6_sd"
0.998406844947612,0.00898927649690428,0.996225794458466,0.00853710999694938,0.558876427918195,0.00918535094125543,0.0616513425463674,0.0080110615693704,0.110839963769148,0.00683432155910336,-0.000398931385602324,0.0148793509571493,1,0.597127688550714,0.00603112762483846,0.0199977563170237,0.698870706779891,0.00851256341879997,0.686691922977029,0.00853643552248198,0.704527021178331,0.00960010905283007,0.677181683899267,0.0114078878642358,0.693821783389008,0.0136877876588619
