"beta1","beta1_sd","beta2","beta2_sd","omega_b1","omega_b1_sd","omega_b2","omega_b2_sd","omega_cov","omega_cov_sd","rho","rho_sd","conv_code","omega_cor","tau1","tau1_sd","tau2","tau2_sd","tau3","tau3_sd","tau4","tau4_sd","tau5","tau5_sd","tau6","tau6_sd"
1.00039298080042,0.0107156130601821,0.980981394905147,0.0114102077854579,0.557712571165749,0.0119855537236068,0.260041331580278,0.0153557109729527,-0.226474750078211,0.0101132279760886,0.605206876349069,0.0168240821854115,1,-0.594693759952972,0.00193608224749346,0.0275205279753689,0.69701062496213,0.0110372078490277,0.681182559888197,0.010762086512297,0.705141311493198,0.011875982424353,0.686179282525246,0.0139580322516018,0.716134828529184,0.016517768037753
