"beta1","beta1_sd","beta2","beta2_sd","omega_b1","omega_b1_sd","omega_b2","omega_b2_sd","omega_cov","omega_cov_sd","rho","rho_sd","conv_code","omega_cor","tau1","tau1_sd","tau2","tau2_sd","tau3","tau3_sd","tau4","tau4_sd","tau5","tau5_sd","tau6","tau6_sd"
0.999426623144327,0.00727096154967107,0.995126938479307,0.00768330905526085,0.248981946415816,0.0044216464341955,0.056668434280912,0.00693299942789678,-0.0350284103536775,0.00392963276095051,0.289455752997401,0.0160636494035072,1,-0.294893970679538,-0.00532089241534674,0.0194839830527296,0.689912338468075,0.0082482923424089,0.688823098037313,0.00762421724845408,0.688935761596266,0.00855245979586644,0.684417644683915,0.0103640659285345,0.701241711769057,0.012993839401126
