"beta1","beta1_sd","beta2","beta2_sd","omega_b1","omega_b1_sd","omega_b2","omega_b2_sd","omega_cov","omega_cov_sd","rho","rho_sd","conv_code","omega_cor","tau1","tau1_sd","tau2","tau2_sd","tau3","tau3_sd","tau4","tau4_sd","tau5","tau5_sd","tau6","tau6_sd"
0.992029111223528,0.00870246076419686,0.999223743599122,0.00861964247551701,0.565206434650413,0.00858459968318189,0.231448255946253,0.0107944731198668,-0.109180136526579,0.00706595565079514,-0.303841364272761,0.00901342863009483,1,-0.301865254909585,0.00618183076474555,0.019178053992987,0.688248865337838,0.00787864763259168,0.682932353248712,0.00764482969910805,0.700007692356959,0.00848879256668488,0.668610290037111,0.0100578170945024,0.681210156088175,0.0120912872828575
