"beta1","beta1_sd","beta2","beta2_sd","omega_b1","omega_b1_sd","omega_b2","omega_b2_sd","omega_cov","omega_cov_sd","rho","rho_sd","conv_code","omega_cor","tau1","tau1_sd","tau2","tau2_sd","tau3","tau3_sd","tau4","tau4_sd","tau5","tau5_sd","tau6","tau6_sd"
0.997617191318537,0.00689752688948737,0.994287649092169,0.0104037863976788,0.251418740526216,0.00414641710760955,1.02767280675985,0.0220512734812783,0.307867632802761,0.00675716624210527,0.303467070506743,0.0153207158888574,1,0.605672390373122,0.00460082411612103,0.0181309930101777,0.680770035593355,0.00729122316710324,0.692419599524186,0.00690220125901046,0.682441395910271,0.00782794041455852,0.685560291768925,0.00933073408414946,0.679786516135788,0.0115279589312949
