"beta1","beta1_sd","beta2","beta2_sd","omega_b1","omega_b1_sd","omega_b2","omega_b2_sd","omega_cov","omega_cov_sd","rho","rho_sd","conv_code","omega_cor","tau1","tau1_sd","tau2","tau2_sd","tau3","tau3_sd","tau4","tau4_sd","tau5","tau5_sd","tau6","tau6_sd"
0.997232126526501,0.00552040602867031,1.00139134552832,0.00848504314889419,0.0632723675910155,0.00158432032444501,0.557343578087186,0.0132354804872531,0.116750218804922,0.00307916826329053,0.599116631164371,0.00754714507178592,1,0.621711870646184,0.00372436909403543,0.0185397823384141,0.685559476803826,0.00763329735736276,0.690969685554813,0.00646387582307317,0.691005617509739,0.0068848491354863,0.675042810067073,0.00826810794515521,0.703327126676407,0.010941151647233
