"beta1","beta1_sd","beta2","beta2_sd","omega_b1","omega_b1_sd","omega_b2","omega_b2_sd","omega_cov","omega_cov_sd","rho","rho_sd","conv_code","omega_cor","tau1","tau1_sd","tau2","tau2_sd","tau3","tau3_sd","tau4","tau4_sd","tau5","tau5_sd","tau6","tau6_sd"
0.993120285328599,0.00513219039665491,1.00275248540281,0.00720258079573047,0.0610153628708602,0.00111400452059967,0.242095859458111,0.00835405480016206,-0.0733620402522759,0.00211509933948037,0.00509201387391899,0.00964078452983555,1,-0.603612355312375,-0.014409621893166,0.0155086509773101,0.687249843292657,0.00744306394106219,0.69665929537203,0.00623694564231047,0.677558052983876,0.00678789234939366,0.707366618373062,0.00796957724837172,0.672317081183511,0.0108504493923562
