"beta1","beta1_sd","beta2","beta2_sd","omega_b1","omega_b1_sd","omega_b2","omega_b2_sd","omega_cov","omega_cov_sd","rho","rho_sd","conv_code","omega_cor","tau1","tau1_sd","tau2","tau2_sd","tau3","tau3_sd","tau4","tau4_sd","tau5","tau5_sd","tau6","tau6_sd"
0.994671690140822,0.00974381154107198,0.974375783586436,0.0115084342940119,0.572768000101296,0.012463124773016,1.06235328712905,0.0258332018306942,0.219901476990786,0.0125982464303229,0.901113513503197,0.00252077014972886,1,0.281905981021906,0.00456080465115813,0.0311354784226427,0.696063435936673,0.00879354693961806,0.688551724160457,0.00829893182887908,0.698607651721587,0.00882277478185636,0.690203193718818,0.0101059102791732,0.699918789790527,0.0120393693665249
