"beta1","beta1_sd","beta2","beta2_sd","omega_b1","omega_b1_sd","omega_b2","omega_b2_sd","omega_cov","omega_cov_sd","rho","rho_sd","conv_code","omega_cor","tau1","tau1_sd","tau2","tau2_sd","tau3","tau3_sd","tau4","tau4_sd","tau5","tau5_sd","tau6","tau6_sd"
0.986175135439236,0.00809542394447445,0.994622839156282,0.0102026344055369,0.558181910501089,0.00841096694366048,0.977783595629656,0.0216266570615009,0.667327285469134,0.0114767254443717,0.310392468355015,0.0150589367765013,1,0.903295049746073,-0.0241247753817957,0.0182864742081047,0.678829897416485,0.00728220517296004,0.684106607027903,0.00729314631502543,0.692690719991703,0.00826338499309233,0.684102236418052,0.00966418964187723,0.685132353213676,0.0118558015802265
