"beta1","beta1_sd","beta2","beta2_sd","omega_b1","omega_b1_sd","omega_b2","omega_b2_sd","omega_cov","omega_cov_sd","rho","rho_sd","conv_code","omega_cor","tau1","tau1_sd","tau2","tau2_sd","tau3","tau3_sd","tau4","tau4_sd","tau5","tau5_sd","tau6","tau6_sd"
0.984048330088272,0.0098268518628449,1.00106366652448,0.00715774826774422,0.995777020697508,0.0156646643133011,0.0610015616489507,0.00623408608001321,0.140829356471445,0.00898967875759333,0.614081747570175,0.0130156651717565,1,0.571401884285838,-0.0150462644672729,0.0211981592440278,0.692284787727747,0.00774106807103312,0.68806645867795,0.00763905489245267,0.683397305537866,0.00856138881059864,0.703180359829344,0.0097619301858617,0.690961824378241,0.0117764622980898
