"beta1","beta1_sd","beta2","beta2_sd","omega_b1","omega_b1_sd","omega_b2","omega_b2_sd","omega_cov","omega_cov_sd","rho","rho_sd","conv_code","omega_cor","tau1","tau1_sd","tau2","tau2_sd","tau3","tau3_sd","tau4","tau4_sd","tau5","tau5_sd","tau6","tau6_sd"
0.996985753789559,0.00564884299938117,0.991702825311694,0.00912974696026627,0.0625592965408283,0.00142840934540675,0.567711385856359,0.0147543456123446,0.167405206144582,0.00344583094745029,0.292986914168203,0.0127931902806221,1,0.888299115208811,0.00513168012437921,0.0176085483798553,0.695601052145937,0.00825811015880369,0.677812296427236,0.00715909273167118,0.693123706896675,0.00799870691434185,0.696236777097431,0.0096452349144963,0.70413209431682,0.0130204701541244
