"beta1","beta1_sd","beta2","beta2_sd","omega_b1","omega_b1_sd","omega_b2","omega_b2_sd","omega_cov","omega_cov_sd","rho","rho_sd","conv_code","omega_cor","tau1","tau1_sd","tau2","tau2_sd","tau3","tau3_sd","tau4","tau4_sd","tau5","tau5_sd","tau6","tau6_sd"
1.00181559598743,0.0110716176601487,0.996634417452128,0.0122000505308904,0.558825290700275,0.0127161994242066,0.24107072708622,0.0163214876368833,0.121419523658929,0.00985923284581349,0.305393756779895,0.0281845548234064,1,0.330809718344369,-0.00149996054296629,0.0252843288824088,0.695692705239613,0.0109648072134837,0.709909210301394,0.0111316178864331,0.680144304776922,0.0129043098495527,0.688185612515935,0.014655894259936,0.683282026135234,0.0179557631530787
