"beta1","beta1_sd","beta2","beta2_sd","omega_b1","omega_b1_sd","omega_b2","omega_b2_sd","omega_cov","omega_cov_sd","rho","rho_sd","conv_code","omega_cor","tau1","tau1_sd","tau2","tau2_sd","tau3","tau3_sd","tau4","tau4_sd","tau5","tau5_sd","tau6","tau6_sd"
1.00027796790397,0.00772854786971599,1.00132759624295,0.00856677911108244,0.252400967782139,0.00416282306664222,0.075161919329828,0.00829419101302822,0.12049265068833,0.004348819357103,-0.302306597683632,0.00965581446113117,1,0.874814795809759,-0.00559141674068199,0.0184552393043189,0.696157420701389,0.00852852905190291,0.684111983928396,0.00822815638673014,0.713516631433577,0.00903461294164048,0.69818353081309,0.0107859756443805,0.726157622352383,0.0133714572627107
