"beta1","beta1_sd","beta2","beta2_sd","omega_b1","omega_b1_sd","omega_b2","omega_b2_sd","omega_cov","omega_cov_sd","rho","rho_sd","conv_code","omega_cor","tau1","tau1_sd","tau2","tau2_sd","tau3","tau3_sd","tau4","tau4_sd","tau5","tau5_sd","tau6","tau6_sd"
1.01599534833295,0.0131708051570906,1.00481017083382,0.0154930463679178,0.572847857754556,0.0142082010976067,0.538099329322171,0.0285210922448509,0.331399991247141,0.0134159828610184,-0.312420515998184,0.0182793926907044,1,0.596900057289814,-0.00252375839102219,0.026182475813559,0.698116756678575,0.0127091346683481,0.717698443660246,0.0131494974609383,0.686332287198621,0.0145641249697631,0.675066964498139,0.0164973748877609,0.688875345325371,0.0189959188570334
