"beta1","beta1_sd","beta2","beta2_sd","omega_b1","omega_b1_sd","omega_b2","omega_b2_sd","omega_cov","omega_cov_sd","rho","rho_sd","conv_code","omega_cor","tau1","tau1_sd","tau2","tau2_sd","tau3","tau3_sd","tau4","tau4_sd","tau5","tau5_sd","tau6","tau6_sd"
0.994326277234244,0.00592673536910722,1.00855428522845,0.00840884850273712,0.0658142752032476,0.0013377895509201,0.251788117465088,0.0102734843811146,-0.0754007083080793,0.00250523536914535,-0.0127342694231828,0.0121993914028773,1,-0.585730391712589,-0.00192933616930583,0.0175671839848661,0.692248603523705,0.00860283738068433,0.6954581927716,0.00727603706641894,0.679765256148992,0.00805293212712038,0.701959217959793,0.0096081235167999,0.724246227660432,0.0125620039726461
