"beta1","beta1_sd","beta2","beta2_sd","omega_b1","omega_b1_sd","omega_b2","omega_b2_sd","omega_cov","omega_cov_sd","rho","rho_sd","conv_code","omega_cor","tau1","tau1_sd","tau2","tau2_sd","tau3","tau3_sd","tau4","tau4_sd","tau5","tau5_sd","tau6","tau6_sd"
1.00946877300348,0.00931315646503727,0.975805345189911,0.0102670320888537,0.563667676515875,0.0105029693216203,0.522376166278926,0.0171341408635711,0.174131827558331,0.00915300099704814,0.588950121551613,0.0157074117415591,1,0.320903841280542,0.0214267050654961,0.0232833571385525,0.686124025940278,0.00891593951796559,0.694263026820609,0.00870426268867106,0.673298751887811,0.00980621017967868,0.701272029175678,0.01125647729894,0.710052854421494,0.013541505973443
