"beta1","beta1_sd","beta2","beta2_sd","omega_b1","omega_b1_sd","omega_b2","omega_b2_sd","omega_cov","omega_cov_sd","rho","rho_sd","conv_code","omega_cor","tau1","tau1_sd","tau2","tau2_sd","tau3","tau3_sd","tau4","tau4_sd","tau5","tau5_sd","tau6","tau6_sd"
0.988484500269081,0.00802215666855464,0.997890669304852,0.00750242877146964,0.551486591407734,0.00823492159130838,0.224364547747785,0.00927446779885333,-0.31911442319011,0.00719406295405291,0.288934501307409,0.0142383004985784,1,-0.90719748523496,-0.00778428789171716,0.0186582125499054,0.686052508563178,0.00733555758715119,0.683923023461854,0.00698777485870438,0.688906397777018,0.00782784643649416,0.67625037593389,0.00942325856699231,0.686341120245872,0.0115045715653559
