"beta1","beta1_sd","beta2","beta2_sd","omega_b1","omega_b1_sd","omega_b2","omega_b2_sd","omega_cov","omega_cov_sd","rho","rho_sd","conv_code","omega_cor","tau1","tau1_sd","tau2","tau2_sd","tau3","tau3_sd","tau4","tau4_sd","tau5","tau5_sd","tau6","tau6_sd"
0.994253474434048,0.00664566713775024,0.989184150552791,0.00631142989363656,0.243203077172648,0.00417602741590699,0.0566102991195694,0.00529979685561867,-0.102332970456307,0.00363272800314013,0.604811101813769,0.00927694291651941,1,-0.872134211630343,0.000936583455480309,0.0194312350911329,0.691406912154722,0.0072844897684501,0.67668362491899,0.00648268630071686,0.682628583507076,0.00717537171964897,0.68987515219925,0.00855441821257384,0.709361266504088,0.0107305445919698
