"beta1","beta1_sd","beta2","beta2_sd","omega_b1","omega_b1_sd","omega_b2","omega_b2_sd","omega_cov","omega_cov_sd","rho","rho_sd","conv_code","omega_cor","tau1","tau1_sd","tau2","tau2_sd","tau3","tau3_sd","tau4","tau4_sd","tau5","tau5_sd","tau6","tau6_sd"
0.997478435447617,0.0102110292399868,0.992491493114549,0.0119737987233086,0.247697539674901,0.00578288745557637,0.0409737738330781,0.00472212183739811,-0.100742756403886,0.00534201319764989,-0.304316524373469,0.0147550257605869,1,-0.999999999911492,-0.0419397242431565,0.0227384092705152,0.712518262408427,0.0116315830750997,0.675607219456648,0.0111466657336097,0.700102106038262,0.0123705270545448,0.678204774664787,0.0147374919241179,0.70276194111833,0.017452840078806
