"beta1","beta1_sd","beta2","beta2_sd","omega_b1","omega_b1_sd","omega_b2","omega_b2_sd","omega_cov","omega_cov_sd","rho","rho_sd","conv_code","omega_cor","tau1","tau1_sd","tau2","tau2_sd","tau3","tau3_sd","tau4","tau4_sd","tau5","tau5_sd","tau6","tau6_sd"
1.00681758149368,0.00610967188198116,1.00160069346618,0.0106337426662375,0.0625406970467971,0.00167256739994528,1.00984160617756,0.0219779730577372,0.229401038986881,0.00458469127373363,0.601726553916249,0.00795821983142384,1,0.912824718495063,0.00763356315431703,0.0202774208295478,0.696794041839048,0.00877097276269315,0.692128410147281,0.00745805597556002,0.696069135878211,0.0079988718152569,0.680208011213732,0.00968934909092194,0.703849011577334,0.012860509266842
