"beta1","beta1_sd","beta2","beta2_sd","omega_b1","omega_b1_sd","omega_b2","omega_b2_sd","omega_cov","omega_cov_sd","rho","rho_sd","conv_code","omega_cor","tau1","tau1_sd","tau2","tau2_sd","tau3","tau3_sd","tau4","tau4_sd","tau5","tau5_sd","tau6","tau6_sd"
0.994704431680295,0.00642338253569931,0.994429772938155,0.00744602811136309,0.0617352390315513,0.0030339556962957,0.236539433531415,0.00854902762199382,-0.0390681200728422,0.00349101835234327,0.899344708484564,0.00165566415688283,1,-0.323298858043109,-0.0230416069467617,0.0275042783922394,0.696789999727605,0.00812184027539432,0.677813144425788,0.00706502757562836,0.705259555194285,0.00707609177809961,0.68796775086333,0.00812593214210947,0.675453393932877,0.010432308246738
