"beta1","beta1_sd","beta2","beta2_sd","omega_b1","omega_b1_sd","omega_b2","omega_b2_sd","omega_cov","omega_cov_sd","rho","rho_sd","conv_code","omega_cor","tau1","tau1_sd","tau2","tau2_sd","tau3","tau3_sd","tau4","tau4_sd","tau5","tau5_sd","tau6","tau6_sd"
1.00322786543955,0.00926931121386119,1.02605510012761,0.0125815698599289,0.0613874589827489,0.0037656823863693,0.571549711937654,0.0215914858062423,-0.111175070140031,0.00615926982546729,0.902475095891247,0.00212502488163735,1,-0.59352713448699,0.0204802447327159,0.0336411069434145,0.70656974925569,0.0122178645301185,0.690822504688539,0.0110159201531181,0.69591276865002,0.0109339104735831,0.694333472475107,0.0121321193703423,0.696599389143167,0.0152284407302012
