"beta1","beta1_sd","beta2","beta2_sd","omega_b1","omega_b1_sd","omega_b2","omega_b2_sd","omega_cov","omega_cov_sd","rho","rho_sd","conv_code","omega_cor","tau1","tau1_sd","tau2","tau2_sd","tau3","tau3_sd","tau4","tau4_sd","tau5","tau5_sd","tau6","tau6_sd"
0.997441655676303,0.00502880999612686,0.99501152847019,0.00616352406170721,0.0631693009755743,0.00124270703808649,0.0598646233914247,0.00519559947320899,0.0199735195103038,0.00173524123933177,0.283217983428184,0.0105694682206812,1,0.324800310130475,0.000605923451582235,0.015733177178821,0.692719416843086,0.00712097186051601,0.692019139403547,0.00606934376770799,0.691315312104738,0.00662180015068261,0.687830567867153,0.00805946285242684,0.701880596690339,0.0107183474885012
