"beta1","beta1_sd","beta2","beta2_sd","omega_b1","omega_b1_sd","omega_b2","omega_b2_sd","omega_cov","omega_cov_sd","rho","rho_sd","conv_code","omega_cor","tau1","tau1_sd","tau2","tau2_sd","tau3","tau3_sd","tau4","tau4_sd","tau5","tau5_sd","tau6","tau6_sd"
1.00633785159176,0.00951414959944087,1.02162438968427,0.00995456147740274,0.57728273327382,0.0120786259598437,0.574021425946118,0.0162736825054051,0.00614674114998151,0.0102379958804937,0.898504596543113,0.00247405773910053,1,0.0106779181892706,-0.0148099844596838,0.0300688839368174,0.695382524048434,0.00863126139166664,0.702159234398063,0.00808312662728469,0.701687346162118,0.00860214142071671,0.712537679858076,0.0097560683475634,0.697400177373035,0.0117937330264902
