"beta1","beta1_sd","beta2","beta2_sd","omega_b1","omega_b1_sd","omega_b2","omega_b2_sd","omega_cov","omega_cov_sd","rho","rho_sd","conv_code","omega_cor","tau1","tau1_sd","tau2","tau2_sd","tau3","tau3_sd","tau4","tau4_sd","tau5","tau5_sd","tau6","tau6_sd"
0.999508936192542,0.00867749785395996,1.01615502558969,0.00783412400739807,0.582275223796103,0.00870644863341757,0.0668479045057576,0.00744044011302129,0.00801623081597953,0.00618676305152142,-0.313606031338899,0.00839891024895304,1,0.0406314348477799,-0.0206822243881882,0.0185971864527718,0.707587452012629,0.0077155219809548,0.711026711932223,0.00752176412990033,0.693073510614908,0.00843188759483976,0.697342388041147,0.00982124476561607,0.720898344984055,0.0117096251602479
