"beta1","beta1_sd","beta2","beta2_sd","omega_b1","omega_b1_sd","omega_b2","omega_b2_sd","omega_cov","omega_cov_sd","rho","rho_sd","conv_code","omega_cor","tau1","tau1_sd","tau2","tau2_sd","tau3","tau3_sd","tau4","tau4_sd","tau5","tau5_sd","tau6","tau6_sd"
1.00418232732252,0.00744044233406969,0.991184443082835,0.0087421345858599,0.245180741452875,0.00449491056573345,0.258866268438928,0.0111992409117674,-0.0813906990573835,0.00472540651081547,0.303910924171285,0.0171939292221306,1,-0.323067945517461,0.0220385301100329,0.0197975391706305,0.686219945257843,0.008372991626667,0.698840843220997,0.00777183507612643,0.688522501263126,0.00878563501765056,0.688653345872774,0.0104799571350814,0.697620021858155,0.0130708205596779
