"beta1","beta1_sd","beta2","beta2_sd","omega_b1","omega_b1_sd","omega_b2","omega_b2_sd","omega_cov","omega_cov_sd","rho","rho_sd","conv_code","omega_cor","tau1","tau1_sd","tau2","tau2_sd","tau3","tau3_sd","tau4","tau4_sd","tau5","tau5_sd","tau6","tau6_sd"
0.99768783094454,0.00900862237969159,1.00928140341948,0.0116893897823337,0.247631596884032,0.00465618830150417,0.25801753015639,0.0165992085992509,-0.219910784169731,0.00705344122373459,-0.901276479053475,0.00166240048607147,1,-0.869999275999878,0.0276084060238848,0.0216195829572498,0.677254348894156,0.0107332292762841,0.694255476609387,0.0098459472150978,0.692482361886211,0.0102021980801058,0.708582440847257,0.0114453573707739,0.708788484115149,0.0138597405750214
