"beta1","beta1_sd","beta2","beta2_sd","omega_b1","omega_b1_sd","omega_b2","omega_b2_sd","omega_cov","omega_cov_sd","rho","rho_sd","conv_code","omega_cor","tau1","tau1_sd","tau2","tau2_sd","tau3","tau3_sd","tau4","tau4_sd","tau5","tau5_sd","tau6","tau6_sd"
1.0078440355179,0.00932456017296091,0.995014817007112,0.00965411905041733,0.556888786508803,0.00958184555901921,0.259396590488069,0.0128960580723341,0.114420237911797,0.00777962503679208,0.00177131977305401,0.0166551117806991,1,0.30104850733707,-0.0228260978853735,0.0207440003844242,0.703715084227911,0.00881420147402969,0.684147237724049,0.00882243645017234,0.694968883280754,0.00996374546101117,0.705238222768209,0.0114904655338295,0.694303842292788,0.013929675074279
