"beta1","beta1_sd","beta2","beta2_sd","omega_b1","omega_b1_sd","omega_b2","omega_b2_sd","omega_cov","omega_cov_sd","rho","rho_sd","conv_code","omega_cor","tau1","tau1_sd","tau2","tau2_sd","tau3","tau3_sd","tau4","tau4_sd","tau5","tau5_sd","tau6","tau6_sd"
1.00257328513976,0.00667140684832789,1.00293688417254,0.00887176153905469,0.0673429021713825,0.00318877912138887,0.563309359420313,0.0140618359303567,0.113864849330183,0.00460063067674663,0.898920850570557,0.00172721287623225,1,0.584615435755369,-0.0185323665150679,0.0279943453262541,0.702518633791727,0.00824693731262164,0.696408591946639,0.00720725279812821,0.695829233631019,0.00731605340600898,0.672323678274778,0.00841312917939191,0.695918636295828,0.0107429740167165
