"beta1","beta1_sd","beta2","beta2_sd","omega_b1","omega_b1_sd","omega_b2","omega_b2_sd","omega_cov","omega_cov_sd","rho","rho_sd","conv_code","omega_cor","tau1","tau1_sd","tau2","tau2_sd","tau3","tau3_sd","tau4","tau4_sd","tau5","tau5_sd","tau6","tau6_sd"
0.992140801999312,0.0118000957507318,1.01848045088504,0.0109200969141901,1.0061515468035,0.0181696184106951,0.0677387671493317,0.0123138033489184,-0.147867102882019,0.0117712530008117,-0.610331977877798,0.00669335384713264,1,-0.566397359786464,-0.000723361737337544,0.0235659473009135,0.68367011610166,0.0103195425740013,0.706997268819821,0.0101159639840675,0.703968027100791,0.0110322997693081,0.69782043716262,0.012706524998238,0.700092430221139,0.0149100262206692
