"beta1","beta1_sd","beta2","beta2_sd","omega_b1","omega_b1_sd","omega_b2","omega_b2_sd","omega_cov","omega_cov_sd","rho","rho_sd","conv_code","omega_cor","tau1","tau1_sd","tau2","tau2_sd","tau3","tau3_sd","tau4","tau4_sd","tau5","tau5_sd","tau6","tau6_sd"
1.00265895423816,0.00605230964304692,0.99607116501118,0.00801074576363418,0.0609639665383018,0.00174048555303398,0.242785435084713,0.00948240447778053,-0.0395218433065343,0.00266427862429204,0.606854594473081,0.0079673627456056,1,-0.32485478579056,0.0192294316917645,0.0205739043133387,0.690802307548593,0.0085937541436113,0.684919295326333,0.00732718575723277,0.706597027854941,0.00776213693959547,0.689102257722953,0.00927035262239133,0.672253944788412,0.0125299105551435
