"beta1","beta1_sd","beta2","beta2_sd","omega_b1","omega_b1_sd","omega_b2","omega_b2_sd","omega_cov","omega_cov_sd","rho","rho_sd","conv_code","omega_cor","tau1","tau1_sd","tau2","tau2_sd","tau3","tau3_sd","tau4","tau4_sd","tau5","tau5_sd","tau6","tau6_sd"
1.00043693824264,0.0103791231232207,0.989826148815776,0.0102950813836659,0.564590339004979,0.0118108428990281,0.0489429896318321,0.00952519698363859,-0.00242721236785458,0.00859835163482929,0.598781885482524,0.0168190545477306,1,-0.0146014440295386,0.0243812284347009,0.0265249801895428,0.679395236472102,0.0109218941856922,0.68407523174767,0.0104701697281527,0.669363660764427,0.0116574256122878,0.683491682507138,0.0137831748983402,0.702860187866733,0.016783022272377
