"beta1","beta1_sd","beta2","beta2_sd","omega_b1","omega_b1_sd","omega_b2","omega_b2_sd","omega_cov","omega_cov_sd","rho","rho_sd","conv_code","omega_cor","tau1","tau1_sd","tau2","tau2_sd","tau3","tau3_sd","tau4","tau4_sd","tau5","tau5_sd","tau6","tau6_sd"
1.00288780861189,0.00943986927382605,0.996403389507028,0.0097654028788662,0.559641836245948,0.00967785679084073,0.24429123630739,0.012837443162547,-0.0153192737387075,0.0076645531099998,-0.00551357453096829,0.0164531270445863,1,-0.0414313559028608,-0.0124912534025216,0.0211241782564384,0.69666427007158,0.00892954329885567,0.698809832765554,0.00887921856552812,0.691384674927338,0.00988637405364441,0.682763582403074,0.0116207087133754,0.700221022733396,0.0137634366681849
