"beta1","beta1_sd","beta2","beta2_sd","omega_b1","omega_b1_sd","omega_b2","omega_b2_sd","omega_cov","omega_cov_sd","rho","rho_sd","conv_code","omega_cor","tau1","tau1_sd","tau2","tau2_sd","tau3","tau3_sd","tau4","tau4_sd","tau5","tau5_sd","tau6","tau6_sd"
0.992067218719687,0.0116567041618138,1.00197962107701,0.0113296509144765,1.0006886644656,0.0180157325974824,0.262799395728181,0.017134734975094,-0.460639525034918,0.0143508892738624,-0.603713251172446,0.00672619955334752,1,-0.898254762458813,-0.0287578134693568,0.0239507297944526,0.705351241777156,0.010246192146363,0.700158091751864,0.0100664609779347,0.701813971211979,0.0109605608057626,0.696577413908853,0.0125674819913048,0.695045524126257,0.0147868276507646
