"beta1","beta1_sd","beta2","beta2_sd","omega_b1","omega_b1_sd","omega_b2","omega_b2_sd","omega_cov","omega_cov_sd","rho","rho_sd","conv_code","omega_cor","tau1","tau1_sd","tau2","tau2_sd","tau3","tau3_sd","tau4","tau4_sd","tau5","tau5_sd","tau6","tau6_sd"
0.99793182989934,0.00898798396012048,0.988784786929339,0.0108791522084522,0.247256934388103,0.00561683933721389,0.243474968137134,0.0134684965189957,0.152804158589848,0.00607557269894099,0.273779455173054,0.0223112629848483,1,0.622778734677775,0.0169555338971831,0.0229104230558901,0.680069832205144,0.0103299521368897,0.693102131008939,0.00989631906316231,0.698638839871388,0.0115890179582782,0.686485006071485,0.0136146622896724,0.67990388903952,0.0168122636062394
