"beta1","beta1_sd","beta2","beta2_sd","omega_b1","omega_b1_sd","omega_b2","omega_b2_sd","omega_cov","omega_cov_sd","rho","rho_sd","conv_code","omega_cor","tau1","tau1_sd","tau2","tau2_sd","tau3","tau3_sd","tau4","tau4_sd","tau5","tau5_sd","tau6","tau6_sd"
0.999117382482633,0.00491458451893259,0.993506597300131,0.00707400907082047,0.0624502106484961,0.0011160659893639,0.248765814399094,0.00809690995202953,0.111093108971511,0.00226049969585381,0.00409383544481679,0.00933709863573568,1,0.891301869541582,-0.00336528265399762,0.014346053400161,0.69286636364073,0.00704929092555032,0.694436849139113,0.0061787722736104,0.700869259560939,0.00676728047508002,0.680631016436244,0.00823326850850285,0.720687760190813,0.0110202616063674
