"beta1","beta1_sd","beta2","beta2_sd","omega_b1","omega_b1_sd","omega_b2","omega_b2_sd","omega_cov","omega_cov_sd","rho","rho_sd","conv_code","omega_cor","tau1","tau1_sd","tau2","tau2_sd","tau3","tau3_sd","tau4","tau4_sd","tau5","tau5_sd","tau6","tau6_sd"
0.983019006348289,0.0110257059372607,0.990401029910766,0.0112045383867374,0.964101072916578,0.0161566225767927,0.536641838274575,0.0200014499878683,0.00445865661431801,0.0123305626915859,-0.601908456551692,0.00581335234765496,1,0.00619869801081749,-0.0329539889623078,0.0223573243037163,0.701353394980622,0.00892762344251571,0.678911962935078,0.00889484327898953,0.693672784518096,0.00977048590566949,0.693393846651756,0.0110427713476323,0.673984202253186,0.0130564462408838
