"beta1","beta1_sd","beta2","beta2_sd","omega_b1","omega_b1_sd","omega_b2","omega_b2_sd","omega_cov","omega_cov_sd","rho","rho_sd","conv_code","omega_cor","tau1","tau1_sd","tau2","tau2_sd","tau3","tau3_sd","tau4","tau4_sd","tau5","tau5_sd","tau6","tau6_sd"
1.01283772798057,0.0106933582528719,1.00276897131872,0.010784766488759,0.568013645556665,0.0121720814201556,0.0625229789519416,0.0109506714275643,-0.161308191452447,0.00864680929846372,0.248392783824418,0.0254549933284651,1,-0.855967364157816,0.0236184143342377,0.0248233255580496,0.684698182564594,0.0109841735835803,0.720076421968793,0.010588055884653,0.69420166273662,0.0122332758686199,0.694634576120489,0.0143740640759596,0.70524120059966,0.0170191473340964
