"beta1","beta1_sd","beta2","beta2_sd","omega_b1","omega_b1_sd","omega_b2","omega_b2_sd","omega_cov","omega_cov_sd","rho","rho_sd","conv_code","omega_cor","tau1","tau1_sd","tau2","tau2_sd","tau3","tau3_sd","tau4","tau4_sd","tau5","tau5_sd","tau6","tau6_sd"
0.978103921814372,0.00779061413203229,0.995070940063448,0.0104019911553896,0.245281246483124,0.00443006112189048,0.559846242842465,0.0176768563258209,-0.113498233240072,0.00558691491255397,0.012600325807162,0.0160872878975193,1,-0.306282755012682,-0.0507369971534032,0.0199770956124043,0.697943860163679,0.00875537661750978,0.680187911752996,0.0082832020961284,0.689266196627223,0.00916179204719096,0.671036522034428,0.0109490496993803,0.677320748474344,0.0134889553563661
