"beta1","beta1_sd","beta2","beta2_sd","omega_b1","omega_b1_sd","omega_b2","omega_b2_sd","omega_cov","omega_cov_sd","rho","rho_sd","conv_code","omega_cor","tau1","tau1_sd","tau2","tau2_sd","tau3","tau3_sd","tau4","tau4_sd","tau5","tau5_sd","tau6","tau6_sd"
0.998632131945107,0.00718069710190202,0.990747700851042,0.00733314862358625,0.247006329398681,0.00470506201957312,0.0564952112940412,0.00614029623686405,0.0808893166287255,0.00409691115396932,0.599475496917547,0.0110015766453359,1,0.684748842519288,0.0126186485014693,0.0209759375335624,0.697478373032778,0.00821040525834576,0.677416461511035,0.00757293454057798,0.689647332550095,0.00847522385625523,0.686771694408884,0.0100024135954364,0.682018620269247,0.0125770027849007
