"beta1","beta1_sd","beta2","beta2_sd","omega_b1","omega_b1_sd","omega_b2","omega_b2_sd","omega_cov","omega_cov_sd","rho","rho_sd","conv_code","omega_cor","tau1","tau1_sd","tau2","tau2_sd","tau3","tau3_sd","tau4","tau4_sd","tau5","tau5_sd","tau6","tau6_sd"
0.997300993294881,0.00648462339412897,0.993170994546862,0.00867844840934786,0.0626567998020432,0.00306422032067238,0.533285753984695,0.0133383314769609,0.172208854665159,0.00463556828247675,0.9007764907357,0.00162971676357181,1,0.942087805884323,0.0220157602875184,0.0274956910018291,0.692720780021366,0.00818861989828599,0.682403923090297,0.00712462659075376,0.696177575466958,0.00724023480395219,0.69057271245093,0.00845544968859204,0.690489651553759,0.0108401782475859
