"beta1","beta1_sd","beta2","beta2_sd","omega_b1","omega_b1_sd","omega_b2","omega_b2_sd","omega_cov","omega_cov_sd","rho","rho_sd","conv_code","omega_cor","tau1","tau1_sd","tau2","tau2_sd","tau3","tau3_sd","tau4","tau4_sd","tau5","tau5_sd","tau6","tau6_sd"
0.999555767046841,0.00614717819541425,1.00729647923246,0.0109495625803821,0.0635843168293931,0.00138241116906971,1.00003587566309,0.0229138890922408,-0.151099864094173,0.00379710613337483,-0.00447055680908078,0.0135934090528885,1,-0.599213071697316,-0.0115932051176712,0.0183268193965884,0.694865901530589,0.00890146984716018,0.687701368954651,0.00755685444197665,0.701715933802217,0.00823564530835524,0.698049555916186,0.00979380930172255,0.651873676488002,0.0128797099636892
