"beta1","beta1_sd","beta2","beta2_sd","omega_b1","omega_b1_sd","omega_b2","omega_b2_sd","omega_cov","omega_cov_sd","rho","rho_sd","conv_code","omega_cor","tau1","tau1_sd","tau2","tau2_sd","tau3","tau3_sd","tau4","tau4_sd","tau5","tau5_sd","tau6","tau6_sd"
1.00557762027593,0.00867525003388059,1.01067578225825,0.0128672441205138,0.0648607189786389,0.00178380709397174,0.592810976971111,0.0224095539870233,0.0581621374880348,0.00369372617924819,-0.327075200307708,0.0140374159743887,1,0.296613805642478,-0.0100952682053797,0.0207383338631077,0.691194279899508,0.0113002729126278,0.70965389667979,0.0102723026817704,0.696421221787237,0.0114984796489855,0.714950141975499,0.0134036372946891,0.689712513641301,0.0169682322043745
