"beta1","beta1_sd","beta2","beta2_sd","omega_b1","omega_b1_sd","omega_b2","omega_b2_sd","omega_cov","omega_cov_sd","rho","rho_sd","conv_code","omega_cor","tau1","tau1_sd","tau2","tau2_sd","tau3","tau3_sd","tau4","tau4_sd","tau5","tau5_sd","tau6","tau6_sd"
0.987353359226113,0.00669962857515642,0.982510285772414,0.0117844427169771,0.0605190009804371,0.00126594525433801,1.04624174015598,0.0263117561516297,0.154673045462069,0.00402424482117273,-0.591309915503621,0.00608658948450218,1,0.614685177117669,-0.0140750367637176,0.0169005771926457,0.6821878671256,0.00919328513697738,0.691542164052571,0.00828262007746821,0.697146063844593,0.00892759383190623,0.685161871007909,0.0105004707914606,0.68416024670806,0.0137696475133363
