"beta1","beta1_sd","beta2","beta2_sd","omega_b1","omega_b1_sd","omega_b2","omega_b2_sd","omega_cov","omega_cov_sd","rho","rho_sd","conv_code","omega_cor","tau1","tau1_sd","tau2","tau2_sd","tau3","tau3_sd","tau4","tau4_sd","tau5","tau5_sd","tau6","tau6_sd"
0.994619659069166,0.0107622595444293,0.977494737386258,0.0118493781556405,0.99892837434626,0.0164970011382633,0.975663924732422,0.0282984491342708,0.884586987632643,0.0185531093276274,-0.5925794237315,0.00577715988064609,1,0.896031439606221,0.0208274956600435,0.020629634783577,0.683087222236868,0.00865600705309572,0.689132559672714,0.00895527912198966,0.702797149370148,0.009799281265719,0.686629131873225,0.0111374586870305,0.688647006098398,0.0129902509556713
