"beta1","beta1_sd","beta2","beta2_sd","omega_b1","omega_b1_sd","omega_b2","omega_b2_sd","omega_cov","omega_cov_sd","rho","rho_sd","conv_code","omega_cor","tau1","tau1_sd","tau2","tau2_sd","tau3","tau3_sd","tau4","tau4_sd","tau5","tau5_sd","tau6","tau6_sd"
0.998029633425947,0.00541427397999738,0.988278704870191,0.00991308891495216,0.0624742781343017,0.00135429666069036,0.999624208405705,0.0199736869864311,-0.0734537664295879,0.00321071281931153,0.301045524473429,0.0124339706449176,1,-0.293930777707043,-0.00491656773277861,0.0172531560759413,0.692503544626506,0.00762555242596754,0.693410396639006,0.00646158255551748,0.685100976952064,0.00695015060985528,0.694151480994733,0.00825148591860583,0.705777103568891,0.010896298904949
