"beta1","beta1_sd","beta2","beta2_sd","omega_b1","omega_b1_sd","omega_b2","omega_b2_sd","omega_cov","omega_cov_sd","rho","rho_sd","conv_code","omega_cor","tau1","tau1_sd","tau2","tau2_sd","tau3","tau3_sd","tau4","tau4_sd","tau5","tau5_sd","tau6","tau6_sd"
1.00279369758696,0.00697847792058885,0.98053825219042,0.00878260539262362,0.0639314351441023,0.00177195935956654,0.0653710569949729,0.00828977490906511,-0.0568574555959516,0.00263648347992675,0.296734468846347,0.0155901710362532,1,-0.879503233390698,0.0493463032863989,0.0211493655886864,0.680737100618596,0.0103009777404333,0.687561847079344,0.00888730051905822,0.696203683138182,0.00956183381644218,0.690442308441484,0.0114341912781721,0.693062231124583,0.0154579408005459
