"beta1","beta1_sd","beta2","beta2_sd","omega_b1","omega_b1_sd","omega_b2","omega_b2_sd","omega_cov","omega_cov_sd","rho","rho_sd","conv_code","omega_cor","tau1","tau1_sd","tau2","tau2_sd","tau3","tau3_sd","tau4","tau4_sd","tau5","tau5_sd","tau6","tau6_sd"
1.00172307574504,0.00785975917148322,1.00820508163289,0.00998407275481534,0.256300609211608,0.00518907402435258,0.565676042923899,0.0168178425853164,0.11051083573951,0.00606647986248019,0.605377307809296,0.0119186637900582,1,0.290232572282031,-0.0137011287723013,0.0224233632314294,0.688892048858814,0.00863328770907869,0.696627553608121,0.00801400683586311,0.705126460918613,0.00888944657300883,0.68498359567545,0.010704753444505,0.690275609483259,0.0131459869666155
