"beta1","beta1_sd","beta2","beta2_sd","omega_b1","omega_b1_sd","omega_b2","omega_b2_sd","omega_cov","omega_cov_sd","rho","rho_sd","conv_code","omega_cor","tau1","tau1_sd","tau2","tau2_sd","tau3","tau3_sd","tau4","tau4_sd","tau5","tau5_sd","tau6","tau6_sd"
1.02095216653396,0.00984306417955016,1.01677591363052,0.0122599027615301,0.565642676298657,0.0108730978811823,1.00952633380212,0.0272469812064699,0.000850142466168744,0.0107132535353053,0.595288358307179,0.0162879673489792,1,0.00112502403352092,0.0375562113657089,0.0248052382457534,0.691736192621004,0.00931445622009555,0.683853131999363,0.00905961622429254,0.697163768034521,0.0099023399130151,0.715347109062312,0.0113714215941078,0.70607067451585,0.0136892551526957
