"beta1","beta1_sd","beta2","beta2_sd","omega_b1","omega_b1_sd","omega_b2","omega_b2_sd","omega_cov","omega_cov_sd","rho","rho_sd","conv_code","omega_cor","tau1","tau1_sd","tau2","tau2_sd","tau3","tau3_sd","tau4","tau4_sd","tau5","tau5_sd","tau6","tau6_sd"
0.988002029059056,0.00841391084889538,0.998481922489324,0.00981420396445177,0.0655350979952114,0.00363905119740815,0.0663397730180489,0.00814035986425432,0.00152404953891563,0.00427240128008739,0.897863813280004,0.00208494586077244,1,0.0231140004117811,-0.0770429809329836,0.0319357006153708,0.705088828915467,0.0115507853023899,0.694334547988454,0.0102115255500652,0.677165064014772,0.0103729089766543,0.710516197491431,0.0117929747389651,0.676309403841065,0.0151859578526207
