"beta1","beta1_sd","beta2","beta2_sd","omega_b1","omega_b1_sd","omega_b2","omega_b2_sd","omega_cov","omega_cov_sd","rho","rho_sd","conv_code","omega_cor","tau1","tau1_sd","tau2","tau2_sd","tau3","tau3_sd","tau4","tau4_sd","tau5","tau5_sd","tau6","tau6_sd"
0.998752471270047,0.00689274648216385,0.994937067638292,0.00715610908172257,0.247803060608118,0.0036995585067858,0.0690227081064322,0.00668797266880883,0.108760747730565,0.00368876989625341,-0.300344877739289,0.00813889578984029,1,0.831616034189492,0.00614927448399121,0.0165515741046434,0.698053073891991,0.00732032125293957,0.688586926520076,0.00698091266957278,0.695053699535967,0.00770871679489508,0.691952022781027,0.00909419696255103,0.694652404738559,0.0114886380006348
