"beta1","beta1_sd","beta2","beta2_sd","omega_b1","omega_b1_sd","omega_b2","omega_b2_sd","omega_cov","omega_cov_sd","rho","rho_sd","conv_code","omega_cor","tau1","tau1_sd","tau2","tau2_sd","tau3","tau3_sd","tau4","tau4_sd","tau5","tau5_sd","tau6","tau6_sd"
0.981256875934656,0.0149058251622463,0.980107375420202,0.0179501245459073,0.94175294585351,0.0252851852922795,0.885948636693884,0.0411006287072929,0.285601867902251,0.0195028087192599,-0.277718943877914,0.0220801384207008,1,0.312671486038035,0.00897832463469975,0.0287066017254115,0.65957238960418,0.0142405418216104,0.669558430502469,0.0145742555875919,0.670919951869044,0.015952099277161,0.656307215149756,0.0178342912196346,0.664028540857466,0.0201567409292672
