"beta1","beta1_sd","beta2","beta2_sd","omega_b1","omega_b1_sd","omega_b2","omega_b2_sd","omega_cov","omega_cov_sd","rho","rho_sd","conv_code","omega_cor","tau1","tau1_sd","tau2","tau2_sd","tau3","tau3_sd","tau4","tau4_sd","tau5","tau5_sd","tau6","tau6_sd"
0.996261537433994,0.00782295364301694,0.996508236920712,0.00867187220143906,0.248054020842486,0.00416964794235395,0.0648014349718404,0.00843060045138457,0.0295417391065284,0.00409925591488285,-0.287593607583805,0.0102505198583064,1,0.233007881507775,-0.00964910721338295,0.0186055658150992,0.703140003482884,0.00859571796739474,0.677506472062209,0.00828386879609137,0.699349508994294,0.009115046113903,0.692133940803038,0.0109385487213412,0.671548130785886,0.0135627192801857
