"beta1","beta1_sd","beta2","beta2_sd","omega_b1","omega_b1_sd","omega_b2","omega_b2_sd","omega_cov","omega_cov_sd","rho","rho_sd","conv_code","omega_cor","tau1","tau1_sd","tau2","tau2_sd","tau3","tau3_sd","tau4","tau4_sd","tau5","tau5_sd","tau6","tau6_sd"
0.998690467477414,0.00958464152238409,0.999331368234889,0.01314747056962,0.256186787541275,0.00504203225732919,0.518352185248094,0.0232969358590323,-0.220609585190211,0.00804889673018369,-0.899228508344003,0.0017594798410618,1,-0.605387636295331,0.0171797949841799,0.0222332328417267,0.697908975485026,0.010814393648025,0.689937114108121,0.0102517502299518,0.697694287054093,0.0105557355378485,0.689129486054842,0.0119593343508344,0.700508513306108,0.0140730852596864
