"beta1","beta1_sd","beta2","beta2_sd","omega_b1","omega_b1_sd","omega_b2","omega_b2_sd","omega_cov","omega_cov_sd","rho","rho_sd","conv_code","omega_cor","tau1","tau1_sd","tau2","tau2_sd","tau3","tau3_sd","tau4","tau4_sd","tau5","tau5_sd","tau6","tau6_sd"
0.998505942641803,0.0083692931379356,0.989366193796038,0.00953883009599688,0.0627315443331587,0.00359917486106586,0.0591718137909738,0.00798426123252135,0.0459892546948668,0.00415316051944004,0.90107142778994,0.00201102578470142,1,0.754841798790919,-0.0193830930148633,0.0319040925583268,0.705598892532424,0.0113699219730373,0.693262926376512,0.0100671624900384,0.682425879765835,0.0104407882530196,0.718125533269274,0.0115573547360594,0.685297331805233,0.0150288942847802
