"beta1","beta1_sd","beta2","beta2_sd","omega_b1","omega_b1_sd","omega_b2","omega_b2_sd","omega_cov","omega_cov_sd","rho","rho_sd","conv_code","omega_cor","tau1","tau1_sd","tau2","tau2_sd","tau3","tau3_sd","tau4","tau4_sd","tau5","tau5_sd","tau6","tau6_sd"
0.994506411470101,0.0079483177211797,0.988790632227624,0.0103294315324377,0.0618996734021496,0.0016329662981258,0.0595789170608016,0.0105090106571713,0.0372230981074417,0.00256101892727641,-0.309070348103997,0.0128071133184162,1,0.612945746582025,0.00856391193797333,0.0194899633505461,0.681830990045679,0.0107601062171043,0.690679660017637,0.00983597931073526,0.688435305958863,0.0109638158133095,0.711474274190307,0.0128294336500809,0.683780630261301,0.0168000342801751
