"beta1","beta1_sd","beta2","beta2_sd","omega_b1","omega_b1_sd","omega_b2","omega_b2_sd","omega_cov","omega_cov_sd","rho","rho_sd","conv_code","omega_cor","tau1","tau1_sd","tau2","tau2_sd","tau3","tau3_sd","tau4","tau4_sd","tau5","tau5_sd","tau6","tau6_sd"
1.01345254433013,0.012775606582791,0.988301250197266,0.0159536084007161,0.574518573219835,0.014418066903324,0.974101526848269,0.0378855128487717,-0.215327128003402,0.0133165804966963,-0.0100033678625902,0.0278107422256624,1,-0.287835660983393,0.0292185314371618,0.0262722165188328,0.695306865671189,0.0126518322793918,0.698554170743259,0.0126094569808519,0.709331684681423,0.0141222811241854,0.69971551405826,0.016193631647784,0.698987741710166,0.0185217124745703
