"beta1","beta1_sd","beta2","beta2_sd","omega_b1","omega_b1_sd","omega_b2","omega_b2_sd","omega_cov","omega_cov_sd","rho","rho_sd","conv_code","omega_cor","tau1","tau1_sd","tau2","tau2_sd","tau3","tau3_sd","tau4","tau4_sd","tau5","tau5_sd","tau6","tau6_sd"
1.00932327808913,0.00936831355611387,1.00929604666644,0.0112472376653792,0.256874602901574,0.00479628649147994,0.0818026876893318,0.0123885577285166,0.00422514095387394,0.00580945530857423,-0.902157639692628,0.00164799994548849,2,0.0291471993636282,-0.0161630422143046,0.0221507242281612,0.710740051811655,0.0104859239977529,0.719715569011924,0.00985167805213912,0.704959835488518,0.0103774118794376,0.697264925738206,0.0117122031606504,0.717401672281345,0.0139706899957876
