"beta1","beta1_sd","beta2","beta2_sd","omega_b1","omega_b1_sd","omega_b2","omega_b2_sd","omega_cov","omega_cov_sd","rho","rho_sd","conv_code","omega_cor","tau1","tau1_sd","tau2","tau2_sd","tau3","tau3_sd","tau4","tau4_sd","tau5","tau5_sd","tau6","tau6_sd"
1.00386759459676,0.00797948465477611,0.995427255326622,0.0104104521813685,0.251408250538685,0.00453939390441624,0.550683926544557,0.0176919688409749,0.108103090430054,0.00563407170388012,-0.0107607030349229,0.0156809024833635,1,0.290534122475506,-0.0115052345512385,0.0194281700157184,0.703346269268978,0.0087165565768034,0.689267100753194,0.00841014025408035,0.698606548592422,0.00934777442461506,0.700807686880234,0.0109853235732725,0.683978924553065,0.0137134869741169
