"beta1","beta1_sd","beta2","beta2_sd","omega_b1","omega_b1_sd","omega_b2","omega_b2_sd","omega_cov","omega_cov_sd","rho","rho_sd","conv_code","omega_cor","tau1","tau1_sd","tau2","tau2_sd","tau3","tau3_sd","tau4","tau4_sd","tau5","tau5_sd","tau6","tau6_sd"
0.99815030550474,0.0108311040732898,1.01673243557439,0.0139647099650553,0.567902497709541,0.0105171542741985,0.921627549987503,0.0320067824077591,0.218501413152509,0.012156963937332,-0.902075174246865,0.0016276280166065,1,0.302022735281344,0.00285242379922599,0.0250105618810364,0.68375609862979,0.0101515390851433,0.69618539462754,0.00969405878817845,0.693857919791724,0.0101786997293008,0.689465342235368,0.0113815900261272,0.683044322098247,0.0131995461454246
