"beta1","beta1_sd","beta2","beta2_sd","omega_b1","omega_b1_sd","omega_b2","omega_b2_sd","omega_cov","omega_cov_sd","rho","rho_sd","conv_code","omega_cor","tau1","tau1_sd","tau2","tau2_sd","tau3","tau3_sd","tau4","tau4_sd","tau5","tau5_sd","tau6","tau6_sd"
0.992761070259546,0.00999600980686239,0.990459982868116,0.0091040682401617,1.01133572286209,0.0160561313209245,0.563954869995906,0.0163187109430774,0.67521946110377,0.0139710270817297,0.601295068571066,0.0134545309366826,1,0.89407736753834,-0.00611991678170085,0.0213615935763026,0.688170234978243,0.00785860515658806,0.696325924239145,0.00774415599592326,0.685979269719475,0.00882724616975232,0.678838598121832,0.0101102069429897,0.697933108431064,0.0118605049798629
