"beta1","beta1_sd","beta2","beta2_sd","omega_b1","omega_b1_sd","omega_b2","omega_b2_sd","omega_cov","omega_cov_sd","rho","rho_sd","conv_code","omega_cor","tau1","tau1_sd","tau2","tau2_sd","tau3","tau3_sd","tau4","tau4_sd","tau5","tau5_sd","tau6","tau6_sd"
0.989877284382559,0.00899415790018433,1.00003698752973,0.00851587934552872,0.549883446183879,0.00920716462787196,0.0599280259762853,0.00807626099541609,-0.10391895893353,0.00675528736970702,0.021731943228711,0.0155164926617828,1,-0.572459119511439,0.0156319266249922,0.0203263468579849,0.683616177905974,0.00873868020739844,0.699925810309422,0.00845068680122509,0.681769001304565,0.00957410081136104,0.686664118127997,0.0113028538200775,0.707002586095969,0.0134171288100129
