"beta1","beta1_sd","beta2","beta2_sd","omega_b1","omega_b1_sd","omega_b2","omega_b2_sd","omega_cov","omega_cov_sd","rho","rho_sd","conv_code","omega_cor","tau1","tau1_sd","tau2","tau2_sd","tau3","tau3_sd","tau4","tau4_sd","tau5","tau5_sd","tau6","tau6_sd"
1.0044049945272,0.012295174502868,0.990333879107439,0.0145503929195893,0.566924851742874,0.0132622824478059,0.613492599439555,0.026951362352643,-0.527011538263985,0.0147519007660659,-0.274078989526825,0.0177799214971381,1,-0.893619654043579,0.0290806870091299,0.0247366271570445,0.683650596900101,0.0126220438665021,0.685560055668372,0.0123457993135072,0.66275003037765,0.0138457568928028,0.680072194994523,0.0156464886781046,0.709298599124319,0.0183124497402747
