"beta1","beta1_sd","beta2","beta2_sd","omega_b1","omega_b1_sd","omega_b2","omega_b2_sd","omega_cov","omega_cov_sd","rho","rho_sd","conv_code","omega_cor","tau1","tau1_sd","tau2","tau2_sd","tau3","tau3_sd","tau4","tau4_sd","tau5","tau5_sd","tau6","tau6_sd"
1.00501250907047,0.0104429712940664,1.01425412531773,0.00908168174189337,0.978920328462775,0.0170765059051556,0.24457966687654,0.0119245062171199,0.426480991887883,0.0123070041304667,0.612449712538983,0.015234574451117,1,0.871597209981492,0.000878636058859768,0.0234950230963481,0.695438807196756,0.00886219661461964,0.689699169829343,0.00895177625074577,0.687761803418716,0.0100428869861305,0.711337448556491,0.0113560613222221,0.688237284408232,0.0134404627969878
