"beta1","beta1_sd","beta2","beta2_sd","omega_b1","omega_b1_sd","omega_b2","omega_b2_sd","omega_cov","omega_cov_sd","rho","rho_sd","conv_code","omega_cor","tau1","tau1_sd","tau2","tau2_sd","tau3","tau3_sd","tau4","tau4_sd","tau5","tau5_sd","tau6","tau6_sd"
0.984078730019016,0.00649624007127355,0.987509365571618,0.0066606723958697,0.235628203197557,0.00354197084008201,0.0599098660153554,0.00597214181043156,-0.0667491386739155,0.00342391152237207,0.0160883501603032,0.0107576813401897,1,-0.561801450359227,-0.016288585586846,0.0166580859401944,0.680367727741322,0.0072140702213804,0.678569945360298,0.00658544498240502,0.690619558669856,0.00729568255398769,0.672983469441115,0.00903287043536876,0.685120009145979,0.0111254406745917
