"beta1","beta1_sd","beta2","beta2_sd","omega_b1","omega_b1_sd","omega_b2","omega_b2_sd","omega_cov","omega_cov_sd","rho","rho_sd","conv_code","omega_cor","tau1","tau1_sd","tau2","tau2_sd","tau3","tau3_sd","tau4","tau4_sd","tau5","tau5_sd","tau6","tau6_sd"
0.9989178512835,0.0103143013165134,1.00309344588416,0.0122445257070081,0.55144215150722,0.0100041741346523,0.559407781243814,0.0227194277683659,0.332609664266821,0.0108226425497203,-0.602910937504318,0.00673085723333085,1,0.598853555521423,-0.0116961029463001,0.0223399618411698,0.691806682956702,0.00989855317460599,0.689976888152162,0.00969364521326355,0.6993228942879,0.0107552465663435,0.681716459863678,0.0124571859297485,0.674155835284936,0.0147407660560535
