"beta1","beta1_sd","beta2","beta2_sd","omega_b1","omega_b1_sd","omega_b2","omega_b2_sd","omega_cov","omega_cov_sd","rho","rho_sd","conv_code","omega_cor","tau1","tau1_sd","tau2","tau2_sd","tau3","tau3_sd","tau4","tau4_sd","tau5","tau5_sd","tau6","tau6_sd"
1.00825470461907,0.0104021235570376,1.00822466439826,0.00905882419889835,1.00610014636315,0.0159958444818888,0.251241341723743,0.012162346116669,-0.309962382723042,0.0112242387894853,-0.295788272917639,0.00987772182114349,1,-0.616513843085311,0.0285976404828948,0.0200166066654756,0.688795959760526,0.00829650168305276,0.6965229353291,0.00817079586043343,0.697516223473659,0.00915842930423985,0.676085293204985,0.0106581669775758,0.688426581758184,0.0123473673811445
