"beta1","beta1_sd","beta2","beta2_sd","omega_b1","omega_b1_sd","omega_b2","omega_b2_sd","omega_cov","omega_cov_sd","rho","rho_sd","conv_code","omega_cor","tau1","tau1_sd","tau2","tau2_sd","tau3","tau3_sd","tau4","tau4_sd","tau5","tau5_sd","tau6","tau6_sd"
0.998006258482345,0.00728368270488389,0.985280643888333,0.00862804470946592,0.244070064868889,0.00412199604879011,0.251866240541801,0.0106758609616443,0.228698041943352,0.00517607218832661,-0.0164248504405268,0.0133448540581729,1,0.922401940920177,0.0339040255024977,0.0177679371883997,0.6878002474844,0.00805946750679709,0.681941093610282,0.00801583504252707,0.69072437674939,0.00900240467531657,0.688722412231643,0.0106330083389661,0.697485821431408,0.013265451243401
