"beta1","beta1_sd","beta2","beta2_sd","omega_b1","omega_b1_sd","omega_b2","omega_b2_sd","omega_cov","omega_cov_sd","rho","rho_sd","conv_code","omega_cor","tau1","tau1_sd","tau2","tau2_sd","tau3","tau3_sd","tau4","tau4_sd","tau5","tau5_sd","tau6","tau6_sd"
0.99138715715762,0.00989225563226892,0.995117372023542,0.00831170294328255,0.97810858828639,0.01519958986386,0.236541425619367,0.0104728674960033,-0.129076610597395,0.00998802073875407,0.307495036070452,0.0169631001693309,1,-0.268349265993172,-0.00778546344390261,0.0201114179884161,0.683836094610292,0.00775704634713891,0.692320850174091,0.00763028533423133,0.696566117125226,0.00873063479711243,0.668595183786759,0.0102587147811334,0.695166679509385,0.0121390260180805
