"beta1","beta1_sd","beta2","beta2_sd","omega_b1","omega_b1_sd","omega_b2","omega_b2_sd","omega_cov","omega_cov_sd","rho","rho_sd","conv_code","omega_cor","tau1","tau1_sd","tau2","tau2_sd","tau3","tau3_sd","tau4","tau4_sd","tau5","tau5_sd","tau6","tau6_sd"
1.02228628938622,0.011849729295117,1.01279703889111,0.0107212190817454,1.01342839970111,0.0182327978228544,0.0710291858580583,0.0114814398776457,0.22488580705712,0.0121091451518472,-0.599709649865944,0.0067670233542267,1,0.838198913490891,0.0151690215186345,0.0237038759939322,0.697559997260406,0.0100676351094104,0.693124937899986,0.0101656678934459,0.714919345554426,0.0110095614871661,0.693949188208608,0.0127045664921545,0.707911365637953,0.01449053288534
