"beta1","beta1_sd","beta2","beta2_sd","omega_b1","omega_b1_sd","omega_b2","omega_b2_sd","omega_cov","omega_cov_sd","rho","rho_sd","conv_code","omega_cor","tau1","tau1_sd","tau2","tau2_sd","tau3","tau3_sd","tau4","tau4_sd","tau5","tau5_sd","tau6","tau6_sd"
0.994264622342384,0.00776075654252586,0.986449676562196,0.00906310608087178,0.244982251226262,0.00413277490108155,0.247160179906346,0.0114658057669058,-0.227184787844985,0.00539404938476901,-0.284760312296121,0.0101945540498014,1,-0.923257163460659,-0.0131101132243482,0.0192133182568851,0.690152212888051,0.0090459316868155,0.686260051527676,0.0081749983917156,0.682963759206325,0.00896227811913955,0.67119326720565,0.0107550517817006,0.702949193832127,0.0128804163072135
