"beta1","beta1_sd","beta2","beta2_sd","omega_b1","omega_b1_sd","omega_b2","omega_b2_sd","omega_cov","omega_cov_sd","rho","rho_sd","conv_code","omega_cor","tau1","tau1_sd","tau2","tau2_sd","tau3","tau3_sd","tau4","tau4_sd","tau5","tau5_sd","tau6","tau6_sd"
1.0159392528783,0.0106543066172744,1.00199870123467,0.00861839755035967,0.946463567478262,0.0186098997977224,0.246735184347923,0.0108983387314234,0.297266602613662,0.0119353772029081,0.905459516520883,0.00253934473305584,1,0.615146598734608,0.01172958798071,0.0306317869369341,0.701096999063976,0.00873477972196331,0.691568673939174,0.00841043229911777,0.701253921878065,0.00886582271999114,0.684922030971752,0.0101514124416637,0.684781507835889,0.0119406175316314
