"beta1","beta1_sd","beta2","beta2_sd","omega_b1","omega_b1_sd","omega_b2","omega_b2_sd","omega_cov","omega_cov_sd","rho","rho_sd","conv_code","omega_cor","tau1","tau1_sd","tau2","tau2_sd","tau3","tau3_sd","tau4","tau4_sd","tau5","tau5_sd","tau6","tau6_sd"
0.991221467586764,0.0107267950824076,0.994304063535853,0.00865721042804849,0.977652627718798,0.0188917344717495,0.236276496444873,0.010250731558217,0.150980072993379,0.0119412369834971,0.900616350472643,0.00275452292131376,1,0.314135547501726,0.000307337885091463,0.0305358373339344,0.68036889694851,0.00890726455956676,0.688861543752353,0.00839298422696824,0.687125972863914,0.00890477279045516,0.691295363864494,0.00988006153820546,0.700434897194874,0.0118588250131342
