"beta1","beta1_sd","beta2","beta2_sd","omega_b1","omega_b1_sd","omega_b2","omega_b2_sd","omega_cov","omega_cov_sd","rho","rho_sd","conv_code","omega_cor","tau1","tau1_sd","tau2","tau2_sd","tau3","tau3_sd","tau4","tau4_sd","tau5","tau5_sd","tau6","tau6_sd"
1.01102217143079,0.0100508321555635,1.01493832566322,0.00767378735135052,1.02449359236202,0.0156237335281227,0.0667366702204461,0.00729352292252808,-0.0723167064914565,0.00885557424213415,-0.0202380983101404,0.012417639087836,1,-0.276567885082645,0.00921425835895634,0.0190284388943668,0.694427721023797,0.00781803713816185,0.69788191541186,0.0078676660328573,0.687559359114024,0.00878592334048296,0.682822118369397,0.0101227640483824,0.707968245291254,0.011825086732643
