"beta1","beta1_sd","beta2","beta2_sd","omega_b1","omega_b1_sd","omega_b2","omega_b2_sd","omega_cov","omega_cov_sd","rho","rho_sd","conv_code","omega_cor","tau1","tau1_sd","tau2","tau2_sd","tau3","tau3_sd","tau4","tau4_sd","tau5","tau5_sd","tau6","tau6_sd"
0.989943169094432,0.0141649904151027,0.987811624305521,0.0144973935454958,1.01906738692602,0.0251086688384234,0.23719435158869,0.020734779873855,-0.4595568711504,0.0174731625118928,-0.312593423301892,0.0177382390051699,1,-0.934728836562638,-0.0322321152681914,0.0275917572715893,0.700611555757144,0.0134523218157108,0.681836574349375,0.0135441392923039,0.691545319744671,0.0147242126327702,0.705273865434555,0.0168451499482292,0.707588999133088,0.0192584604040411
