"beta1","beta1_sd","beta2","beta2_sd","omega_b1","omega_b1_sd","omega_b2","omega_b2_sd","omega_cov","omega_cov_sd","rho","rho_sd","conv_code","omega_cor","tau1","tau1_sd","tau2","tau2_sd","tau3","tau3_sd","tau4","tau4_sd","tau5","tau5_sd","tau6","tau6_sd"
1.00201004964511,0.0105715229953096,0.984802867595174,0.0108002379061573,0.541479068779639,0.0117139201683058,0.0718794522844177,0.0105278745770946,0.0760773950722732,0.00838483044604779,0.313920883552753,0.0263255947229932,1,0.385622545837657,-0.00455698421054752,0.0249108221092103,0.692783810836316,0.0107689539041146,0.68737335559625,0.0107881215846086,0.682341866627639,0.01223534185128,0.677122340097921,0.0141748448733273,0.703891909667561,0.0168519178146354
