"beta1","beta1_sd","beta2","beta2_sd","omega_b1","omega_b1_sd","omega_b2","omega_b2_sd","omega_cov","omega_cov_sd","rho","rho_sd","conv_code","omega_cor","tau1","tau1_sd","tau2","tau2_sd","tau3","tau3_sd","tau4","tau4_sd","tau5","tau5_sd","tau6","tau6_sd"
0.997453764486824,0.005000029282417,1.00110275748917,0.00615229409038904,0.0616944491217893,0.00124077833918785,0.062187144755198,0.00523378606698351,-0.0201115332907423,0.00172528275593969,0.308229149954937,0.0102621215656767,1,-0.324692179403046,-0.0117673860099826,0.0158165769237641,0.697689972230426,0.00707222991621007,0.693904401176404,0.00601861282047981,0.693790503512752,0.00656908074907235,0.679603718453044,0.00802162560397739,0.695663021298247,0.0105976444293786
