"beta1","beta1_sd","beta2","beta2_sd","omega_b1","omega_b1_sd","omega_b2","omega_b2_sd","omega_cov","omega_cov_sd","rho","rho_sd","conv_code","omega_cor","tau1","tau1_sd","tau2","tau2_sd","tau3","tau3_sd","tau4","tau4_sd","tau5","tau5_sd","tau6","tau6_sd"
1.0034575413093,0.00638900113408287,1.01335492218754,0.0107810768683546,0.0634036202202285,0.00180672184537442,0.980309538669203,0.0226010445120229,0.148004919405133,0.00417271064212457,0.599327395041144,0.00886328466512546,1,0.593659618382112,0.012591745468666,0.0211508716599204,0.698696550581369,0.00901960824563369,0.684746998952564,0.00758576623986906,0.692207642201483,0.00814076106431809,0.686355596559511,0.00983826598870718,0.702076023068546,0.0128208329304091
