"beta1","beta1_sd","beta2","beta2_sd","omega_b1","omega_b1_sd","omega_b2","omega_b2_sd","omega_cov","omega_cov_sd","rho","rho_sd","conv_code","omega_cor","tau1","tau1_sd","tau2","tau2_sd","tau3","tau3_sd","tau4","tau4_sd","tau5","tau5_sd","tau6","tau6_sd"
1.0084654937474,0.00726301149151606,1.02528577037557,0.00844836151167771,0.255355630232499,0.00394353391436262,0.260997808677713,0.0104734665050781,0.00328210907852669,0.0042213737846021,-0.291055252498724,0.00876326535192285,1,0.0127134043794913,-0.030421092812884,0.0174298907951258,0.70050098911812,0.00764067270846669,0.702150703205492,0.00715395913548199,0.709598095453183,0.00791712189112595,0.698378316506816,0.00937716234800472,0.705077393213421,0.0115639163282576
