"beta1","beta1_sd","beta2","beta2_sd","omega_b1","omega_b1_sd","omega_b2","omega_b2_sd","omega_cov","omega_cov_sd","rho","rho_sd","conv_code","omega_cor","tau1","tau1_sd","tau2","tau2_sd","tau3","tau3_sd","tau4","tau4_sd","tau5","tau5_sd","tau6","tau6_sd"
1.00285275294065,0.00808344282208979,0.995680602411903,0.0107295432709607,0.245404574210954,0.00634508342493899,1.00195656302848,0.0228170642870587,-0.300756952788379,0.00857634467991102,0.902743954955169,0.00197619206866736,1,-0.60652666971025,0.0308573605983397,0.0298576965944142,0.689827717065683,0.00859285761427741,0.697256413754242,0.00768565343366881,0.693961467678776,0.00795066272258787,0.69763247809124,0.00901779180942089,0.691345865078167,0.011166356508636
