"beta1","beta1_sd","beta2","beta2_sd","omega_b1","omega_b1_sd","omega_b2","omega_b2_sd","omega_cov","omega_cov_sd","rho","rho_sd","conv_code","omega_cor","tau1","tau1_sd","tau2","tau2_sd","tau3","tau3_sd","tau4","tau4_sd","tau5","tau5_sd","tau6","tau6_sd"
1.00166984877894,0.0107683456936241,1.00389953172339,0.011837174584766,1.02042412790493,0.0167732053766164,1.01728814495387,0.0275514074873017,0.608409225723531,0.0162300593209814,-0.314307115607719,0.0104776940677487,1,0.597150004264752,-0.0450651255654566,0.020850355048245,0.697331307174491,0.00859475133033089,0.718575849527723,0.00860672435043958,0.700514107159065,0.00951739864442893,0.710852520205482,0.010824136011689,0.691634219827822,0.0128060911517236
