"beta1","beta1_sd","beta2","beta2_sd","omega_b1","omega_b1_sd","omega_b2","omega_b2_sd","omega_cov","omega_cov_sd","rho","rho_sd","conv_code","omega_cor","tau1","tau1_sd","tau2","tau2_sd","tau3","tau3_sd","tau4","tau4_sd","tau5","tau5_sd","tau6","tau6_sd"
0.991527998563191,0.00702103960197989,1.01959129414277,0.0104130980680524,0.247372307709383,0.00417622132013396,0.996729295041822,0.0219197506361574,-0.153879680399703,0.00601757684640051,0.317086586198385,0.0159471513211748,1,-0.309896822960035,-0.0161627248711962,0.0190700726854187,0.692787006530707,0.00761578121257005,0.689932511973418,0.00693525875005508,0.678922629765468,0.00776355773716687,0.695836868960133,0.00913362164719496,0.694700860789561,0.0115536391790306
