"beta1","beta1_sd","beta2","beta2_sd","omega_b1","omega_b1_sd","omega_b2","omega_b2_sd","omega_cov","omega_cov_sd","rho","rho_sd","conv_code","omega_cor","tau1","tau1_sd","tau2","tau2_sd","tau3","tau3_sd","tau4","tau4_sd","tau5","tau5_sd","tau6","tau6_sd"
1.00130198432596,0.0100424819425778,1.00771415455113,0.0118132071473534,0.573080081838927,0.0101637748760928,0.610263791424539,0.0225681235746147,-0.534464573993185,0.0124541272462955,-0.603659758260141,0.00644931462300448,1,-0.903758646904797,-0.0115429019309369,0.0219642969287212,0.706500737568316,0.00993518400655345,0.680785837370758,0.00948926424156872,0.692067734147233,0.0103542439174945,0.701697803831845,0.0118501534877723,0.70270094472928,0.014033193013164
