"beta1","beta1_sd","beta2","beta2_sd","omega_b1","omega_b1_sd","omega_b2","omega_b2_sd","omega_cov","omega_cov_sd","rho","rho_sd","conv_code","omega_cor","tau1","tau1_sd","tau2","tau2_sd","tau3","tau3_sd","tau4","tau4_sd","tau5","tau5_sd","tau6","tau6_sd"
0.994699414109839,0.00829504508928373,0.992930435723665,0.00916102863978336,0.558980574264651,0.00858352707478672,0.547649378982207,0.0152505819534141,0.328811265665175,0.00867921374916563,0.293815511763603,0.0159609603661553,1,0.594288096251383,-0.0122329042349443,0.0189896717620689,0.690681473982316,0.00732847099593918,0.689580873467115,0.00734523322263539,0.693011732162336,0.00834445158750963,0.689522082284881,0.00976863346555669,0.681127059200546,0.0118099535618917
