"beta1","beta1_sd","beta2","beta2_sd","omega_b1","omega_b1_sd","omega_b2","omega_b2_sd","omega_cov","omega_cov_sd","rho","rho_sd","conv_code","omega_cor","tau1","tau1_sd","tau2","tau2_sd","tau3","tau3_sd","tau4","tau4_sd","tau5","tau5_sd","tau6","tau6_sd"
0.982348962255413,0.0136237401041658,0.978185792689166,0.014941164627654,1.00319819600943,0.0242901960453013,0.56808927788562,0.0281273159756894,-0.443653157819961,0.0181166891833603,0.0473623853892925,0.0297321396708855,1,-0.587681351249161,0.0268356912894458,0.0283674104975911,0.683479214257002,0.0129566104151424,0.686698480988165,0.0128070999194798,0.689418113537716,0.014360900663733,0.67790294182341,0.0162945003826011,0.708357156103643,0.0187569180597575
