"beta1","beta1_sd","beta2","beta2_sd","omega_b1","omega_b1_sd","omega_b2","omega_b2_sd","omega_cov","omega_cov_sd","rho","rho_sd","conv_code","omega_cor","tau1","tau1_sd","tau2","tau2_sd","tau3","tau3_sd","tau4","tau4_sd","tau5","tau5_sd","tau6","tau6_sd"
0.992591570106192,0.0115475159417479,1.00994621496814,0.0114086148409581,0.548130353223717,0.0140505680583742,0.0577151303097864,0.0101145383669495,0.00150373430177586,0.0103575559982986,0.897186557174773,0.00309024989762797,1,0.00845443014633869,0.00641680569922578,0.0350782930186283,0.683172113551587,0.012360832517228,0.685420861835383,0.0114574832399311,0.70772135208715,0.0121029652058243,0.684324788528515,0.0138989630323968,0.664039191366274,0.0163745510082417
