"beta1","beta1_sd","beta2","beta2_sd","omega_b1","omega_b1_sd","omega_b2","omega_b2_sd","omega_cov","omega_cov_sd","rho","rho_sd","conv_code","omega_cor","tau1","tau1_sd","tau2","tau2_sd","tau3","tau3_sd","tau4","tau4_sd","tau5","tau5_sd","tau6","tau6_sd"
0.992852834182555,0.00831809036473197,0.998675360933038,0.0123046903420687,0.0632737968239802,0.0017222225758413,0.519160532358819,0.0203724850470412,0.112789558402307,0.00384796349211165,-0.298699943480355,0.0142797712179479,1,0.622309045880415,-0.00246084577962113,0.020709974787522,0.682080811454566,0.0111186307959386,0.687313231429337,0.0101403146764199,0.70526432578078,0.0111689785085449,0.691718989190389,0.0134279418592017,0.681423239040626,0.0172683461092062
