"beta1","beta1_sd","beta2","beta2_sd","omega_b1","omega_b1_sd","omega_b2","omega_b2_sd","omega_cov","omega_cov_sd","rho","rho_sd","conv_code","omega_cor","tau1","tau1_sd","tau2","tau2_sd","tau3","tau3_sd","tau4","tau4_sd","tau5","tau5_sd","tau6","tau6_sd"
1.0043074142128,0.0124605311375321,1.00700709055958,0.0133473609248243,1.00896764212174,0.0224252406980069,0.999141883721937,0.0302152220578145,0.295530521454168,0.0189157107093153,0.899966297596118,0.00317628801179378,1,0.294340578026495,-0.0256924901080014,0.034744461000932,0.68814288107432,0.0110448296656833,0.704752581049748,0.0105151337981018,0.692383984747,0.0109982743986535,0.706371171628095,0.0121401045593651,0.707364605519148,0.0142396589155552
