"beta1","beta1_sd","beta2","beta2_sd","omega_b1","omega_b1_sd","omega_b2","omega_b2_sd","omega_cov","omega_cov_sd","rho","rho_sd","conv_code","omega_cor","tau1","tau1_sd","tau2","tau2_sd","tau3","tau3_sd","tau4","tau4_sd","tau5","tau5_sd","tau6","tau6_sd"
1.0188248474447,0.00923907393499248,1.02729947312992,0.0142723510243827,0.0663556508898369,0.00195051634338216,1.0347542624859,0.0319261988468531,0.0810023800392366,0.00453350015311813,-0.302182439335181,0.0155269875817963,1,0.309129328732045,0.0103166142080258,0.0214583517302606,0.695836416748692,0.0116105608950287,0.721011004206344,0.0104690302697825,0.716321713016846,0.0117086807237725,0.716125039671306,0.0136713320107646,0.719637242262438,0.0174138354463107
