"beta1","beta1_sd","beta2","beta2_sd","omega_b1","omega_b1_sd","omega_b2","omega_b2_sd","omega_cov","omega_cov_sd","rho","rho_sd","conv_code","omega_cor","tau1","tau1_sd","tau2","tau2_sd","tau3","tau3_sd","tau4","tau4_sd","tau5","tau5_sd","tau6","tau6_sd"
0.992813076783838,0.0109641727393068,1.00398915321674,0.00963212072149244,0.994095415600794,0.0170392739106734,0.0470685518104935,0.00966888502429694,-0.139093742292007,0.010474537305575,-0.301679174912891,0.0114634353122598,1,-0.643025414842577,-0.00847984110237934,0.021891979795845,0.698786595236996,0.00956870587544915,0.677651023009557,0.00957598991428424,0.696137503991268,0.0104834692191458,0.687921083235438,0.0119465136625623,0.6884458825387,0.0143368605852697
