"beta1","beta1_sd","beta2","beta2_sd","omega_b1","omega_b1_sd","omega_b2","omega_b2_sd","omega_cov","omega_cov_sd","rho","rho_sd","conv_code","omega_cor","tau1","tau1_sd","tau2","tau2_sd","tau3","tau3_sd","tau4","tau4_sd","tau5","tau5_sd","tau6","tau6_sd"
1.00949667573056,0.00722234850257517,1.00227910177604,0.00758341679560994,0.248155117102361,0.00440804109290502,0.0636400411910927,0.00680915799251291,0.0741882839418677,0.00399010593087018,0.312324944481436,0.0160930509015102,1,0.590348524247372,0.0290801484608887,0.0192490557052324,0.682735343413933,0.00809664955054776,0.701692307085986,0.00757926174663582,0.689779453339268,0.008632844246118,0.699900152741118,0.0103489322451904,0.681677554557222,0.0129078863543495
