"beta1","beta1_sd","beta2","beta2_sd","omega_b1","omega_b1_sd","omega_b2","omega_b2_sd","omega_cov","omega_cov_sd","rho","rho_sd","conv_code","omega_cor","tau1","tau1_sd","tau2","tau2_sd","tau3","tau3_sd","tau4","tau4_sd","tau5","tau5_sd","tau6","tau6_sd"
1.00804591928004,0.00786151853496152,1.01072057281085,0.0103768641919062,0.252612387020911,0.00450749200749498,0.57619237152878,0.0177880104419838,-0.22851591016098,0.00620704209034088,0.00888045354335001,0.0153598913694811,1,-0.59897041159619,0.0130478567173163,0.0199352407802549,0.699881981165687,0.00891030002763462,0.703630675615703,0.00817248538146024,0.694693045928488,0.00912899763804455,0.705671854093635,0.0107012613473505,0.692906333091728,0.013430492524421
