"beta1","beta1_sd","beta2","beta2_sd","omega_b1","omega_b1_sd","omega_b2","omega_b2_sd","omega_cov","omega_cov_sd","rho","rho_sd","conv_code","omega_cor","tau1","tau1_sd","tau2","tau2_sd","tau3","tau3_sd","tau4","tau4_sd","tau5","tau5_sd","tau6","tau6_sd"
1.00106223616076,0.0117810601403566,0.990624840957731,0.0136014190569151,1.00075703364765,0.0187172339522253,1.01689299627215,0.0345481906648748,0.912805243371718,0.021576422817047,-0.592895528588501,0.00728541167427121,1,0.904849128491119,0.00428261796199848,0.0232433378616627,0.699493668607473,0.0102054239923291,0.697708615087763,0.0104659193174749,0.675531896211272,0.011599086863579,0.682103966120901,0.0131101646819275,0.702039646924304,0.0151385744173995
