"beta1","beta1_sd","beta2","beta2_sd","omega_b1","omega_b1_sd","omega_b2","omega_b2_sd","omega_cov","omega_cov_sd","rho","rho_sd","conv_code","omega_cor","tau1","tau1_sd","tau2","tau2_sd","tau3","tau3_sd","tau4","tau4_sd","tau5","tau5_sd","tau6","tau6_sd"
0.985848424829122,0.0113112469619402,1.00169948620582,0.0154855730030241,0.251928170484436,0.00653930517103437,0.935328095448377,0.0354020706131195,0.143918130861712,0.00831260657086586,-0.29054291570571,0.0180460678532799,1,0.296479830449415,-0.0137943636911144,0.0240369131907753,0.695533084016627,0.0122031940162145,0.692426950983484,0.012266146587927,0.677313563032143,0.0135930847349878,0.68062547997683,0.0157151989646785,0.692844348790611,0.0185410465446823
