"beta1","beta1_sd","beta2","beta2_sd","omega_b1","omega_b1_sd","omega_b2","omega_b2_sd","omega_cov","omega_cov_sd","rho","rho_sd","conv_code","omega_cor","tau1","tau1_sd","tau2","tau2_sd","tau3","tau3_sd","tau4","tau4_sd","tau5","tau5_sd","tau6","tau6_sd"
1.00705511310067,0.0111333784538361,1.00480583751851,0.0149416483764851,0.0635257981248474,0.0019329580681658,0.075564975294139,0.017477714472615,0.0604184024121825,0.00343478003372901,-0.900741678881105,0.00229233410878836,1,0.8720349676685,0.0166494045911996,0.0214628811350723,0.692000745954599,0.0139348339118112,0.696009063626167,0.0132243547720753,0.699560564230416,0.0138563241090862,0.704413507757876,0.015370278946008,0.703332486758456,0.0183119637426532
