"beta1","beta1_sd","beta2","beta2_sd","omega_b1","omega_b1_sd","omega_b2","omega_b2_sd","omega_cov","omega_cov_sd","rho","rho_sd","conv_code","omega_cor","tau1","tau1_sd","tau2","tau2_sd","tau3","tau3_sd","tau4","tau4_sd","tau5","tau5_sd","tau6","tau6_sd"
0.996018626999612,0.0135058352374329,0.987417488270178,0.0141338248352124,1.01008841889234,0.0208060976786358,0.274747708389166,0.0223256374476462,0.150133658531448,0.0165966788032153,-0.899737026140724,0.00197688257408019,1,0.284991122938811,0.00346830554288294,0.0294108655764725,0.689635621116299,0.0119825151204661,0.693827427530792,0.0115922418253668,0.704537913753978,0.0122129996497701,0.694372244585278,0.0135537464979858,0.688210175541108,0.0157308225064273
