"beta1","beta1_sd","beta2","beta2_sd","omega_b1","omega_b1_sd","omega_b2","omega_b2_sd","omega_cov","omega_cov_sd","rho","rho_sd","conv_code","omega_cor","tau1","tau1_sd","tau2","tau2_sd","tau3","tau3_sd","tau4","tau4_sd","tau5","tau5_sd","tau6","tau6_sd"
0.996870104733126,0.0104752130876428,1.00070085487097,0.0115276183814391,1.01870856765397,0.0166214814610646,1.01547372445203,0.0254677280886156,-0.0217782997005545,0.0142386667208675,0.308131832203696,0.0202969502610319,1,-0.0214123653739196,-0.0189298105632946,0.0218460343764335,0.692132727510007,0.00823220299838066,0.702452467961337,0.00819207492229299,0.697984183453997,0.00916365434766747,0.707851881438642,0.0104234717795561,0.700521498513019,0.0124403863856567
