"beta1","beta1_sd","beta2","beta2_sd","omega_b1","omega_b1_sd","omega_b2","omega_b2_sd","omega_cov","omega_cov_sd","rho","rho_sd","conv_code","omega_cor","tau1","tau1_sd","tau2","tau2_sd","tau3","tau3_sd","tau4","tau4_sd","tau5","tau5_sd","tau6","tau6_sd"
0.982775246678484,0.00846524484498614,0.993622757982588,0.00823606191774291,0.55999028369701,0.00851933329898427,0.253190211694241,0.0103606960287728,-0.107989170735542,0.00690551980004596,0.0159222620458493,0.0127962976432587,1,-0.286791651173854,-0.00777925680370973,0.0188056108587209,0.690086961740654,0.00757509563918689,0.685093020496018,0.00743100618911616,0.674869570917286,0.0083942140745378,0.707301103157801,0.00965056542105931,0.668115483689263,0.0120706074909668
