"beta1","beta1_sd","beta2","beta2_sd","omega_b1","omega_b1_sd","omega_b2","omega_b2_sd","omega_cov","omega_cov_sd","rho","rho_sd","conv_code","omega_cor","tau1","tau1_sd","tau2","tau2_sd","tau3","tau3_sd","tau4","tau4_sd","tau5","tau5_sd","tau6","tau6_sd"
0.987068157837748,0.0110941067253242,0.997818939126784,0.0145524031087563,0.254596310308451,0.00832805271132695,0.93574561831582,0.0328598191083446,0.146634209555266,0.0108624271888194,0.898331849993123,0.00283820707029224,1,0.300421042341389,-0.0392865681876063,0.0356785161659883,0.694843718522386,0.0129365017079394,0.689036886693268,0.0117868479707135,0.670620269712173,0.0123259589879735,0.692202345015112,0.0137886590062354,0.682090110402975,0.0164183670235189
