"beta1","beta1_sd","beta2","beta2_sd","omega_b1","omega_b1_sd","omega_b2","omega_b2_sd","omega_cov","omega_cov_sd","rho","rho_sd","conv_code","omega_cor","tau1","tau1_sd","tau2","tau2_sd","tau3","tau3_sd","tau4","tau4_sd","tau5","tau5_sd","tau6","tau6_sd"
0.996625216946704,0.0100109711000325,1.01346705229821,0.0108024105486975,0.994825888975896,0.0157408761611652,1.04274680717387,0.025386347806523,-0.915992333295747,0.0173441904158365,0.610938660320429,0.0123132381251816,1,-0.899350260959482,-0.0299784447885859,0.0222925919682676,0.697763855173244,0.00823136037548162,0.696333613610118,0.00771640251452548,0.718994504451197,0.00830716641316471,0.703525158115742,0.00973376834218511,0.672213758301611,0.0119170987043395
