"beta1","beta1_sd","beta2","beta2_sd","omega_b1","omega_b1_sd","omega_b2","omega_b2_sd","omega_cov","omega_cov_sd","rho","rho_sd","conv_code","omega_cor","tau1","tau1_sd","tau2","tau2_sd","tau3","tau3_sd","tau4","tau4_sd","tau5","tau5_sd","tau6","tau6_sd"
1.00388232670259,0.0100167408856974,1.0117960330355,0.0100553465945917,0.566033087958028,0.00950393807998961,0.0709685098809992,0.0103663247772233,-0.0147537843521014,0.00840890814944663,-0.901844337745346,0.00147306833706351,1,-0.0736121798610537,-0.00347144041832772,0.0231937878094062,0.699872804745749,0.00930326004122164,0.713008206054352,0.00873710189329262,0.695725780724357,0.00940936729670345,0.698241420701844,0.0106080929411721,0.67557141673659,0.012717133533594
