"beta1","beta1_sd","beta2","beta2_sd","omega_b1","omega_b1_sd","omega_b2","omega_b2_sd","omega_cov","omega_cov_sd","rho","rho_sd","conv_code","omega_cor","tau1","tau1_sd","tau2","tau2_sd","tau3","tau3_sd","tau4","tau4_sd","tau5","tau5_sd","tau6","tau6_sd"
1.00431989859613,0.0119908944546786,1.02133054588816,0.0134770208067197,0.565405402606316,0.0146362193809828,0.565726611716697,0.0241824067068689,-0.513687852334839,0.0155822607195448,0.90375354598438,0.00269297973352289,1,-0.908272184929911,0.0040474799110023,0.0361279535088809,0.7018874640314,0.012747553573783,0.704396426416323,0.0118988301886072,0.700647635550544,0.012304038193209,0.697543430427502,0.0139038322758994,0.686141703852576,0.01683665504489
