"beta1","beta1_sd","beta2","beta2_sd","omega_b1","omega_b1_sd","omega_b2","omega_b2_sd","omega_cov","omega_cov_sd","rho","rho_sd","conv_code","omega_cor","tau1","tau1_sd","tau2","tau2_sd","tau3","tau3_sd","tau4","tau4_sd","tau5","tau5_sd","tau6","tau6_sd"
0.999826151395402,0.0112139068289777,1.00900262213788,0.00885483764990576,0.982128207653303,0.0201778493873666,0.0656495281504256,0.00820747608063934,-0.145551273691598,0.0118021096191535,0.899544378622285,0.00290595755751468,1,-0.573213108442951,-0.000416468694955054,0.0319553735911302,0.696506862142583,0.00985003764955752,0.688158619115625,0.00938403924863922,0.689041725067667,0.0100890964820555,0.69956039429233,0.011320659757352,0.681425376284218,0.0135163693848679
