"beta1","beta1_sd","beta2","beta2_sd","omega_b1","omega_b1_sd","omega_b2","omega_b2_sd","omega_cov","omega_cov_sd","rho","rho_sd","conv_code","omega_cor","tau1","tau1_sd","tau2","tau2_sd","tau3","tau3_sd","tau4","tau4_sd","tau5","tau5_sd","tau6","tau6_sd"
0.985573702391742,0.0113948763590492,1.01467603169796,0.00911378159525273,0.992391179685656,0.0207620178738584,0.0791970653167884,0.00847598411161195,0.149919815667532,0.0121068115203439,0.903275121418007,0.00283278561696682,1,0.534765088711185,-0.0329825377911184,0.0323372826751853,0.694546489710596,0.010040123258187,0.711190909085432,0.00953946356422056,0.700022701720789,0.0102421582060148,0.692800666708483,0.011647001392257,0.706099202419694,0.0136231471905924
