"beta1","beta1_sd","beta2","beta2_sd","omega_b1","omega_b1_sd","omega_b2","omega_b2_sd","omega_cov","omega_cov_sd","rho","rho_sd","conv_code","omega_cor","tau1","tau1_sd","tau2","tau2_sd","tau3","tau3_sd","tau4","tau4_sd","tau5","tau5_sd","tau6","tau6_sd"
1.00101583509034,0.00930896614826169,0.991643721646954,0.0095373857818814,0.561170852235333,0.0115373387969417,0.556015477838504,0.0161156112330128,-0.343883039002673,0.0107170215017731,0.900094145619962,0.00232543205975743,1,-0.615629982622222,0.0100744114536284,0.0299903258100028,0.691228039898275,0.00862336765281755,0.684482790986711,0.00794079630925764,0.697161216753096,0.00829189093903788,0.705978613397441,0.00940383628637944,0.676918704177291,0.0115309030089401
