"beta1","beta1_sd","beta2","beta2_sd","omega_b1","omega_b1_sd","omega_b2","omega_b2_sd","omega_cov","omega_cov_sd","rho","rho_sd","conv_code","omega_cor","tau1","tau1_sd","tau2","tau2_sd","tau3","tau3_sd","tau4","tau4_sd","tau5","tau5_sd","tau6","tau6_sd"
0.994455578847262,0.00874723893070491,0.993426588169012,0.0129174222125478,0.25518209901576,0.00469735967145091,1.01959845283552,0.0299122661330316,0.310080617990165,0.00825845833927801,-0.600141946026014,0.0066855396998354,1,0.60790390658914,-0.00367325819748571,0.0203603830173401,0.703166287842604,0.00952324225111592,0.677291036756294,0.00925287091657108,0.691496993291915,0.0100878870123688,0.687998597345023,0.0116971912590203,0.69141761907635,0.0142742256047694
