"beta1","beta1_sd","beta2","beta2_sd","omega_b1","omega_b1_sd","omega_b2","omega_b2_sd","omega_cov","omega_cov_sd","rho","rho_sd","conv_code","omega_cor","tau1","tau1_sd","tau2","tau2_sd","tau3","tau3_sd","tau4","tau4_sd","tau5","tau5_sd","tau6","tau6_sd"
0.995351415229824,0.0117273060130484,1.0077593033777,0.0122769170306607,0.992677948947959,0.0177100984097828,0.573835715655913,0.0239749301103917,-0.685237041561569,0.017707773282609,-0.899149785337632,0.00165188926834235,1,-0.907910118750795,-0.0336700373626594,0.0249516268835686,0.699632971197334,0.0100087055689129,0.705428708498662,0.00956002395674628,0.690098868409134,0.010129490700805,0.683887493804741,0.0113641619748081,0.691972335718472,0.0129691857079688
