"beta1","beta1_sd","beta2","beta2_sd","omega_b1","omega_b1_sd","omega_b2","omega_b2_sd","omega_cov","omega_cov_sd","rho","rho_sd","conv_code","omega_cor","tau1","tau1_sd","tau2","tau2_sd","tau3","tau3_sd","tau4","tau4_sd","tau5","tau5_sd","tau6","tau6_sd"
1.02183447749926,0.0149462230339706,0.993990717308333,0.0156477149374458,1.01114048856202,0.0258204146970752,0.227665094236267,0.023527946636806,-0.127576506083792,0.0159632630949416,-0.31174159036934,0.0198448787500476,1,-0.265899015195556,0.0537471289988747,0.0284948310261661,0.688392804088267,0.0138507339896042,0.689359830744342,0.0139279041236767,0.69861508346857,0.0153958083966345,0.695193106432267,0.0171822867604325,0.670641052482955,0.0198335595408091
