"beta1","beta1_sd","beta2","beta2_sd","omega_b1","omega_b1_sd","omega_b2","omega_b2_sd","omega_cov","omega_cov_sd","rho","rho_sd","conv_code","omega_cor","tau1","tau1_sd","tau2","tau2_sd","tau3","tau3_sd","tau4","tau4_sd","tau5","tau5_sd","tau6","tau6_sd"
1.01402324445154,0.00836044172720338,1.00401537629221,0.0088923612569057,0.245263914745687,0.00653298919296914,0.2441527192652,0.0106078669534799,-0.141712579755341,0.00636416384692226,0.900224010938904,0.00211545701728174,1,-0.579109638571914,0.0424371490030578,0.0299178230506612,0.692651451983376,0.00940563520439705,0.689699322675317,0.0085267463141428,0.707573237259912,0.00887448311984833,0.696399910611152,0.0101997016344012,0.693838246206592,0.0126408159853025
