"beta1","beta1_sd","beta2","beta2_sd","omega_b1","omega_b1_sd","omega_b2","omega_b2_sd","omega_cov","omega_cov_sd","rho","rho_sd","conv_code","omega_cor","tau1","tau1_sd","tau2","tau2_sd","tau3","tau3_sd","tau4","tau4_sd","tau5","tau5_sd","tau6","tau6_sd"
1.02737803865591,0.0114081668679216,1.00266156069487,0.0123675248068875,0.570314960430546,0.0109829018458883,0.0906453242593224,0.0138131732977618,0.144889119604473,0.0100988613018905,-0.90282407034469,0.00174537472914339,1,0.637243901665689,0.0298542583852617,0.0253815813478189,0.711177590430871,0.0110272300963312,0.705479714896219,0.0107153364557206,0.700358301161409,0.0113079217295917,0.697743798848201,0.0125883237466414,0.708598893700389,0.0147619498084268
