"beta1","beta1_sd","beta2","beta2_sd","omega_b1","omega_b1_sd","omega_b2","omega_b2_sd","omega_cov","omega_cov_sd","rho","rho_sd","conv_code","omega_cor","tau1","tau1_sd","tau2","tau2_sd","tau3","tau3_sd","tau4","tau4_sd","tau5","tau5_sd","tau6","tau6_sd"
0.999677486495734,0.0089606616615967,0.993887309058464,0.011437403288292,0.558002268345237,0.0088369567110379,0.995314047396728,0.0257399254671621,0.671770908813892,0.0128304153170062,-0.602837703104808,0.00530012413908847,1,0.901411602378934,0.0046242927826408,0.0187885122394374,0.691432959028266,0.00807908361474776,0.705097854192111,0.00811525267928406,0.685587420014781,0.00914982560818054,0.681890754649492,0.0105496725852344,0.704391966881028,0.0124356050756685
