"beta1","beta1_sd","beta2","beta2_sd","omega_b1","omega_b1_sd","omega_b2","omega_b2_sd","omega_cov","omega_cov_sd","rho","rho_sd","conv_code","omega_cor","tau1","tau1_sd","tau2","tau2_sd","tau3","tau3_sd","tau4","tau4_sd","tau5","tau5_sd","tau6","tau6_sd"
1.00338571140515,0.0132181736488735,1.00360969802354,0.0143430625905442,0.988124766402247,0.0232708191386378,0.541053962284536,0.0269810643207428,-0.239596550079606,0.0167714117054094,0.33931559597216,0.0334404534437451,1,-0.327683351726682,0.0041522003367536,0.0287486222614367,0.685410791255141,0.0123165542559554,0.67523148316678,0.0124458667611663,0.676083525747958,0.0136979104731984,0.704204425415163,0.0156475438952456,0.683253618596069,0.0180721554469806
