"beta1","beta1_sd","beta2","beta2_sd","omega_b1","omega_b1_sd","omega_b2","omega_b2_sd","omega_cov","omega_cov_sd","rho","rho_sd","conv_code","omega_cor","tau1","tau1_sd","tau2","tau2_sd","tau3","tau3_sd","tau4","tau4_sd","tau5","tau5_sd","tau6","tau6_sd"
0.985470429544814,0.00883417578909766,0.997969189829274,0.00822377961211413,0.557155099301196,0.00948542998413165,0.0626860230682348,0.00769783880606936,0.0575021518025541,0.00670877530731029,0.287201794895968,0.0189607337075013,1,0.307688087883234,-0.0207654980474303,0.020546821180979,0.687278600461252,0.00837637273390698,0.687899393894828,0.00831695879203897,0.696535571037386,0.00948988517028863,0.692401579839494,0.011144898967434,0.71387710543961,0.013390742315754
