"beta1","beta1_sd","beta2","beta2_sd","omega_b1","omega_b1_sd","omega_b2","omega_b2_sd","omega_cov","omega_cov_sd","rho","rho_sd","conv_code","omega_cor","tau1","tau1_sd","tau2","tau2_sd","tau3","tau3_sd","tau4","tau4_sd","tau5","tau5_sd","tau6","tau6_sd"
0.994731834905757,0.0133405198231013,0.983579629869343,0.0140482328342463,0.984767973043641,0.0234903939205763,0.514551412895364,0.0254564008127376,0.648067719600135,0.0199955992840075,0.00705637087733116,0.0271254587355325,1,0.910414244635045,0.00391792510205014,0.0260711008670759,0.679688804069355,0.0123645804565679,0.696887208006535,0.0130004111645146,0.688433242259215,0.0145589804937091,0.700433230731005,0.0162323639899805,0.675429779187488,0.0189223090543873
