"beta1","beta1_sd","beta2","beta2_sd","omega_b1","omega_b1_sd","omega_b2","omega_b2_sd","omega_cov","omega_cov_sd","rho","rho_sd","conv_code","omega_cor","tau1","tau1_sd","tau2","tau2_sd","tau3","tau3_sd","tau4","tau4_sd","tau5","tau5_sd","tau6","tau6_sd"
0.990251811649306,0.0149082645112951,0.968373673077512,0.0165544925264409,1.00579404714514,0.0269331783894491,0.997367389402472,0.0397207916147707,0.291949231660134,0.0235684812140974,0.89653950616786,0.00396404971946744,1,0.29149104965438,-0.0108786143653131,0.0400793999293705,0.693394080835857,0.013835484357177,0.697352979436557,0.0137143628379233,0.678773356035855,0.0142185085755174,0.695386201830456,0.0157185718842345,0.666660367774334,0.0186325676367638
