"beta1","beta1_sd","beta2","beta2_sd","omega_b1","omega_b1_sd","omega_b2","omega_b2_sd","omega_cov","omega_cov_sd","rho","rho_sd","conv_code","omega_cor","tau1","tau1_sd","tau2","tau2_sd","tau3","tau3_sd","tau4","tau4_sd","tau5","tau5_sd","tau6","tau6_sd"
0.984081610050519,0.00936082504498891,0.988205955627721,0.0137163734147848,0.0610236923956122,0.001744572129447,0.551763824567263,0.0246094976701859,-0.00595579907583588,0.00353918332457424,-0.59607806820848,0.00864137460954993,1,-0.0324574341940634,-0.0373919697748715,0.0213037408655476,0.688714851806536,0.0122490469478906,0.686836259649223,0.0111272204706643,0.688794839793153,0.0122001231975757,0.691706622731218,0.0140490899767258,0.648394406527089,0.0178695115760877
