"beta1","beta1_sd","beta2","beta2_sd","omega_b1","omega_b1_sd","omega_b2","omega_b2_sd","omega_cov","omega_cov_sd","rho","rho_sd","conv_code","omega_cor","tau1","tau1_sd","tau2","tau2_sd","tau3","tau3_sd","tau4","tau4_sd","tau5","tau5_sd","tau6","tau6_sd"
1.00257330591578,0.0130012176499647,0.975427128496752,0.0112176877639348,0.965514476127889,0.023164611394608,0.0627613156265003,0.0105293496244425,0.246163679521905,0.0151003761491644,0.897471080678643,0.0033417932731991,2,0.999996685781532,0.0171629142336763,0.0362892697920618,0.682199562836989,0.012584561787569,0.679094095003973,0.012094546920207,0.673457688589788,0.0127093769767926,0.67807569178499,0.0141970918638466,0.674255281904361,0.016630086680576
