"beta1","beta1_sd","beta2","beta2_sd","omega_b1","omega_b1_sd","omega_b2","omega_b2_sd","omega_cov","omega_cov_sd","rho","rho_sd","conv_code","omega_cor","tau1","tau1_sd","tau2","tau2_sd","tau3","tau3_sd","tau4","tau4_sd","tau5","tau5_sd","tau6","tau6_sd"
1.00470743506512,0.00951791756740988,1.00204530574086,0.00921712343085812,0.560706916968067,0.00934813506080859,0.06075587842538,0.00935800128603408,-0.11027062686244,0.00716706240426964,-0.314964014227767,0.0105387231788046,1,-0.597444729728122,-0.0114551500812212,0.0207044181061451,0.710275124968858,0.00900591576406386,0.70792013177465,0.00879160365509481,0.710241949853803,0.00985891163063502,0.677794547865426,0.0117210361783342,0.704144009003659,0.0140984809802239
