"beta1","beta1_sd","beta2","beta2_sd","omega_b1","omega_b1_sd","omega_b2","omega_b2_sd","omega_cov","omega_cov_sd","rho","rho_sd","conv_code","omega_cor","tau1","tau1_sd","tau2","tau2_sd","tau3","tau3_sd","tau4","tau4_sd","tau5","tau5_sd","tau6","tau6_sd"
0.997819740470729,0.0111554174546173,0.981384325277399,0.0125693218286129,1.00248780217462,0.017105012866227,1.01343108304826,0.0298663370503506,0.603188944942652,0.0168384337583829,-0.591900263570784,0.00622106417204742,1,0.598434626424971,-0.011600886383353,0.0219445922974698,0.696861156658934,0.00898208461029137,0.681595614866655,0.00911339326184261,0.680792934915986,0.0100264261089876,0.71128154651333,0.0112225517203094,0.69820319733797,0.0129699581046928
