"beta1","beta1_sd","beta2","beta2_sd","omega_b1","omega_b1_sd","omega_b2","omega_b2_sd","omega_cov","omega_cov_sd","rho","rho_sd","conv_code","omega_cor","tau1","tau1_sd","tau2","tau2_sd","tau3","tau3_sd","tau4","tau4_sd","tau5","tau5_sd","tau6","tau6_sd"
1.00100388366841,0.00916649460741788,0.996778736591487,0.00930511146237189,0.569544992687489,0.00951623236636374,0.264501292399984,0.0126823181800238,-0.344264147786876,0.00874953837947644,-0.0132509611214009,0.0151252309979827,1,-0.88698010508788,-0.0216726471628221,0.0207686055704628,0.697665991103612,0.00893707365851272,0.708051960454217,0.00841240799142874,0.686598450096958,0.00950168014681079,0.679327211158814,0.0113260585148507,0.708630384109456,0.0134870228017245
