"beta1","beta1_sd","beta2","beta2_sd","omega_b1","omega_b1_sd","omega_b2","omega_b2_sd","omega_cov","omega_cov_sd","rho","rho_sd","conv_code","omega_cor","tau1","tau1_sd","tau2","tau2_sd","tau3","tau3_sd","tau4","tau4_sd","tau5","tau5_sd","tau6","tau6_sd"
0.988731988776206,0.00531994517024993,0.998732056872004,0.00755684453869196,0.0610029939818831,0.00107634933420037,0.243829683033387,0.00875807412090559,-0.0721556653076263,0.0021257911597695,-0.293376062170305,0.00784292485220598,1,-0.591631887271762,0.00687669259323192,0.014956281915559,0.679393126929601,0.00762664903031796,0.690787566759203,0.00650970194232705,0.688472179945977,0.0070441040907037,0.672495632295285,0.00832789493110021,0.698118318468191,0.0107770608164469
