"beta1","beta1_sd","beta2","beta2_sd","omega_b1","omega_b1_sd","omega_b2","omega_b2_sd","omega_cov","omega_cov_sd","rho","rho_sd","conv_code","omega_cor","tau1","tau1_sd","tau2","tau2_sd","tau3","tau3_sd","tau4","tau4_sd","tau5","tau5_sd","tau6","tau6_sd"
1.00275055758416,0.00946691015137614,0.979619419994427,0.0135724460664219,0.0640994847155901,0.00382411713361346,0.970924281727792,0.0311666821475032,-0.225907083347428,0.00773165343816053,0.898485738345127,0.00222279875813391,1,-0.905544710536483,0.00362490152339084,0.0341200526937733,0.694283885564675,0.0128478401857093,0.679948013764065,0.0110238455577644,0.693895477842292,0.0109706739668887,0.686618203081769,0.0124501141311978,0.691382209855479,0.0154050921956859
