"beta1","beta1_sd","beta2","beta2_sd","omega_b1","omega_b1_sd","omega_b2","omega_b2_sd","omega_cov","omega_cov_sd","rho","rho_sd","conv_code","omega_cor","tau1","tau1_sd","tau2","tau2_sd","tau3","tau3_sd","tau4","tau4_sd","tau5","tau5_sd","tau6","tau6_sd"
0.996853343223299,0.00497380170798619,1.00319793629633,0.00983367862770792,0.0640001376073299,0.00114589876283504,1.02617910241409,0.0195166162851793,0.230563319380563,0.0038407334851256,-0.00553407202538488,0.01007542450798,1,0.899680233700274,-0.00763472802869254,0.0145441003565641,0.696477671511895,0.00721943100512006,0.689956639322355,0.00629153575097505,0.679904908704968,0.00694570226461682,0.699925043690129,0.00837951300751867,0.703231450128758,0.0115108512018122
