"beta1","beta1_sd","beta2","beta2_sd","omega_b1","omega_b1_sd","omega_b2","omega_b2_sd","omega_cov","omega_cov_sd","rho","rho_sd","conv_code","omega_cor","tau1","tau1_sd","tau2","tau2_sd","tau3","tau3_sd","tau4","tau4_sd","tau5","tau5_sd","tau6","tau6_sd"
1.00485207730998,0.00581002638844184,0.994077770051075,0.00737818877197036,0.0622725292527972,0.00127393641573742,0.0649051230013082,0.00659080606153215,-0.0368781846962754,0.00196615456938419,-0.00136256437468798,0.0115791879402168,1,-0.580071854565479,-0.0102595385611825,0.0171698024547146,0.698099850183118,0.00843476168285217,0.695325950408268,0.00712737280757536,0.691193272509709,0.00790679452609247,0.707032850395205,0.009426770656667,0.701217570883551,0.0123156829809874
