"beta1","beta1_sd","beta2","beta2_sd","omega_b1","omega_b1_sd","omega_b2","omega_b2_sd","omega_cov","omega_cov_sd","rho","rho_sd","conv_code","omega_cor","tau1","tau1_sd","tau2","tau2_sd","tau3","tau3_sd","tau4","tau4_sd","tau5","tau5_sd","tau6","tau6_sd"
0.977785650587858,0.0113331705072079,0.989746177441382,0.0157842741271987,0.239563407875729,0.00616947543081592,0.938110571148659,0.0352779182679923,0.433552129601774,0.011930844717195,-0.586584302988891,0.00986550196003045,1,0.91454286880407,-0.0243335119138583,0.0225573761346359,0.688040130515772,0.0125738116717045,0.674291380987173,0.0127322851570636,0.678945207029798,0.0141164595029475,0.683215239874058,0.016007719878488,0.668339637087555,0.019042774047445
