"beta1","beta1_sd","beta2","beta2_sd","omega_b1","omega_b1_sd","omega_b2","omega_b2_sd","omega_cov","omega_cov_sd","rho","rho_sd","conv_code","omega_cor","tau1","tau1_sd","tau2","tau2_sd","tau3","tau3_sd","tau4","tau4_sd","tau5","tau5_sd","tau6","tau6_sd"
0.997920522675885,0.00816415793601233,1.005486274078,0.0132832101697981,0.0623384077730235,0.00187736563143513,0.992029154571709,0.0297111686769091,-0.0767415502603849,0.0042088282469579,0.0122546909092823,0.0198227274230796,1,-0.308596145722096,-0.016890019379176,0.022240620961241,0.703278310340008,0.0110165546958353,0.676287463137735,0.00988580506358478,0.705661768811463,0.0108938377958211,0.694658378503158,0.0131322652442478,0.660038553282488,0.0168894354999126
