"beta1","beta1_sd","beta2","beta2_sd","omega_b1","omega_b1_sd","omega_b2","omega_b2_sd","omega_cov","omega_cov_sd","rho","rho_sd","conv_code","omega_cor","tau1","tau1_sd","tau2","tau2_sd","tau3","tau3_sd","tau4","tau4_sd","tau5","tau5_sd","tau6","tau6_sd"
1.00662300612221,0.0076859759963048,0.998914555980837,0.0102474753738479,0.248996950366995,0.00423356585026337,0.563507564609605,0.0171804768707978,0.337500782968915,0.00686035149332879,-0.298442988857199,0.0101301197733076,1,0.901006440639732,-0.00525897255760788,0.0178579007102924,0.704229746240598,0.00840501962170207,0.690669963352142,0.00831909335488973,0.690249415442404,0.00941562148082343,0.702904093886258,0.0109992745880156,0.674583079552549,0.0137412068764439
