"beta1","beta1_sd","beta2","beta2_sd","omega_b1","omega_b1_sd","omega_b2","omega_b2_sd","omega_cov","omega_cov_sd","rho","rho_sd","conv_code","omega_cor","tau1","tau1_sd","tau2","tau2_sd","tau3","tau3_sd","tau4","tau4_sd","tau5","tau5_sd","tau6","tau6_sd"
0.984322494197324,0.0129869657451362,0.973945281442963,0.0163406301252447,0.542673122484921,0.0137223073934803,0.99234832107158,0.0390878816218917,-0.439484990292695,0.0154627412484096,-0.277334255105433,0.0199387365501844,1,-0.59888415298248,-0.00132230019335122,0.0268794302077264,0.679596901574477,0.0132492755563712,0.672141772398374,0.0130268644265114,0.669221364164597,0.0144654619154567,0.688568644825792,0.016394138434376,0.689419697085437,0.0190945736948365
