"beta1","beta1_sd","beta2","beta2_sd","omega_b1","omega_b1_sd","omega_b2","omega_b2_sd","omega_cov","omega_cov_sd","rho","rho_sd","conv_code","omega_cor","tau1","tau1_sd","tau2","tau2_sd","tau3","tau3_sd","tau4","tau4_sd","tau5","tau5_sd","tau6","tau6_sd"
0.996400250769714,0.0125243160201354,1.01196298429292,0.0127584578778816,1.00739938710178,0.0218498871940312,0.26225158209757,0.0167384273969866,-0.154836020247317,0.0153378499893565,0.584476926396265,0.0218892144889073,1,-0.301239626551263,-0.00716466256421084,0.0287288834023818,0.697472928203197,0.0115341485241004,0.693193973099849,0.0115020599354492,0.693795552685729,0.0129208091717343,0.698113967943006,0.0148485336300717,0.698099536621744,0.0171367400300847
