"beta1","beta1_sd","beta2","beta2_sd","omega_b1","omega_b1_sd","omega_b2","omega_b2_sd","omega_cov","omega_cov_sd","rho","rho_sd","conv_code","omega_cor","tau1","tau1_sd","tau2","tau2_sd","tau3","tau3_sd","tau4","tau4_sd","tau5","tau5_sd","tau6","tau6_sd"
1.00546788606486,0.00925867071605581,0.996675790346588,0.00953366489513727,0.56742314965298,0.0116336373779093,0.528435324532671,0.0156502458409762,0.333088024589325,0.0105582096403294,0.89630894523768,0.00251602157798622,1,0.608288454045592,0.0188630416062439,0.0291721284680568,0.687050446452699,0.00853673577820733,0.694318767542538,0.00797965462616509,0.693723982590183,0.00841562892637835,0.677264159950846,0.00981973068655316,0.689731913959325,0.0116758633492596
