"beta1","beta1_sd","beta2","beta2_sd","omega_b1","omega_b1_sd","omega_b2","omega_b2_sd","omega_cov","omega_cov_sd","rho","rho_sd","conv_code","omega_cor","tau1","tau1_sd","tau2","tau2_sd","tau3","tau3_sd","tau4","tau4_sd","tau5","tau5_sd","tau6","tau6_sd"
1.00825245915813,0.0100528545784383,1.01236710085869,0.00951548231257632,0.59127768862406,0.0130077118570518,0.263231227036732,0.0119761851033014,0.243223824182198,0.0101703419985789,0.900107946957144,0.00258769868757172,1,0.61651218227168,-0.0417860934302396,0.0313304144295438,0.700546509013477,0.00970860686234268,0.706207585458292,0.00906630250421083,0.706357263216132,0.00972883521721648,0.713226422497342,0.0110610868325425,0.681126347059006,0.0134606533063131
