"beta1","beta1_sd","beta2","beta2_sd","omega_b1","omega_b1_sd","omega_b2","omega_b2_sd","omega_cov","omega_cov_sd","rho","rho_sd","conv_code","omega_cor","tau1","tau1_sd","tau2","tau2_sd","tau3","tau3_sd","tau4","tau4_sd","tau5","tau5_sd","tau6","tau6_sd"
1.00042292348644,0.011962626850825,0.997351662932316,0.0110947094094337,0.996655180206351,0.0174922851793929,0.244711229646491,0.0160884704013957,0.441230953711907,0.0145191858071908,-0.900138254335876,0.00160196606144478,1,0.893442398339695,-0.0250328451349388,0.0255594745216999,0.701095948646331,0.00983646200505874,0.694425021378074,0.00958610208024368,0.69818972542539,0.01030008624995,0.688794089621187,0.0114920248914731,0.700535923577805,0.0132342361122541
