"beta1","beta1_sd","beta2","beta2_sd","omega_b1","omega_b1_sd","omega_b2","omega_b2_sd","omega_cov","omega_cov_sd","rho","rho_sd","conv_code","omega_cor","tau1","tau1_sd","tau2","tau2_sd","tau3","tau3_sd","tau4","tau4_sd","tau5","tau5_sd","tau6","tau6_sd"
1.02919247434934,0.0178503758953019,1.01972694459922,0.020199157682019,1.04439569719125,0.031806641187912,0.578608015730394,0.0421574839998989,0.00152618031879445,0.0196998881975425,-0.620272652855027,0.0121944568722392,1,0.00196327478504428,0.00211782913666476,0.0316723525115378,0.710565595995166,0.0164215032945784,0.719860263700675,0.0165210334212635,0.733389079131062,0.0176917476626854,0.705995286385155,0.0193991695991915,0.702291253513576,0.0216119625475129
