"beta1","beta1_sd","beta2","beta2_sd","omega_b1","omega_b1_sd","omega_b2","omega_b2_sd","omega_cov","omega_cov_sd","rho","rho_sd","conv_code","omega_cor","tau1","tau1_sd","tau2","tau2_sd","tau3","tau3_sd","tau4","tau4_sd","tau5","tau5_sd","tau6","tau6_sd"
0.997711741763006,0.00828909166693846,0.993078443875453,0.00816926074049707,0.557882268852383,0.00837403399273199,0.259838871816362,0.0104606786368607,0.228836398056694,0.00717775747122791,0.0136851338718549,0.0124598816021389,1,0.601037767998764,0.00504658678408912,0.0181459443537203,0.694820130610898,0.00732507189701815,0.702386396082904,0.00731809605711137,0.697610003783811,0.00831809030473561,0.691565262250727,0.00978691027839743,0.677872515379136,0.0119916656312566
