"beta1","beta1_sd","beta2","beta2_sd","omega_b1","omega_b1_sd","omega_b2","omega_b2_sd","omega_cov","omega_cov_sd","rho","rho_sd","conv_code","omega_cor","tau1","tau1_sd","tau2","tau2_sd","tau3","tau3_sd","tau4","tau4_sd","tau5","tau5_sd","tau6","tau6_sd"
1.00011258386872,0.0120160561761011,1.0028228254062,0.0151195304218299,0.250243692453676,0.00654203242391361,0.221807840446961,0.0223739335350535,-0.00312583495617467,0.00650392091393221,-0.593059737384545,0.0100626330031985,1,-0.0132677117318426,0.00600423969156095,0.0240067199685754,0.696685974155685,0.0133465787440482,0.69454582551108,0.0128208042252045,0.693446676231845,0.0141093695943731,0.689026220211405,0.0160054984277292,0.677930254620437,0.0191307735414385
