"beta1","beta1_sd","beta2","beta2_sd","omega_b1","omega_b1_sd","omega_b2","omega_b2_sd","omega_cov","omega_cov_sd","rho","rho_sd","conv_code","omega_cor","tau1","tau1_sd","tau2","tau2_sd","tau3","tau3_sd","tau4","tau4_sd","tau5","tau5_sd","tau6","tau6_sd"
1.00047684394573,0.0131611796704001,0.999155000050632,0.0139734715231531,1.03977140903636,0.0234214839515605,0.54585150737745,0.0253210848620858,-0.229217350911399,0.0174080955075601,0.567627870025678,0.0251086367002769,1,-0.304257502756764,-0.0236957996193486,0.0304846578078506,0.707884800830725,0.0121571875764855,0.710739756967968,0.0120778435409678,0.694930834998874,0.0134444827129943,0.7028751604031,0.0151983261826703,0.704815315686038,0.0173604017046758
