"beta1","beta1_sd","beta2","beta2_sd","omega_b1","omega_b1_sd","omega_b2","omega_b2_sd","omega_cov","omega_cov_sd","rho","rho_sd","conv_code","omega_cor","tau1","tau1_sd","tau2","tau2_sd","tau3","tau3_sd","tau4","tau4_sd","tau5","tau5_sd","tau6","tau6_sd"
1.02800774549601,0.0173185410155447,1.02928983264297,0.0210546445749589,0.973074646980065,0.0292565973742876,0.949901987219845,0.0520387174073997,-0.0129417948117552,0.0199142873221649,-0.603603026386446,0.012749986722663,1,-0.0134611459531805,0.0151532335204526,0.0310213968981928,0.698948846342662,0.0161524108907186,0.687397135901589,0.0164007445578435,0.686281237004925,0.0176130023469736,0.699164483032439,0.0189685795922081,0.703885004408555,0.0210809815757911
