"beta1","beta1_sd","beta2","beta2_sd","omega_b1","omega_b1_sd","omega_b2","omega_b2_sd","omega_cov","omega_cov_sd","rho","rho_sd","conv_code","omega_cor","tau1","tau1_sd","tau2","tau2_sd","tau3","tau3_sd","tau4","tau4_sd","tau5","tau5_sd","tau6","tau6_sd"
1.00672462150159,0.0104024394124755,0.993802100533251,0.0123626895318047,0.574787666576837,0.010232916181536,0.600635514362866,0.0239677846468279,0.356057991297145,0.01181069442721,-0.899571814457836,0.00158997196200968,1,0.605984496429829,-0.00435768396463577,0.0235985898350444,0.695582887341711,0.00970368974811569,0.690730103953931,0.00936341560685218,0.707290730255612,0.00986482588493542,0.704456249082588,0.0111280516158482,0.693276968304476,0.0129949918086851
