"beta1","beta1_sd","beta2","beta2_sd","omega_b1","omega_b1_sd","omega_b2","omega_b2_sd","omega_cov","omega_cov_sd","rho","rho_sd","conv_code","omega_cor","tau1","tau1_sd","tau2","tau2_sd","tau3","tau3_sd","tau4","tau4_sd","tau5","tau5_sd","tau6","tau6_sd"
1.00704952855855,0.00888902295363844,0.999062134341609,0.00885218088715939,0.567818308593597,0.00881459455758619,0.271672646684749,0.0117196739768334,-0.00404458719999986,0.00697560973288959,-0.292388137566656,0.00945845847116936,1,-0.0102978497353104,0.00165525840203002,0.0190083483033227,0.690789592612013,0.00790289798161459,0.707354671014294,0.00768894207240312,0.689494135798502,0.00874746816375811,0.684022410623648,0.0101322693984884,0.691295072374452,0.0122323180244853
