"beta1","beta1_sd","beta2","beta2_sd","omega_b1","omega_b1_sd","omega_b2","omega_b2_sd","omega_cov","omega_cov_sd","rho","rho_sd","conv_code","omega_cor","tau1","tau1_sd","tau2","tau2_sd","tau3","tau3_sd","tau4","tau4_sd","tau5","tau5_sd","tau6","tau6_sd"
0.982464412832462,0.0113295850549281,0.984813211986362,0.0145072294165001,0.55698197265715,0.0130048242446245,0.959405988627823,0.0338923191120872,0.237263748343447,0.0134341809073885,0.614613962213428,0.0183390963854129,1,0.324570919010395,-0.0556704900163686,0.0287518442623239,0.689420359430658,0.0115498637657858,0.695652379107532,0.0114873188264426,0.668673676135533,0.012896204697113,0.695318141658121,0.0147451079663316,0.695892307858852,0.0175243173468
