"beta1","beta1_sd","beta2","beta2_sd","omega_b1","omega_b1_sd","omega_b2","omega_b2_sd","omega_cov","omega_cov_sd","rho","rho_sd","conv_code","omega_cor","tau1","tau1_sd","tau2","tau2_sd","tau3","tau3_sd","tau4","tau4_sd","tau5","tau5_sd","tau6","tau6_sd"
1.0028185338367,0.00675597785843241,0.991820233272007,0.00878733491706912,0.242908002456826,0.00391012757050872,0.552490713828559,0.0143230691160816,0.217355596267031,0.00529225302629127,0.293529132975369,0.0143069142931665,1,0.59331786288184,0.00292536862379282,0.0177535110664462,0.69722784285534,0.00710023039113355,0.688204503980086,0.00681555860192741,0.692863271662031,0.00768228878633515,0.681263398131961,0.00917844648102015,0.695920126216831,0.0114640523037705
