"beta1","beta1_sd","beta2","beta2_sd","omega_b1","omega_b1_sd","omega_b2","omega_b2_sd","omega_cov","omega_cov_sd","rho","rho_sd","conv_code","omega_cor","tau1","tau1_sd","tau2","tau2_sd","tau3","tau3_sd","tau4","tau4_sd","tau5","tau5_sd","tau6","tau6_sd"
0.999262033176029,0.00973283707477455,1.00486794317292,0.0140112739884154,0.248735442910461,0.006164496416943,0.953655207733861,0.0318766922431768,-0.000708666931713355,0.00772947572991798,0.321320726014387,0.0255987495848265,1,-0.00145504906722547,0.0284786189308517,0.0252940390241158,0.677567639546807,0.0110924525535733,0.690808825393221,0.0104579985435032,0.698125266673335,0.0119699045535998,0.684094044531888,0.0142108488090197,0.697144971268933,0.017252736953158
