"beta1","beta1_sd","beta2","beta2_sd","omega_b1","omega_b1_sd","omega_b2","omega_b2_sd","omega_cov","omega_cov_sd","rho","rho_sd","conv_code","omega_cor","tau1","tau1_sd","tau2","tau2_sd","tau3","tau3_sd","tau4","tau4_sd","tau5","tau5_sd","tau6","tau6_sd"
0.9872383381639,0.00998801023759908,0.992083434687433,0.00845812928226188,1.01232613015533,0.0157450162801819,0.25082938605316,0.0107875499615376,0.173470614466351,0.0105016417586209,0.28479039808085,0.0168074342140797,1,0.344252010872411,0.0259044393788839,0.0200220786885889,0.685505117260812,0.007778938200571,0.684856798038358,0.00788624762774482,0.70267754393149,0.00872849167511792,0.707213836173985,0.0101874455820755,0.685140482887122,0.0122452045645056
