"beta1","beta1_sd","beta2","beta2_sd","omega_b1","omega_b1_sd","omega_b2","omega_b2_sd","omega_cov","omega_cov_sd","rho","rho_sd","conv_code","omega_cor","tau1","tau1_sd","tau2","tau2_sd","tau3","tau3_sd","tau4","tau4_sd","tau5","tau5_sd","tau6","tau6_sd"
1.00379380589249,0.00992499170708413,1.00129809725519,0.0140684792608905,0.250971464651169,0.00634983042472797,1.04719309077558,0.0335587195514669,0.147662052853932,0.00862442596143881,0.620609329211962,0.014467493975849,1,0.288033727800194,-0.0341687530148208,0.0270069037819296,0.710503316632558,0.0112103034165217,0.682419014421405,0.0106925612378507,0.696316648923959,0.0118119070421701,0.710856166527926,0.013766195938149,0.698967595892819,0.016939292831899
