"beta1","beta1_sd","beta2","beta2_sd","omega_b1","omega_b1_sd","omega_b2","omega_b2_sd","omega_cov","omega_cov_sd","rho","rho_sd","conv_code","omega_cor","tau1","tau1_sd","tau2","tau2_sd","tau3","tau3_sd","tau4","tau4_sd","tau5","tau5_sd","tau6","tau6_sd"
1.00473145081663,0.00893018135662155,0.999422266745263,0.00696190117603507,0.562909863680134,0.0113370173588774,0.0585079134713321,0.00590591730953392,-0.168532420798334,0.00714669179415576,0.899333861286616,0.00232239405027163,1,-0.928659967473636,0.0206828433281755,0.0288084177026065,0.699244005502861,0.00818429902364028,0.69309067858877,0.00752811256795554,0.692573932365843,0.00798427149386721,0.683094533562391,0.00928783689758014,0.700006889734653,0.0110670513166435
