"beta1","beta1_sd","beta2","beta2_sd","omega_b1","omega_b1_sd","omega_b2","omega_b2_sd","omega_cov","omega_cov_sd","rho","rho_sd","conv_code","omega_cor","tau1","tau1_sd","tau2","tau2_sd","tau3","tau3_sd","tau4","tau4_sd","tau5","tau5_sd","tau6","tau6_sd"
0.998638875079927,0.00916826502615017,1.01278172038452,0.00934310026852715,0.572302118705475,0.00892466952684283,0.254501177880144,0.0126029244577198,0.233109068351094,0.00800896712922569,-0.596751759187693,0.00523604414241645,1,0.610803607604896,0.00514833967024429,0.0198102755223657,0.691595754921776,0.00820238131550287,0.688416784754287,0.00807665715331476,0.705893859752051,0.00887501747843169,0.692984397982746,0.0102830517845596,0.685848248480807,0.0123233101491539
