"beta1","beta1_sd","beta2","beta2_sd","omega_b1","omega_b1_sd","omega_b2","omega_b2_sd","omega_cov","omega_cov_sd","rho","rho_sd","conv_code","omega_cor","tau1","tau1_sd","tau2","tau2_sd","tau3","tau3_sd","tau4","tau4_sd","tau5","tau5_sd","tau6","tau6_sd"
1.00901006426399,0.00778616630383619,1.0101945946302,0.0115408701803308,0.0639803702187828,0.00355072222821049,1.01357638636011,0.0249476505038119,-0.0780503729650075,0.00593289241227802,0.902050245219662,0.00186587469908095,1,-0.306494980379835,0.0102341002489815,0.0304403305902412,0.687238192174702,0.00990206977942145,0.696572304119495,0.00866388645571806,0.696446817737095,0.00872690677387746,0.700520200679076,0.00990835610146076,0.689185564305229,0.0124945306232301
