"beta1","beta1_sd","beta2","beta2_sd","omega_b1","omega_b1_sd","omega_b2","omega_b2_sd","omega_cov","omega_cov_sd","rho","rho_sd","conv_code","omega_cor","tau1","tau1_sd","tau2","tau2_sd","tau3","tau3_sd","tau4","tau4_sd","tau5","tau5_sd","tau6","tau6_sd"
0.999313549597043,0.0196986329108129,1.0165920522916,0.0248453220849259,0.560791242365625,0.0212957682072378,0.264868376734993,0.0529995054869354,0.127896273747499,0.015660521857298,-0.901270458540761,0.00357145988445687,1,0.331850308053362,0.0422405375945826,0.0322010577373503,0.684640535951383,0.0197301824077832,0.714307256676557,0.0196802907266712,0.688344312410658,0.0206784672745403,0.704402721286593,0.0219131049952843,0.690361587751479,0.0242354996671527
