"beta1","beta1_sd","beta2","beta2_sd","omega_b1","omega_b1_sd","omega_b2","omega_b2_sd","omega_cov","omega_cov_sd","rho","rho_sd","conv_code","omega_cor","tau1","tau1_sd","tau2","tau2_sd","tau3","tau3_sd","tau4","tau4_sd","tau5","tau5_sd","tau6","tau6_sd"
1.00074241564747,0.00739117273341039,0.999056006744981,0.00764965563974739,0.251616010011313,0.00478347222715303,0.0794690540059931,0.0070895804491846,0.0369287827667676,0.00429019524533118,0.597287580985119,0.0114318568882499,1,0.261154092258427,-0.00232864686390233,0.0214383720816313,0.686742153670127,0.00842932018545271,0.688069415018961,0.00764761060551004,0.698717494148161,0.00832729297302824,0.699872384207932,0.0100391187747104,0.698797147908681,0.0127064370329003
