"beta1","beta1_sd","beta2","beta2_sd","omega_b1","omega_b1_sd","omega_b2","omega_b2_sd","omega_cov","omega_cov_sd","rho","rho_sd","conv_code","omega_cor","tau1","tau1_sd","tau2","tau2_sd","tau3","tau3_sd","tau4","tau4_sd","tau5","tau5_sd","tau6","tau6_sd"
1.00777907647524,0.0104493343196954,0.996512897467211,0.0106973797226485,0.553575545658217,0.0119672511787161,0.060985729861283,0.0100613297982389,0.157843168037887,0.00868069998927149,0.306439489328199,0.0250937109881525,1,0.859059466028051,0.0188692188181709,0.0244788728707349,0.689753510082566,0.0105946484704992,0.691641135478947,0.0108271624690867,0.693918313827832,0.012361369130099,0.6883978211127,0.0141237541919761,0.703567128245588,0.0167997785827146
