"beta1","beta1_sd","beta2","beta2_sd","omega_b1","omega_b1_sd","omega_b2","omega_b2_sd","omega_cov","omega_cov_sd","rho","rho_sd","conv_code","omega_cor","tau1","tau1_sd","tau2","tau2_sd","tau3","tau3_sd","tau4","tau4_sd","tau5","tau5_sd","tau6","tau6_sd"
0.998534469245613,0.00751873594442217,0.994842217429127,0.0105078888842493,0.0608280780501874,0.00173236056911483,0.2500889340998,0.0135172113978738,0.0356398602074656,0.0029116566541416,0.0274420182484621,0.0176117191082243,1,0.288959320163025,-0.0230878818867229,0.0208275407765613,0.701795531478631,0.0102794509117019,0.690041492246092,0.00930551188616022,0.692371943152576,0.0104813127552048,0.691537872423216,0.01241621444306,0.707445048980015,0.016195771256008
