"beta1","beta1_sd","beta2","beta2_sd","omega_b1","omega_b1_sd","omega_b2","omega_b2_sd","omega_cov","omega_cov_sd","rho","rho_sd","conv_code","omega_cor","tau1","tau1_sd","tau2","tau2_sd","tau3","tau3_sd","tau4","tau4_sd","tau5","tau5_sd","tau6","tau6_sd"
0.995056059591675,0.00828876417901746,1.0090308665822,0.00808455319362901,0.55534227903788,0.00848804161341925,0.255226904876818,0.00997519003832418,0.115451877268506,0.00684373411476338,0.28265739905055,0.0155875410696719,1,0.306660191814222,-0.0101474949689478,0.018963458959853,0.685657220955907,0.00738859205766998,0.692764868612907,0.00723187100303226,0.687725054978451,0.00826835747938633,0.68394773790332,0.00963431560296161,0.72187441316201,0.011429679337099
