"beta1","beta1_sd","beta2","beta2_sd","omega_b1","omega_b1_sd","omega_b2","omega_b2_sd","omega_cov","omega_cov_sd","rho","rho_sd","conv_code","omega_cor","tau1","tau1_sd","tau2","tau2_sd","tau3","tau3_sd","tau4","tau4_sd","tau5","tau5_sd","tau6","tau6_sd"
1.01868395573628,0.0144813143401035,1.01922821838261,0.0159106615971149,1.04440371499494,0.0264855613282505,0.577090599500897,0.0292024868809101,-0.276928680354442,0.0180648485424321,-0.0225649846619749,0.0298253985778105,1,-0.356707082305252,0.00674147194156502,0.0285698716737517,0.704515339401326,0.0132039105672012,0.721754914125758,0.0134631037629001,0.711831476603314,0.0149933950028497,0.671189679625688,0.0170985671566682,0.71650495795893,0.0190256395607504
