"beta1","beta1_sd","beta2","beta2_sd","omega_b1","omega_b1_sd","omega_b2","omega_b2_sd","omega_cov","omega_cov_sd","rho","rho_sd","conv_code","omega_cor","tau1","tau1_sd","tau2","tau2_sd","tau3","tau3_sd","tau4","tau4_sd","tau5","tau5_sd","tau6","tau6_sd"
0.991687981202911,0.00821669909932029,0.999364956486781,0.0108732790079219,0.248725999540924,0.00444741591086125,0.545511306608835,0.0185985004059747,-0.113898838050698,0.00567132805981385,-0.29098874106106,0.0115624592887631,1,-0.309212343993827,-0.0134072884197108,0.01980745000669,0.702762108943097,0.00905294074047406,0.684867479294044,0.00860628582206948,0.684608992679641,0.00960032619022511,0.690039626036635,0.0112883390771049,0.694558794666716,0.0138589316554469
