"beta1","beta1_sd","beta2","beta2_sd","omega_b1","omega_b1_sd","omega_b2","omega_b2_sd","omega_cov","omega_cov_sd","rho","rho_sd","conv_code","omega_cor","tau1","tau1_sd","tau2","tau2_sd","tau3","tau3_sd","tau4","tau4_sd","tau5","tau5_sd","tau6","tau6_sd"
1.00351960887312,0.006328458401799,1.01076120468996,0.00741843406060467,0.0622098986711281,0.00294577145325355,0.240006901121918,0.00838427050676209,0.108097702119101,0.0036351924423263,0.897727655206704,0.00168008312595158,1,0.884656861544673,-0.0235465597069047,0.0270278062706748,0.702361728992709,0.00805111975575351,0.698608757899076,0.00698562356913699,0.689440086507273,0.00715681898577071,0.694433108315061,0.00810812950276512,0.689386863858562,0.0103903718525562
