"beta1","beta1_sd","beta2","beta2_sd","omega_b1","omega_b1_sd","omega_b2","omega_b2_sd","omega_cov","omega_cov_sd","rho","rho_sd","conv_code","omega_cor","tau1","tau1_sd","tau2","tau2_sd","tau3","tau3_sd","tau4","tau4_sd","tau5","tau5_sd","tau6","tau6_sd"
1.00660490417525,0.0154896698841457,1.02546465530436,0.0176416485474757,1.03324651948224,0.0275750571862604,0.584798265181245,0.0345162524600976,0.236049251796657,0.018988889758152,-0.326250974536189,0.0206947452366403,1,0.303667011116806,0.00419691631878199,0.0294817956176116,0.694756570630945,0.0142586265762743,0.708284770841004,0.0146702820731062,0.720318213114546,0.015872659705246,0.694848892047464,0.0178845186845882,0.688555336302402,0.0202608065306723
