"beta1","beta1_sd","beta2","beta2_sd","omega_b1","omega_b1_sd","omega_b2","omega_b2_sd","omega_cov","omega_cov_sd","rho","rho_sd","conv_code","omega_cor","tau1","tau1_sd","tau2","tau2_sd","tau3","tau3_sd","tau4","tau4_sd","tau5","tau5_sd","tau6","tau6_sd"
0.997799425377961,0.00873905131263764,0.994081808021303,0.00965562406300738,0.246497644034991,0.00563202336189856,0.0490006833685744,0.00845549146780406,0.00883936650315803,0.0051909124007336,0.605785629790447,0.0132967545053719,1,0.0804291884307204,-0.0138333637100949,0.0247957121327557,0.70505696150341,0.0104187654969062,0.700287529434777,0.00950755394955183,0.676786251664824,0.0107729818507762,0.695210836462337,0.0129870912736719,0.673547066889591,0.0160450067610387
