"beta1","beta1_sd","beta2","beta2_sd","omega_b1","omega_b1_sd","omega_b2","omega_b2_sd","omega_cov","omega_cov_sd","rho","rho_sd","conv_code","omega_cor","tau1","tau1_sd","tau2","tau2_sd","tau3","tau3_sd","tau4","tau4_sd","tau5","tau5_sd","tau6","tau6_sd"
1.00678816841189,0.0109172281587162,0.987955519612698,0.00911568785343029,1.01912652621383,0.0173905985640072,0.0461964517286862,0.00841160884555137,-0.00640147296871262,0.010024068877219,-0.0210366056156519,0.0161620880801898,1,-0.0295026857503547,-0.0199892841793614,0.0217571965922486,0.695096340410833,0.00921408450153275,0.701850407693711,0.0093364231133907,0.68206502259849,0.0104696678119221,0.691158805594818,0.0119150294105993,0.689343150611007,0.0142165655178693
