"beta1","beta1_sd","beta2","beta2_sd","omega_b1","omega_b1_sd","omega_b2","omega_b2_sd","omega_cov","omega_cov_sd","rho","rho_sd","conv_code","omega_cor","tau1","tau1_sd","tau2","tau2_sd","tau3","tau3_sd","tau4","tau4_sd","tau5","tau5_sd","tau6","tau6_sd"
1.00416797964393,0.0226384266885012,0.996807419640953,0.0269323325190509,0.96068756626996,0.0395157846715017,0.16472230588402,0.0554070805583336,-0.0991229055791121,0.0219992928420411,-0.89868966714521,0.00406958688126463,1,-0.249176299842878,0.0779088272350043,0.0371145655896573,0.680955523833485,0.0218306395483709,0.663088875037265,0.0219464323951558,0.669629484878411,0.0226191771849042,0.704463187429104,0.0235268271197839,0.682240878315013,0.0254105927702348
