"beta1","beta1_sd","beta2","beta2_sd","omega_b1","omega_b1_sd","omega_b2","omega_b2_sd","omega_cov","omega_cov_sd","rho","rho_sd","conv_code","omega_cor","tau1","tau1_sd","tau2","tau2_sd","tau3","tau3_sd","tau4","tau4_sd","tau5","tau5_sd","tau6","tau6_sd"
0.982638484871372,0.00745178597033533,1.00541346881314,0.0125481442308319,0.0586237907699922,0.0017802891388699,0.991467098242042,0.0274428515317861,-0.14161141885994,0.00435108012388647,0.285413655638431,0.0179993806809998,1,-0.58738408054978,-0.0605539382504957,0.0232531138504303,0.692779781863156,0.0110069137426892,0.680827381723008,0.00932710195460407,0.701267874844965,0.0100806095241331,0.665787381767839,0.0122094070011385,0.697538614864557,0.0157282973489047
