"beta1","beta1_sd","beta2","beta2_sd","omega_b1","omega_b1_sd","omega_b2","omega_b2_sd","omega_cov","omega_cov_sd","rho","rho_sd","conv_code","omega_cor","tau1","tau1_sd","tau2","tau2_sd","tau3","tau3_sd","tau4","tau4_sd","tau5","tau5_sd","tau6","tau6_sd"
0.99642150346601,0.006765816288151,1.00767204500516,0.00893057030504035,0.0678941447449044,0.00318745570676181,0.559402700549522,0.014076852811753,0.00161566620547451,0.00439596209976024,0.895393746359652,0.00181390872765756,1,0.00829035639261206,-0.0356922577286617,0.0278720650634224,0.697218478361516,0.00828755639538257,0.695881074501584,0.00719478543828002,0.694140472046128,0.00731974364954502,0.691122780849681,0.00850421002609354,0.69483336773752,0.0108606506836859
