"beta1","beta1_sd","beta2","beta2_sd","omega_b1","omega_b1_sd","omega_b2","omega_b2_sd","omega_cov","omega_cov_sd","rho","rho_sd","conv_code","omega_cor","tau1","tau1_sd","tau2","tau2_sd","tau3","tau3_sd","tau4","tau4_sd","tau5","tau5_sd","tau6","tau6_sd"
1.00094741630205,0.00738910289474061,0.999400926071301,0.00665928766018127,0.250327181829371,0.00607775966347477,0.0676101990924819,0.00554062981214388,-0.113324937660864,0.00463342247423569,0.8987033019061,0.00197039666085655,1,-0.871094710010661,0.0193941079518503,0.0275662233619949,0.685974502805642,0.0079101158124985,0.684772575676563,0.00715075346858324,0.700325240514807,0.00746081784919087,0.684495702744286,0.00860575098956451,0.679433947017871,0.0107086605318947
