"beta1","beta1_sd","beta2","beta2_sd","omega_b1","omega_b1_sd","omega_b2","omega_b2_sd","omega_cov","omega_cov_sd","rho","rho_sd","conv_code","omega_cor","tau1","tau1_sd","tau2","tau2_sd","tau3","tau3_sd","tau4","tau4_sd","tau5","tau5_sd","tau6","tau6_sd"
1.00138700386534,0.0118382588472615,1.00728878408528,0.0159828929282467,0.560282309249388,0.0115994302088814,1.02752551730167,0.0405324108099203,0.461861709904352,0.0156849640741865,-0.900038284190567,0.00195844372992206,1,0.60871246639781,-0.0404621562948614,0.02623241230075,0.697082669063594,0.0116242306328211,0.688971101264876,0.0114441609000725,0.690447075701231,0.0120448044272196,0.705418211191247,0.0130588477885948,0.737938619294963,0.0148713443610818
