"beta1","beta1_sd","beta2","beta2_sd","omega_b1","omega_b1_sd","omega_b2","omega_b2_sd","omega_cov","omega_cov_sd","rho","rho_sd","conv_code","omega_cor","tau1","tau1_sd","tau2","tau2_sd","tau3","tau3_sd","tau4","tau4_sd","tau5","tau5_sd","tau6","tau6_sd"
0.995661519878701,0.00697882052331561,0.983715698054084,0.00809889535836288,0.238597826489166,0.00369973874642277,0.23196577643672,0.00980978719553625,-0.0744572831750231,0.00410887461818946,-0.287307095171325,0.00863302881457526,1,-0.316491453137268,-0.000988868063105881,0.0169574187575658,0.68543501360728,0.00766564626875253,0.687927202977159,0.00704900380444393,0.677562835247802,0.00780803505470085,0.687086334306493,0.00928915797558843,0.671325242420359,0.0116947008407023
