"beta1","beta1_sd","beta2","beta2_sd","omega_b1","omega_b1_sd","omega_b2","omega_b2_sd","omega_cov","omega_cov_sd","rho","rho_sd","conv_code","omega_cor","tau1","tau1_sd","tau2","tau2_sd","tau3","tau3_sd","tau4","tau4_sd","tau5","tau5_sd","tau6","tau6_sd"
0.981894103604397,0.012144986589014,0.974906901490172,0.0153071370694621,0.551474990424596,0.0131764410185328,0.972268557072423,0.035468613227198,0.66286726052495,0.0176363428755243,-0.285898163748175,0.0178013083558787,1,0.905254178302246,-0.040615078555759,0.0243423780832967,0.694591887669984,0.0121111583810278,0.695557398629786,0.0126321783721746,0.665377498827272,0.0143815183863395,0.693179222824646,0.0162760716072618,0.683629731463126,0.0187921189971581
