"beta1","beta1_sd","beta2","beta2_sd","omega_b1","omega_b1_sd","omega_b2","omega_b2_sd","omega_cov","omega_cov_sd","rho","rho_sd","conv_code","omega_cor","tau1","tau1_sd","tau2","tau2_sd","tau3","tau3_sd","tau4","tau4_sd","tau5","tau5_sd","tau6","tau6_sd"
0.998425616128433,0.00798378123850154,0.98447786653902,0.0103052728511639,0.061894551206877,0.00163291970746278,0.0660872943055175,0.0103698872494047,-0.0157358270042991,0.00250270231580873,-0.284229461284932,0.0130097683978158,1,-0.246039240341022,0.0197948767279125,0.0196766023984366,0.679282178488539,0.0108689432761188,0.691673310960118,0.00968571909583293,0.685124921753882,0.010758390635928,0.706092662811803,0.0126827853449259,0.686706975748857,0.0165714932535922
