"beta1","beta1_sd","beta2","beta2_sd","omega_b1","omega_b1_sd","omega_b2","omega_b2_sd","omega_cov","omega_cov_sd","rho","rho_sd","conv_code","omega_cor","tau1","tau1_sd","tau2","tau2_sd","tau3","tau3_sd","tau4","tau4_sd","tau5","tau5_sd","tau6","tau6_sd"
1.00887587606414,0.00734218387736778,1.02084524144658,0.0110546642940395,0.249528921328214,0.0044448332177395,1.01646595019232,0.0237852441618629,0.449936558104196,0.00830691868297804,0.289879734981907,0.0163109962183808,1,0.89339685558375,0.000908859458843833,0.0191472596208839,0.703785762453744,0.00809018845695342,0.687945973358198,0.00791911577820204,0.709036526034918,0.00899417177712515,0.69427603336148,0.010797443579922,0.687556577593376,0.0134415991026731
