"beta1","beta1_sd","beta2","beta2_sd","omega_b1","omega_b1_sd","omega_b2","omega_b2_sd","omega_cov","omega_cov_sd","rho","rho_sd","conv_code","omega_cor","tau1","tau1_sd","tau2","tau2_sd","tau3","tau3_sd","tau4","tau4_sd","tau5","tau5_sd","tau6","tau6_sd"
0.992103235039042,0.00638337782714629,1.00499087765321,0.0108669102955218,0.0587087919124974,0.00178244433316953,0.995181174595167,0.0228025530227817,0.0668649103494677,0.00380984856724896,0.610969643581875,0.00872922476534517,1,0.276627670006368,-0.00646078764393046,0.0213738363438675,0.693226673519183,0.00897517415282421,0.682455026337547,0.00772195355217806,0.689179613347216,0.00819786896004879,0.695543461714256,0.00962659752437428,0.689164428121066,0.0126197119630444
