"beta1","beta1_sd","beta2","beta2_sd","omega_b1","omega_b1_sd","omega_b2","omega_b2_sd","omega_cov","omega_cov_sd","rho","rho_sd","conv_code","omega_cor","tau1","tau1_sd","tau2","tau2_sd","tau3","tau3_sd","tau4","tau4_sd","tau5","tau5_sd","tau6","tau6_sd"
0.989994441549586,0.0102119122931732,1.01579106125342,0.0121816173820413,0.549661438337933,0.00963058309417978,0.555422064539864,0.0221678170607915,-0.332066862155246,0.0111346127606198,-0.899959693164772,0.00156616944486416,1,-0.600988745428702,-0.0259695717333453,0.0235523448226775,0.681304187149451,0.00978804609410334,0.685524863913397,0.00924261599822815,0.700379982153208,0.00959500550026594,0.699777124350239,0.0106979761358802,0.684712437696943,0.0126747846266563
