"beta1","beta1_sd","beta2","beta2_sd","omega_b1","omega_b1_sd","omega_b2","omega_b2_sd","omega_cov","omega_cov_sd","rho","rho_sd","conv_code","omega_cor","tau1","tau1_sd","tau2","tau2_sd","tau3","tau3_sd","tau4","tau4_sd","tau5","tau5_sd","tau6","tau6_sd"
1.00094996846794,0.010907492125819,1.01094149188947,0.0128919679179285,0.57650942537514,0.0127247337327642,0.577426604760782,0.0230983049495297,0.516746440796096,0.0137744655511836,0.292483535513437,0.0269344633315247,1,0.895624350966027,0.00744227439032536,0.0242942768343782,0.687007856445404,0.0106010609038406,0.715656829184893,0.0112368522103162,0.705972308039898,0.0128041352526486,0.696358699817511,0.0149994186630255,0.708000352197314,0.0174162605480624
