"beta1","beta1_sd","beta2","beta2_sd","omega_b1","omega_b1_sd","omega_b2","omega_b2_sd","omega_cov","omega_cov_sd","rho","rho_sd","conv_code","omega_cor","tau1","tau1_sd","tau2","tau2_sd","tau3","tau3_sd","tau4","tau4_sd","tau5","tau5_sd","tau6","tau6_sd"
1.00674198606164,0.00943239255040413,0.97862512380843,0.0118819369948416,0.556807517673555,0.00923273964370687,0.988209668765672,0.0274500814143817,-0.431682271108096,0.0114779661668757,-0.601821234444691,0.00570601997868982,1,-0.581951937402577,0.0251934713046169,0.0207781745071245,0.687049808576732,0.0087902518135633,0.69419214134466,0.00835053161435996,0.699283317709746,0.00912216033831573,0.696192130962122,0.0104941556058445,0.67811803789381,0.0126090546617409
