"beta1","beta1_sd","beta2","beta2_sd","omega_b1","omega_b1_sd","omega_b2","omega_b2_sd","omega_cov","omega_cov_sd","rho","rho_sd","conv_code","omega_cor","tau1","tau1_sd","tau2","tau2_sd","tau3","tau3_sd","tau4","tau4_sd","tau5","tau5_sd","tau6","tau6_sd"
1.0005261751899,0.00741604613652285,1.00469385215999,0.0096774180195096,0.0632662733274212,0.001730700797082,0.072463942963444,0.00956381596867568,0.0210526533838108,0.00251114405481211,0.0138339512841941,0.0169064501512291,1,0.310927928024479,-0.039314524965278,0.0205843676240811,0.706739400266742,0.0103381590063137,0.695486829296661,0.00901182886022402,0.696368750755671,0.0103103754527779,0.71560247710258,0.0122594895656081,0.688655673307433,0.016271707748915
