"beta1","beta1_sd","beta2","beta2_sd","omega_b1","omega_b1_sd","omega_b2","omega_b2_sd","omega_cov","omega_cov_sd","rho","rho_sd","conv_code","omega_cor","tau1","tau1_sd","tau2","tau2_sd","tau3","tau3_sd","tau4","tau4_sd","tau5","tau5_sd","tau6","tau6_sd"
1.01476737880861,0.0138280824153917,1.01440676719195,0.0172230498930779,0.561285383365095,0.0147037977160664,0.983330961804133,0.0412626998704884,-0.240881776922658,0.0137803773371921,-0.309677597271948,0.0195894330127053,1,-0.324236739028346,0.0316407130643706,0.0276930538550018,0.672851815501889,0.0136314071251918,0.696582729340886,0.0133953431773532,0.709956928942985,0.0147744001736663,0.697843097274624,0.0167876484464407,0.699715892699628,0.0194702177202909
