"beta1","beta1_sd","beta2","beta2_sd","omega_b1","omega_b1_sd","omega_b2","omega_b2_sd","omega_cov","omega_cov_sd","rho","rho_sd","conv_code","omega_cor","tau1","tau1_sd","tau2","tau2_sd","tau3","tau3_sd","tau4","tau4_sd","tau5","tau5_sd","tau6","tau6_sd"
0.999145758992492,0.00868638832894856,0.989329337808884,0.00953314117381977,0.249231316143596,0.00562270889370926,0.0608511269982495,0.00895408831109562,0.037406670022484,0.00525469245606678,0.590747212679341,0.0138074824960893,1,0.303748002163162,-0.0127139829289273,0.0246243136108807,0.693345325135204,0.0104495783347131,0.690654457824731,0.00967668462229543,0.697270619816118,0.0106220778264387,0.690705138647423,0.0129894289088209,0.685696973284666,0.0162357337415162
