"beta1","beta1_sd","beta2","beta2_sd","omega_b1","omega_b1_sd","omega_b2","omega_b2_sd","omega_cov","omega_cov_sd","rho","rho_sd","conv_code","omega_cor","tau1","tau1_sd","tau2","tau2_sd","tau3","tau3_sd","tau4","tau4_sd","tau5","tau5_sd","tau6","tau6_sd"
1.00508670565242,0.00732102660688883,0.997889296539987,0.0116889344186302,0.064202546760666,0.00132499798141348,0.595001231399871,0.0212726696353497,-0.121594563065339,0.00387106775512627,-0.902696077211348,0.00153217185395017,1,-0.622127066454723,-0.0224311177863578,0.0183843781308562,0.722899776122229,0.0100484759357834,0.680909155523585,0.00934622949224526,0.693840343584259,0.00947666122773367,0.704861753364061,0.0105419075226945,0.693218003866951,0.0130492203838838
