"beta1","beta1_sd","beta2","beta2_sd","omega_b1","omega_b1_sd","omega_b2","omega_b2_sd","omega_cov","omega_cov_sd","rho","rho_sd","conv_code","omega_cor","tau1","tau1_sd","tau2","tau2_sd","tau3","tau3_sd","tau4","tau4_sd","tau5","tau5_sd","tau6","tau6_sd"
0.998703064757828,0.0100710800979811,1.000576786361,0.0115893273871037,0.568131196705556,0.00982155960973363,0.559830964782492,0.0214607811809167,0.512862886885728,0.0123969642723999,-0.898954539440706,0.00156671022619742,1,0.909386485641927,0.00654452156939039,0.0226516554835129,0.696948417728411,0.00933293158870394,0.683583475052087,0.00911256179080514,0.689961165797543,0.0097376720126392,0.704216915208166,0.0108561478159772,0.718165211736359,0.0128189834604365
