"beta1","beta1_sd","beta2","beta2_sd","omega_b1","omega_b1_sd","omega_b2","omega_b2_sd","omega_cov","omega_cov_sd","rho","rho_sd","conv_code","omega_cor","tau1","tau1_sd","tau2","tau2_sd","tau3","tau3_sd","tau4","tau4_sd","tau5","tau5_sd","tau6","tau6_sd"
1.00480285343714,0.0099466500362378,0.990097772909692,0.00960830451899364,0.556583875687447,0.0124580165327357,0.268882124294032,0.0120871981832557,0.0136884268579826,0.00955065482910633,0.903045194292598,0.00254592594570968,1,0.0353840275184679,0.0496063679340001,0.0317222821964157,0.678172510188183,0.00991272880956917,0.712015584372866,0.00928764270043741,0.689114975286984,0.00973321165324665,0.70585171519384,0.0110335657375512,0.698870508924561,0.013219906756574
