"beta1","beta1_sd","beta2","beta2_sd","omega_b1","omega_b1_sd","omega_b2","omega_b2_sd","omega_cov","omega_cov_sd","rho","rho_sd","conv_code","omega_cor","tau1","tau1_sd","tau2","tau2_sd","tau3","tau3_sd","tau4","tau4_sd","tau5","tau5_sd","tau6","tau6_sd"
1.00190194174238,0.0109619718718632,0.990316034292475,0.0153247427700364,0.244071780299402,0.00614777539984871,0.9873456431284,0.0357861228352023,0.282065631963243,0.00958971916693718,-0.311705954204194,0.0169172977295733,1,0.574588304171019,0.0124533912822649,0.0233664144707163,0.684555769541002,0.011920682121944,0.692676695202065,0.0119157999466293,0.700529711335248,0.0132235589281458,0.684714963336904,0.0156309602852362,0.691004410725197,0.0184273548660586
