"beta1","beta1_sd","beta2","beta2_sd","omega_b1","omega_b1_sd","omega_b2","omega_b2_sd","omega_cov","omega_cov_sd","rho","rho_sd","conv_code","omega_cor","tau1","tau1_sd","tau2","tau2_sd","tau3","tau3_sd","tau4","tau4_sd","tau5","tau5_sd","tau6","tau6_sd"
1.00582044331545,0.0107118899333699,1.00036648839469,0.00954900190244155,1.00072868893101,0.0161710410132061,0.260593993749688,0.0136369502876328,-0.465994706604224,0.0123270303648985,-0.601745779643619,0.00542500857232315,1,-0.912516250646681,-0.00578763897956105,0.0208156767342073,0.691503103985019,0.00869589605436791,0.698122108305282,0.00841338655672027,0.704892675351652,0.00924810516825876,0.686989121748235,0.0107481038209896,0.68664276169115,0.0127189799852117
