"beta1","beta1_sd","beta2","beta2_sd","omega_b1","omega_b1_sd","omega_b2","omega_b2_sd","omega_cov","omega_cov_sd","rho","rho_sd","conv_code","omega_cor","tau1","tau1_sd","tau2","tau2_sd","tau3","tau3_sd","tau4","tau4_sd","tau5","tau5_sd","tau6","tau6_sd"
0.984744875551404,0.0115627549198729,0.999320963268381,0.0107008239264562,0.965845384710937,0.0173386517631858,0.069319049182252,0.0116880659913562,0.145682865076369,0.0115617205526185,-0.587954537664335,0.00691372688042193,1,0.563025896738931,-0.00354637727496348,0.0236365383996161,0.674898966443232,0.0101450249475233,0.686978925893327,0.0100698190456924,0.690226699951066,0.0111594434934267,0.678863567697282,0.0127172038703914,0.697400082232204,0.0146153772196453
