"beta1","beta1_sd","beta2","beta2_sd","omega_b1","omega_b1_sd","omega_b2","omega_b2_sd","omega_cov","omega_cov_sd","rho","rho_sd","conv_code","omega_cor","tau1","tau1_sd","tau2","tau2_sd","tau3","tau3_sd","tau4","tau4_sd","tau5","tau5_sd","tau6","tau6_sd"
1.01011087610764,0.0100672346868586,0.985772999179297,0.0152093514861733,0.0626296506798399,0.00187427928516134,1.01543152747488,0.0362123605174071,0.0712859345408386,0.00450754294475293,-0.602647706085824,0.00906662292577917,1,0.282675735642838,0.00123339783174376,0.0217051338039642,0.699850282509237,0.0125845852158828,0.703270598618187,0.0115451123026558,0.707755747780214,0.0125817180007021,0.679449075246371,0.0146416201788421,0.715583151989292,0.0177372060060519
