"beta1","beta1_sd","beta2","beta2_sd","omega_b1","omega_b1_sd","omega_b2","omega_b2_sd","omega_cov","omega_cov_sd","rho","rho_sd","conv_code","omega_cor","tau1","tau1_sd","tau2","tau2_sd","tau3","tau3_sd","tau4","tau4_sd","tau5","tau5_sd","tau6","tau6_sd"
1.0040522593337,0.00988099086264354,1.0104403496744,0.0131041821708072,0.246748469464881,0.00583170593006044,0.573103387844518,0.0233630716048677,0.229238071930276,0.00768785555984733,-0.0101384238193291,0.0219904500526299,1,0.609597286863375,0.00852517159551052,0.0227549699618479,0.687387236022336,0.0109271185948475,0.698801987569915,0.0108696643449475,0.681285067578768,0.0123994306830163,0.680889581475876,0.0143901792635707,0.708248188805164,0.0172686281453421
