"beta1","beta1_sd","beta2","beta2_sd","omega_b1","omega_b1_sd","omega_b2","omega_b2_sd","omega_cov","omega_cov_sd","rho","rho_sd","conv_code","omega_cor","tau1","tau1_sd","tau2","tau2_sd","tau3","tau3_sd","tau4","tau4_sd","tau5","tau5_sd","tau6","tau6_sd"
0.979019435969312,0.015940841364549,1.00522477611452,0.0179423724571135,0.96473760143395,0.0276425591512383,0.24925671913906,0.0285234438009079,0.304402833928666,0.0182925841344986,-0.590720615645875,0.0121473398596892,1,0.620755607317831,-0.0102509155509006,0.0285376721738185,0.687080565450727,0.0152680686896282,0.661773779702301,0.0157384943008188,0.686477667503581,0.0168144326494724,0.701680849339834,0.0186476090552257,0.695398492627028,0.0205187669867426
