"beta1","beta1_sd","beta2","beta2_sd","omega_b1","omega_b1_sd","omega_b2","omega_b2_sd","omega_cov","omega_cov_sd","rho","rho_sd","conv_code","omega_cor","tau1","tau1_sd","tau2","tau2_sd","tau3","tau3_sd","tau4","tau4_sd","tau5","tau5_sd","tau6","tau6_sd"
0.992604118338095,0.00495391161677027,0.997113916821008,0.00597198517988933,0.060570717525202,0.00120597778816935,0.0562307351610057,0.00500286641267483,-0.0571811486823724,0.00175929170672833,0.310491524001888,0.00988588315282369,1,-0.979793683825065,-0.00702960989254558,0.0158924421118385,0.69328446247389,0.00713106274645865,0.690753288716452,0.00599246604817462,0.690645390525858,0.00650555783604619,0.685184840242526,0.00781026951371986,0.681067429004788,0.0104365740305742
