"beta1","beta1_sd","beta2","beta2_sd","omega_b1","omega_b1_sd","omega_b2","omega_b2_sd","omega_cov","omega_cov_sd","rho","rho_sd","conv_code","omega_cor","tau1","tau1_sd","tau2","tau2_sd","tau3","tau3_sd","tau4","tau4_sd","tau5","tau5_sd","tau6","tau6_sd"
1.01379302052723,0.0131316747591746,0.999217496403775,0.0128732166605233,1.01715901387556,0.0202500135677427,0.0612166059139934,0.0127849390827879,-0.236115228243672,0.0153096953105678,-0.899826038630383,0.00190549490192741,1,-0.946226154756338,0.0183995788968478,0.0286299644413837,0.699334817631284,0.011666219286248,0.690815178922206,0.0112731174238645,0.695473373686644,0.0118802170057347,0.691731348643389,0.0132482889876506,0.689551169729753,0.0152428021576668
