"beta1","beta1_sd","beta2","beta2_sd","omega_b1","omega_b1_sd","omega_b2","omega_b2_sd","omega_cov","omega_cov_sd","rho","rho_sd","conv_code","omega_cor","tau1","tau1_sd","tau2","tau2_sd","tau3","tau3_sd","tau4","tau4_sd","tau5","tau5_sd","tau6","tau6_sd"
1.00627945590127,0.0107515176890604,1.01389635994329,0.0117695639931249,1.01623148780548,0.0175960419856378,1.01750925618345,0.0285063272575488,-0.90836651134892,0.0188689531773607,0.317669543656336,0.0211684027476971,1,-0.893296447267346,0.00205772590755136,0.0226891760449699,0.693666032502154,0.00933414739298234,0.71103302060313,0.0088742258206806,0.707089440859728,0.00999283051570244,0.700306302193397,0.0117795142614842,0.696176603289285,0.013920028855258
