"beta1","beta1_sd","beta2","beta2_sd","omega_b1","omega_b1_sd","omega_b2","omega_b2_sd","omega_cov","omega_cov_sd","rho","rho_sd","conv_code","omega_cor","tau1","tau1_sd","tau2","tau2_sd","tau3","tau3_sd","tau4","tau4_sd","tau5","tau5_sd","tau6","tau6_sd"
0.992670929249273,0.00784386601849182,1.00468425273889,0.00866982304672451,0.25475177539724,0.00427745393526192,0.0584701238130937,0.00860122720491643,-0.0400756060567348,0.00416980190144057,-0.297959343225098,0.0100366116657127,1,-0.328363202330809,-0.0212546376883439,0.0188987667899897,0.68723431724914,0.00884760473960391,0.701633898983991,0.00813351421181699,0.694125181520913,0.00914518908463042,0.701597313613384,0.0108865234894754,0.713841211489024,0.0133017860529955
