"beta1","beta1_sd","beta2","beta2_sd","omega_b1","omega_b1_sd","omega_b2","omega_b2_sd","omega_cov","omega_cov_sd","rho","rho_sd","conv_code","omega_cor","tau1","tau1_sd","tau2","tau2_sd","tau3","tau3_sd","tau4","tau4_sd","tau5","tau5_sd","tau6","tau6_sd"
1.00304630293484,0.00631677106040921,0.997269207547499,0.00843054666116538,0.0599574028040843,0.00114433158808839,0.067749430914443,0.00825065928205945,-0.0352077194677143,0.0021117420283021,-0.598063054817928,0.00536876710890864,1,-0.552412711250587,0.00311339545568173,0.016482214293925,0.70449992421394,0.00889862329072944,0.692924058413888,0.00786354506915176,0.68966167049398,0.00850234492390594,0.694301835011607,0.00990253501645532,0.70377012104882,0.0128968257225883
