"beta1","beta1_sd","beta2","beta2_sd","omega_b1","omega_b1_sd","omega_b2","omega_b2_sd","omega_cov","omega_cov_sd","rho","rho_sd","conv_code","omega_cor","tau1","tau1_sd","tau2","tau2_sd","tau3","tau3_sd","tau4","tau4_sd","tau5","tau5_sd","tau6","tau6_sd"
1.01918482607812,0.0194727074252729,1.03118810801757,0.0247928958859022,0.59316037355728,0.0215966158547698,0.616953016888017,0.0511478607289938,-0.53543685191688,0.0243358371823206,-0.905483313067252,0.00326875635345411,1,-0.885107758148984,-0.0236592032059173,0.0324372126632762,0.714725083780138,0.0192936857351621,0.718112022209615,0.0190636109320006,0.740466361262104,0.0196703664249521,0.690094897412475,0.0213769544172084,0.752305854946373,0.023130701934822
