"beta1","beta1_sd","beta2","beta2_sd","omega_b1","omega_b1_sd","omega_b2","omega_b2_sd","omega_cov","omega_cov_sd","rho","rho_sd","conv_code","omega_cor","tau1","tau1_sd","tau2","tau2_sd","tau3","tau3_sd","tau4","tau4_sd","tau5","tau5_sd","tau6","tau6_sd"
0.999630736999017,0.00499002050282894,0.991770501130255,0.00693518294035016,0.0614309330805052,0.00119248757287894,0.244006009739518,0.00787558198821704,-0.11003624890341,0.00229413283405289,0.301456370583566,0.010061960101703,1,-0.898756324714807,0.0101451445100629,0.0162608705580984,0.685084056739865,0.00735603445523314,0.69182038879665,0.00613917497387411,0.707270702432436,0.0064060741769279,0.680857214867915,0.00788802013357171,0.710324561943165,0.0102775546344124
