"beta1","beta1_sd","beta2","beta2_sd","omega_b1","omega_b1_sd","omega_b2","omega_b2_sd","omega_cov","omega_cov_sd","rho","rho_sd","conv_code","omega_cor","tau1","tau1_sd","tau2","tau2_sd","tau3","tau3_sd","tau4","tau4_sd","tau5","tau5_sd","tau6","tau6_sd"
1.00337861474305,0.0129566963672337,1.00436912358263,0.0146752443305924,0.549592021195612,0.0136301408409519,0.265748142258167,0.0211992649478583,0.134220784480488,0.0105914436469415,-0.31007563450068,0.0183568722452145,1,0.351208036141025,0.00412406594188919,0.0254700797450661,0.694515443925344,0.0128282478444737,0.683766159247061,0.0131331421911523,0.707754465769383,0.0142248593865631,0.690771647611813,0.0162558250115805,0.677214620398198,0.0189896898369695
