"beta1","beta1_sd","beta2","beta2_sd","omega_b1","omega_b1_sd","omega_b2","omega_b2_sd","omega_cov","omega_cov_sd","rho","rho_sd","conv_code","omega_cor","tau1","tau1_sd","tau2","tau2_sd","tau3","tau3_sd","tau4","tau4_sd","tau5","tau5_sd","tau6","tau6_sd"
0.999865300742936,0.00548986462568176,0.999571444474601,0.00978158610586755,0.06491907961893,0.00148850066536869,0.982821466723634,0.0192811450236839,-0.224006392140449,0.00413096111915578,0.597548103489513,0.00707360174055697,1,-0.886822937311405,0.0122960708949405,0.019239767745416,0.686008692790571,0.0078554540041045,0.687994161088966,0.00658440531686424,0.702755923165976,0.00679583071153771,0.686605839665169,0.00794676844825307,0.701403972862207,0.0103380649178315
