"beta1","beta1_sd","beta2","beta2_sd","omega_b1","omega_b1_sd","omega_b2","omega_b2_sd","omega_cov","omega_cov_sd","rho","rho_sd","conv_code","omega_cor","tau1","tau1_sd","tau2","tau2_sd","tau3","tau3_sd","tau4","tau4_sd","tau5","tau5_sd","tau6","tau6_sd"
1.00087269256609,0.00897501023362498,0.99936643984039,0.00721127755942617,0.568149598424902,0.011439910144683,0.0771974555919461,0.00612457925166709,-0.118130064268118,0.00732843605978988,0.898219612689416,0.00240290278559764,1,-0.564062976821293,0.0230726057839244,0.0287631118399678,0.69430453706802,0.00824943721547101,0.688681566154687,0.00763058652428259,0.703414558397697,0.00803056799376853,0.703687480341883,0.00932089482901294,0.697408050779299,0.0113227202245233
