"beta1","beta1_sd","beta2","beta2_sd","omega_b1","omega_b1_sd","omega_b2","omega_b2_sd","omega_cov","omega_cov_sd","rho","rho_sd","conv_code","omega_cor","tau1","tau1_sd","tau2","tau2_sd","tau3","tau3_sd","tau4","tau4_sd","tau5","tau5_sd","tau6","tau6_sd"
1.01300648442396,0.00670635341839976,1.01178824247788,0.00889258339115359,0.0655483267642409,0.00318815883711475,0.55518264759691,0.0141021954417529,-0.115125887040578,0.00458312654211616,0.901446324823696,0.00164622034092251,1,-0.60349578693959,0.0476444564901563,0.0283203961839986,0.69676910622383,0.00824311786090966,0.693999301764475,0.00725669233016064,0.706112648868778,0.0072743431302222,0.688911485711417,0.00831608665678337,0.6974271203734,0.0105292005732417
