"beta1","beta1_sd","beta2","beta2_sd","omega_b1","omega_b1_sd","omega_b2","omega_b2_sd","omega_cov","omega_cov_sd","rho","rho_sd","conv_code","omega_cor","tau1","tau1_sd","tau2","tau2_sd","tau3","tau3_sd","tau4","tau4_sd","tau5","tau5_sd","tau6","tau6_sd"
1.0057327533568,0.0115634475552834,1.00781414142442,0.0110063400495836,1.02530685708941,0.0183638697695054,0.236135329393047,0.014385059768487,0.00776473035441434,0.0124199556325685,-0.318966702987409,0.0120416806072756,1,0.0157804347271579,-0.0222301148165776,0.0226193033227758,0.683565854162664,0.00994825387349724,0.711037241197053,0.00981208781322752,0.69555246362012,0.0109159618300454,0.715077745915861,0.0123950360012085,0.71086359448515,0.0146450340188133
