"beta1","beta1_sd","beta2","beta2_sd","omega_b1","omega_b1_sd","omega_b2","omega_b2_sd","omega_cov","omega_cov_sd","rho","rho_sd","conv_code","omega_cor","tau1","tau1_sd","tau2","tau2_sd","tau3","tau3_sd","tau4","tau4_sd","tau5","tau5_sd","tau6","tau6_sd"
0.98804315172033,0.00737315255640464,0.996162945506252,0.00799746813178522,0.24747450453785,0.00414669117906004,0.0746881345621622,0.00751214987719083,-0.115238346412904,0.00415403963172212,-0.00980314538695305,0.0132899025045035,1,-0.847629337725454,-0.0144059040712848,0.0184616735788507,0.695772760089053,0.00841943657783648,0.687502430231587,0.00779647716467816,0.68717552609597,0.00872456663719933,0.711863114169667,0.0102731613581149,0.687348564549719,0.0132555783856217
