"beta1","beta1_sd","beta2","beta2_sd","omega_b1","omega_b1_sd","omega_b2","omega_b2_sd","omega_cov","omega_cov_sd","rho","rho_sd","conv_code","omega_cor","tau1","tau1_sd","tau2","tau2_sd","tau3","tau3_sd","tau4","tau4_sd","tau5","tau5_sd","tau6","tau6_sd"
0.974991654663871,0.0161592727715926,0.985836445117829,0.0193185152257668,0.935723766013438,0.0268906896188803,0.894451319971833,0.0477625896021673,-0.544631617519017,0.0234347766802575,-0.571845877003657,0.0129125097862137,1,-0.595320263301893,0.00969297449568031,0.0307347156025133,0.659746786236463,0.0157200694865623,0.671848624688949,0.0156398663787188,0.664412478759635,0.0168991232368926,0.669459085648238,0.0189233320541142,0.678364367382264,0.0208821017440207
