"beta1","beta1_sd","beta2","beta2_sd","omega_b1","omega_b1_sd","omega_b2","omega_b2_sd","omega_cov","omega_cov_sd","rho","rho_sd","conv_code","omega_cor","tau1","tau1_sd","tau2","tau2_sd","tau3","tau3_sd","tau4","tau4_sd","tau5","tau5_sd","tau6","tau6_sd"
0.989690289881523,0.0110220590278592,0.979995228150958,0.0145547251109835,0.244673277464043,0.00796193783904094,0.991838905980088,0.0340600888339413,-0.298129091216004,0.0116450740019093,0.903552515835137,0.00257293424231598,1,-0.605188290529366,-0.0283217504899095,0.0365863801835292,0.696828443105773,0.0130156772990258,0.693386530271036,0.0117567492042265,0.703263702544457,0.0119364939639976,0.679617469028499,0.0135249739400027,0.689998980253724,0.0164454174590193
