"beta1","beta1_sd","beta2","beta2_sd","omega_b1","omega_b1_sd","omega_b2","omega_b2_sd","omega_cov","omega_cov_sd","rho","rho_sd","conv_code","omega_cor","tau1","tau1_sd","tau2","tau2_sd","tau3","tau3_sd","tau4","tau4_sd","tau5","tau5_sd","tau6","tau6_sd"
1.00497101870153,0.0104992311060539,0.98751273921086,0.00852224112882586,0.990441412744926,0.0168531998454368,0.0650006709417938,0.00834645278327103,-0.16190497224144,0.00984016769900391,0.293380838695796,0.0206810654728056,1,-0.638097247565236,-0.00820982389252918,0.0216201330851783,0.6972214031449,0.00886055164152539,0.679703371342595,0.00890953759694003,0.689698060215772,0.0100852209664153,0.700555000258914,0.0114593444973527,0.707441870154134,0.013552226728509
