"beta1","beta1_sd","beta2","beta2_sd","omega_b1","omega_b1_sd","omega_b2","omega_b2_sd","omega_cov","omega_cov_sd","rho","rho_sd","conv_code","omega_cor","tau1","tau1_sd","tau2","tau2_sd","tau3","tau3_sd","tau4","tau4_sd","tau5","tau5_sd","tau6","tau6_sd"
1.00291971960934,0.0134548852722231,0.991416989633093,0.0158113053763117,1.0168943925433,0.0243321069078185,1.02152878841058,0.0396273479017278,-0.610463082921401,0.0213198615313175,0.285821131876669,0.0340768996018857,1,-0.59895773001471,0.0180598990134661,0.0285227660819054,0.683282331990359,0.012489946277153,0.702679148682215,0.012415701131657,0.692112662296163,0.0138511487476684,0.69884984356729,0.015906757639464,0.679125130140714,0.018860516148958
