"beta1","beta1_sd","beta2","beta2_sd","omega_b1","omega_b1_sd","omega_b2","omega_b2_sd","omega_cov","omega_cov_sd","rho","rho_sd","conv_code","omega_cor","tau1","tau1_sd","tau2","tau2_sd","tau3","tau3_sd","tau4","tau4_sd","tau5","tau5_sd","tau6","tau6_sd"
0.995130510682986,0.00929840415296707,0.968768389266553,0.0121819313408534,0.24984630338906,0.00600469969642856,0.537293945379712,0.0215397033627875,0.00152051092698772,0.00699857458212766,0.58422023545191,0.0154793627289822,1,0.00414999055286192,-0.00919532580250042,0.0261765181825853,0.682955071887054,0.011027161116838,0.670716794252867,0.0102683446601285,0.682155517801837,0.0112616867164714,0.714968045074526,0.0131042377274982,0.697255701905668,0.0167517475245711
