"beta1","beta1_sd","beta2","beta2_sd","omega_b1","omega_b1_sd","omega_b2","omega_b2_sd","omega_cov","omega_cov_sd","rho","rho_sd","conv_code","omega_cor","tau1","tau1_sd","tau2","tau2_sd","tau3","tau3_sd","tau4","tau4_sd","tau5","tau5_sd","tau6","tau6_sd"
1.00978003342838,0.00708312600191485,1.00075261740166,0.011128010095645,0.0634833715749993,0.00128919073160487,0.560368774737136,0.0192192623635628,-0.170049186356195,0.00412627374306706,-0.900881387720156,0.00153555406282761,1,-0.901586920571752,0.017752201240247,0.0178815592415595,0.694490899416252,0.0101146701325919,0.703592804390042,0.00907042592646114,0.692466165475522,0.009289036639147,0.705375160492617,0.010349610666437,0.697138238105075,0.0127744177105199
