"beta1","beta1_sd","beta2","beta2_sd","omega_b1","omega_b1_sd","omega_b2","omega_b2_sd","omega_cov","omega_cov_sd","rho","rho_sd","conv_code","omega_cor","tau1","tau1_sd","tau2","tau2_sd","tau3","tau3_sd","tau4","tau4_sd","tau5","tau5_sd","tau6","tau6_sd"
0.99470156263828,0.0105258050612455,1.00095942156767,0.0117240336406933,1.01825620556984,0.0177771712762394,1.01239732015656,0.0279388083396753,0.916796553490681,0.019052505741774,0.323500735551618,0.0213523262180986,1,0.902960901835471,-0.00884063039274623,0.0215312461575067,0.696049494210714,0.00877198208143227,0.686705461968982,0.00938401644776632,0.691545977603819,0.0104892677490515,0.699966996546563,0.0120344782539376,0.698093210637351,0.0139165099141944
