"beta1","beta1_sd","beta2","beta2_sd","omega_b1","omega_b1_sd","omega_b2","omega_b2_sd","omega_cov","omega_cov_sd","rho","rho_sd","conv_code","omega_cor","tau1","tau1_sd","tau2","tau2_sd","tau3","tau3_sd","tau4","tau4_sd","tau5","tau5_sd","tau6","tau6_sd"
1.02141958794015,0.00901430674275802,1.00697551642874,0.0072413133611779,0.574907698818869,0.0115826712823465,0.0670352664480422,0.00625248388268743,-0.0521499396585565,0.00730993028607482,0.899693537903442,0.00233683169545869,1,-0.265645875947101,0.0243580432876584,0.0287017645342945,0.706065976347369,0.00816443356234854,0.704123252868158,0.00762750841065742,0.694995467938111,0.00816417288193562,0.696440801040611,0.00937369714353741,0.717536976943419,0.011270491627923
