"beta1","beta1_sd","beta2","beta2_sd","omega_b1","omega_b1_sd","omega_b2","omega_b2_sd","omega_cov","omega_cov_sd","rho","rho_sd","conv_code","omega_cor","tau1","tau1_sd","tau2","tau2_sd","tau3","tau3_sd","tau4","tau4_sd","tau5","tau5_sd","tau6","tau6_sd"
1.00452495629843,0.011275967582428,0.99286585436784,0.0107237610980507,1.00446203283715,0.0176174015670616,0.264090636031242,0.0147961134551188,0.320144000015214,0.0127840188475224,-0.295718433660326,0.0120396646799502,1,0.621587257364749,0.0443890443438789,0.0221079513747835,0.667194821508912,0.00973026878580957,0.697888937460355,0.00977658924880256,0.697817495168033,0.0107979034060702,0.687324922761512,0.0124835281475109,0.684812994405365,0.0146836162206016
