"beta1","beta1_sd","beta2","beta2_sd","omega_b1","omega_b1_sd","omega_b2","omega_b2_sd","omega_cov","omega_cov_sd","rho","rho_sd","conv_code","omega_cor","tau1","tau1_sd","tau2","tau2_sd","tau3","tau3_sd","tau4","tau4_sd","tau5","tau5_sd","tau6","tau6_sd"
1.0082034902755,0.00991670449761707,1.00015026159198,0.00980577288031284,0.541475186101663,0.00911972272071282,0.0523349385541455,0.00998402799367934,0.0644261015876651,0.00791532515491804,-0.898149547994225,0.00152954384633164,1,0.382716083912189,0.0254626253375573,0.0230894424780731,0.67795189625539,0.00932641240277326,0.681614041291457,0.00889864181167988,0.686437217346051,0.00941033148667227,0.69122842474736,0.0105308077967052,0.701273119713808,0.012519104277756
