"beta1","beta1_sd","beta2","beta2_sd","omega_b1","omega_b1_sd","omega_b2","omega_b2_sd","omega_cov","omega_cov_sd","rho","rho_sd","conv_code","omega_cor","tau1","tau1_sd","tau2","tau2_sd","tau3","tau3_sd","tau4","tau4_sd","tau5","tau5_sd","tau6","tau6_sd"
1.01267731112539,0.0104582983732762,1.02684405569438,0.0103381802537908,1.00312719950908,0.0173443935063178,0.550506950602466,0.0189240037762433,0.668404914154584,0.0154094310914994,0.311301843138494,0.0207984864053419,1,0.899456630648934,0.0314159852715392,0.0215494669256952,0.679745322421462,0.00891707283911336,0.704797073596916,0.00911772358113402,0.679733523623923,0.0104172103679129,0.709284283581417,0.0118233578440086,0.712797977444435,0.0137858728585447
