"beta1","beta1_sd","beta2","beta2_sd","omega_b1","omega_b1_sd","omega_b2","omega_b2_sd","omega_cov","omega_cov_sd","rho","rho_sd","conv_code","omega_cor","tau1","tau1_sd","tau2","tau2_sd","tau3","tau3_sd","tau4","tau4_sd","tau5","tau5_sd","tau6","tau6_sd"
0.976126168809073,0.0222437912734241,1.00303883733597,0.0287255953247618,0.986090007145499,0.0407101123306348,0.999564719621512,0.0906021354444991,0.609369601879571,0.0351205152814598,-0.896256470987388,0.00419467101533238,1,0.6137860978008,-0.0454714966150061,0.0381851432106419,0.683603999799332,0.0219922137898042,0.678618216831197,0.0217893492441661,0.694383026198501,0.0225372800749106,0.685758966255752,0.0241551545523342,0.667886328494059,0.0257456307140955
