"beta1","beta1_sd","beta2","beta2_sd","omega_b1","omega_b1_sd","omega_b2","omega_b2_sd","omega_cov","omega_cov_sd","rho","rho_sd","conv_code","omega_cor","tau1","tau1_sd","tau2","tau2_sd","tau3","tau3_sd","tau4","tau4_sd","tau5","tau5_sd","tau6","tau6_sd"
1.00181419807783,0.0120435824119215,1.00899654686575,0.0145879294142909,0.565132612897568,0.0148124586759716,1.01115667738743,0.0361327580946956,0.677032384024917,0.0192702028926189,0.897084177807933,0.00313414646857737,1,0.89562257157791,-0.0105699802097167,0.0358235184506641,0.692629909757726,0.0125772139952049,0.679584168461862,0.011874545886375,0.691845783118958,0.0129290592005001,0.68145942711557,0.0146995147050172,0.707954345868749,0.0169662969635027
