"beta1","beta1_sd","beta2","beta2_sd","omega_b1","omega_b1_sd","omega_b2","omega_b2_sd","omega_cov","omega_cov_sd","rho","rho_sd","conv_code","omega_cor","tau1","tau1_sd","tau2","tau2_sd","tau3","tau3_sd","tau4","tau4_sd","tau5","tau5_sd","tau6","tau6_sd"
1.00294080722786,0.00909047709741979,1.01321767948273,0.0111653184438816,0.247801753515615,0.00554741961236712,0.265169383876928,0.0148550068474727,-0.149247521155374,0.00609164930945554,0.273342489768237,0.0216169233910001,1,-0.582228217158748,-0.0171248909758332,0.0236052083997482,0.702607732808446,0.0106112104687398,0.694650475220527,0.00980357543131532,0.70405991972039,0.0111840290016481,0.701231530217606,0.0133339364263571,0.672438796507296,0.0171652827147875
