"beta1","beta1_sd","beta2","beta2_sd","omega_b1","omega_b1_sd","omega_b2","omega_b2_sd","omega_cov","omega_cov_sd","rho","rho_sd","conv_code","omega_cor","tau1","tau1_sd","tau2","tau2_sd","tau3","tau3_sd","tau4","tau4_sd","tau5","tau5_sd","tau6","tau6_sd"
0.999470515512962,0.0116914864772756,0.984879817394068,0.0143375290137535,0.549239129498362,0.0112433561495291,0.50884198329956,0.0268189654193612,0.157657916997692,0.0119161422584306,-0.897693849806054,0.00194824969572862,1,0.298224679741904,0.058321041647402,0.0261991011485308,0.676589717394486,0.0115708112686038,0.677022818332209,0.0111877637943051,0.679058790625876,0.0118960005478924,0.687983451176756,0.0131021415072692,0.678281843691545,0.0149406705183478
