"beta1","beta1_sd","beta2","beta2_sd","omega_b1","omega_b1_sd","omega_b2","omega_b2_sd","omega_cov","omega_cov_sd","rho","rho_sd","conv_code","omega_cor","tau1","tau1_sd","tau2","tau2_sd","tau3","tau3_sd","tau4","tau4_sd","tau5","tau5_sd","tau6","tau6_sd"
1.01511438869629,0.011885579624418,1.00555370830541,0.0105796024977238,1.0341566683205,0.0179534885290454,0.0681519323871288,0.0113059097972985,-0.242289229175366,0.0129372340893183,-0.902134371849171,0.00155373032383354,1,-0.912644945190641,0.0247372928262934,0.0255601598210527,0.706327678355162,0.0097934994364462,0.709009991808058,0.00944220368403524,0.687007953368518,0.0101017037113657,0.703839508595109,0.0112708991712916,0.689148417035849,0.0132387367452772
