"beta1","beta1_sd","beta2","beta2_sd","omega_b1","omega_b1_sd","omega_b2","omega_b2_sd","omega_cov","omega_cov_sd","rho","rho_sd","conv_code","omega_cor","tau1","tau1_sd","tau2","tau2_sd","tau3","tau3_sd","tau4","tau4_sd","tau5","tau5_sd","tau6","tau6_sd"
0.995759607062703,0.00984008899778523,0.993961283312682,0.0115393235607061,0.556160120711918,0.0095759246919414,0.573727950398438,0.0216963191160811,-0.508714024214646,0.0122513641638719,-0.897875299434936,0.00156897796537054,1,-0.900576860709995,-0.0165568371918788,0.0226498302424933,0.697629848071433,0.00953060654472554,0.690791463796455,0.00889783806166996,0.688246797946213,0.00939119078416031,0.68045304459276,0.0105722758077434,0.663620678712689,0.01254633817424
