"beta1","beta1_sd","beta2","beta2_sd","omega_b1","omega_b1_sd","omega_b2","omega_b2_sd","omega_cov","omega_cov_sd","rho","rho_sd","conv_code","omega_cor","tau1","tau1_sd","tau2","tau2_sd","tau3","tau3_sd","tau4","tau4_sd","tau5","tau5_sd","tau6","tau6_sd"
0.996639930230929,0.00712781892745962,0.97585750687793,0.0120345607057419,0.060574129589295,0.00165686354351576,0.99606582870283,0.0263731211390769,-0.222684101624654,0.0049576122475949,0.301236386449065,0.0164327100513494,1,-0.906570535997833,0.0160267555347155,0.0229908106981089,0.688904187199611,0.0109694739807095,0.679231954929547,0.00916384453555979,0.701759937500859,0.00969566060194366,0.676092445448663,0.0116263433796146,0.674700962828079,0.0153528880979082
