"beta1","beta1_sd","beta2","beta2_sd","omega_b1","omega_b1_sd","omega_b2","omega_b2_sd","omega_cov","omega_cov_sd","rho","rho_sd","conv_code","omega_cor","tau1","tau1_sd","tau2","tau2_sd","tau3","tau3_sd","tau4","tau4_sd","tau5","tau5_sd","tau6","tau6_sd"
0.99793194310331,0.0053523458709458,1.00462789359201,0.0100111225708597,0.0616260898249651,0.00119723941004683,1.00307546229031,0.0199874897651621,0.149886472931654,0.00338133164037094,0.0295076655466704,0.011310010745342,1,0.602855642995842,-0.0102200943264139,0.0155809889578876,0.698101116793461,0.00741495863824377,0.687193317856934,0.00650675147408443,0.69468982501196,0.00714466120336198,0.683806095433464,0.00854655548300604,0.705162337082258,0.0114515982374521
