"beta1","beta1_sd","beta2","beta2_sd","omega_b1","omega_b1_sd","omega_b2","omega_b2_sd","omega_cov","omega_cov_sd","rho","rho_sd","conv_code","omega_cor","tau1","tau1_sd","tau2","tau2_sd","tau3","tau3_sd","tau4","tau4_sd","tau5","tau5_sd","tau6","tau6_sd"
1.0029119412818,0.0107270671130504,0.995542836847402,0.0130015330414467,0.246950856758043,0.00596694037080637,0.264843743357812,0.0174043057560091,-0.142522634778781,0.00645126641384903,-0.298603466068577,0.0161582904461857,1,-0.557293162918495,-0.0246531062285825,0.0230537392023531,0.703622604074277,0.0119520649791816,0.701228420130043,0.0113710063198945,0.695356683886856,0.012851807902404,0.709580941192253,0.0146489944106496,0.671216651990358,0.0182943132410051
