"beta1","beta1_sd","beta2","beta2_sd","omega_b1","omega_b1_sd","omega_b2","omega_b2_sd","omega_cov","omega_cov_sd","rho","rho_sd","conv_code","omega_cor","tau1","tau1_sd","tau2","tau2_sd","tau3","tau3_sd","tau4","tau4_sd","tau5","tau5_sd","tau6","tau6_sd"
0.997498189126616,0.00795377321099121,0.986771019165033,0.0102092117539947,0.0600883184912263,0.00157949041567927,0.0798193647090576,0.0105081721449718,-0.0371947378698472,0.00253614464768097,-0.263331600836106,0.0133685472350013,1,-0.53707179255429,-0.00829909650234231,0.02007487178108,0.698083539672849,0.0109584137143114,0.681607365611087,0.00973516705938862,0.690410043578773,0.0107315863761991,0.681745766174932,0.0126932440501653,0.689894103275022,0.0163076035221802
