"beta1","beta1_sd","beta2","beta2_sd","omega_b1","omega_b1_sd","omega_b2","omega_b2_sd","omega_cov","omega_cov_sd","rho","rho_sd","conv_code","omega_cor","tau1","tau1_sd","tau2","tau2_sd","tau3","tau3_sd","tau4","tau4_sd","tau5","tau5_sd","tau6","tau6_sd"
0.988964968962566,0.00931353967943595,0.983504473709445,0.012222064805991,0.243023988228143,0.00590887427542312,0.556616258042404,0.0214619092004844,0.117281296031348,0.00709436364445801,0.591574644105043,0.0148633592063068,1,0.318879236123125,-0.0254171704912767,0.0260908017479606,0.692883107323961,0.0108845853236639,0.680404222414599,0.0103149494192664,0.688613497509491,0.0112572577611927,0.683131702259806,0.0133217077347439,0.687235568562041,0.016537811371831
