"beta1","beta1_sd","beta2","beta2_sd","omega_b1","omega_b1_sd","omega_b2","omega_b2_sd","omega_cov","omega_cov_sd","rho","rho_sd","conv_code","omega_cor","tau1","tau1_sd","tau2","tau2_sd","tau3","tau3_sd","tau4","tau4_sd","tau5","tau5_sd","tau6","tau6_sd"
1.01290873592607,0.00912161017023571,0.991078585731774,0.00825441124105972,0.567888711384999,0.0116385172869502,0.259939905584922,0.0102277032005453,0.22462546728596,0.00884666325237566,0.900884564611822,0.00236455113371272,1,0.58464319260403,-0.00256655215219781,0.0293679283272495,0.695271109496385,0.0083991459066015,0.705587419358847,0.00783272302523788,0.706467606135994,0.0082578771693103,0.694497528614146,0.00950418996064303,0.680494438018456,0.0115398244231175
