"beta1","beta1_sd","beta2","beta2_sd","omega_b1","omega_b1_sd","omega_b2","omega_b2_sd","omega_cov","omega_cov_sd","rho","rho_sd","conv_code","omega_cor","tau1","tau1_sd","tau2","tau2_sd","tau3","tau3_sd","tau4","tau4_sd","tau5","tau5_sd","tau6","tau6_sd"
1.00155711655189,0.0107937148238404,1.00707519502287,0.0119996412666778,1.02014987059588,0.0169189048831999,1.01938854841089,0.0275457853262044,-0.600864056656979,0.0161480470635307,-0.313542234128316,0.0107321786082114,1,-0.589215768547812,-0.0037869349064534,0.0209868001153203,0.707257904098816,0.00870470098983603,0.690359542636541,0.00854183752647675,0.705102033923642,0.00949929141921539,0.697560414214819,0.0109082437907352,0.69570797683125,0.012723950125644
