"beta1","beta1_sd","beta2","beta2_sd","omega_b1","omega_b1_sd","omega_b2","omega_b2_sd","omega_cov","omega_cov_sd","rho","rho_sd","conv_code","omega_cor","tau1","tau1_sd","tau2","tau2_sd","tau3","tau3_sd","tau4","tau4_sd","tau5","tau5_sd","tau6","tau6_sd"
0.997014503829021,0.00611744555673921,0.998098949179167,0.0108207343618885,0.0600951234270585,0.00134997400496045,0.967756438881809,0.0223178376599421,0.140341434804442,0.00366569280614296,0.0247256765360378,0.0138636053492936,1,0.581946769639533,0.0111771014283457,0.0176411866462741,0.683271502573128,0.00870544207606783,0.691616388224195,0.00754318940752759,0.68436270584801,0.00836230710495243,0.680700626845298,0.0100080084214749,0.688632576873434,0.0130811282050486
