"beta1","beta1_sd","beta2","beta2_sd","omega_b1","omega_b1_sd","omega_b2","omega_b2_sd","omega_cov","omega_cov_sd","rho","rho_sd","conv_code","omega_cor","tau1","tau1_sd","tau2","tau2_sd","tau3","tau3_sd","tau4","tau4_sd","tau5","tau5_sd","tau6","tau6_sd"
0.997399432543534,0.00992083388677984,1.00512500016713,0.0099491114874393,0.544258662625011,0.0093782590361672,0.0477501952725223,0.0101212905173812,0.159339854701943,0.00764271930680661,-0.587402313637023,0.00639474803248376,1,0.988403252275565,-0.0154363008350552,0.02155206251282,0.680217359249086,0.00955119463940559,0.69396396345515,0.00929121966598928,0.678935512496877,0.0103242699459837,0.693912996469401,0.0118633326231252,0.673960337755561,0.0143932886178916
