"beta1","beta1_sd","beta2","beta2_sd","omega_b1","omega_b1_sd","omega_b2","omega_b2_sd","omega_cov","omega_cov_sd","rho","rho_sd","conv_code","omega_cor","tau1","tau1_sd","tau2","tau2_sd","tau3","tau3_sd","tau4","tau4_sd","tau5","tau5_sd","tau6","tau6_sd"
0.998956715606132,0.00881149000301183,1.00594352524502,0.0109106304194555,0.575900263196911,0.00935079686287229,1.00553961975301,0.0237907266195325,-0.222541594427191,0.00986184577499597,0.308484660684492,0.0185284614155192,1,-0.29244079995198,-0.0428508926662676,0.0205203880894294,0.704202681787332,0.00782501078506333,0.705130572570616,0.00749458359828874,0.691230286930032,0.00846582390959492,0.70268491696685,0.00992661384733683,0.71164483443448,0.011914300492643
