"beta1","beta1_sd","beta2","beta2_sd","omega_b1","omega_b1_sd","omega_b2","omega_b2_sd","omega_cov","omega_cov_sd","rho","rho_sd","conv_code","omega_cor","tau1","tau1_sd","tau2","tau2_sd","tau3","tau3_sd","tau4","tau4_sd","tau5","tau5_sd","tau6","tau6_sd"
0.998979967419865,0.00783200808369505,1.01217894471826,0.0102741381910138,0.249780010793777,0.0041193509572091,0.574275452332571,0.018060724414469,-0.106541952207622,0.00546729574380576,-0.60120299161744,0.00528719461894933,1,-0.281307741489947,-0.0110536628590423,0.018777747442227,0.693835607322939,0.00840562192150277,0.691241848902814,0.00778702714238537,0.710116435832773,0.00835959262436573,0.675365780751916,0.00990456751619904,0.716148498626726,0.0118836642560247
