"beta1","beta1_sd","beta2","beta2_sd","omega_b1","omega_b1_sd","omega_b2","omega_b2_sd","omega_cov","omega_cov_sd","rho","rho_sd","conv_code","omega_cor","tau1","tau1_sd","tau2","tau2_sd","tau3","tau3_sd","tau4","tau4_sd","tau5","tau5_sd","tau6","tau6_sd"
1.0060357031489,0.0109566064085945,0.993293778794755,0.0133955392675151,0.255236145661984,0.00824350846726515,0.562051439081351,0.0232499386139598,-0.118022198392375,0.00963517052094273,0.897110081114838,0.00281688331115597,1,-0.311605115748735,0.000830085525162059,0.0350015439955366,0.686075931737928,0.0126517922770695,0.701607383348218,0.011576661593193,0.711842807144314,0.0119186894400254,0.67856349841515,0.0138050251369788,0.682535105581739,0.0163895067335763
