"beta1","beta1_sd","beta2","beta2_sd","omega_b1","omega_b1_sd","omega_b2","omega_b2_sd","omega_cov","omega_cov_sd","rho","rho_sd","conv_code","omega_cor","tau1","tau1_sd","tau2","tau2_sd","tau3","tau3_sd","tau4","tau4_sd","tau5","tau5_sd","tau6","tau6_sd"
0.993845571301918,0.0097204006746888,0.998968846264558,0.0118413083094202,0.250143905708225,0.00583823985116006,0.273108456854805,0.0161805993450054,0.148352416542262,0.00629597043019359,0.0153791886387157,0.0219793597134244,1,0.567586539609966,-0.00137972234230294,0.0226841000091103,0.67822704366323,0.0108419743696159,0.684368697298428,0.0106031193865749,0.696005438225153,0.0121919690724883,0.690147085377775,0.0140442103990327,0.691239447075412,0.0176221490782887
