"beta1","beta1_sd","beta2","beta2_sd","omega_b1","omega_b1_sd","omega_b2","omega_b2_sd","omega_cov","omega_cov_sd","rho","rho_sd","conv_code","omega_cor","tau1","tau1_sd","tau2","tau2_sd","tau3","tau3_sd","tau4","tau4_sd","tau5","tau5_sd","tau6","tau6_sd"
0.973976882021789,0.0133139765664337,0.963213653434878,0.0148303891795515,0.95307678435785,0.0198370476069313,0.525833643695365,0.0287519352572111,0.430654974519372,0.0183607571581956,-0.896520980998093,0.00207064854002652,1,0.608332946552838,0.00283570182026322,0.0293291061664344,0.672093402134966,0.0120725472724269,0.683174738217138,0.0117978677097704,0.673543823999818,0.0125060389322587,0.680710935336415,0.0136507001481395,0.662318540756775,0.0156808227201762
