"beta1","beta1_sd","beta2","beta2_sd","omega_b1","omega_b1_sd","omega_b2","omega_b2_sd","omega_cov","omega_cov_sd","rho","rho_sd","conv_code","omega_cor","tau1","tau1_sd","tau2","tau2_sd","tau3","tau3_sd","tau4","tau4_sd","tau5","tau5_sd","tau6","tau6_sd"
1.0004888565204,0.00882908308600727,1.00910006085857,0.00877446660648279,0.566813245758922,0.00866193296198676,0.252114773436344,0.0111861827344647,0.106409597497859,0.00704617258798339,-0.304077979652416,0.00920640016413148,1,0.28148914862285,-0.0111915422051543,0.0189705791991033,0.699692694763762,0.00781919388672044,0.688893892669806,0.00771044364293059,0.709256585934104,0.00858190782082349,0.692534771239703,0.0101519199802836,0.696881793471807,0.0121238158752796
