"beta1","beta1_sd","beta2","beta2_sd","omega_b1","omega_b1_sd","omega_b2","omega_b2_sd","omega_cov","omega_cov_sd","rho","rho_sd","conv_code","omega_cor","tau1","tau1_sd","tau2","tau2_sd","tau3","tau3_sd","tau4","tau4_sd","tau5","tau5_sd","tau6","tau6_sd"
1.01392244746821,0.01124321745019,1.00631901171824,0.00985659325958554,1.01860970779898,0.0178746427876106,0.05843163537051,0.00993997543288958,0.151311856660156,0.0108526172874887,-0.290247562998905,0.0116728056948805,1,0.620218953880043,-0.0318517958222683,0.0219575080283205,0.703412258852212,0.00955149004702432,0.689187164586197,0.00969737639065361,0.698634219089625,0.0107793817119142,0.697040112720381,0.0123079406593425,0.679154623852182,0.0145241231256868
