"beta1","beta1_sd","beta2","beta2_sd","omega_b1","omega_b1_sd","omega_b2","omega_b2_sd","omega_cov","omega_cov_sd","rho","rho_sd","conv_code","omega_cor","tau1","tau1_sd","tau2","tau2_sd","tau3","tau3_sd","tau4","tau4_sd","tau5","tau5_sd","tau6","tau6_sd"
0.995620192932126,0.012190670217101,1.02477050326675,0.0133471371958131,0.994497266468644,0.0190901856426105,0.548171998073533,0.0244505292809379,0.222538853706119,0.015003071702703,-0.608947874167805,0.00739409776453493,1,0.301401650569957,0.0105912626929967,0.0248369154943968,0.701309274810561,0.010638634371567,0.697710425933514,0.0106205046209524,0.684517750727822,0.0118358297321829,0.697287883480241,0.0133014457544359,0.696758172826454,0.0153810831376508
