"beta1","beta1_sd","beta2","beta2_sd","omega_b1","omega_b1_sd","omega_b2","omega_b2_sd","omega_cov","omega_cov_sd","rho","rho_sd","conv_code","omega_cor","tau1","tau1_sd","tau2","tau2_sd","tau3","tau3_sd","tau4","tau4_sd","tau5","tau5_sd","tau6","tau6_sd"
0.988859995211031,0.00700811932699416,1.00290004817343,0.00888321142651375,0.257605791035429,0.00454815344298102,0.588078235167044,0.0147295517687459,0.227058201801648,0.00584187072397254,0.594113788379863,0.010639323575348,1,0.583366962053695,-0.0327931463745385,0.0199612869601786,0.704890655904516,0.0073832651350678,0.69259741208897,0.00684318397619094,0.693329832189613,0.00763794220159498,0.700106541224005,0.00910327459891242,0.709894149767991,0.0115092806530341
