"beta1","beta1_sd","beta2","beta2_sd","omega_b1","omega_b1_sd","omega_b2","omega_b2_sd","omega_cov","omega_cov_sd","rho","rho_sd","conv_code","omega_cor","tau1","tau1_sd","tau2","tau2_sd","tau3","tau3_sd","tau4","tau4_sd","tau5","tau5_sd","tau6","tau6_sd"
1.00698187683414,0.00558520959701046,1.00489288229771,0.00723875328043414,0.0634499077262249,0.00107854132400668,0.0615348799071854,0.00654151212164549,0.0531866755410923,0.00189890913459839,-0.597583794204838,0.00446591798050792,1,0.851190306737716,0.00650118932626566,0.0144740511821151,0.688952658068581,0.0076999713843737,0.704059660182557,0.00671875890988954,0.683316198007398,0.00732747576422784,0.701162872422051,0.00852805973777043,0.6973397312147,0.0112952067053733
