"beta1","beta1_sd","beta2","beta2_sd","omega_b1","omega_b1_sd","omega_b2","omega_b2_sd","omega_cov","omega_cov_sd","rho","rho_sd","conv_code","omega_cor","tau1","tau1_sd","tau2","tau2_sd","tau3","tau3_sd","tau4","tau4_sd","tau5","tau5_sd","tau6","tau6_sd"
1.00490525755101,0.00833367276619189,0.994386932760737,0.00675808733911461,0.570884659139825,0.00907381013789932,0.0601004188087278,0.00598799367447484,-0.0520005670254451,0.00602306014761302,0.620641400473806,0.0114369420782329,1,-0.280734084052295,-0.0108957606955501,0.0209380869592139,0.699350007613394,0.00750632809288336,0.687567419325211,0.00711915226798487,0.692269839460792,0.00789398145984686,0.682159374254994,0.00938751588916066,0.691349552225752,0.0113648722999391
