"beta1","beta1_sd","beta2","beta2_sd","omega_b1","omega_b1_sd","omega_b2","omega_b2_sd","omega_cov","omega_cov_sd","rho","rho_sd","conv_code","omega_cor","tau1","tau1_sd","tau2","tau2_sd","tau3","tau3_sd","tau4","tau4_sd","tau5","tau5_sd","tau6","tau6_sd"
1.00163971909655,0.00795778088146055,0.995392183244363,0.0114707732620713,0.252040331123735,0.00493343533544632,0.965316628442629,0.0245205948124041,-0.146918013230675,0.00670637331033477,0.300860092760854,0.0197044253619049,1,-0.297855162856891,0.036350596343506,0.0213757968838534,0.692025046108663,0.00879673489188163,0.68278236048084,0.0081983997819087,0.678246151444897,0.00935174235055246,0.683488653012817,0.0108830813111237,0.710184438212666,0.0134635106710137
