"beta1","beta1_sd","beta2","beta2_sd","omega_b1","omega_b1_sd","omega_b2","omega_b2_sd","omega_cov","omega_cov_sd","rho","rho_sd","conv_code","omega_cor","tau1","tau1_sd","tau2","tau2_sd","tau3","tau3_sd","tau4","tau4_sd","tau5","tau5_sd","tau6","tau6_sd"
1.01404251508808,0.00596225115019199,1.00738576798241,0.00770738709147544,0.0628156748422625,0.00117675118616351,0.0601684364528548,0.00655001060186776,-0.055990021473114,0.00204023771918231,-0.306121142293452,0.00865273932746228,1,-0.910735480398566,0.0155000992604797,0.0167390439257077,0.702412928807883,0.00861727526554394,0.695825363890245,0.00739612229446448,0.702953744328391,0.00805169391279115,0.70792945700499,0.00947011333005674,0.690192906062472,0.0125803195311779
