"beta1","beta1_sd","beta2","beta2_sd","omega_b1","omega_b1_sd","omega_b2","omega_b2_sd","omega_cov","omega_cov_sd","rho","rho_sd","conv_code","omega_cor","tau1","tau1_sd","tau2","tau2_sd","tau3","tau3_sd","tau4","tau4_sd","tau5","tau5_sd","tau6","tau6_sd"
1.00466221910444,0.00751326631849501,0.995280274065699,0.00875734364742299,0.24480649508804,0.00454207017164379,0.247844767069331,0.0111755751408321,0.0709637044682118,0.00466100552453798,0.298410738967673,0.017255004544532,1,0.288094477701022,0.0235643800322422,0.0196926637330833,0.686262849437055,0.00825804788859264,0.691474965144419,0.00787603886829346,0.696146242274852,0.00888128995631587,0.700765786175507,0.0106381461090235,0.675695114297954,0.0133297538499256
