"beta1","beta1_sd","beta2","beta2_sd","omega_b1","omega_b1_sd","omega_b2","omega_b2_sd","omega_cov","omega_cov_sd","rho","rho_sd","conv_code","omega_cor","tau1","tau1_sd","tau2","tau2_sd","tau3","tau3_sd","tau4","tau4_sd","tau5","tau5_sd","tau6","tau6_sd"
0.998983519828846,0.00754090703435505,1.00959551121453,0.00814766168942752,0.252093974317877,0.00427533432583869,0.0537539765977448,0.007432437825072,0.00409114108590176,0.00399955194865114,-0.000862078102488756,0.0138512048391475,1,0.0351445450117266,0.0109190461938005,0.0189383653924808,0.695817117689553,0.00837177362529444,0.69342420292101,0.00787480321414189,0.696923606502427,0.00887495847725264,0.688774044569996,0.0105998461065468,0.699411782057181,0.0132967560503271
