"beta1","beta1_sd","beta2","beta2_sd","omega_b1","omega_b1_sd","omega_b2","omega_b2_sd","omega_cov","omega_cov_sd","rho","rho_sd","conv_code","omega_cor","tau1","tau1_sd","tau2","tau2_sd","tau3","tau3_sd","tau4","tau4_sd","tau5","tau5_sd","tau6","tau6_sd"
0.98632583169146,0.0125534373457116,0.991550553315298,0.0123009741114535,1.00283536456252,0.0220691226483617,0.232224749239982,0.0163069813862892,0.146293430497829,0.0146868324767376,0.553881575878675,0.0244896132909285,1,0.303148729407603,-0.0117147819965015,0.0286190467281171,0.674596993750397,0.0116731285821514,0.685201881424106,0.0117324432434663,0.675140382011419,0.0130679343888848,0.701672215432951,0.0148307275451638,0.689442544026216,0.0175253889030014
