"beta1","beta1_sd","beta2","beta2_sd","omega_b1","omega_b1_sd","omega_b2","omega_b2_sd","omega_cov","omega_cov_sd","rho","rho_sd","conv_code","omega_cor","tau1","tau1_sd","tau2","tau2_sd","tau3","tau3_sd","tau4","tau4_sd","tau5","tau5_sd","tau6","tau6_sd"
1.00804032746359,0.00717306139271236,0.998581974597546,0.00899687661804135,0.246268773921666,0.00447621956033358,0.568408932963895,0.0148896287987977,-0.113903207474937,0.00541705157752827,0.613031333355754,0.0101869164717272,1,-0.304439382546178,0.00812364089087321,0.0207433515234686,0.693748121058645,0.00771612356030819,0.703892047180596,0.00683769205401641,0.685087136753568,0.00762375020287,0.69903024714237,0.00901591690432099,0.684659445043167,0.0114545569079448
