"beta1","beta1_sd","beta2","beta2_sd","omega_b1","omega_b1_sd","omega_b2","omega_b2_sd","omega_cov","omega_cov_sd","rho","rho_sd","conv_code","omega_cor","tau1","tau1_sd","tau2","tau2_sd","tau3","tau3_sd","tau4","tau4_sd","tau5","tau5_sd","tau6","tau6_sd"
0.995828121471061,0.00787661982245237,0.994159780549427,0.0088972928992963,0.244716413801968,0.00397794556681222,0.0534360436145956,0.00854147499131769,0.112060341930188,0.00478338206591362,-0.897929244532198,0.00141039914551942,1,0.97994848459288,0.000248585091101492,0.0193128094717527,0.690575466518056,0.00870413746508645,0.683891232575611,0.00809030600218785,0.677921336592039,0.00868635757319181,0.677119248439316,0.00987889745593671,0.690231335079392,0.0118058619794395
