"beta1","beta1_sd","beta2","beta2_sd","omega_b1","omega_b1_sd","omega_b2","omega_b2_sd","omega_cov","omega_cov_sd","rho","rho_sd","conv_code","omega_cor","tau1","tau1_sd","tau2","tau2_sd","tau3","tau3_sd","tau4","tau4_sd","tau5","tau5_sd","tau6","tau6_sd"
1.00865028301563,0.00911522919890187,1.02846251761585,0.01219698610922,0.254068925342745,0.00722774231282905,1.04402591763593,0.0270206348900215,0.149504833109904,0.00916674505043343,0.901912767094831,0.00224471777014832,1,0.290284480139019,-0.00402519381580502,0.0316530731660826,0.705447212994252,0.00990147731538399,0.690977877605588,0.00917354416546559,0.721232250676506,0.00938042861724961,0.695127505485352,0.01092968862941,0.707244492397403,0.0134418108768648
