"beta1","beta1_sd","beta2","beta2_sd","omega_b1","omega_b1_sd","omega_b2","omega_b2_sd","omega_cov","omega_cov_sd","rho","rho_sd","conv_code","omega_cor","tau1","tau1_sd","tau2","tau2_sd","tau3","tau3_sd","tau4","tau4_sd","tau5","tau5_sd","tau6","tau6_sd"
0.988644868651673,0.0100038614149414,1.00413200534518,0.0107114496589529,0.560202497722469,0.00973205361945723,0.235911864377649,0.0145486682034832,0.336460737275594,0.00958596553911295,-0.600645580372578,0.00641382459837837,1,0.925522498424481,0.00612985523672596,0.0216353867622399,0.681260576223385,0.00961283384547875,0.691109126512154,0.00956238217673115,0.688632827823476,0.0104763045082387,0.68555567479744,0.0121374578180279,0.681201750999017,0.0144572526363915
