"beta1","beta1_sd","beta2","beta2_sd","omega_b1","omega_b1_sd","omega_b2","omega_b2_sd","omega_cov","omega_cov_sd","rho","rho_sd","conv_code","omega_cor","tau1","tau1_sd","tau2","tau2_sd","tau3","tau3_sd","tau4","tau4_sd","tau5","tau5_sd","tau6","tau6_sd"
1.00699475716468,0.00876707673010114,0.996171765446913,0.0117115352463238,0.255292067960458,0.00556632262305455,0.580979531502076,0.0207038622866904,0.345595254088668,0.00830116935029221,0.292626887830291,0.0213211357141382,1,0.897364104291096,0.0128000007896248,0.0225251460315703,0.703746014207145,0.00991581180584829,0.683425715290614,0.00988020751672584,0.711571284121407,0.0112968791105061,0.697678269999636,0.0135780261897762,0.695461425060993,0.0168682611398734
