"beta1","beta1_sd","beta2","beta2_sd","omega_b1","omega_b1_sd","omega_b2","omega_b2_sd","omega_cov","omega_cov_sd","rho","rho_sd","conv_code","omega_cor","tau1","tau1_sd","tau2","tau2_sd","tau3","tau3_sd","tau4","tau4_sd","tau5","tau5_sd","tau6","tau6_sd"
1.02523500791124,0.014863475322182,1.01637081116134,0.0155078177643986,1.00481448216564,0.0258433480939702,0.277890554361598,0.0233964289481596,0.302756936562476,0.0169796835892242,-0.298213183370646,0.0200821438102413,1,0.572946758498369,0.0333426100441377,0.0278229015831623,0.687482142468396,0.0138465338851673,0.696014757552136,0.0142990417228166,0.70320339579587,0.0155543937686696,0.709714050338544,0.0170911054263325,0.671880722135574,0.0198958358394054
