"beta1","beta1_sd","beta2","beta2_sd","omega_b1","omega_b1_sd","omega_b2","omega_b2_sd","omega_cov","omega_cov_sd","rho","rho_sd","conv_code","omega_cor","tau1","tau1_sd","tau2","tau2_sd","tau3","tau3_sd","tau4","tau4_sd","tau5","tau5_sd","tau6","tau6_sd"
1.00227622919999,0.00886060310963897,0.990303633594852,0.0128986648337387,0.0617050480581143,0.00166165845074738,0.526522402040454,0.0211463656839947,0.159701163217605,0.00450029781310374,-0.595220309879672,0.00808437632649298,1,0.886011390171201,0.0172992021248136,0.0195889818327989,0.691154065320716,0.0114994163079525,0.695090893741362,0.0107150582340621,0.704077354473361,0.0117170623716407,0.684985832256763,0.0141326015007579,0.645296089659771,0.0180628811274509
