"beta1","beta1_sd","beta2","beta2_sd","omega_b1","omega_b1_sd","omega_b2","omega_b2_sd","omega_cov","omega_cov_sd","rho","rho_sd","conv_code","omega_cor","tau1","tau1_sd","tau2","tau2_sd","tau3","tau3_sd","tau4","tau4_sd","tau5","tau5_sd","tau6","tau6_sd"
1.00498072644422,0.00689208197883736,0.998113677448421,0.0089100104441636,0.0641312899451692,0.00182513925997763,0.0607688067104551,0.00845901204193278,0.0390595734732524,0.0026043694918181,0.287799851039046,0.0163354707171793,2,0.625679829596476,-0.0301362620614591,0.020793651872347,0.710241436356444,0.0100171173664711,0.698676084915233,0.00875546966109933,0.677939641137286,0.00984375011497162,0.706734005202189,0.0117559490342392,0.699663278725377,0.0161159943268059
