"beta1","beta1_sd","beta2","beta2_sd","omega_b1","omega_b1_sd","omega_b2","omega_b2_sd","omega_cov","omega_cov_sd","rho","rho_sd","conv_code","omega_cor","tau1","tau1_sd","tau2","tau2_sd","tau3","tau3_sd","tau4","tau4_sd","tau5","tau5_sd","tau6","tau6_sd"
0.973863992516786,0.0125298858252444,0.987653327264285,0.0137768824265423,0.994323280481817,0.0224159923467321,0.509838795181752,0.0245902806089136,0.0139454924555382,0.0167342593965528,0.557861388199838,0.0248692365597385,1,0.0195863545393042,-0.011536950049457,0.0294724689013527,0.673631937061955,0.0121209965553072,0.69658434307123,0.0117800738403734,0.676624830168966,0.0135288817465713,0.705372793011111,0.0154019723886577,0.675512290980039,0.018307576734291
