"beta1","beta1_sd","beta2","beta2_sd","omega_b1","omega_b1_sd","omega_b2","omega_b2_sd","omega_cov","omega_cov_sd","rho","rho_sd","conv_code","omega_cor","tau1","tau1_sd","tau2","tau2_sd","tau3","tau3_sd","tau4","tau4_sd","tau5","tau5_sd","tau6","tau6_sd"
1.00112186284488,0.00877995426561001,1.0039666008906,0.00970294284341057,0.550187646074456,0.00858571498616267,0.531087480430192,0.0164665221622092,-0.318943356242608,0.00878524740636241,-0.289624813243466,0.00980610967847823,1,-0.590031381742619,0.021371454281822,0.0191716305761574,0.677521054161963,0.0081552728218026,0.696792832508908,0.00774711927794382,0.682489831001982,0.00857003562964693,0.69248496768014,0.0098413955736436,0.703874455718118,0.0118162987094226
