"beta1","beta1_sd","beta2","beta2_sd","omega_b1","omega_b1_sd","omega_b2","omega_b2_sd","omega_cov","omega_cov_sd","rho","rho_sd","conv_code","omega_cor","tau1","tau1_sd","tau2","tau2_sd","tau3","tau3_sd","tau4","tau4_sd","tau5","tau5_sd","tau6","tau6_sd"
1.00842765441372,0.0133180507963212,0.995297311159418,0.014753831777127,1.00377111884309,0.024201767295097,0.573933185185485,0.0273547727832674,0.00203004592434845,0.01683879414232,0.284614674577437,0.034840873479043,1,0.00267459388038698,-0.0134772539888798,0.0284072166557655,0.686704527430627,0.0122391658026276,0.694302069271972,0.012569081309151,0.696975249493565,0.0141099385682257,0.713738038830102,0.0158916131027628,0.684061772133844,0.0187970300772436
