"beta1","beta1_sd","beta2","beta2_sd","omega_b1","omega_b1_sd","omega_b2","omega_b2_sd","omega_cov","omega_cov_sd","rho","rho_sd","conv_code","omega_cor","tau1","tau1_sd","tau2","tau2_sd","tau3","tau3_sd","tau4","tau4_sd","tau5","tau5_sd","tau6","tau6_sd"
1.00949038761513,0.0107606637488122,1.00942583754654,0.012360712189834,0.555470833625499,0.011835279382227,0.536631668143489,0.0221702759927706,-0.486954093966596,0.0125940532987615,0.29504288349815,0.0248273279725434,1,-0.891906322065351,0.00997136589015809,0.0258317952787341,0.697711641745236,0.01126543987728,0.710955079492025,0.0104609164883636,0.685980754397421,0.0120726310580551,0.68181969560078,0.0142404180819712,0.738149849773868,0.0167314038056473
