"beta1","beta1_sd","beta2","beta2_sd","omega_b1","omega_b1_sd","omega_b2","omega_b2_sd","omega_cov","omega_cov_sd","rho","rho_sd","conv_code","omega_cor","tau1","tau1_sd","tau2","tau2_sd","tau3","tau3_sd","tau4","tau4_sd","tau5","tau5_sd","tau6","tau6_sd"
1.00891955338885,0.0144430842052902,0.992058486756718,0.0159386789805032,0.57171267255008,0.0154489631153185,0.0725739061855334,0.0212593259381602,-0.00406874855104078,0.0105089732928657,-0.602304612557252,0.0108280144391973,1,-0.0199747656309133,3.17820422943975e-05,0.0267042999902637,0.702016097801245,0.0142903931282013,0.692237674457937,0.0144170365842837,0.697997373806913,0.0156981595644151,0.704359803339783,0.0174112577639396,0.716846685281322,0.0198452675655555
