"beta1","beta1_sd","beta2","beta2_sd","omega_b1","omega_b1_sd","omega_b2","omega_b2_sd","omega_cov","omega_cov_sd","rho","rho_sd","conv_code","omega_cor","tau1","tau1_sd","tau2","tau2_sd","tau3","tau3_sd","tau4","tau4_sd","tau5","tau5_sd","tau6","tau6_sd"
0.993165209654614,0.00618982514828486,0.983638303825402,0.00816999362802682,0.0618999184642963,0.00115260069415555,0.0485368639566575,0.00762146323443738,-0.054808226834931,0.00216008778978279,-0.593285009315553,0.00538277847349045,1,-0.999919084044555,0.0227135931903562,0.0167663281835278,0.6788097847612,0.00905994517518674,0.685675476224215,0.00779279238338488,0.674472401479405,0.00832749202356321,0.695007617883899,0.00969899497043421,0.693394308025417,0.0126812948318969
