"beta1","beta1_sd","beta2","beta2_sd","omega_b1","omega_b1_sd","omega_b2","omega_b2_sd","omega_cov","omega_cov_sd","rho","rho_sd","conv_code","omega_cor","tau1","tau1_sd","tau2","tau2_sd","tau3","tau3_sd","tau4","tau4_sd","tau5","tau5_sd","tau6","tau6_sd"
0.992675916454884,0.00811418846034166,0.996947520953561,0.00783518860697317,0.55369013831868,0.00817000884908477,0.241280848497343,0.00983025770559731,0.332347811194226,0.00741338445506327,-0.0116120071216023,0.0114386265680014,1,0.909280762652996,-0.00173718200235237,0.0174890559298275,0.692992214746987,0.00715080270679971,0.702125425142068,0.00724279946175227,0.678699904147943,0.0083048999390165,0.687560519739108,0.00985741049625724,0.670687817728138,0.0119736633447659
