"beta1","beta1_sd","beta2","beta2_sd","omega_b1","omega_b1_sd","omega_b2","omega_b2_sd","omega_cov","omega_cov_sd","rho","rho_sd","conv_code","omega_cor","tau1","tau1_sd","tau2","tau2_sd","tau3","tau3_sd","tau4","tau4_sd","tau5","tau5_sd","tau6","tau6_sd"
1.00643712503136,0.0061793043262563,1.00046289895889,0.0062917161688693,0.0614063149973753,0.00291942408851422,0.0611003091727956,0.00496130679589583,-0.0407426133411075,0.00278812872792899,0.901754934583952,0.00153488086262225,1,-0.665151631132716,0.00053674909328075,0.0268427642121139,0.703457946115436,0.00782036357513639,0.699591692340637,0.00678864465339936,0.691798274728725,0.00693389853905759,0.694833087496392,0.00783253984839229,0.698394997386891,0.0100801247505603
