"beta1","beta1_sd","beta2","beta2_sd","omega_b1","omega_b1_sd","omega_b2","omega_b2_sd","omega_cov","omega_cov_sd","rho","rho_sd","conv_code","omega_cor","tau1","tau1_sd","tau2","tau2_sd","tau3","tau3_sd","tau4","tau4_sd","tau5","tau5_sd","tau6","tau6_sd"
1.00844666071123,0.0100120744420194,1.00483076747208,0.00869881305283667,0.967980769094105,0.0149285633894253,0.242245929709956,0.01089404770844,-0.0124753670915551,0.00982792262794467,-0.00329459650071474,0.0135828292641652,1,-0.02576272067281,0.0107078091622327,0.0198535535973019,0.693677926587718,0.00797697325479595,0.69786034070002,0.00793115764188254,0.688996969160426,0.00894974330983621,0.690268353747261,0.010250710230841,0.684909465832714,0.0121636994387172
