"beta1","beta1_sd","beta2","beta2_sd","omega_b1","omega_b1_sd","omega_b2","omega_b2_sd","omega_cov","omega_cov_sd","rho","rho_sd","conv_code","omega_cor","tau1","tau1_sd","tau2","tau2_sd","tau3","tau3_sd","tau4","tau4_sd","tau5","tau5_sd","tau6","tau6_sd"
0.992721279801888,0.00660626566583728,0.998930212581411,0.011731434697279,0.0629233821761947,0.00125275512919317,0.97713274503824,0.0260177732888796,-0.0771759341972062,0.00371891606371868,-0.897355066975991,0.00145704700096501,1,-0.31124263430509,0.0224134201808777,0.0169696015135992,0.673013193939358,0.00903104116555712,0.68455754239282,0.00815816559763894,0.694916675600791,0.00832787116211867,0.687485653944626,0.00936396679261423,0.686513084469124,0.0116340402251609
