"beta1","beta1_sd","beta2","beta2_sd","omega_b1","omega_b1_sd","omega_b2","omega_b2_sd","omega_cov","omega_cov_sd","rho","rho_sd","conv_code","omega_cor","tau1","tau1_sd","tau2","tau2_sd","tau3","tau3_sd","tau4","tau4_sd","tau5","tau5_sd","tau6","tau6_sd"
0.994507055153479,0.00554561615271635,0.99782334228292,0.00722176506550095,0.064145428058659,0.00110010878056318,0.0630718262748428,0.00676398432300494,0.0416796583630433,0.00188818898679941,-0.592697907669219,0.00457856140625211,1,0.655274991548953,-0.0163233772098619,0.0145178914919298,0.692881690190543,0.00770575555652494,0.696461324797107,0.00673635250315842,0.679258670164435,0.00735872160747775,0.694500964672508,0.00861718656883105,0.702475417902144,0.0112961715427979
