"beta1","beta1_sd","beta2","beta2_sd","omega_b1","omega_b1_sd","omega_b2","omega_b2_sd","omega_cov","omega_cov_sd","rho","rho_sd","conv_code","omega_cor","tau1","tau1_sd","tau2","tau2_sd","tau3","tau3_sd","tau4","tau4_sd","tau5","tau5_sd","tau6","tau6_sd"
0.997954146929562,0.00811957584790937,1.00305054556875,0.00668642681677517,0.550838166118619,0.00863662865481881,0.0694967689609404,0.00584754182522451,0.175158592934401,0.00603520370961056,0.594219738554506,0.0117094732498743,1,0.89523515670824,-0.0199485110076275,0.0199259359259787,0.689034752154149,0.00734999324697555,0.686820343121502,0.00707411206604946,0.701032026308414,0.00781384396726443,0.710957255442661,0.00916565432451747,0.694248747611968,0.0112526748297229
