"beta1","beta1_sd","beta2","beta2_sd","omega_b1","omega_b1_sd","omega_b2","omega_b2_sd","omega_cov","omega_cov_sd","rho","rho_sd","conv_code","omega_cor","tau1","tau1_sd","tau2","tau2_sd","tau3","tau3_sd","tau4","tau4_sd","tau5","tau5_sd","tau6","tau6_sd"
1.01721816868385,0.0132058454721594,1.0037754411516,0.0180398956947379,0.263146920825309,0.00731963412629657,1.03973188991876,0.0451385552012797,0.152581926784759,0.00954818524353359,-0.612552930823233,0.0103593181867381,1,0.291704592295453,-0.0302461321354954,0.0253738362141482,0.713333486093402,0.0137596025682898,0.71972585815981,0.0136792717252616,0.714821904901118,0.0149230693193371,0.708448665046573,0.0167038869363101,0.697874797828198,0.0196094111703435
