"beta1","beta1_sd","beta2","beta2_sd","omega_b1","omega_b1_sd","omega_b2","omega_b2_sd","omega_cov","omega_cov_sd","rho","rho_sd","conv_code","omega_cor","tau1","tau1_sd","tau2","tau2_sd","tau3","tau3_sd","tau4","tau4_sd","tau5","tau5_sd","tau6","tau6_sd"
1.00055579312029,0.0111944530190188,1.00692019400651,0.0123994387145054,1.00084273420641,0.018374808218171,0.982045269972121,0.0287941766358559,-0.585933298113319,0.0172762569002094,0.305334320991302,0.0253766156236219,1,-0.591016362803552,0.00758020960292319,0.0240465488540141,0.699407961925204,0.00952422214285519,0.698584004699822,0.00943211905739883,0.688806655719268,0.0106286368503517,0.706876267986378,0.0120357012365411,0.686454773855168,0.0142343192570718
