"beta1","beta1_sd","beta2","beta2_sd","omega_b1","omega_b1_sd","omega_b2","omega_b2_sd","omega_cov","omega_cov_sd","rho","rho_sd","conv_code","omega_cor","tau1","tau1_sd","tau2","tau2_sd","tau3","tau3_sd","tau4","tau4_sd","tau5","tau5_sd","tau6","tau6_sd"
0.983851610536183,0.021147745838561,0.964824510831183,0.0253477957198153,0.956779946314546,0.0380695235311637,0.177009196830368,0.0179760295269594,-0.411532319314693,0.0250442854746922,-0.896555635863667,0.00394816869690143,1,-0.99999999999997,0.00889947094600848,0.0348655283283763,0.667009992631528,0.0211291332245592,0.662053156532887,0.0208699751345874,0.687312716197136,0.0217615624056983,0.695474996506443,0.0230076065537779,0.664819583178409,0.0251166079984505
