"beta1","beta1_sd","beta2","beta2_sd","omega_b1","omega_b1_sd","omega_b2","omega_b2_sd","omega_cov","omega_cov_sd","rho","rho_sd","conv_code","omega_cor","tau1","tau1_sd","tau2","tau2_sd","tau3","tau3_sd","tau4","tau4_sd","tau5","tau5_sd","tau6","tau6_sd"
1.00651875420065,0.0131914176379657,1.01470500578362,0.01325890820362,1.02199849905809,0.0204988563770263,0.0660083400489915,0.0148839481545557,-0.0452035119290858,0.0150714359305088,-0.899547520576923,0.00192980283527389,1,-0.174039426055231,0.018684939953674,0.0287855886166426,0.696981908523119,0.0117747616580218,0.693279475237509,0.0114991951296774,0.679344649355174,0.0122028569698653,0.686167771190344,0.013284895719754,0.72426182730686,0.0149230023442959
