"beta1","beta1_sd","beta2","beta2_sd","omega_b1","omega_b1_sd","omega_b2","omega_b2_sd","omega_cov","omega_cov_sd","rho","rho_sd","conv_code","omega_cor","tau1","tau1_sd","tau2","tau2_sd","tau3","tau3_sd","tau4","tau4_sd","tau5","tau5_sd","tau6","tau6_sd"
0.988301811942758,0.010193398980605,0.99022345088933,0.0130037985558573,0.573051405528725,0.0105128219489544,0.97230477696804,0.0296519686745073,0.226975094549256,0.0111690257664992,-0.311330756916309,0.012776668262057,1,0.304074642571733,-0.0306469803141154,0.0225581115908246,0.705408386400646,0.00961535338352117,0.686920789684227,0.00969453852950287,0.687667008412186,0.0107621157080885,0.692524952520974,0.0123567355739641,0.6655351166503,0.0147564837076609
