"beta1","beta1_sd","beta2","beta2_sd","omega_b1","omega_b1_sd","omega_b2","omega_b2_sd","omega_cov","omega_cov_sd","rho","rho_sd","conv_code","omega_cor","tau1","tau1_sd","tau2","tau2_sd","tau3","tau3_sd","tau4","tau4_sd","tau5","tau5_sd","tau6","tau6_sd"
1.00201363834829,0.0107904444448781,0.991248242490249,0.00968914241988869,1.00221734739726,0.0179794163831845,0.250529614682921,0.0123050263022288,0.167895428819409,0.0118345699478168,0.592797003551733,0.017488563101018,1,0.335064470754559,-0.0055337695185664,0.024093963805824,0.693177381220955,0.00923022719035464,0.691011553751395,0.00908356339047854,0.705487650304181,0.0101111396470046,0.696677871858084,0.0116398426552817,0.679585980826187,0.0137604602007609
