"beta1","beta1_sd","beta2","beta2_sd","omega_b1","omega_b1_sd","omega_b2","omega_b2_sd","omega_cov","omega_cov_sd","rho","rho_sd","conv_code","omega_cor","tau1","tau1_sd","tau2","tau2_sd","tau3","tau3_sd","tau4","tau4_sd","tau5","tau5_sd","tau6","tau6_sd"
1.00066280110421,0.00991401238216785,1.00585868732613,0.00756756981754831,0.995541524892481,0.0149729852228577,0.0614115665383059,0.00712725198456479,-0.135879591992518,0.00876282332389199,-0.0202083581201635,0.0123720162421522,1,-0.549540186046035,0.0144413352945808,0.0190430044065572,0.693771721131345,0.00778676435894291,0.693217852514132,0.00767555456481028,0.699421374011871,0.00869925772968164,0.694725107455908,0.0101177763522306,0.700919477653415,0.0120052154906737
