"beta1","beta1_sd","beta2","beta2_sd","omega_b1","omega_b1_sd","omega_b2","omega_b2_sd","omega_cov","omega_cov_sd","rho","rho_sd","conv_code","omega_cor","tau1","tau1_sd","tau2","tau2_sd","tau3","tau3_sd","tau4","tau4_sd","tau5","tau5_sd","tau6","tau6_sd"
1.00082669222494,0.00603122141907735,1.00998191551128,0.00785337070713811,0.0628466541261809,0.00120429171851225,0.0568828255440735,0.00723859316229811,0.0176391460172227,0.00196309987454574,-0.291727492874959,0.00899121045319532,1,0.295016220003915,-0.00982159029554952,0.0163123103600821,0.695677352232076,0.00854894811551003,0.688294715323616,0.0075226518777629,0.700502029469135,0.00817058617171356,0.685788313977669,0.00983832899867088,0.689058619450563,0.0126581016908751
