"beta1","beta1_sd","beta2","beta2_sd","omega_b1","omega_b1_sd","omega_b2","omega_b2_sd","omega_cov","omega_cov_sd","rho","rho_sd","conv_code","omega_cor","tau1","tau1_sd","tau2","tau2_sd","tau3","tau3_sd","tau4","tau4_sd","tau5","tau5_sd","tau6","tau6_sd"
0.990487646147427,0.00593339513735808,0.978221328425851,0.00775426806287466,0.0620934746315774,0.0012121133983574,0.0602000093889957,0.00719029602602522,0.0019536900595812,0.00196683562952721,-0.285485648133719,0.00896732834040117,1,0.0319546750779682,0.0282450997385541,0.0164091749025661,0.674315249305225,0.00855869049212481,0.690511894533008,0.00746028271537635,0.677199603007021,0.00825644274387454,0.675069716624699,0.00970341125075674,0.684853589025719,0.0127459920657079
