"beta1","beta1_sd","beta2","beta2_sd","omega_b1","omega_b1_sd","omega_b2","omega_b2_sd","omega_cov","omega_cov_sd","rho","rho_sd","conv_code","omega_cor","tau1","tau1_sd","tau2","tau2_sd","tau3","tau3_sd","tau4","tau4_sd","tau5","tau5_sd","tau6","tau6_sd"
1.0138011758124,0.0122983002633609,0.991197304447734,0.0127759177836828,0.994158396785168,0.0181570661427844,0.546945662256501,0.0241531405384,0.434542377757457,0.0163358904147967,-0.89949711542123,0.00168400430569231,1,0.589294316829907,0.0336952116181504,0.0264130658624285,0.70706125800714,0.0100792171433184,0.681775936125385,0.00989195829131139,0.691843240004175,0.0106291604040664,0.683968683158933,0.0118029365648954,0.669904287973015,0.0135984810656211
