"beta1","beta1_sd","beta2","beta2_sd","omega_b1","omega_b1_sd","omega_b2","omega_b2_sd","omega_cov","omega_cov_sd","rho","rho_sd","conv_code","omega_cor","tau1","tau1_sd","tau2","tau2_sd","tau3","tau3_sd","tau4","tau4_sd","tau5","tau5_sd","tau6","tau6_sd"
1.0121879195236,0.0101084526215645,1.02035661646319,0.00975416646352068,0.584853203143958,0.0130664855883197,0.261950564762755,0.0122557931396346,0.118204245461741,0.00997392287830969,0.900294565675055,0.00263065479032388,1,0.301995150568289,0.0202661648345937,0.0313964856041497,0.677177204525736,0.00984913450560873,0.718983136104236,0.00916645625964034,0.704772002395159,0.0097445377232759,0.692369302137358,0.0112095556772877,0.692628727647255,0.0134803066377054
