"beta1","beta1_sd","beta2","beta2_sd","omega_b1","omega_b1_sd","omega_b2","omega_b2_sd","omega_cov","omega_cov_sd","rho","rho_sd","conv_code","omega_cor","tau1","tau1_sd","tau2","tau2_sd","tau3","tau3_sd","tau4","tau4_sd","tau5","tau5_sd","tau6","tau6_sd"
0.991904941241377,0.0105375439339772,0.985994367703169,0.00857546227151316,0.977117741825346,0.015286767433536,0.0561401722424191,0.00867453205673602,0.226151757093024,0.00978246170351195,-0.594797154406923,0.00527653532404572,1,0.965583078940164,-0.0166486420799406,0.0206195983328702,0.686855130013403,0.00850274419477445,0.692020796625797,0.00838470918615957,0.665925210061287,0.00929506610423625,0.70042629976383,0.0103895104041928,0.685207189143646,0.0125336487801761
