"beta1","beta1_sd","beta2","beta2_sd","omega_b1","omega_b1_sd","omega_b2","omega_b2_sd","omega_cov","omega_cov_sd","rho","rho_sd","conv_code","omega_cor","tau1","tau1_sd","tau2","tau2_sd","tau3","tau3_sd","tau4","tau4_sd","tau5","tau5_sd","tau6","tau6_sd"
1.00607112884636,0.00630485042758656,0.994152243065966,0.00952302718449452,0.0617958660106198,0.00185056207988434,0.583928339590835,0.0159540494461198,0.0576487572994583,0.00334861219200305,0.607485994931323,0.00851620716303321,1,0.303480270063309,0.0278351030523992,0.0209454255669443,0.695370013148117,0.00884777336103527,0.693096892314287,0.00752131539102316,0.693458666861618,0.00808678631768932,0.69778403838441,0.00974663556506675,0.701559530499698,0.0127956004538413
