"beta1","beta1_sd","beta2","beta2_sd","omega_b1","omega_b1_sd","omega_b2","omega_b2_sd","omega_cov","omega_cov_sd","rho","rho_sd","conv_code","omega_cor","tau1","tau1_sd","tau2","tau2_sd","tau3","tau3_sd","tau4","tau4_sd","tau5","tau5_sd","tau6","tau6_sd"
1.00981157708433,0.00953548041992592,0.975658766840688,0.0120950469220248,0.251607119435269,0.00480532130740296,0.251793374259247,0.0170223594937563,-0.0748030158302341,0.00648847139842203,-0.901259268515899,0.00168819469889896,1,-0.297190892290661,0.039696500108496,0.0225585641493083,0.682772178566602,0.0107236625709943,0.686917573672581,0.010088013625469,0.703282531127091,0.0105309731987312,0.716202317188625,0.0117083370299334,0.711005405305648,0.0140320297369827
