"beta1","beta1_sd","beta2","beta2_sd","omega_b1","omega_b1_sd","omega_b2","omega_b2_sd","omega_cov","omega_cov_sd","rho","rho_sd","conv_code","omega_cor","tau1","tau1_sd","tau2","tau2_sd","tau3","tau3_sd","tau4","tau4_sd","tau5","tau5_sd","tau6","tau6_sd"
0.997944978632177,0.00546855673574251,1.00903731756775,0.00714619971950056,0.0620423424850277,0.00105624532486391,0.0599528994344981,0.00617723634006098,-0.0576603453476071,0.00188598787190824,-0.598033042774813,0.00442457314606158,1,-0.945427107190943,-0.000475716360932956,0.0146343615062323,0.691161432664703,0.00777319046616703,0.695172403520656,0.0067075209775389,0.688802584378474,0.00714666476183498,0.697355656935221,0.00844370503576763,0.692105533833032,0.0110342751434372
