"beta1","beta1_sd","beta2","beta2_sd","omega_b1","omega_b1_sd","omega_b2","omega_b2_sd","omega_cov","omega_cov_sd","rho","rho_sd","conv_code","omega_cor","tau1","tau1_sd","tau2","tau2_sd","tau3","tau3_sd","tau4","tau4_sd","tau5","tau5_sd","tau6","tau6_sd"
1.01203077728534,0.0136001315284994,0.990492944903092,0.015730292277557,1.02645844762969,0.0242377435964285,1.05238263366986,0.0401784176854827,-0.325263650561486,0.0203397497426328,0.604944316049542,0.0230725166552107,1,-0.312952200009822,0.0219613276071298,0.0311759663851759,0.69662636560804,0.0124148913351802,0.698356562028119,0.0126132481794017,0.692377552113959,0.0138410091211893,0.694011511957945,0.015867111073267,0.709473166692749,0.0179660908237041
