"beta1","beta1_sd","beta2","beta2_sd","omega_b1","omega_b1_sd","omega_b2","omega_b2_sd","omega_cov","omega_cov_sd","rho","rho_sd","conv_code","omega_cor","tau1","tau1_sd","tau2","tau2_sd","tau3","tau3_sd","tau4","tau4_sd","tau5","tau5_sd","tau6","tau6_sd"
1.0016056533253,0.00778278077593408,1.00762368859861,0.0105873222546134,0.0644340652788733,0.00177404167385909,0.251952347876239,0.0136737020616512,-0.0391122774336085,0.00291641383391494,-0.0217582040710406,0.0176791693881187,1,-0.306970140912726,-0.00870842423071494,0.0210786210596035,0.691961175555862,0.0107662825294034,0.704589701580649,0.00930984158849248,0.677098276686766,0.0105719101819795,0.698719620346456,0.0123604367074667,0.710029621547895,0.016288150368288
