"beta1","beta1_sd","beta2","beta2_sd","omega_b1","omega_b1_sd","omega_b2","omega_b2_sd","omega_cov","omega_cov_sd","rho","rho_sd","conv_code","omega_cor","tau1","tau1_sd","tau2","tau2_sd","tau3","tau3_sd","tau4","tau4_sd","tau5","tau5_sd","tau6","tau6_sd"
0.992328751934849,0.0104516590812868,0.995276334916653,0.0124146808502687,0.560987289328094,0.0102310074312581,0.534943205559711,0.0223106083537876,0.171508227035312,0.0100141876112737,-0.6060103883707,0.00686228769872953,1,0.313079483665635,-0.01963014116665,0.0229212998562348,0.686779663988586,0.00999894910719556,0.68925292392004,0.00988966138176862,0.692805046575776,0.010883444861821,0.707858956536115,0.0123482670778866,0.670083304222691,0.0146957331809147
