"beta1","beta1_sd","beta2","beta2_sd","omega_b1","omega_b1_sd","omega_b2","omega_b2_sd","omega_cov","omega_cov_sd","rho","rho_sd","conv_code","omega_cor","tau1","tau1_sd","tau2","tau2_sd","tau3","tau3_sd","tau4","tau4_sd","tau5","tau5_sd","tau6","tau6_sd"
1.00939626782764,0.00607465771388012,0.999304695614103,0.0107500574888364,0.0617530311955334,0.00154844647972474,1.00268908424747,0.0226587702525267,0.147766943514806,0.00390234166032524,0.333712140390377,0.0136711137551745,1,0.593833927721702,0.0129437416673056,0.0187732377661755,0.699229593279359,0.00862391244106767,0.703280258977794,0.00736538896260272,0.695365346857078,0.00819326295968168,0.682479265798367,0.00982674141590513,0.711025635355888,0.0129357446803459
