"beta1","beta1_sd","beta2","beta2_sd","omega_b1","omega_b1_sd","omega_b2","omega_b2_sd","omega_cov","omega_cov_sd","rho","rho_sd","conv_code","omega_cor","tau1","tau1_sd","tau2","tau2_sd","tau3","tau3_sd","tau4","tau4_sd","tau5","tau5_sd","tau6","tau6_sd"
0.986310520090487,0.0115482216870137,0.989317026028233,0.0123486976910124,0.975350133482334,0.0180121335862542,0.55895819254348,0.0223084696276135,-0.0284153833040934,0.0134712911444062,-0.291151685049555,0.0135895833260143,1,-0.0384842991536399,-0.0216032792908741,0.0232970887748442,0.683311720346991,0.010089143930811,0.686530111738962,0.0100953993744852,0.697884069232193,0.0112464671060063,0.687458288866403,0.012687854676815,0.675759746175116,0.0149205727013631
