"beta1","beta1_sd","beta2","beta2_sd","omega_b1","omega_b1_sd","omega_b2","omega_b2_sd","omega_cov","omega_cov_sd","rho","rho_sd","conv_code","omega_cor","tau1","tau1_sd","tau2","tau2_sd","tau3","tau3_sd","tau4","tau4_sd","tau5","tau5_sd","tau6","tau6_sd"
1.00720644613484,0.00896851395767704,1.00301881557153,0.00813121369977881,0.558472838891779,0.0111916159784994,0.270668161236132,0.0104655550329397,-0.342762118609435,0.00902405566869225,0.901114204610895,0.00218648383181837,2,-0.881603293848347,0.0324679079216049,0.0290831124712107,0.697345175493349,0.00826953842358753,0.688672940283372,0.00769794676161176,0.694917066008593,0.00811978332855744,0.700599881028288,0.0091552534698269,0.69244024571052,0.0111412222851362
