"beta1","beta1_sd","beta2","beta2_sd","omega_b1","omega_b1_sd","omega_b2","omega_b2_sd","omega_cov","omega_cov_sd","rho","rho_sd","conv_code","omega_cor","tau1","tau1_sd","tau2","tau2_sd","tau3","tau3_sd","tau4","tau4_sd","tau5","tau5_sd","tau6","tau6_sd"
1.00485870864378,0.010644273496698,1.0033408867949,0.00939326765200002,0.993322302060441,0.0173856911741986,0.255601102963167,0.0125481380844127,-0.317508759301561,0.0121585112328628,0.606578568474914,0.0152817531011174,1,-0.630128693368156,-0.00779224992807512,0.0241314493596009,0.697186358275439,0.00921576461983023,0.698924321475702,0.00890567266719686,0.701610365453156,0.00973826496704021,0.685189882413684,0.0115087305260594,0.689089073131328,0.0137622156101249
