"beta1","beta1_sd","beta2","beta2_sd","omega_b1","omega_b1_sd","omega_b2","omega_b2_sd","omega_cov","omega_cov_sd","rho","rho_sd","conv_code","omega_cor","tau1","tau1_sd","tau2","tau2_sd","tau3","tau3_sd","tau4","tau4_sd","tau5","tau5_sd","tau6","tau6_sd"
0.998878090126124,0.0080451277759028,1.00809577048942,0.0101153213139105,0.253447591048541,0.00422404689906482,0.292697419722687,0.0140649828642345,0.23198278892008,0.00626957159522194,-0.903562441265459,0.00137524439369126,1,0.85173056876987,-0.0270990052977225,0.0198206736508279,0.709497719346966,0.00895217065589756,0.700431170056291,0.00827956165349871,0.717340910607902,0.00872146234874318,0.685646540080851,0.0100714705572573,0.694824423242062,0.0120830409372009
