"beta1","beta1_sd","beta2","beta2_sd","omega_b1","omega_b1_sd","omega_b2","omega_b2_sd","omega_cov","omega_cov_sd","rho","rho_sd","conv_code","omega_cor","tau1","tau1_sd","tau2","tau2_sd","tau3","tau3_sd","tau4","tau4_sd","tau5","tau5_sd","tau6","tau6_sd"
1.00419103673386,0.0088474651833692,1.0027784551573,0.00857833365071269,0.554492301529511,0.0098122378461801,0.234412235080597,0.0108032868793715,0.314789749633205,0.0084311207667852,0.607325820393499,0.0133405280094168,1,0.873137586220083,0.0173765340903881,0.0222243807927436,0.695294024264203,0.00845275378156793,0.695692145297724,0.00821699199701516,0.691620695251554,0.00946237903053885,0.690675676121356,0.0112102389097998,0.680457050988537,0.0133854796582623
