"beta1","beta1_sd","beta2","beta2_sd","omega_b1","omega_b1_sd","omega_b2","omega_b2_sd","omega_cov","omega_cov_sd","rho","rho_sd","conv_code","omega_cor","tau1","tau1_sd","tau2","tau2_sd","tau3","tau3_sd","tau4","tau4_sd","tau5","tau5_sd","tau6","tau6_sd"
1.01419252301201,0.0179903216473908,0.989829532130188,0.0213068633186354,1.03155853570619,0.0323069698886463,1.01506192897378,0.0578085272501177,-0.257411457149649,0.0225691313064562,-0.619983136616652,0.012622813961282,1,-0.251555991005186,0.00485461625404222,0.0324673213018642,0.697888203020382,0.0167164821307205,0.707728619232597,0.0167921833649128,0.736084640400459,0.0178660025478844,0.712752501220217,0.0196571405399176,0.70837380868062,0.0220063057317932
