"beta1","beta1_sd","beta2","beta2_sd","omega_b1","omega_b1_sd","omega_b2","omega_b2_sd","omega_cov","omega_cov_sd","rho","rho_sd","conv_code","omega_cor","tau1","tau1_sd","tau2","tau2_sd","tau3","tau3_sd","tau4","tau4_sd","tau5","tau5_sd","tau6","tau6_sd"
0.987586154109023,0.0134288160694602,1.01049361923956,0.0156590366291754,1.01401771404401,0.0236758714693499,1.01755338305379,0.038003524473306,-0.927239791206644,0.0247625025715931,-0.0383085690762622,0.0253394501482836,1,-0.912831647166126,-0.0260764620148351,0.0270695004619811,0.705520332109737,0.0127055223991034,0.690295990843943,0.0125717877568367,0.692056109645924,0.0140173467455868,0.701683399762387,0.0161651991773781,0.70054264727998,0.0186227544451087
