"beta1","beta1_sd","beta2","beta2_sd","omega_b1","omega_b1_sd","omega_b2","omega_b2_sd","omega_cov","omega_cov_sd","rho","rho_sd","conv_code","omega_cor","tau1","tau1_sd","tau2","tau2_sd","tau3","tau3_sd","tau4","tau4_sd","tau5","tau5_sd","tau6","tau6_sd"
0.997455002495129,0.00673984624011447,0.994273530548635,0.00724037257153876,0.254199173130614,0.00428313775139543,0.245946726590878,0.00862889666870495,-0.22697524586361,0.00480257198533416,0.608645843315677,0.00883712250626618,1,-0.907759714112159,0.0231456599202372,0.0198839616992879,0.684751679787557,0.00751827277277344,0.691036716522947,0.00661080122653465,0.690187214192053,0.00707940292475433,0.696277873666018,0.00854910326739486,0.704849868772824,0.0108581074646753
