"beta1","beta1_sd","beta2","beta2_sd","omega_b1","omega_b1_sd","omega_b2","omega_b2_sd","omega_cov","omega_cov_sd","rho","rho_sd","conv_code","omega_cor","tau1","tau1_sd","tau2","tau2_sd","tau3","tau3_sd","tau4","tau4_sd","tau5","tau5_sd","tau6","tau6_sd"
0.985816265461713,0.00821496871992882,0.993287581922391,0.00890634854504554,0.239953904690529,0.00648741299858832,0.239412880365897,0.0107981635839334,-0.00364396083516854,0.00612876021354599,0.899363061078817,0.002172761361451,1,-0.0152032358919551,-0.0370932011609173,0.0297622086612645,0.68659280623811,0.00944404416990569,0.686718774659542,0.00854719660801121,0.679731903186418,0.00896646203759956,0.687684779650164,0.010266909773357,0.69748870109654,0.0126522439685907
