"beta1","beta1_sd","beta2","beta2_sd","omega_b1","omega_b1_sd","omega_b2","omega_b2_sd","omega_cov","omega_cov_sd","rho","rho_sd","conv_code","omega_cor","tau1","tau1_sd","tau2","tau2_sd","tau3","tau3_sd","tau4","tau4_sd","tau5","tau5_sd","tau6","tau6_sd"
0.999216441220224,0.00796237425700688,0.99728443919266,0.0128688715902808,0.0607771628023302,0.00221084022378072,0.964960383378482,0.0290072897486958,0.0711046618984215,0.00464737150905951,0.603070733746004,0.0110234671898027,1,0.293611541140052,0.0209350957719767,0.0247765617183114,0.682813362252088,0.0113704103201114,0.679924004636682,0.00993482802291884,0.70437335289483,0.0103471577916068,0.68472367515613,0.0126084875036581,0.700556214891756,0.0159533017904209
