"beta1","beta1_sd","beta2","beta2_sd","omega_b1","omega_b1_sd","omega_b2","omega_b2_sd","omega_cov","omega_cov_sd","rho","rho_sd","conv_code","omega_cor","tau1","tau1_sd","tau2","tau2_sd","tau3","tau3_sd","tau4","tau4_sd","tau5","tau5_sd","tau6","tau6_sd"
0.975255626649155,0.0105870297101365,1.00925413558488,0.0150707072308534,0.23851337094648,0.00588133100019547,0.9681735390572,0.034745317462559,-0.294534459632982,0.00943374752181053,-0.28025207452027,0.0175643866906893,1,-0.612919083622173,0.0106907229942096,0.0240362908787394,0.668493719739786,0.0123252267636944,0.667267974354662,0.0117955050937159,0.66906386377052,0.012855242832719,0.678430535645968,0.014894248311552,0.707403175962065,0.0177687061088916
