"beta1","beta1_sd","beta2","beta2_sd","omega_b1","omega_b1_sd","omega_b2","omega_b2_sd","omega_cov","omega_cov_sd","rho","rho_sd","conv_code","omega_cor","tau1","tau1_sd","tau2","tau2_sd","tau3","tau3_sd","tau4","tau4_sd","tau5","tau5_sd","tau6","tau6_sd"
0.982273022405309,0.0101969423345712,0.987311688188112,0.0117037781722162,0.248073710272372,0.00765049853775568,0.252037366688376,0.0143769399311468,0.072208176219012,0.0079403592849335,0.900648522606064,0.00254334002209608,1,0.288777623645065,-0.0434656727699889,0.0339321288250304,0.6743692650313,0.0122491827888658,0.692708272891551,0.0109737466013133,0.698275111541604,0.011440160412881,0.677185006168559,0.012965233825231,0.661823068509946,0.0164146858460992
