"beta1","beta1_sd","beta2","beta2_sd","omega_b1","omega_b1_sd","omega_b2","omega_b2_sd","omega_cov","omega_cov_sd","rho","rho_sd","conv_code","omega_cor","tau1","tau1_sd","tau2","tau2_sd","tau3","tau3_sd","tau4","tau4_sd","tau5","tau5_sd","tau6","tau6_sd"
0.999626462326254,0.0102608916213152,1.00626520858544,0.0111795347734786,0.974267197085563,0.0160557269672279,0.981826048470047,0.0246044900551656,-0.584939078901162,0.0156602623867508,0.608396453508993,0.0144301098091043,1,-0.598073172207241,0.0186296633620959,0.0230299937736536,0.677327421979438,0.00841240191859156,0.691329901684541,0.00804924446064344,0.683546852986591,0.00878417774376007,0.698147932720296,0.0101148386741204,0.695868405909254,0.0119968726810861
