"beta1","beta1_sd","beta2","beta2_sd","omega_b1","omega_b1_sd","omega_b2","omega_b2_sd","omega_cov","omega_cov_sd","rho","rho_sd","conv_code","omega_cor","tau1","tau1_sd","tau2","tau2_sd","tau3","tau3_sd","tau4","tau4_sd","tau5","tau5_sd","tau6","tau6_sd"
0.985562128203122,0.0110313702993008,0.993077038677823,0.0134242035769397,0.543320272762451,0.0106579771878998,0.53818948466852,0.025910334840447,0.488495969809056,0.0138429151651996,-0.895971432834875,0.00191167996443314,1,0.903369504905393,0.00488688586642367,0.0244613798602685,0.691634527307508,0.0111244901576999,0.656909963789397,0.0108443596204855,0.677511137657879,0.0114315690472611,0.684549736338508,0.0128156705036131,0.678518187922181,0.0148735315775943
