"beta1","beta1_sd","beta2","beta2_sd","omega_b1","omega_b1_sd","omega_b2","omega_b2_sd","omega_cov","omega_cov_sd","rho","rho_sd","conv_code","omega_cor","tau1","tau1_sd","tau2","tau2_sd","tau3","tau3_sd","tau4","tau4_sd","tau5","tau5_sd","tau6","tau6_sd"
0.9898189430443,0.00951733961761657,0.999995717124913,0.00904624216208301,0.55304126249692,0.0120147452072144,0.249485937993279,0.0114906168080762,0.332707184808477,0.00995710867056841,0.899158824726571,0.00256441225962752,1,0.895695466057655,-0.00651907265256552,0.0305088492032935,0.680503146574473,0.00964202823640264,0.694515517119836,0.00896697654635526,0.676295849100327,0.00959539499647438,0.70431004267434,0.0108051206213251,0.680127277527908,0.0131039468699737
