"beta1","beta1_sd","beta2","beta2_sd","omega_b1","omega_b1_sd","omega_b2","omega_b2_sd","omega_cov","omega_cov_sd","rho","rho_sd","conv_code","omega_cor","tau1","tau1_sd","tau2","tau2_sd","tau3","tau3_sd","tau4","tau4_sd","tau5","tau5_sd","tau6","tau6_sd"
1.00137589385728,0.0067691148700422,1.0099541833233,0.00761324834417981,0.249957485211386,0.00399161613098354,0.239005151024425,0.00914024171177827,0.0710852040573407,0.00412842699037113,0.306038557725736,0.0141593694853457,1,0.290832214817592,0.0067991083735381,0.0177870709066262,0.696623780285006,0.00707634693368679,0.696850914671186,0.0066335194002233,0.68199933851161,0.0075714775822153,0.69839175165663,0.00900929557435252,0.676878740391317,0.0115198996096574
