"beta1","beta1_sd","beta2","beta2_sd","omega_b1","omega_b1_sd","omega_b2","omega_b2_sd","omega_cov","omega_cov_sd","rho","rho_sd","conv_code","omega_cor","tau1","tau1_sd","tau2","tau2_sd","tau3","tau3_sd","tau4","tau4_sd","tau5","tau5_sd","tau6","tau6_sd"
0.998586933356797,0.00827830653636087,0.992998801831226,0.00719191717387908,0.556775082561309,0.00825135447144015,0.0562427281527447,0.00644530499039798,0.00623457465205131,0.0057690099848584,-0.00086122073690107,0.0117719558051685,1,0.0352317117925358,0.00953279635232748,0.0182615706838558,0.683948109962985,0.00742669293453431,0.690062710487221,0.00722765293761957,0.694906206878309,0.00807130578010683,0.692315812282245,0.00958151398842304,0.680120411623797,0.0117439252828316
