"beta1","beta1_sd","beta2","beta2_sd","omega_b1","omega_b1_sd","omega_b2","omega_b2_sd","omega_cov","omega_cov_sd","rho","rho_sd","conv_code","omega_cor","tau1","tau1_sd","tau2","tau2_sd","tau3","tau3_sd","tau4","tau4_sd","tau5","tau5_sd","tau6","tau6_sd"
0.997865227498766,0.00679119035322603,0.999812707074618,0.00729191310748875,0.0592070299785499,0.00309913069936518,0.0571091089661282,0.00563971514086365,0.0022416066547972,0.00315608549317599,0.899665906503864,0.00174446084730417,1,0.0385496178501843,-0.00540726026174264,0.0282402351987423,0.695015684796459,0.00914135200160508,0.673862539374859,0.00804695294088915,0.687299508466788,0.00806571444012084,0.691748802865552,0.00918341884491078,0.686596575255156,0.0115964927389147
