"beta1","beta1_sd","beta2","beta2_sd","omega_b1","omega_b1_sd","omega_b2","omega_b2_sd","omega_cov","omega_cov_sd","rho","rho_sd","conv_code","omega_cor","tau1","tau1_sd","tau2","tau2_sd","tau3","tau3_sd","tau4","tau4_sd","tau5","tau5_sd","tau6","tau6_sd"
0.998828358978811,0.00694917251456701,1.00144474019176,0.00724763189095396,0.253435891009831,0.00378529544234818,0.065313088831985,0.00662715449213641,0.0783216722385143,0.00364238330924726,-0.303505161780798,0.00806942824651197,1,0.608762343909729,0.0177113418059332,0.0166657369350107,0.686861593037093,0.00741313229197256,0.69529044392894,0.00699708097440773,0.701534335986301,0.00779398089416212,0.702941140091217,0.00916065694921426,0.704798547418203,0.0114989283505165
