"beta1","beta1_sd","beta2","beta2_sd","omega_b1","omega_b1_sd","omega_b2","omega_b2_sd","omega_cov","omega_cov_sd","rho","rho_sd","conv_code","omega_cor","tau1","tau1_sd","tau2","tau2_sd","tau3","tau3_sd","tau4","tau4_sd","tau5","tau5_sd","tau6","tau6_sd"
0.985174781815165,0.0108882079762915,0.979088995799034,0.0139166846637017,0.243639134485576,0.00602550779436628,0.501788602533448,0.0238909123701585,-0.108571563635188,0.0070392559280106,-0.274866688653383,0.0174812871539149,1,-0.310514705262335,-0.00291186535382689,0.0239824114781925,0.676664812001715,0.0121315811609737,0.678373424184641,0.0115985071993131,0.694425526520887,0.0130175714227681,0.654022797977024,0.0152500200030268,0.67659118127683,0.0178764649988252
