"beta1","beta1_sd","beta2","beta2_sd","omega_b1","omega_b1_sd","omega_b2","omega_b2_sd","omega_cov","omega_cov_sd","rho","rho_sd","conv_code","omega_cor","tau1","tau1_sd","tau2","tau2_sd","tau3","tau3_sd","tau4","tau4_sd","tau5","tau5_sd","tau6","tau6_sd"
1.00472371220295,0.00693196712098876,1.00975851356897,0.0119010788711522,0.0622236648153284,0.00127595539422426,1.00491275220241,0.0259937158299545,-0.151306085052246,0.00403276807755442,-0.611749539392754,0.00593118051921067,1,-0.605082262944585,0.0138270076406377,0.0181086494411597,0.695109102691022,0.00974105372641275,0.698437897382606,0.00838980540972598,0.693288694337794,0.00892814922524787,0.702548545973307,0.0103251911249886,0.697893659101334,0.0131324037311779
