"beta1","beta1_sd","beta2","beta2_sd","omega_b1","omega_b1_sd","omega_b2","omega_b2_sd","omega_cov","omega_cov_sd","rho","rho_sd","conv_code","omega_cor","tau1","tau1_sd","tau2","tau2_sd","tau3","tau3_sd","tau4","tau4_sd","tau5","tau5_sd","tau6","tau6_sd"
1.00723128182126,0.00698405617319326,1.01054565523658,0.00917465188546767,0.0633782211432296,0.00182842390825695,0.0806487114207045,0.009044806574826,0.00321122724475589,0.00259011471744344,0.299787365081041,0.0163180463936563,1,0.0449161269511587,0.00229254645154218,0.0213531827033743,0.696339863815048,0.0102684065128946,0.698882622695655,0.00882344505697104,0.689700304237992,0.0097534274299818,0.705271843682533,0.0118129015560107,0.692412937461678,0.015287784735254
