"beta1","beta1_sd","beta2","beta2_sd","omega_b1","omega_b1_sd","omega_b2","omega_b2_sd","omega_cov","omega_cov_sd","rho","rho_sd","conv_code","omega_cor","tau1","tau1_sd","tau2","tau2_sd","tau3","tau3_sd","tau4","tau4_sd","tau5","tau5_sd","tau6","tau6_sd"
1.01584802410964,0.0114967769881309,1.00919275429054,0.0148524015834443,0.258820994321199,0.0085252989911127,0.999347814331842,0.0344877949511437,-0.144023340746833,0.011191177287226,0.900898764375523,0.00275527199982111,1,-0.283187967450714,-0.0379197378513339,0.0365690792449081,0.703338376050046,0.0130229261311318,0.697695672724494,0.0119969527355567,0.717632812607562,0.0121640653135003,0.701229016993945,0.0139087047783717,0.70950891531535,0.0165344636449314
