"beta1","beta1_sd","beta2","beta2_sd","omega_b1","omega_b1_sd","omega_b2","omega_b2_sd","omega_cov","omega_cov_sd","rho","rho_sd","conv_code","omega_cor","tau1","tau1_sd","tau2","tau2_sd","tau3","tau3_sd","tau4","tau4_sd","tau5","tau5_sd","tau6","tau6_sd"
0.983881067597703,0.00739682596886231,1.00509741451303,0.00667538699679334,0.24746460581422,0.00605692904410131,0.0558698813570869,0.00543391361634956,-0.0360474175384364,0.00449468336735386,0.902633932988258,0.00188244032572662,1,-0.306569352482517,-0.0293724667277471,0.0280440571584895,0.687650620647887,0.00795033016844662,0.693483355098796,0.00716450968400749,0.687381538184509,0.0074880969822592,0.70101649630331,0.00854663763576182,0.6987318166867,0.0107774841520462
