"beta1","beta1_sd","beta2","beta2_sd","omega_b1","omega_b1_sd","omega_b2","omega_b2_sd","omega_cov","omega_cov_sd","rho","rho_sd","conv_code","omega_cor","tau1","tau1_sd","tau2","tau2_sd","tau3","tau3_sd","tau4","tau4_sd","tau5","tau5_sd","tau6","tau6_sd"
1.01384094210965,0.0146294564535482,1.0439076995319,0.0174040337111558,0.609876684073623,0.0165986438221336,0.59125143147641,0.032514630256961,-0.548976050395562,0.0178044305449372,-0.619709647604906,0.0103720139523967,1,-0.914210659086489,-0.00168722514144876,0.0274963599150021,0.715993628859169,0.0147730818118661,0.713547029381957,0.0141834592234002,0.723209793508216,0.0154819900706597,0.721226201357421,0.017720647641248,0.722179841103364,0.0200042501979744
