"beta1","beta1_sd","beta2","beta2_sd","omega_b1","omega_b1_sd","omega_b2","omega_b2_sd","omega_cov","omega_cov_sd","rho","rho_sd","conv_code","omega_cor","tau1","tau1_sd","tau2","tau2_sd","tau3","tau3_sd","tau4","tau4_sd","tau5","tau5_sd","tau6","tau6_sd"
1.00709779826852,0.00781432251098592,1.01403169483143,0.0118029520980794,0.064833262647011,0.00180836058947364,0.569239863699012,0.0202379255706098,0.114565777738804,0.00390531667014956,-0.0202378520233697,0.0182124929275452,1,0.596359738969144,0.0122747617683758,0.020889919386626,0.690402079314353,0.010647713203971,0.696351934515231,0.00944734189889448,0.702012149515734,0.0106524641514458,0.720096654137438,0.0128779895799989,0.686406697207648,0.0171195767107806
