"beta1","beta1_sd","beta2","beta2_sd","omega_b1","omega_b1_sd","omega_b2","omega_b2_sd","omega_cov","omega_cov_sd","rho","rho_sd","conv_code","omega_cor","tau1","tau1_sd","tau2","tau2_sd","tau3","tau3_sd","tau4","tau4_sd","tau5","tau5_sd","tau6","tau6_sd"
0.987138312758463,0.0119427418755948,0.990413380530836,0.0116826974749691,0.965555041093775,0.020415296660126,0.241259322574588,0.01550400468618,0.438081081431382,0.0149115081677747,0.635898153794438,0.0172595092597866,1,0.907661529701139,0.0330931836134806,0.0279749533075688,0.661294726546309,0.0114232456045233,0.702631300460524,0.0112297759918131,0.705287905370426,0.0124492921998631,0.656418261858072,0.0149091753052824,0.687654562879239,0.0175172203126187
