"beta1","beta1_sd","beta2","beta2_sd","omega_b1","omega_b1_sd","omega_b2","omega_b2_sd","omega_cov","omega_cov_sd","rho","rho_sd","conv_code","omega_cor","tau1","tau1_sd","tau2","tau2_sd","tau3","tau3_sd","tau4","tau4_sd","tau5","tau5_sd","tau6","tau6_sd"
1.00044895674518,0.0137903218693766,1.01919641769983,0.0140001937190757,0.986735886829698,0.0243958919084001,0.583550190777207,0.0273493647322259,-0.687342325361502,0.022166561534985,0.89920446882388,0.00330701090645628,1,-0.905802507164364,0.00999935369223106,0.03752971848407,0.698500479404732,0.0131737533585248,0.700797392684782,0.012670973798345,0.682960775315097,0.0132815661029597,0.709954740699699,0.0145515605084434,0.680807273776699,0.0172461251196853
