"beta1","beta1_sd","beta2","beta2_sd","omega_b1","omega_b1_sd","omega_b2","omega_b2_sd","omega_cov","omega_cov_sd","rho","rho_sd","conv_code","omega_cor","tau1","tau1_sd","tau2","tau2_sd","tau3","tau3_sd","tau4","tau4_sd","tau5","tau5_sd","tau6","tau6_sd"
0.991871331800065,0.0106772900242765,0.992046614856264,0.0117048891838724,0.57340852180077,0.0123411323848441,0.250681785663125,0.0156842066800563,0.0115510074889898,0.0100214439967751,0.565950322814629,0.0199764269644609,1,0.0304667693067615,-0.066663474297933,0.0269757088696331,0.696179975645597,0.0110650760796289,0.702346816323512,0.0106592060047035,0.691649751888213,0.012021412281495,0.704450077678551,0.0141493545134438,0.692304514970478,0.016586060821129
