"beta1","beta1_sd","beta2","beta2_sd","omega_b1","omega_b1_sd","omega_b2","omega_b2_sd","omega_cov","omega_cov_sd","rho","rho_sd","conv_code","omega_cor","tau1","tau1_sd","tau2","tau2_sd","tau3","tau3_sd","tau4","tau4_sd","tau5","tau5_sd","tau6","tau6_sd"
1.00555863616898,0.00739751514473513,1.0107208445012,0.00837652505416934,0.253249136577274,0.00470873821821329,0.261446049268838,0.0103639135483652,-0.234317421375548,0.00545331768476121,0.605717672471746,0.0099954252627853,1,-0.910624961813072,-0.014792457580277,0.0218197924113,0.694632894694134,0.00869232857450451,0.715590118157572,0.00757534160979728,0.694669278997968,0.00832060384355779,0.688356534732196,0.0100462728590588,0.703273043072908,0.0126812285446021
