"beta1","beta1_sd","beta2","beta2_sd","omega_b1","omega_b1_sd","omega_b2","omega_b2_sd","omega_cov","omega_cov_sd","rho","rho_sd","conv_code","omega_cor","tau1","tau1_sd","tau2","tau2_sd","tau3","tau3_sd","tau4","tau4_sd","tau5","tau5_sd","tau6","tau6_sd"
1.00051865062003,0.0107973050101581,0.990814043267202,0.0138458205988168,0.564821842535119,0.010714121893993,0.969491530963248,0.032224632277874,0.232990159428189,0.0116770214823336,-0.59350721365885,0.00743615093885817,1,0.314854443724105,0.010508553489614,0.02364413318842,0.691527445469874,0.0102844783784286,0.698992224884438,0.0101228788566978,0.700132297050262,0.0110633885183332,0.685316814525488,0.0126048042795593,0.698084857217122,0.0149013211130564
