"beta1","beta1_sd","beta2","beta2_sd","omega_b1","omega_b1_sd","omega_b2","omega_b2_sd","omega_cov","omega_cov_sd","rho","rho_sd","conv_code","omega_cor","tau1","tau1_sd","tau2","tau2_sd","tau3","tau3_sd","tau4","tau4_sd","tau5","tau5_sd","tau6","tau6_sd"
1.00028169661474,0.01146047211798,0.991679836308482,0.0109156927657966,0.558646151393537,0.0141237565851815,0.0366533509988443,0.0094283806972282,-0.0409323989771198,0.0103672845855059,0.897667082986896,0.00298765713145362,1,-0.286049998724099,0.0182708429057535,0.0352817218165242,0.671694216238916,0.0124415670397527,0.700044809095599,0.0114067106810581,0.681646460779683,0.012100243146293,0.680414156198323,0.0135402907289745,0.692794127511247,0.016060543383824
