"beta1","beta1_sd","beta2","beta2_sd","omega_b1","omega_b1_sd","omega_b2","omega_b2_sd","omega_cov","omega_cov_sd","rho","rho_sd","conv_code","omega_cor","tau1","tau1_sd","tau2","tau2_sd","tau3","tau3_sd","tau4","tau4_sd","tau5","tau5_sd","tau6","tau6_sd"
1.00189663920866,0.00777078008234915,0.999645919586305,0.00921572612256327,0.248253838246256,0.00435635211365344,0.262903822449236,0.0118729273124412,0.0734596374206908,0.00473512807498148,0.0135763385188723,0.0151085933998027,1,0.287542698583168,-0.0142236421167842,0.0195209744337806,0.67908923615858,0.00858965266553219,0.70111425766596,0.00800845544676641,0.698541885303206,0.0091152347507076,0.684629200765203,0.0108345670307516,0.703908011589473,0.0132513429884119
