"beta1","beta1_sd","beta2","beta2_sd","omega_b1","omega_b1_sd","omega_b2","omega_b2_sd","omega_cov","omega_cov_sd","rho","rho_sd","conv_code","omega_cor","tau1","tau1_sd","tau2","tau2_sd","tau3","tau3_sd","tau4","tau4_sd","tau5","tau5_sd","tau6","tau6_sd"
1.00095251078301,0.00828633041996081,1.00419290763745,0.0109083119332236,0.25219524257504,0.0044988597890558,0.541146699842717,0.0186322302839319,0.100950007296464,0.00570299622113484,-0.296120058027116,0.0111302833519954,1,0.273262729916029,-0.00666119299744516,0.0198006449561,0.699482261209956,0.00896786607484046,0.687856631574391,0.0086144201053121,0.692795915144833,0.00960417100529042,0.683876186409186,0.0113516609236194,0.701881201944425,0.0136653945929194
