"beta1","beta1_sd","beta2","beta2_sd","omega_b1","omega_b1_sd","omega_b2","omega_b2_sd","omega_cov","omega_cov_sd","rho","rho_sd","conv_code","omega_cor","tau1","tau1_sd","tau2","tau2_sd","tau3","tau3_sd","tau4","tau4_sd","tau5","tau5_sd","tau6","tau6_sd"
0.993732596488483,0.0106203084600593,1.01168068653413,0.0139151208750921,0.562646605428143,0.0122407425860377,1.03292789238687,0.0339173118444903,0.684881807689965,0.0165918825752266,0.345051990330779,0.0255461512200558,1,0.898385588087031,4.36444341481805e-05,0.0247591015975008,0.672547706811985,0.0106154067946184,0.693529327949068,0.0111232121435801,0.689879787346744,0.0128944713785487,0.684965549382249,0.0147878900594156,0.700089438964915,0.017479964909734
