"beta1","beta1_sd","beta2","beta2_sd","omega_b1","omega_b1_sd","omega_b2","omega_b2_sd","omega_cov","omega_cov_sd","rho","rho_sd","conv_code","omega_cor","tau1","tau1_sd","tau2","tau2_sd","tau3","tau3_sd","tau4","tau4_sd","tau5","tau5_sd","tau6","tau6_sd"
0.994700123120326,0.00629336305902614,0.988744200592642,0.00834167733709082,0.061363111082031,0.00117467161814543,0.0527264658809495,0.00778614952931632,-0.0182272466750891,0.00203441093245503,-0.600999509055233,0.00536523309691659,1,-0.320444671778674,-0.00250228257089284,0.0164906396343548,0.69415690255016,0.00901631179393353,0.682904905731762,0.00790635529588816,0.683136368050095,0.00847593455410185,0.6927863426108,0.0100201314340186,0.693153013475393,0.0129339120318509
