"beta1","beta1_sd","beta2","beta2_sd","omega_b1","omega_b1_sd","omega_b2","omega_b2_sd","omega_cov","omega_cov_sd","rho","rho_sd","conv_code","omega_cor","tau1","tau1_sd","tau2","tau2_sd","tau3","tau3_sd","tau4","tau4_sd","tau5","tau5_sd","tau6","tau6_sd"
1.00908033836527,0.0130910336508512,1.02260077072373,0.0133425960548003,1.04525079271088,0.0242322643613457,0.272034678958195,0.018613385427286,-0.150667982842474,0.0148749607478994,0.294819033295474,0.0320306070812771,1,-0.28255212993434,-0.0472610645037925,0.027630547641234,0.709697655497236,0.0119522424424925,0.711444251102922,0.0120504859290746,0.703443183221398,0.0138228734568468,0.691207362619733,0.0158804504024532,0.724874009952262,0.0179334196491243
