"beta1","beta1_sd","beta2","beta2_sd","omega_b1","omega_b1_sd","omega_b2","omega_b2_sd","omega_cov","omega_cov_sd","rho","rho_sd","conv_code","omega_cor","tau1","tau1_sd","tau2","tau2_sd","tau3","tau3_sd","tau4","tau4_sd","tau5","tau5_sd","tau6","tau6_sd"
0.992924822176847,0.0084588764633177,1.00319445400177,0.012244502082752,0.243424441747943,0.00449502145711198,0.986139999028027,0.0269453211855195,-0.139413054120009,0.00664796011754405,-0.274748088297889,0.0123720206667947,1,-0.284545723379901,-0.00796384210182716,0.0205010420757839,0.684077143950387,0.00950367944890944,0.685433036128116,0.00877061811409356,0.682339577344676,0.00967370680128448,0.69170422451305,0.011214419143766,0.676667004815442,0.0139613684588732
