"beta1","beta1_sd","beta2","beta2_sd","omega_b1","omega_b1_sd","omega_b2","omega_b2_sd","omega_cov","omega_cov_sd","rho","rho_sd","conv_code","omega_cor","tau1","tau1_sd","tau2","tau2_sd","tau3","tau3_sd","tau4","tau4_sd","tau5","tau5_sd","tau6","tau6_sd"
1.00573797683025,0.0115628752705656,0.986340862796002,0.0100565624638698,0.992828864433097,0.0206179643356053,0.263956495767854,0.0131503135081525,-0.297151959887612,0.0140528081275581,0.900447990514071,0.00287089141350529,1,-0.580463912151772,-0.0236722252377996,0.0326915840062839,0.698171959402616,0.0102866083184553,0.69793573539946,0.00966888103838198,0.704825407422301,0.010125362939978,0.700295741628455,0.0114071282655431,0.706099874510738,0.0133711324153971
