"beta1","beta1_sd","beta2","beta2_sd","omega_b1","omega_b1_sd","omega_b2","omega_b2_sd","omega_cov","omega_cov_sd","rho","rho_sd","conv_code","omega_cor","tau1","tau1_sd","tau2","tau2_sd","tau3","tau3_sd","tau4","tau4_sd","tau5","tau5_sd","tau6","tau6_sd"
0.985562274826889,0.0118588229763342,0.999145273628523,0.0104791987538189,1.0027460346219,0.017408591447233,0.0585767175724084,0.0108166992255843,-0.168386274599346,0.0124636106590351,-0.900095725173926,0.0015868441819863,1,-0.694782220285903,-0.0327204916984597,0.0256034161113633,0.681615347802949,0.00987716008690941,0.708995658871578,0.00941214927707958,0.690790891061877,0.00998077526426488,0.700242359228643,0.0112468579042052,0.689675209007617,0.0130524475656839
