"beta1","beta1_sd","beta2","beta2_sd","omega_b1","omega_b1_sd","omega_b2","omega_b2_sd","omega_cov","omega_cov_sd","rho","rho_sd","conv_code","omega_cor","tau1","tau1_sd","tau2","tau2_sd","tau3","tau3_sd","tau4","tau4_sd","tau5","tau5_sd","tau6","tau6_sd"
0.999025098999629,0.00568483323549862,1.00419112951699,0.0103953629956629,0.0606708248452994,0.00133686196304548,0.991091320548745,0.0210363172933736,-0.22238614435126,0.00413039897763427,0.324350726417911,0.012082006420398,1,-0.906903210124555,0.0253379771282239,0.0189114474468714,0.684295217219889,0.00883002946023735,0.701923036389603,0.00730009643906625,0.683912386233731,0.00781487025628006,0.690343291431895,0.00903728178239502,0.704116314292385,0.0118305246129663
