"beta1","beta1_sd","beta2","beta2_sd","omega_b1","omega_b1_sd","omega_b2","omega_b2_sd","omega_cov","omega_cov_sd","rho","rho_sd","conv_code","omega_cor","tau1","tau1_sd","tau2","tau2_sd","tau3","tau3_sd","tau4","tau4_sd","tau5","tau5_sd","tau6","tau6_sd"
1.0128855203339,0.00672160731304207,1.01251931051808,0.00736249655751159,0.252000356770067,0.00428267437946565,0.264857410964544,0.00894455506912433,0.225192921623452,0.00479723416909776,0.598207106922132,0.00953061958766245,1,0.87166195890132,0.0183394702302681,0.0191494554639801,0.693598389513122,0.00721329875269804,0.695305947330781,0.00669921099404608,0.699871337441976,0.00738992919151068,0.694435273255865,0.00878351776967458,0.706449989618092,0.0109765586613539
