"beta1","beta1_sd","beta2","beta2_sd","omega_b1","omega_b1_sd","omega_b2","omega_b2_sd","omega_cov","omega_cov_sd","rho","rho_sd","conv_code","omega_cor","tau1","tau1_sd","tau2","tau2_sd","tau3","tau3_sd","tau4","tau4_sd","tau5","tau5_sd","tau6","tau6_sd"
0.992634685474715,0.00874539999323967,0.993242427633647,0.0109768505978377,0.56183446605484,0.00904216668909185,0.99945134875322,0.0239491336898802,0.216900493531789,0.00972210124437792,0.26688182390212,0.0181430216028233,1,0.289451311799083,-4.9812156733996e-05,0.020478229130405,0.689879495536544,0.00778250718048422,0.685089014687054,0.00772118616861327,0.697013062996422,0.00858429065104039,0.686143420458782,0.0100740796941026,0.692529500100129,0.0119500873541416
