"beta1","beta1_sd","beta2","beta2_sd","omega_b1","omega_b1_sd","omega_b2","omega_b2_sd","omega_cov","omega_cov_sd","rho","rho_sd","conv_code","omega_cor","tau1","tau1_sd","tau2","tau2_sd","tau3","tau3_sd","tau4","tau4_sd","tau5","tau5_sd","tau6","tau6_sd"
0.988180503106391,0.0103179207693519,0.998117214681407,0.0102958784383424,0.55199576114934,0.011681443423477,0.0628337484641843,0.00964925882896762,-0.110624500619233,0.0085250254557442,0.626236512376863,0.0155403013414618,1,-0.594000714373472,0.0123549816630722,0.0268053731994199,0.674277821075048,0.0109435512804473,0.691166409720847,0.010422742018921,0.700377386192444,0.0115871006269378,0.683349307902781,0.0137533415712018,0.674488956680884,0.0166662100235308
