"beta1","beta1_sd","beta2","beta2_sd","omega_b1","omega_b1_sd","omega_b2","omega_b2_sd","omega_cov","omega_cov_sd","rho","rho_sd","conv_code","omega_cor","tau1","tau1_sd","tau2","tau2_sd","tau3","tau3_sd","tau4","tau4_sd","tau5","tau5_sd","tau6","tau6_sd"
0.994333565243227,0.0069172687957015,0.999202863155934,0.0104580761709901,0.254363757774935,0.00393132977533116,0.991764538474222,0.0217562029049181,0.449069171187754,0.00775292846030409,-0.306538327972376,0.00870618595428412,1,0.894090206076906,-0.0125237833501876,0.0161392604917205,0.690918160687175,0.00743610686968523,0.699989904884424,0.00713393623033537,0.704627727234941,0.00806091158481408,0.68359227030506,0.00965804711303053,0.699137061130775,0.0118008878266565
