"beta1","beta1_sd","beta2","beta2_sd","omega_b1","omega_b1_sd","omega_b2","omega_b2_sd","omega_cov","omega_cov_sd","rho","rho_sd","conv_code","omega_cor","tau1","tau1_sd","tau2","tau2_sd","tau3","tau3_sd","tau4","tau4_sd","tau5","tau5_sd","tau6","tau6_sd"
1.00725284369535,0.00754446339141565,1.00201321637994,0.00876450133331672,0.250020062966647,0.00455426497624768,0.263269978214771,0.0114507523796913,0.000844616812322344,0.00464672811396518,0.316008979327943,0.0173669763685509,1,0.00329208942016536,0.0101827829276252,0.0200818739446333,0.694884402438139,0.00836263402120903,0.69370707406794,0.00776465407877778,0.700637146936022,0.00872026840713088,0.694170054466604,0.0104858145993003,0.693722155208932,0.0132330589109504
