"beta1","beta1_sd","beta2","beta2_sd","omega_b1","omega_b1_sd","omega_b2","omega_b2_sd","omega_cov","omega_cov_sd","rho","rho_sd","conv_code","omega_cor","tau1","tau1_sd","tau2","tau2_sd","tau3","tau3_sd","tau4","tau4_sd","tau5","tau5_sd","tau6","tau6_sd"
1.00551056621744,0.00889636654068508,0.999874196077329,0.00811770403456356,0.571861822142623,0.00961705317382493,0.0785186509221761,0.0077270765694063,-0.181700588664623,0.00691406214730952,0.300434975963598,0.0184476681109438,1,-0.857480727797171,0.0282820665428652,0.0208362497124489,0.688926372438054,0.00856629659422597,0.692879125771105,0.00817382369945374,0.696224865009187,0.00921789768356832,0.690919820854754,0.0109776506489581,0.710970892021424,0.0131304979629027
