"beta1","beta1_sd","beta2","beta2_sd","omega_b1","omega_b1_sd","omega_b2","omega_b2_sd","omega_cov","omega_cov_sd","rho","rho_sd","conv_code","omega_cor","tau1","tau1_sd","tau2","tau2_sd","tau3","tau3_sd","tau4","tau4_sd","tau5","tau5_sd","tau6","tau6_sd"
0.994615319035585,0.00856832563167392,1.00853473109777,0.0108285003527342,0.559076330366688,0.00864931268592116,1.01079797286429,0.0236697546821332,-0.669044591603326,0.0122035633993455,-0.289548386839691,0.00952715222816151,1,-0.889994515225549,-0.00175803696783052,0.0185669912954745,0.690821865791979,0.00813458473500576,0.689763311160509,0.00761374034912071,0.691115393691732,0.00838060732455326,0.693675159460522,0.00988170412201556,0.70393498042351,0.0117331565161814
