"beta1","beta1_sd","beta2","beta2_sd","omega_b1","omega_b1_sd","omega_b2","omega_b2_sd","omega_cov","omega_cov_sd","rho","rho_sd","conv_code","omega_cor","tau1","tau1_sd","tau2","tau2_sd","tau3","tau3_sd","tau4","tau4_sd","tau5","tau5_sd","tau6","tau6_sd"
0.998498967027555,0.0116968700997988,1.00224566303545,0.0108379906202426,1.01442089047574,0.0181256291872712,0.0807699112291512,0.0119899994591712,-0.22251916823862,0.0119017873789999,-0.599544240748514,0.00680732271281844,1,-0.777380304005356,-0.0119157013871264,0.0238776444030965,0.690807422287985,0.010214688557309,0.712622888428998,0.00997042062281532,0.693367129508941,0.0110810280536095,0.6945995850896,0.0126514811661749,0.703550337478216,0.0146301139504828
