"beta1","beta1_sd","beta2","beta2_sd","omega_b1","omega_b1_sd","omega_b2","omega_b2_sd","omega_cov","omega_cov_sd","rho","rho_sd","conv_code","omega_cor","tau1","tau1_sd","tau2","tau2_sd","tau3","tau3_sd","tau4","tau4_sd","tau5","tau5_sd","tau6","tau6_sd"
0.987319931767186,0.0155472841568281,0.970262676422343,0.0203589131316226,0.24902534468366,0.0083685937760893,0.232763019727892,0.037073086723408,0.0845136383152463,0.00865061354461129,-0.900764422298209,0.00302311280848918,1,0.351033069905921,-0.0352125475105874,0.0266783496103848,0.689598942143032,0.0171570007093292,0.690631871436427,0.0166803059922392,0.685810613844344,0.0176046478416055,0.710987755277828,0.01904397042158,0.686041089585664,0.0216494861419116
