"beta1","beta1_sd","beta2","beta2_sd","omega_b1","omega_b1_sd","omega_b2","omega_b2_sd","omega_cov","omega_cov_sd","rho","rho_sd","conv_code","omega_cor","tau1","tau1_sd","tau2","tau2_sd","tau3","tau3_sd","tau4","tau4_sd","tau5","tau5_sd","tau6","tau6_sd"
1.00688717522893,0.0107311709594864,1.02399782561878,0.0151096547796531,0.25282887493574,0.00648389648656904,1.00887531170255,0.0347857497378954,0.012531429814432,0.00781918020956725,0.00438655227889895,0.0252139043150262,1,0.0248123868008103,0.0081293420176665,0.0245533463472892,0.686578696197506,0.0116087996185033,0.688405085104149,0.0115138442642566,0.705021654551174,0.0128751518986265,0.700491610219048,0.0149563632646601,0.695487110282411,0.0177858098139378
