"beta1","beta1_sd","beta2","beta2_sd","omega_b1","omega_b1_sd","omega_b2","omega_b2_sd","omega_cov","omega_cov_sd","rho","rho_sd","conv_code","omega_cor","tau1","tau1_sd","tau2","tau2_sd","tau3","tau3_sd","tau4","tau4_sd","tau5","tau5_sd","tau6","tau6_sd"
0.979163720078622,0.0113216133744193,0.987023084781424,0.00992427320094175,0.969320372912834,0.0202042274444702,0.241519342629892,0.0123857403557863,0.296105202272268,0.0134168417720134,0.89569343189399,0.00309035187864345,1,0.611978843043442,-0.0189051260868722,0.0318666673898133,0.694174105476332,0.0100005398363388,0.688148246431729,0.00977972635084816,0.690514117335278,0.0102885897993283,0.683110851395983,0.0115463846818705,0.666601395498054,0.0140734739330838
