"beta1","beta1_sd","beta2","beta2_sd","omega_b1","omega_b1_sd","omega_b2","omega_b2_sd","omega_cov","omega_cov_sd","rho","rho_sd","conv_code","omega_cor","tau1","tau1_sd","tau2","tau2_sd","tau3","tau3_sd","tau4","tau4_sd","tau5","tau5_sd","tau6","tau6_sd"
1.00211036524583,0.00604717596768703,1.00747452759072,0.00915997357668766,0.0658047747887513,0.001718013477214,0.547526676278779,0.0144243386072946,0.168141947420107,0.00365554000115438,0.594387194744039,0.00816868833295482,1,0.885818462637328,-0.0254461978656148,0.0202754907624671,0.70335456673782,0.00870981949686584,0.686190504956826,0.00733748470370986,0.712478924073204,0.00781822447152371,0.698223864240966,0.00949386922209483,0.716039503639172,0.0126912376383869
