"beta1","beta1_sd","beta2","beta2_sd","omega_b1","omega_b1_sd","omega_b2","omega_b2_sd","omega_cov","omega_cov_sd","rho","rho_sd","conv_code","omega_cor","tau1","tau1_sd","tau2","tau2_sd","tau3","tau3_sd","tau4","tau4_sd","tau5","tau5_sd","tau6","tau6_sd"
0.996391335391701,0.00574297092825307,1.01626494537919,0.00824762715016352,0.0614492306776729,0.00109895691049163,0.243525998684796,0.0100519054148724,0.00331590110459815,0.00214593133353561,-0.602528437611236,0.00462887013020659,1,0.0271063272930209,0.00709336665650887,0.0150173889593091,0.690647419732612,0.00790691578551017,0.690548518188276,0.00693839852139662,0.695572787270959,0.00740935589118753,0.693434370406689,0.00871784307217355,0.705763866085257,0.0114406825582878
