"beta1","beta1_sd","beta2","beta2_sd","omega_b1","omega_b1_sd","omega_b2","omega_b2_sd","omega_cov","omega_cov_sd","rho","rho_sd","conv_code","omega_cor","tau1","tau1_sd","tau2","tau2_sd","tau3","tau3_sd","tau4","tau4_sd","tau5","tau5_sd","tau6","tau6_sd"
1.00852586117,0.00686962339764507,1.00611978288833,0.00892120660535,0.252955816274013,0.00406465264459252,0.578604184303299,0.0146481185216899,-0.230245589638222,0.00552263262503498,0.294189637545993,0.0142915630037551,1,-0.601836052394462,0.0297328107867104,0.0184327416715347,0.687282024855365,0.0075012079819672,0.694662166336524,0.00674284777906806,0.69828580652726,0.00752059921116147,0.692318711010749,0.008970693228436,0.700425867739705,0.0112425550272878
