"beta1","beta1_sd","beta2","beta2_sd","omega_b1","omega_b1_sd","omega_b2","omega_b2_sd","omega_cov","omega_cov_sd","rho","rho_sd","conv_code","omega_cor","tau1","tau1_sd","tau2","tau2_sd","tau3","tau3_sd","tau4","tau4_sd","tau5","tau5_sd","tau6","tau6_sd"
1.00260939192244,0.0130377327646353,0.99601009728229,0.0151836339346993,1.00763537948991,0.0232877843167398,0.982568232626325,0.0374731788581738,0.600436400414035,0.0218355559519503,0.593719535745018,0.0233959948239304,1,0.603439798089172,-0.0204049296789265,0.0300186556648188,0.696220818372721,0.0120578393338262,0.693787311747914,0.0122920912487888,0.687829317567941,0.0138251376399455,0.687575499734737,0.0152633203583654,0.710697792522463,0.0181075085775186
