"beta1","beta1_sd","beta2","beta2_sd","omega_b1","omega_b1_sd","omega_b2","omega_b2_sd","omega_cov","omega_cov_sd","rho","rho_sd","conv_code","omega_cor","tau1","tau1_sd","tau2","tau2_sd","tau3","tau3_sd","tau4","tau4_sd","tau5","tau5_sd","tau6","tau6_sd"
1.00546451148719,0.00554122890814499,1.01031513771583,0.00794036367090502,0.0624771786613168,0.00107533309156806,0.250543306870004,0.00938446447419662,-0.111240509615744,0.00247551920159733,-0.610302947848591,0.0044287708658449,1,-0.889120988757241,0.00218642385486822,0.0150792553345023,0.705216827202425,0.00789665779210133,0.700064394075699,0.00678612497071067,0.692783232701365,0.00717154467294347,0.693093654485555,0.00845130960794784,0.693577055250688,0.0109846061100544
