"beta1","beta1_sd","beta2","beta2_sd","omega_b1","omega_b1_sd","omega_b2","omega_b2_sd","omega_cov","omega_cov_sd","rho","rho_sd","conv_code","omega_cor","tau1","tau1_sd","tau2","tau2_sd","tau3","tau3_sd","tau4","tau4_sd","tau5","tau5_sd","tau6","tau6_sd"
1.00412902015864,0.00616131947194493,0.99465677828877,0.00634950987134964,0.0564223929864636,0.00293870500500714,0.0612941925804418,0.00500018790226517,0.0377921828196032,0.00284124608149032,0.902865018803608,0.00153029241453809,1,0.642638235965952,-0.0168266872795692,0.0270303139149596,0.708275719723454,0.00781085098506681,0.693010701181968,0.00683642074609034,0.694794906659455,0.00699142967371598,0.684644513931818,0.00807471729254717,0.67505288323979,0.0103556762065162
