"beta1","beta1_sd","beta2","beta2_sd","omega_b1","omega_b1_sd","omega_b2","omega_b2_sd","omega_cov","omega_cov_sd","rho","rho_sd","conv_code","omega_cor","tau1","tau1_sd","tau2","tau2_sd","tau3","tau3_sd","tau4","tau4_sd","tau5","tau5_sd","tau6","tau6_sd"
0.997980927050249,0.00536798623262975,0.994052971296668,0.0087071755375464,0.0620064905358009,0.00119491337664958,0.565043714695088,0.013811944758531,0.000413683773579308,0.00249845673582983,0.00248198050535291,0.010585006273964,1,0.00221008453860798,-0.00023258326233396,0.0155177920876268,0.680520549428715,0.00747234725537995,0.706104773452348,0.00638633860561571,0.694824942446003,0.00710328063056664,0.681094705638611,0.00839795412360967,0.69036775170843,0.01111735870722
