"beta1","beta1_sd","beta2","beta2_sd","omega_b1","omega_b1_sd","omega_b2","omega_b2_sd","omega_cov","omega_cov_sd","rho","rho_sd","conv_code","omega_cor","tau1","tau1_sd","tau2","tau2_sd","tau3","tau3_sd","tau4","tau4_sd","tau5","tau5_sd","tau6","tau6_sd"
1.00513141482903,0.00893656195441948,0.996433457225011,0.0112175329036659,0.559921360034379,0.00981019648622557,0.99954846975318,0.0252784541658442,0.673958416321984,0.0131928810111964,0.597212387338171,0.0130323486821565,1,0.90088146995736,0.00555710720336405,0.0222266835430393,0.682106279907901,0.00870545445758023,0.687115144910906,0.00849904320561753,0.701033256388507,0.00959223548212287,0.693589938181684,0.0111997910081927,0.665397407186158,0.0137420869637049
