"beta1","beta1_sd","beta2","beta2_sd","omega_b1","omega_b1_sd","omega_b2","omega_b2_sd","omega_cov","omega_cov_sd","rho","rho_sd","conv_code","omega_cor","tau1","tau1_sd","tau2","tau2_sd","tau3","tau3_sd","tau4","tau4_sd","tau5","tau5_sd","tau6","tau6_sd"
0.996275088210421,0.0105309494188071,1.00151395655182,0.0136245517876965,0.566869138610698,0.0102891268989447,0.967468749469295,0.0321342576808407,0.446445267459273,0.0135110727154233,-0.900763519691702,0.00161206370525978,1,0.602848720996481,-0.0205015733424735,0.0240230209463157,0.695336795273785,0.0098398692446743,0.684164856482485,0.00954633853458193,0.679238101778132,0.0100648216424669,0.700125896117967,0.011087313190928,0.698719445111587,0.0129977150179068
