"beta1","beta1_sd","beta2","beta2_sd","omega_b1","omega_b1_sd","omega_b2","omega_b2_sd","omega_cov","omega_cov_sd","rho","rho_sd","conv_code","omega_cor","tau1","tau1_sd","tau2","tau2_sd","tau3","tau3_sd","tau4","tau4_sd","tau5","tau5_sd","tau6","tau6_sd"
1.00487871322447,0.0124468082305069,0.991713288766791,0.0118612341997391,0.990333949401495,0.0221819253978226,0.0652920644399828,0.012035328429524,0.00364071413697023,0.0125473163050515,0.325685766126273,0.0299246037456223,1,0.0143174457513569,0.0590804471170067,0.0267922491493197,0.678155506150111,0.0114296517473614,0.684490838817616,0.0117255908099462,0.694200310288448,0.013494313657163,0.694538932322388,0.0155027102138041,0.707466327476471,0.017438960351269
