"beta1","beta1_sd","beta2","beta2_sd","omega_b1","omega_b1_sd","omega_b2","omega_b2_sd","omega_cov","omega_cov_sd","rho","rho_sd","conv_code","omega_cor","tau1","tau1_sd","tau2","tau2_sd","tau3","tau3_sd","tau4","tau4_sd","tau5","tau5_sd","tau6","tau6_sd"
0.986248906226385,0.0110610545442814,1.02193028284454,0.0135529142546832,0.564454864836574,0.011096155185585,0.54941587770793,0.0247232219995688,-0.509187002691719,0.0140519041093597,-0.900605204149851,0.00182112668038018,1,-0.914349214757431,0.00899018426049538,0.0248122329187686,0.696879523414978,0.011338398132356,0.686328231916037,0.0107997096645115,0.696177129504347,0.0111798851068398,0.667238314283602,0.0126679450012208,0.672389497383285,0.0148639126752523
