"beta1","beta1_sd","beta2","beta2_sd","omega_b1","omega_b1_sd","omega_b2","omega_b2_sd","omega_cov","omega_cov_sd","rho","rho_sd","conv_code","omega_cor","tau1","tau1_sd","tau2","tau2_sd","tau3","tau3_sd","tau4","tau4_sd","tau5","tau5_sd","tau6","tau6_sd"
1.00402618117501,0.0118735230906004,1.01527824995275,0.0173919940034512,0.061097496398283,0.00196293179589274,0.567973434810323,0.0326958899864797,-0.0584207509733542,0.00447916571807055,-0.899828880312525,0.00245912476033008,1,-0.313611093237919,-0.00177403039946617,0.0226357889437209,0.709408026332126,0.0145265658557615,0.686860335499512,0.0138076064221205,0.695028872942346,0.0143904547876594,0.692705022318318,0.0158412108811246,0.690188275607407,0.0186588568746143
