"beta1","beta1_sd","beta2","beta2_sd","omega_b1","omega_b1_sd","omega_b2","omega_b2_sd","omega_cov","omega_cov_sd","rho","rho_sd","conv_code","omega_cor","tau1","tau1_sd","tau2","tau2_sd","tau3","tau3_sd","tau4","tau4_sd","tau5","tau5_sd","tau6","tau6_sd"
1.0103469835775,0.0100422240128576,0.994316816155113,0.0106796477990082,0.250363494915288,0.0075625907756612,0.0737229647378139,0.00911903488476076,-0.07367324942374,0.00711650174026108,0.901882236897605,0.00237264033026135,1,-0.542279174904789,0.0173898867202355,0.0337909903963303,0.698338037274958,0.01195350932445,0.685974091015558,0.0107692174019794,0.70498899028585,0.0111877649726257,0.698006708193018,0.0128673634105527,0.696070585511087,0.0159288803297316
