"beta1","beta1_sd","beta2","beta2_sd","omega_b1","omega_b1_sd","omega_b2","omega_b2_sd","omega_cov","omega_cov_sd","rho","rho_sd","conv_code","omega_cor","tau1","tau1_sd","tau2","tau2_sd","tau3","tau3_sd","tau4","tau4_sd","tau5","tau5_sd","tau6","tau6_sd"
0.999261936304774,0.00837138686877204,1.00100690389112,0.010401744588643,0.573422777228571,0.00911912469607804,1.0230166705785,0.0229624713549054,0.689111297827311,0.0122813854942575,0.594089439962973,0.0114944559050548,1,0.899726567773358,-0.00212270798088064,0.0204600566025899,0.693642119261433,0.00751051409418526,0.687384823360511,0.007349179731409,0.686818355272631,0.00826095770095476,0.7016291041327,0.00977464754580274,0.696038615524814,0.0116857017065995
