"beta1","beta1_sd","beta2","beta2_sd","omega_b1","omega_b1_sd","omega_b2","omega_b2_sd","omega_cov","omega_cov_sd","rho","rho_sd","conv_code","omega_cor","tau1","tau1_sd","tau2","tau2_sd","tau3","tau3_sd","tau4","tau4_sd","tau5","tau5_sd","tau6","tau6_sd"
0.994489210617626,0.00785483761501018,0.988093207032973,0.011490272761337,0.250705025071974,0.00416597615122633,0.971438751667248,0.0251138327129509,0.154859969865405,0.0063493455604778,-0.594540147274228,0.00550468200920594,1,0.313797832160901,-0.0111307208598523,0.0188498740430552,0.695730090027409,0.00826033850760774,0.679461880748359,0.00790957873375831,0.688938211951268,0.00865685055384429,0.699039985808339,0.00992214167906382,0.699555066953972,0.012257459547735
