"beta1","beta1_sd","beta2","beta2_sd","omega_b1","omega_b1_sd","omega_b2","omega_b2_sd","omega_cov","omega_cov_sd","rho","rho_sd","conv_code","omega_cor","tau1","tau1_sd","tau2","tau2_sd","tau3","tau3_sd","tau4","tau4_sd","tau5","tau5_sd","tau6","tau6_sd"
0.986363238829221,0.00650645329641112,0.993842798015753,0.0102943397843111,0.0610633216604213,0.00123751608255845,0.526842496550874,0.0172554361135966,0.105053576031648,0.00315515064937161,-0.593336531763355,0.00581974713777174,1,0.585706749074434,-0.000845506242550984,0.0164528645091847,0.679977545096517,0.00911003411238131,0.677317132915517,0.00807716554251475,0.695765914584297,0.0088249634975809,0.661833989565656,0.0104544731004203,0.702305545496571,0.0134471538257708
