"beta1","beta1_sd","beta2","beta2_sd","omega_b1","omega_b1_sd","omega_b2","omega_b2_sd","omega_cov","omega_cov_sd","rho","rho_sd","conv_code","omega_cor","tau1","tau1_sd","tau2","tau2_sd","tau3","tau3_sd","tau4","tau4_sd","tau5","tau5_sd","tau6","tau6_sd"
1.00624420069726,0.00663578114392842,0.997725084482857,0.0114494431553036,0.0641494835156473,0.00136862755779411,0.99173533248905,0.0242877540465252,0.0708065553449186,0.00351240367934724,-0.304030192668873,0.0104284707454388,1,0.280723643472329,-0.0051072780777172,0.0175335233193697,0.709089970421599,0.0088749351022348,0.696435837476185,0.007986627058329,0.696477517783233,0.00880865893902086,0.700354651540052,0.0103360420865242,0.707547088610548,0.0134738679188681
