"beta1","beta1_sd","beta2","beta2_sd","omega_b1","omega_b1_sd","omega_b2","omega_b2_sd","omega_cov","omega_cov_sd","rho","rho_sd","conv_code","omega_cor","tau1","tau1_sd","tau2","tau2_sd","tau3","tau3_sd","tau4","tau4_sd","tau5","tau5_sd","tau6","tau6_sd"
0.991028833995892,0.0105575313314367,0.995319958276729,0.00827052053429332,0.997760044092742,0.0190527363458906,0.242841307083824,0.0110106700630164,0.448003948488901,0.0126453247144018,0.898757271704239,0.00269552326182823,1,0.910138543266235,-0.0586875948055696,0.0297591258352529,0.702647825678424,0.00856016640791637,0.679606549091984,0.00826848626477363,0.684046905443008,0.00891545700424481,0.67275739857733,0.0101181696042988,0.684780569772209,0.011658130207721
