"beta1","beta1_sd","beta2","beta2_sd","omega_b1","omega_b1_sd","omega_b2","omega_b2_sd","omega_cov","omega_cov_sd","rho","rho_sd","conv_code","omega_cor","tau1","tau1_sd","tau2","tau2_sd","tau3","tau3_sd","tau4","tau4_sd","tau5","tau5_sd","tau6","tau6_sd"
1.00926257619463,0.00853065085031372,1.01264436082799,0.0114836231991602,0.0642919968855012,0.001712552088981,0.27922301157086,0.015124163816263,-0.0787966119845241,0.00318596349958958,-0.304318769207563,0.0136331504669826,1,-0.588103120245988,0.030609331204541,0.020865095458591,0.686640199788487,0.0113492735173984,0.694092787753555,0.0100594706986893,0.709082648312678,0.0110155069891379,0.708411624606321,0.0130107935420554,0.694717324772022,0.0167608302619447
