"beta1","beta1_sd","beta2","beta2_sd","omega_b1","omega_b1_sd","omega_b2","omega_b2_sd","omega_cov","omega_cov_sd","rho","rho_sd","conv_code","omega_cor","tau1","tau1_sd","tau2","tau2_sd","tau3","tau3_sd","tau4","tau4_sd","tau5","tau5_sd","tau6","tau6_sd"
1.00270784620146,0.00982341325041214,0.994286485586414,0.0102865652151004,0.561601694613721,0.0121466931402072,0.551478941932831,0.01832724409214,-0.506703823638833,0.0124264582962063,0.89803755738219,0.00243403986667611,1,-0.910490691080341,0.0588824361274624,0.0310283266633459,0.6898925861082,0.00985903067868948,0.681921404143133,0.00903608382006035,0.680675339271212,0.00963494609297903,0.694150127583168,0.0107813857188611,0.687574059340935,0.0132442614829822
