"beta1","beta1_sd","beta2","beta2_sd","omega_b1","omega_b1_sd","omega_b2","omega_b2_sd","omega_cov","omega_cov_sd","rho","rho_sd","conv_code","omega_cor","tau1","tau1_sd","tau2","tau2_sd","tau3","tau3_sd","tau4","tau4_sd","tau5","tau5_sd","tau6","tau6_sd"
0.998435727365806,0.00806367035658448,1.01495933545802,0.0113119752511124,0.0623234407817915,0.0016804786136496,0.247414237894671,0.0148575594872338,0.0764973841464381,0.00317723750197378,-0.317763890010237,0.0129734042120059,1,0.616039457020319,-0.0347526117440069,0.0199605956534066,0.705310789165712,0.0107692595975086,0.688637201634671,0.00993734300419671,0.689261635240547,0.0109699184278726,0.679393529155385,0.0133314974281803,0.694172188193237,0.0168864570437118
