"beta1","beta1_sd","beta2","beta2_sd","omega_b1","omega_b1_sd","omega_b2","omega_b2_sd","omega_cov","omega_cov_sd","rho","rho_sd","conv_code","omega_cor","tau1","tau1_sd","tau2","tau2_sd","tau3","tau3_sd","tau4","tau4_sd","tau5","tau5_sd","tau6","tau6_sd"
0.993539273688235,0.00739833182957123,0.99609349482447,0.0100775704822295,0.0633088509983425,0.0021319694805132,0.254283233215806,0.0126214999294285,0.0352735599607356,0.00326739061441432,0.593924415680904,0.010416591526329,1,0.278008589666028,-0.0431190752007915,0.0236306738154218,0.703819537360494,0.0105907760967021,0.701957029743012,0.00927683091914599,0.682914906172194,0.0100278583190593,0.703344187428455,0.0116867036139941,0.688916448610944,0.015918844817903
