"beta1","beta1_sd","beta2","beta2_sd","omega_b1","omega_b1_sd","omega_b2","omega_b2_sd","omega_cov","omega_cov_sd","rho","rho_sd","conv_code","omega_cor","tau1","tau1_sd","tau2","tau2_sd","tau3","tau3_sd","tau4","tau4_sd","tau5","tau5_sd","tau6","tau6_sd"
0.995499408931026,0.00742980605878021,0.998709933053196,0.00984210744423449,0.0619660542543996,0.00328896902402238,0.543239150476537,0.0160414743646909,-0.05662450534708,0.00476439206661491,0.898254535315771,0.00184763148061925,1,-0.308625615471872,-0.0195885615094801,0.0296729620631203,0.696098171225782,0.00960659758158667,0.692675003777329,0.00843691055767234,0.682214824456346,0.008597578051328,0.695170684302433,0.00969448206154567,0.673741896910927,0.0123499626312673
