"beta1","beta1_sd","beta2","beta2_sd","omega_b1","omega_b1_sd","omega_b2","omega_b2_sd","omega_cov","omega_cov_sd","rho","rho_sd","conv_code","omega_cor","tau1","tau1_sd","tau2","tau2_sd","tau3","tau3_sd","tau4","tau4_sd","tau5","tau5_sd","tau6","tau6_sd"
1.0054029800255,0.00907845161723448,1.00970158033287,0.00937276954807498,0.550566969774406,0.00966250038344396,0.265171333124159,0.0122004383895933,0.104717047655271,0.0077816492259546,0.322821823451623,0.0205308858326979,1,0.274062128807775,0.0258842189299336,0.0214279464474059,0.697706120227962,0.00857373358591237,0.70977820055168,0.00850352099365782,0.700924263416233,0.00968207208854846,0.695425320925448,0.011384952362854,0.697811982220304,0.0137796644977655
