"beta1","beta1_sd","beta2","beta2_sd","omega_b1","omega_b1_sd","omega_b2","omega_b2_sd","omega_cov","omega_cov_sd","rho","rho_sd","conv_code","omega_cor","tau1","tau1_sd","tau2","tau2_sd","tau3","tau3_sd","tau4","tau4_sd","tau5","tau5_sd","tau6","tau6_sd"
0.99326580015864,0.0057164651361503,0.989508210040437,0.00922175967813779,0.0617473225037576,0.00110919119347211,0.540925762998196,0.0147573328598028,-0.111228135197529,0.00287483355803642,-0.602017378038491,0.00475725472957459,1,-0.608606740123379,-0.0123963631149861,0.0154872422218607,0.691889936046183,0.00802506336239951,0.69695536214782,0.00697830293181448,0.688701741055771,0.0074214721677976,0.681708897064546,0.00869371271710984,0.688742836313966,0.011320861045101
