"beta1","beta1_sd","beta2","beta2_sd","omega_b1","omega_b1_sd","omega_b2","omega_b2_sd","omega_cov","omega_cov_sd","rho","rho_sd","conv_code","omega_cor","tau1","tau1_sd","tau2","tau2_sd","tau3","tau3_sd","tau4","tau4_sd","tau5","tau5_sd","tau6","tau6_sd"
0.97713945700401,0.0103636300874839,1.01415948387623,0.0114903080474251,1.00773198195707,0.0161270045630357,1.00783464919751,0.0265705245417623,-0.603207406950345,0.0157524665051784,-0.0077737308101778,0.0148548827747309,1,-0.598548714201868,-0.0411362793032436,0.0206182280736207,0.70409767242102,0.00828666758580139,0.684655124865531,0.00814389839397372,0.698245271842373,0.00905255163067858,0.700820664919847,0.0104606243985701,0.673716236452282,0.0126285130295011
