"beta1","beta1_sd","beta2","beta2_sd","omega_b1","omega_b1_sd","omega_b2","omega_b2_sd","omega_cov","omega_cov_sd","rho","rho_sd","conv_code","omega_cor","tau1","tau1_sd","tau2","tau2_sd","tau3","tau3_sd","tau4","tau4_sd","tau5","tau5_sd","tau6","tau6_sd"
1.00101189147281,0.00767790574561681,0.971902679739216,0.0100772678378661,0.243027415032909,0.00412623308185269,0.546903109689122,0.0170865107259492,-0.327946165311777,0.0067308437089624,-0.283290854246718,0.0104148293764207,1,-0.899538440192852,0.00808337498750487,0.0189952564802468,0.678188095078133,0.00906074008087464,0.687723632033594,0.0081765598168621,0.679460193227907,0.0090120321938881,0.701710010357383,0.0104045809311484,0.670005755567948,0.0134624619868321
