"beta1","beta1_sd","beta2","beta2_sd","omega_b1","omega_b1_sd","omega_b2","omega_b2_sd","omega_cov","omega_cov_sd","rho","rho_sd","conv_code","omega_cor","tau1","tau1_sd","tau2","tau2_sd","tau3","tau3_sd","tau4","tau4_sd","tau5","tau5_sd","tau6","tau6_sd"
1.00413079514014,0.01076665821125,1.00343597092284,0.0130746530251318,0.246177611488557,0.00792717556043358,0.54157883872469,0.022172789960708,-0.0142971763452289,0.00942922688884367,0.900261076678187,0.00265839507372465,1,-0.0391557145451307,0.0337630739789643,0.0353315973350284,0.692318550920669,0.0123532329180442,0.679053607967831,0.0114912422846021,0.7085893622154,0.0117272891571434,0.676515120451036,0.0136368773488102,0.700365298287379,0.0165487078474964
