"beta1","beta1_sd","beta2","beta2_sd","omega_b1","omega_b1_sd","omega_b2","omega_b2_sd","omega_cov","omega_cov_sd","rho","rho_sd","conv_code","omega_cor","tau1","tau1_sd","tau2","tau2_sd","tau3","tau3_sd","tau4","tau4_sd","tau5","tau5_sd","tau6","tau6_sd"
0.992854151771508,0.0111433570485677,0.99695404913257,0.0100334047341703,0.994074207232518,0.0173187228034599,0.081010518733255,0.0106045096678893,0.00371381374223899,0.0106467081160478,-0.29566168500033,0.0118410077858398,1,0.0130869972034942,0.0191431648093619,0.0220103587214383,0.688598618758772,0.0095980144992444,0.693904408908136,0.00973353986048049,0.704362784898566,0.0106853206540624,0.697947312037471,0.0121983980761991,0.698638654544666,0.0144329895263057
