"beta1","beta1_sd","beta2","beta2_sd","omega_b1","omega_b1_sd","omega_b2","omega_b2_sd","omega_cov","omega_cov_sd","rho","rho_sd","conv_code","omega_cor","tau1","tau1_sd","tau2","tau2_sd","tau3","tau3_sd","tau4","tau4_sd","tau5","tau5_sd","tau6","tau6_sd"
0.993037444240013,0.00742367453882596,1.00422487424216,0.0110840674522872,0.245517452724584,0.00423326597442836,0.981983146447173,0.0233720511927254,-0.444112629545437,0.00817725249752285,0.00905871512917388,0.014514740449703,1,-0.904481986225107,0.0157289826232421,0.0193075024664183,0.690024839648155,0.00890902682503214,0.681457832860192,0.00789659592529493,0.698079751783757,0.00877729569085909,0.681880730981548,0.0106342093090384,0.669447804333548,0.0134158928650575
