"beta1","beta1_sd","beta2","beta2_sd","omega_b1","omega_b1_sd","omega_b2","omega_b2_sd","omega_cov","omega_cov_sd","rho","rho_sd","conv_code","omega_cor","tau1","tau1_sd","tau2","tau2_sd","tau3","tau3_sd","tau4","tau4_sd","tau5","tau5_sd","tau6","tau6_sd"
0.995305527544299,0.00705710956568861,1.00815716880862,0.0104742816585375,0.247619824526664,0.00396857608865931,0.981954802141292,0.0217067081425003,-0.296143190764473,0.00658334238372934,0.00625663029725916,0.0127603716157357,1,-0.600569532762108,-0.0239205188026226,0.0181260375326588,0.703466224013776,0.00770308137844232,0.68181446130322,0.00711703865981536,0.690939422592497,0.00781274976516334,0.696576468446815,0.00918299322229673,0.703004870632416,0.0114535286564313
