"beta1","beta1_sd","beta2","beta2_sd","omega_b1","omega_b1_sd","omega_b2","omega_b2_sd","omega_cov","omega_cov_sd","rho","rho_sd","conv_code","omega_cor","tau1","tau1_sd","tau2","tau2_sd","tau3","tau3_sd","tau4","tau4_sd","tau5","tau5_sd","tau6","tau6_sd"
1.00451863103336,0.00548445587896907,1.01452290926963,0.0101306687573582,0.0629486763774411,0.00122165262966641,1.01382314899551,0.0204472429888529,-0.0772327780062853,0.00310996977590973,0.002830068528434,0.0111904100229454,1,-0.305722395147759,0.0258937431550348,0.0162333497912651,0.686917051920925,0.00773544718182294,0.702208819792275,0.00654264678040492,0.693804333429384,0.00712924228553148,0.693663548089263,0.00836594145629379,0.700499234428362,0.0109592070333174
