"beta1","beta1_sd","beta2","beta2_sd","omega_b1","omega_b1_sd","omega_b2","omega_b2_sd","omega_cov","omega_cov_sd","rho","rho_sd","conv_code","omega_cor","tau1","tau1_sd","tau2","tau2_sd","tau3","tau3_sd","tau4","tau4_sd","tau5","tau5_sd","tau6","tau6_sd"
0.993354063395235,0.00822056094615047,0.994634129302491,0.00758773501877965,0.565512888540353,0.00878324026186541,0.254596538638839,0.00958857734579941,-0.344831184408151,0.00778259256957327,0.589991117241677,0.0112775851616795,1,-0.908780569166643,-0.0343660932491106,0.0206742153698573,0.704426954441369,0.00752852762799308,0.686831698757615,0.00706608835386732,0.679168384546667,0.00785620029078321,0.686074412304697,0.00916519334026847,0.701082271384131,0.011182214334806
