"beta1","beta1_sd","beta2","beta2_sd","omega_b1","omega_b1_sd","omega_b2","omega_b2_sd","omega_cov","omega_cov_sd","rho","rho_sd","conv_code","omega_cor","tau1","tau1_sd","tau2","tau2_sd","tau3","tau3_sd","tau4","tau4_sd","tau5","tau5_sd","tau6","tau6_sd"
0.99806160580517,0.00841196774209506,1.01777464231233,0.00790406991356749,0.557300795299434,0.00892002933288554,0.255500076387209,0.0097437268937352,-0.229364669220324,0.00732121271143302,0.602543695387193,0.0119764383805133,1,-0.607835656021356,-0.00918688802235956,0.0210858567841263,0.695604974051748,0.00764667600778612,0.695093209504315,0.00717032356218466,0.695419257794431,0.00790089354216629,0.68948995904541,0.0094237256807216,0.70003750827043,0.0113335291010178
