"beta1","beta1_sd","beta2","beta2_sd","omega_b1","omega_b1_sd","omega_b2","omega_b2_sd","omega_cov","omega_cov_sd","rho","rho_sd","conv_code","omega_cor","tau1","tau1_sd","tau2","tau2_sd","tau3","tau3_sd","tau4","tau4_sd","tau5","tau5_sd","tau6","tau6_sd"
1.00898960268621,0.00925980477313226,1.00443463479409,0.0095422629415505,0.563966429155003,0.00961550345652833,0.245668455979958,0.0122909508042978,0.22335735781439,0.00820916727347836,0.00897769852829886,0.0162175462560038,1,0.600065887833724,0.0302465076474818,0.0202829620750951,0.686877133394621,0.00878039397055252,0.677008899518806,0.00889653806099295,0.698544905924244,0.00982270139120949,0.704088577409755,0.0113657091389116,0.676588880890589,0.0139269887876085
