"beta1","beta1_sd","beta2","beta2_sd","omega_b1","omega_b1_sd","omega_b2","omega_b2_sd","omega_cov","omega_cov_sd","rho","rho_sd","conv_code","omega_cor","tau1","tau1_sd","tau2","tau2_sd","tau3","tau3_sd","tau4","tau4_sd","tau5","tau5_sd","tau6","tau6_sd"
0.994745259320923,0.0067315160614798,1.01163129708315,0.0102631940173715,0.0621536164648311,0.00303063162595563,0.986821405274034,0.0207705550409682,-0.230395153378208,0.00568777677091445,0.900179455000738,0.00163774573254183,1,-0.930295363704376,-0.0203460232832069,0.0285700002725042,0.699843165243569,0.00841918345438506,0.688959021916272,0.00733302503330967,0.691355919907175,0.00737161713791395,0.704441265468223,0.00826067540491368,0.683818970126229,0.0106043858446101
