"beta1","beta1_sd","beta2","beta2_sd","omega_b1","omega_b1_sd","omega_b2","omega_b2_sd","omega_cov","omega_cov_sd","rho","rho_sd","conv_code","omega_cor","tau1","tau1_sd","tau2","tau2_sd","tau3","tau3_sd","tau4","tau4_sd","tau5","tau5_sd","tau6","tau6_sd"
0.988378531801623,0.0098538109831698,1.00206466703332,0.00948617496253381,0.560524323793834,0.0123427191870682,0.248764496291558,0.0117667970751782,-0.114675801097935,0.00952751716336273,0.899118713445133,0.00254616843748961,1,-0.307100378739289,0.0117529292626722,0.0311858339300984,0.708264892556539,0.00957216827633824,0.679383015454227,0.00906068842558732,0.692406248331276,0.00971629894894749,0.695172184391959,0.0108380717781464,0.689628241964547,0.0132154825264632
