"beta1","beta1_sd","beta2","beta2_sd","omega_b1","omega_b1_sd","omega_b2","omega_b2_sd","omega_cov","omega_cov_sd","rho","rho_sd","conv_code","omega_cor","tau1","tau1_sd","tau2","tau2_sd","tau3","tau3_sd","tau4","tau4_sd","tau5","tau5_sd","tau6","tau6_sd"
0.996558857287731,0.010056317778688,0.981290305887124,0.00800748167711384,0.95661394594578,0.0147489529763787,0.0673008613788313,0.00791109268751471,0.143693342502307,0.00896262350408418,-0.28812673113746,0.00946266504334999,1,0.566314891622017,-0.00298198976889615,0.0194100145002327,0.684980128163187,0.00804444818985107,0.677755764061263,0.00808414783486544,0.686217078445852,0.00892892879337256,0.686814821724898,0.0103503761455491,0.680220741732878,0.0123747849231978
