"beta1","beta1_sd","beta2","beta2_sd","omega_b1","omega_b1_sd","omega_b2","omega_b2_sd","omega_cov","omega_cov_sd","rho","rho_sd","conv_code","omega_cor","tau1","tau1_sd","tau2","tau2_sd","tau3","tau3_sd","tau4","tau4_sd","tau5","tau5_sd","tau6","tau6_sd"
1.00234835285028,0.0115922666647577,0.992411841069967,0.0131129166071921,1.00098586060216,0.0186679547375556,0.995324864822856,0.0299415876108091,0.297865563830056,0.0157815969195033,-0.00659704575021213,0.020290638669122,1,0.298417233014303,-0.00863254010614367,0.0238861803862295,0.70283716667103,0.00990439639226481,0.698407398234829,0.0100006379109963,0.677239699648283,0.0112460195885473,0.702427038817792,0.0125483120613008,0.708893657332187,0.0145030397489854
