"beta1","beta1_sd","beta2","beta2_sd","omega_b1","omega_b1_sd","omega_b2","omega_b2_sd","omega_cov","omega_cov_sd","rho","rho_sd","conv_code","omega_cor","tau1","tau1_sd","tau2","tau2_sd","tau3","tau3_sd","tau4","tau4_sd","tau5","tau5_sd","tau6","tau6_sd"
0.993826199131394,0.0160193049153914,0.998843322026352,0.0228026908489982,0.251117804995871,0.00864553855765429,1.02231670328753,0.0632103433927983,-0.152785904222746,0.0116891870770366,-0.901644085066023,0.00309487623287846,1,-0.301544774670078,-0.00531698601741164,0.0281081736218906,0.689198357193071,0.0176548602656607,0.693430386121806,0.0171101497269166,0.705209505501431,0.0179256473340312,0.682680845527473,0.0192196788845187,0.669724489458574,0.0216361387949824
