"beta1","beta1_sd","beta2","beta2_sd","omega_b1","omega_b1_sd","omega_b2","omega_b2_sd","omega_cov","omega_cov_sd","rho","rho_sd","conv_code","omega_cor","tau1","tau1_sd","tau2","tau2_sd","tau3","tau3_sd","tau4","tau4_sd","tau5","tau5_sd","tau6","tau6_sd"
1.00836789548065,0.00722765234308969,1.00073132579636,0.0106107408201721,0.0630229564932739,0.00128033914471891,0.250588573982396,0.0145246785609077,0.00253774136602971,0.00288361943217986,-0.901492726857635,0.00151287231581683,1,0.0201937669640434,0.0131929189139364,0.0180189353514804,0.693131860636345,0.0100624896423556,0.697684013599568,0.00905611002033605,0.703415737467696,0.00940553097902079,0.688840210774678,0.0106832838940792,0.709864102873608,0.0131089871714181
