"beta1","beta1_sd","beta2","beta2_sd","omega_b1","omega_b1_sd","omega_b2","omega_b2_sd","omega_cov","omega_cov_sd","rho","rho_sd","conv_code","omega_cor","tau1","tau1_sd","tau2","tau2_sd","tau3","tau3_sd","tau4","tau4_sd","tau5","tau5_sd","tau6","tau6_sd"
1.00991179431363,0.00876113673862043,1.01815915043775,0.0129906580974691,0.253053440249379,0.00457549697951446,1.02549051882195,0.0304358153779403,0.299463640310451,0.00837836528747719,-0.900929829093287,0.00152239338588288,1,0.587857619864727,-0.00557441138156177,0.0206815402919945,0.705998585565622,0.00939201842412847,0.701655707131095,0.00885194423497876,0.709148511360627,0.00927122475283818,0.698468053012591,0.0105835141390979,0.695988437052845,0.0125469195074647
