"beta1","beta1_sd","beta2","beta2_sd","omega_b1","omega_b1_sd","omega_b2","omega_b2_sd","omega_cov","omega_cov_sd","rho","rho_sd","conv_code","omega_cor","tau1","tau1_sd","tau2","tau2_sd","tau3","tau3_sd","tau4","tau4_sd","tau5","tau5_sd","tau6","tau6_sd"
0.994065460714813,0.00734495353576975,1.00243911404893,0.00754434345169299,0.248138469510514,0.00471511696914558,0.0643360763124924,0.00651239574963128,-0.0365725337214871,0.00423182243265028,0.613605050816545,0.010409603619557,1,-0.289454772097985,0.0149402252223697,0.0213655637695243,0.690598084764961,0.00834590015264735,0.691476928009139,0.00764176953842057,0.691912121565299,0.00844184262021008,0.702782260779527,0.0100387397472517,0.703178985873225,0.0126638179770284
