"beta1","beta1_sd","beta2","beta2_sd","omega_b1","omega_b1_sd","omega_b2","omega_b2_sd","omega_cov","omega_cov_sd","rho","rho_sd","conv_code","omega_cor","tau1","tau1_sd","tau2","tau2_sd","tau3","tau3_sd","tau4","tau4_sd","tau5","tau5_sd","tau6","tau6_sd"
1.01163923563301,0.00830712522449875,0.992159912002982,0.00717652437746866,0.565618311393774,0.00834324404548153,0.0714531194235855,0.00679712757942116,-0.114433972525921,0.00599099376485023,-0.0138276713166651,0.0117352828438233,1,-0.56922327194843,0.00525376121912439,0.0181352495997656,0.693253495889122,0.00746916904414186,0.691136829328622,0.00721946022568876,0.700664432495577,0.00809493176433217,0.693634881944109,0.00952081410626009,0.694008287920409,0.0115660153520349
