"beta1","beta1_sd","beta2","beta2_sd","omega_b1","omega_b1_sd","omega_b2","omega_b2_sd","omega_cov","omega_cov_sd","rho","rho_sd","conv_code","omega_cor","tau1","tau1_sd","tau2","tau2_sd","tau3","tau3_sd","tau4","tau4_sd","tau5","tau5_sd","tau6","tau6_sd"
1.01541497129114,0.00906093172081542,1.01172958200371,0.013965810341822,0.0649681493147416,0.00178626948128351,0.992036028638416,0.0309080700830996,-0.149640907507436,0.00473151890995454,-0.345157341951256,0.0140703921198592,1,-0.589435600956955,0.00588505037288923,0.0219738025691468,0.703036342230712,0.0117464456107448,0.711625389871955,0.0104637018396234,0.698384528220253,0.0115089915946555,0.721253171774913,0.0132352424518202,0.700988497899469,0.0166689039515223
