"beta1","beta1_sd","beta2","beta2_sd","omega_b1","omega_b1_sd","omega_b2","omega_b2_sd","omega_cov","omega_cov_sd","rho","rho_sd","conv_code","omega_cor","tau1","tau1_sd","tau2","tau2_sd","tau3","tau3_sd","tau4","tau4_sd","tau5","tau5_sd","tau6","tau6_sd"
0.985184975671252,0.0117470607796681,0.998124591182903,0.0135022776271267,0.983736212930513,0.0176739295259132,1.00331173932005,0.0340521469538426,-0.894953050981543,0.0211857134621775,-0.899077462083393,0.0016474547365195,1,-0.900830281616876,-0.0385858694377211,0.0248636784678239,0.698313805987481,0.0101304590091035,0.693837170746403,0.00966222418443488,0.678556468323882,0.0101938680152776,0.69036780079879,0.0113673821007225,0.68572573765571,0.013119879750094
