"beta1","beta1_sd","beta2","beta2_sd","omega_b1","omega_b1_sd","omega_b2","omega_b2_sd","omega_cov","omega_cov_sd","rho","rho_sd","conv_code","omega_cor","tau1","tau1_sd","tau2","tau2_sd","tau3","tau3_sd","tau4","tau4_sd","tau5","tau5_sd","tau6","tau6_sd"
0.986687708499893,0.0073560036090404,0.985954531124949,0.00956289696049716,0.245767615215713,0.00393013734369075,0.554633795795407,0.0158890762023848,0.0094530178814248,0.00487926538900095,-0.300516227583078,0.00913224278622233,1,0.0256038330762264,0.00563445505894636,0.0178899456048903,0.681791924536484,0.00781504576167125,0.684814217444286,0.00734254786383989,0.704731092681373,0.00806330262291929,0.687017155130468,0.00961598967951159,0.680106813125807,0.0119313433524356
