"beta1","beta1_sd","beta2","beta2_sd","omega_b1","omega_b1_sd","omega_b2","omega_b2_sd","omega_cov","omega_cov_sd","rho","rho_sd","conv_code","omega_cor","tau1","tau1_sd","tau2","tau2_sd","tau3","tau3_sd","tau4","tau4_sd","tau5","tau5_sd","tau6","tau6_sd"
0.999149643093857,0.0114306601598639,1.00003898885148,0.0119607637918789,0.553362375372131,0.0123547034237422,0.0662851338227073,0.0120725684003189,0.0983947924936553,0.00870006769635812,0.00439897630867546,0.0235417579434729,1,0.513758750513451,0.000319404546809271,0.024252565420906,0.693122322701774,0.0114295326545947,0.684632051349241,0.011757204741852,0.685982195132414,0.0130015391303034,0.696948118854795,0.0150416648855556,0.688167972328991,0.0176467676987757
