"beta1","beta1_sd","beta2","beta2_sd","omega_b1","omega_b1_sd","omega_b2","omega_b2_sd","omega_cov","omega_cov_sd","rho","rho_sd","conv_code","omega_cor","tau1","tau1_sd","tau2","tau2_sd","tau3","tau3_sd","tau4","tau4_sd","tau5","tau5_sd","tau6","tau6_sd"
1.00023860316208,0.0143251071971131,1.00591358177269,0.0148657180208804,0.994558784076693,0.0252625353461841,0.229008578661614,0.0198683283890906,0.422824619625092,0.0176268952672429,-0.300914189074892,0.0187646225097465,1,0.885970297917094,-0.0223305828450037,0.0264811024849495,0.703781952886036,0.013386886646349,0.688909724684072,0.0139108244555424,0.705754168676855,0.0152477291925852,0.682729415343503,0.0170589323841353,0.693054739305891,0.0194163324781356
