"beta1","beta1_sd","beta2","beta2_sd","omega_b1","omega_b1_sd","omega_b2","omega_b2_sd","omega_cov","omega_cov_sd","rho","rho_sd","conv_code","omega_cor","tau1","tau1_sd","tau2","tau2_sd","tau3","tau3_sd","tau4","tau4_sd","tau5","tau5_sd","tau6","tau6_sd"
0.996413715492706,0.00897916612741944,0.998737417564556,0.011332446040067,0.554610004845355,0.00893940656284494,0.978671210817005,0.0248271213735138,0.435608722871253,0.0108711792363204,-0.308368834686303,0.0100102246926268,1,0.591267913062979,-0.0258845042737411,0.019364867002897,0.699690762050289,0.00799700405105244,0.69308991899627,0.00804376036864338,0.67954113430329,0.00909707884291467,0.681910800314321,0.0104931515864097,0.684804863628758,0.0124371252123502
