"beta1","beta1_sd","beta2","beta2_sd","omega_b1","omega_b1_sd","omega_b2","omega_b2_sd","omega_cov","omega_cov_sd","rho","rho_sd","conv_code","omega_cor","tau1","tau1_sd","tau2","tau2_sd","tau3","tau3_sd","tau4","tau4_sd","tau5","tau5_sd","tau6","tau6_sd"
0.99892587727555,0.00621757144164013,1.00466461368669,0.00929577603216654,0.0623749762283698,0.00173816146053383,0.54845244150248,0.0151532306468874,-0.10969842222414,0.00340748691902436,0.600090381351423,0.00837630044582364,1,-0.593096959449248,0.0139100004557532,0.0212928588824797,0.692875902296148,0.0089467160043169,0.694015023399165,0.00745656976236596,0.683891611129312,0.00799314858951926,0.676177669810827,0.00952615755960649,0.681882908136549,0.0121600125860214
