"beta1","beta1_sd","beta2","beta2_sd","omega_b1","omega_b1_sd","omega_b2","omega_b2_sd","omega_cov","omega_cov_sd","rho","rho_sd","conv_code","omega_cor","tau1","tau1_sd","tau2","tau2_sd","tau3","tau3_sd","tau4","tau4_sd","tau5","tau5_sd","tau6","tau6_sd"
1.01748078052007,0.0118878171762529,0.993555830387722,0.0121268847185049,0.575064851840812,0.0144589890840123,0.283853611371009,0.0173920380461623,-0.358830029629694,0.0134189517586617,0.901604622722772,0.00281489274016093,1,-0.888143531040603,0.0481945393626524,0.035734460376942,0.697299913466286,0.0128346379369843,0.693471826541707,0.0116966926445307,0.7067416144911,0.0120893466717017,0.703550915400552,0.0136785253259084,0.707228308047311,0.0165176376752591
