"beta1","beta1_sd","beta2","beta2_sd","omega_b1","omega_b1_sd","omega_b2","omega_b2_sd","omega_cov","omega_cov_sd","rho","rho_sd","conv_code","omega_cor","tau1","tau1_sd","tau2","tau2_sd","tau3","tau3_sd","tau4","tau4_sd","tau5","tau5_sd","tau6","tau6_sd"
0.996572167321959,0.00521559490826898,0.99856202362687,0.00661299390544798,0.0630506351141494,0.00108301137789622,0.0583525716085676,0.00586888532279275,0.0382010464058383,0.00173798596438279,-0.299989216450272,0.00731022268653326,1,0.629796911254511,0.00496066698433013,0.0142995276409998,0.690119679570393,0.00729686497393914,0.689834106183725,0.00639812536673072,0.686686131993226,0.00702630802918628,0.699834512186956,0.00823365307015612,0.689022262748105,0.0109649174099917
