"beta1","beta1_sd","beta2","beta2_sd","omega_b1","omega_b1_sd","omega_b2","omega_b2_sd","omega_cov","omega_cov_sd","rho","rho_sd","conv_code","omega_cor","tau1","tau1_sd","tau2","tau2_sd","tau3","tau3_sd","tau4","tau4_sd","tau5","tau5_sd","tau6","tau6_sd"
0.979392130015818,0.00897685723433897,0.996374373003171,0.0084180268465557,0.56107210078049,0.008697319976881,0.0551021606044551,0.00838377867465486,-0.0601039366325515,0.00657715274767087,-0.591707919324266,0.0051892383159989,1,-0.341829285170055,-0.0214672181948305,0.019466296607502,0.693015382031611,0.00812340276877673,0.681935911649222,0.00792883166193641,0.697499497286143,0.00877014219658853,0.678805896150134,0.0103385329508317,0.673834634875397,0.0124231847141619
