"beta1","beta1_sd","beta2","beta2_sd","omega_b1","omega_b1_sd","omega_b2","omega_b2_sd","omega_cov","omega_cov_sd","rho","rho_sd","conv_code","omega_cor","tau1","tau1_sd","tau2","tau2_sd","tau3","tau3_sd","tau4","tau4_sd","tau5","tau5_sd","tau6","tau6_sd"
1.01685647252448,0.00829763123429032,0.992615921109141,0.0120733735472934,0.253701867592066,0.0047082456578788,1.03166041094976,0.027338707113231,-0.150189717227062,0.00683113542971408,-0.0152784762838388,0.0166850155519637,1,-0.293568859007687,0.0213699407972086,0.0205877060751998,0.706797527056714,0.00906720843191749,0.694974242825921,0.0085638020383437,0.685967793390661,0.00948235727405063,0.7211023590469,0.0109338232924149,0.694639349051917,0.013643147892635
