"beta1","beta1_sd","beta2","beta2_sd","omega_b1","omega_b1_sd","omega_b2","omega_b2_sd","omega_cov","omega_cov_sd","rho","rho_sd","conv_code","omega_cor","tau1","tau1_sd","tau2","tau2_sd","tau3","tau3_sd","tau4","tau4_sd","tau5","tau5_sd","tau6","tau6_sd"
0.990742364323809,0.00873161341908705,0.979785021012033,0.010297565497267,0.248902250135136,0.00562724203683547,0.235258205007137,0.0128485442328296,0.219718631107464,0.00648982776944307,0.58604494802636,0.0135753179128525,1,0.907987947291483,-0.0293992007331363,0.0242344900061532,0.701904309350989,0.0101926307672436,0.682165580517746,0.00977581472293358,0.67920434983373,0.0111911038015412,0.699774434034799,0.012805767836568,0.667999203212714,0.0163126213414879
