"beta1","beta1_sd","beta2","beta2_sd","omega_b1","omega_b1_sd","omega_b2","omega_b2_sd","omega_cov","omega_cov_sd","rho","rho_sd","conv_code","omega_cor","tau1","tau1_sd","tau2","tau2_sd","tau3","tau3_sd","tau4","tau4_sd","tau5","tau5_sd","tau6","tau6_sd"
1.00779078667935,0.00993773063985376,0.999815767634322,0.012144779873235,0.250979061382716,0.00587243433787494,0.273639497229588,0.0161172247600599,0.0831342468172815,0.00602506365644585,0.0246478524971649,0.0225735703735182,1,0.317228230854197,0.00943527509712855,0.0231458679693368,0.703774610744415,0.0108148586948087,0.685000224191774,0.0107014952783181,0.704472174546651,0.0122134948277289,0.698811804836779,0.0141464483015316,0.681580555916663,0.0173383756282074
