"beta1","beta1_sd","beta2","beta2_sd","omega_b1","omega_b1_sd","omega_b2","omega_b2_sd","omega_cov","omega_cov_sd","rho","rho_sd","conv_code","omega_cor","tau1","tau1_sd","tau2","tau2_sd","tau3","tau3_sd","tau4","tau4_sd","tau5","tau5_sd","tau6","tau6_sd"
0.999211154874659,0.0122901926525889,1.00864842490715,0.0160252384481536,0.253594372790526,0.00673243453839772,0.601229227209489,0.0303047389898771,-0.228048426867492,0.00882091618281089,-0.583920356029577,0.0101739396331275,1,-0.584032791850386,-0.00295419014425538,0.0248851223339911,0.701311740693774,0.0135244845071085,0.689638680098094,0.0129965074930684,0.686886669802222,0.0141339876079522,0.699634863427487,0.0157272922796322,0.694947522455529,0.0189710310885772
