"beta1","beta1_sd","beta2","beta2_sd","omega_b1","omega_b1_sd","omega_b2","omega_b2_sd","omega_cov","omega_cov_sd","rho","rho_sd","conv_code","omega_cor","tau1","tau1_sd","tau2","tau2_sd","tau3","tau3_sd","tau4","tau4_sd","tau5","tau5_sd","tau6","tau6_sd"
0.991794611113856,0.012077998398463,0.999518899820069,0.0151996935367466,0.242427031386336,0.00638207369206706,0.252583942370906,0.0224112380332591,0.0736742223962653,0.00665041215947644,-0.600501138103193,0.00991500263412704,1,0.297729707168828,-0.00488679390553853,0.023583429705673,0.688399318547755,0.0131626538727356,0.69672279447851,0.0129943262555524,0.682339735269211,0.0142608252354817,0.675140037252672,0.0162624596776833,0.667024713426389,0.0193073667681182
