"beta1","beta1_sd","beta2","beta2_sd","omega_b1","omega_b1_sd","omega_b2","omega_b2_sd","omega_cov","omega_cov_sd","rho","rho_sd","conv_code","omega_cor","tau1","tau1_sd","tau2","tau2_sd","tau3","tau3_sd","tau4","tau4_sd","tau5","tau5_sd","tau6","tau6_sd"
0.990471368549521,0.010137931402039,1.01941868844936,0.00996827925467043,0.997822124064658,0.0156116060769199,0.564795753384499,0.0174466373223669,0.452607934643881,0.0130535355865178,-0.00446181448228963,0.0140621328128746,1,0.602906390829342,0.00262552768024488,0.0199047357615227,0.680350055514599,0.00799518588559859,0.688593764097719,0.00819552008514938,0.694412326142009,0.00913389355208274,0.689671577709052,0.0104119007381167,0.704512315109398,0.0120388549614559
