"beta1","beta1_sd","beta2","beta2_sd","omega_b1","omega_b1_sd","omega_b2","omega_b2_sd","omega_cov","omega_cov_sd","rho","rho_sd","conv_code","omega_cor","tau1","tau1_sd","tau2","tau2_sd","tau3","tau3_sd","tau4","tau4_sd","tau5","tau5_sd","tau6","tau6_sd"
1.00554708511395,0.00820098244779651,1.00657962853239,0.0109146910929647,0.24688821801776,0.00431026196895668,0.551829362632288,0.0187170993654857,-0.33087996493239,0.007255212574375,-0.59392960042222,0.00615640130710271,1,-0.896433103553214,0.0259226495113517,0.0197045719047533,0.692645808072187,0.00963378052809274,0.697705967313862,0.00867184128959196,0.692176493971416,0.00938898016865379,0.70711765609862,0.0109518668869203,0.682494370448704,0.0136707857532505
