"beta1","beta1_sd","beta2","beta2_sd","omega_b1","omega_b1_sd","omega_b2","omega_b2_sd","omega_cov","omega_cov_sd","rho","rho_sd","conv_code","omega_cor","tau1","tau1_sd","tau2","tau2_sd","tau3","tau3_sd","tau4","tau4_sd","tau5","tau5_sd","tau6","tau6_sd"
1.00703544412562,0.00832633773899584,1.01353972096567,0.010344453195144,0.250560284547444,0.00426196239484423,0.252836866676624,0.0140020179257283,-0.000577873423842219,0.00537149713417017,-0.897434006952586,0.00149011396340264,1,-0.00229591817112431,0.00827362869794266,0.0203987247369726,0.700108783259529,0.00910057496772057,0.687715579038904,0.00847830919871477,0.696244577647247,0.0088849194402996,0.69733537847626,0.0100035083347437,0.698815145540651,0.0120979637554531
