"beta1","beta1_sd","beta2","beta2_sd","omega_b1","omega_b1_sd","omega_b2","omega_b2_sd","omega_cov","omega_cov_sd","rho","rho_sd","conv_code","omega_cor","tau1","tau1_sd","tau2","tau2_sd","tau3","tau3_sd","tau4","tau4_sd","tau5","tau5_sd","tau6","tau6_sd"
1.00488449634534,0.00657894134341464,0.9903689004033,0.00648515717912718,0.249239950784433,0.00389992182259405,0.060384550139569,0.00569303344735838,-0.035970479727501,0.00336438396509889,0.299917128113778,0.0128851230312475,1,-0.293207100934049,0.0294677659924594,0.017383424860051,0.686133884675095,0.00709101381306771,0.695509549793667,0.00650985933984614,0.690023123519493,0.00728646232064384,0.703078934693346,0.0086448938924622,0.695287261116856,0.0110994891192644
