"beta1","beta1_sd","beta2","beta2_sd","omega_b1","omega_b1_sd","omega_b2","omega_b2_sd","omega_cov","omega_cov_sd","rho","rho_sd","conv_code","omega_cor","tau1","tau1_sd","tau2","tau2_sd","tau3","tau3_sd","tau4","tau4_sd","tau5","tau5_sd","tau6","tau6_sd"
0.992478003932578,0.00901922463796761,1.00548371120337,0.0119819893421433,0.247999457096753,0.00693744023156041,0.979534514912549,0.0262932261235023,-0.0122653426607218,0.00877354706353907,0.898086146258621,0.0023957589033259,1,-0.0248853898650804,0.000730949177959188,0.0315184943595872,0.683330349709643,0.0100751848907511,0.693168564413582,0.0090830513730198,0.69338110745326,0.00940758003486685,0.66867571647333,0.0107707239696407,0.693204961856104,0.0129768544811421
