"beta1","beta1_sd","beta2","beta2_sd","omega_b1","omega_b1_sd","omega_b2","omega_b2_sd","omega_cov","omega_cov_sd","rho","rho_sd","conv_code","omega_cor","tau1","tau1_sd","tau2","tau2_sd","tau3","tau3_sd","tau4","tau4_sd","tau5","tau5_sd","tau6","tau6_sd"
0.991801272510217,0.0108960353653725,1.0076657478201,0.0119768752516572,0.987961606190117,0.0171768781131728,0.961937267745844,0.0273748234486299,-0.876069790891906,0.0185022988245736,-0.0128376863096914,0.0173201919528517,1,-0.898659761132027,0.0203828606662082,0.0222222336363977,0.683358871403624,0.00962609831051504,0.692588339840691,0.00921592567157248,0.697835578202709,0.0103385601977599,0.672836995063371,0.0119188670079977,0.714623514171496,0.0139402415178627
