"beta1","beta1_sd","beta2","beta2_sd","omega_b1","omega_b1_sd","omega_b2","omega_b2_sd","omega_cov","omega_cov_sd","rho","rho_sd","conv_code","omega_cor","tau1","tau1_sd","tau2","tau2_sd","tau3","tau3_sd","tau4","tau4_sd","tau5","tau5_sd","tau6","tau6_sd"
0.990706765516947,0.00977183643135542,1.00051825500878,0.0109171077309776,0.243821646219604,0.00742710682612641,0.228098972454797,0.0138314740153097,0.215038286076207,0.00809251376080545,0.900598357344412,0.00244233586525582,1,0.911838648430723,0.0177577424341672,0.033283751432994,0.688680082882268,0.0118631189340387,0.677297164181587,0.010816677394733,0.696192577860029,0.0111576682810451,0.688865386585586,0.0127227504413912,0.674422108354008,0.0158811348827819
