"beta1","beta1_sd","beta2","beta2_sd","omega_b1","omega_b1_sd","omega_b2","omega_b2_sd","omega_cov","omega_cov_sd","rho","rho_sd","conv_code","omega_cor","tau1","tau1_sd","tau2","tau2_sd","tau3","tau3_sd","tau4","tau4_sd","tau5","tau5_sd","tau6","tau6_sd"
0.992745347215186,0.0116340068366762,1.01294839346956,0.0108764735922283,0.99253380910414,0.0179167984676075,0.0508804834312188,0.0109272545966918,0.0865142476680163,0.0115139077451887,-0.594687094461053,0.00680619956614898,1,0.384981062129235,-0.0404668157755953,0.023525010307646,0.684627875024694,0.0101450333973663,0.691255603047364,0.0101865443949421,0.697034520857017,0.0110900271461904,0.68618144506525,0.0125908830968177,0.672421165872395,0.0148072913928906
