"beta1","beta1_sd","beta2","beta2_sd","omega_b1","omega_b1_sd","omega_b2","omega_b2_sd","omega_cov","omega_cov_sd","rho","rho_sd","conv_code","omega_cor","tau1","tau1_sd","tau2","tau2_sd","tau3","tau3_sd","tau4","tau4_sd","tau5","tau5_sd","tau6","tau6_sd"
1.00460470744177,0.0112526462901706,0.995246700252836,0.00870581622523475,1.00124845213766,0.0204305844710562,0.0639538118727361,0.00789758970642488,-0.240088360550372,0.011809370474311,0.899093029577538,0.00287243995803053,1,-0.948783142244516,-0.0275319967066095,0.0317244097929688,0.702681669120157,0.00984589430320297,0.686479891019367,0.00945768418872304,0.687842579892058,0.0100122985304638,0.680970898844657,0.0112989905447457,0.698227691044186,0.0133780770806777
