"beta1","beta1_sd","beta2","beta2_sd","omega_b1","omega_b1_sd","omega_b2","omega_b2_sd","omega_cov","omega_cov_sd","rho","rho_sd","conv_code","omega_cor","tau1","tau1_sd","tau2","tau2_sd","tau3","tau3_sd","tau4","tau4_sd","tau5","tau5_sd","tau6","tau6_sd"
0.986902563924852,0.0109405296100899,1.00735392508165,0.0100000042276353,1.01960211991035,0.0176447545046853,0.234955585740209,0.0129504467259254,0.285070828168195,0.012213392753193,0.0123614398026605,0.0176834812149227,1,0.582431057794699,-0.0604184447074838,0.0219929669063018,0.697777118183703,0.00922195303086812,0.701371932144282,0.00939166817889041,0.690566196891399,0.0105755210200848,0.691768367761703,0.0120707017380564,0.684177570259414,0.0142469559984048
