"beta1","beta1_sd","beta2","beta2_sd","omega_b1","omega_b1_sd","omega_b2","omega_b2_sd","omega_cov","omega_cov_sd","rho","rho_sd","conv_code","omega_cor","tau1","tau1_sd","tau2","tau2_sd","tau3","tau3_sd","tau4","tau4_sd","tau5","tau5_sd","tau6","tau6_sd"
0.99740261742011,0.0121343157818305,0.996820277875843,0.0109645716944709,1.0254459775005,0.0214563343281605,0.065655856325832,0.0104470435801547,-0.1601043572639,0.0135379222282633,0.58051350355915,0.0210088335858134,1,-0.617035318774017,-0.0112139880663838,0.0283815201884798,0.699169767029365,0.0113372999669546,0.695316699192529,0.0112223511454223,0.696052195678854,0.0124366796330794,0.699453592112286,0.0142387684629376,0.673128297961466,0.0170552562255944
