"beta1","beta1_sd","beta2","beta2_sd","omega_b1","omega_b1_sd","omega_b2","omega_b2_sd","omega_cov","omega_cov_sd","rho","rho_sd","conv_code","omega_cor","tau1","tau1_sd","tau2","tau2_sd","tau3","tau3_sd","tau4","tau4_sd","tau5","tau5_sd","tau6","tau6_sd"
0.985766353274303,0.00990878825882725,0.995014448385887,0.0126728753802736,0.563625006143073,0.0101323077438896,0.9796284361528,0.0288425439375309,0.441554890961603,0.0123361660638432,-0.306332737524994,0.012276629528372,1,0.594235894504256,-0.0481250608102659,0.0215831796216408,0.699697402814888,0.0094499122086908,0.673945175254895,0.00967495642003127,0.698825894562543,0.0104980363631626,0.6927129747503,0.0120979854533684,0.679602403122478,0.0144120273861333
