"beta1","beta1_sd","beta2","beta2_sd","omega_b1","omega_b1_sd","omega_b2","omega_b2_sd","omega_cov","omega_cov_sd","rho","rho_sd","conv_code","omega_cor","tau1","tau1_sd","tau2","tau2_sd","tau3","tau3_sd","tau4","tau4_sd","tau5","tau5_sd","tau6","tau6_sd"
1.00557971400534,0.00863384682089694,0.988874301039999,0.0101654232518525,0.241427503262391,0.00663829827758786,0.539644474816194,0.0169149889062244,-0.21713521193129,0.0077335774953004,0.899066724996418,0.00218444834328093,1,-0.601565633782979,-0.00824721471107496,0.0308705811120065,0.700495254897535,0.0096325139108648,0.700191709014282,0.00868757889070135,0.687091085142151,0.00905664211841588,0.683835238289891,0.0105696649709322,0.678627755421102,0.0127670330114872
