"beta1","beta1_sd","beta2","beta2_sd","omega_b1","omega_b1_sd","omega_b2","omega_b2_sd","omega_cov","omega_cov_sd","rho","rho_sd","conv_code","omega_cor","tau1","tau1_sd","tau2","tau2_sd","tau3","tau3_sd","tau4","tau4_sd","tau5","tau5_sd","tau6","tau6_sd"
1.02384457275693,0.0131811705012911,1.03104441855225,0.0170490255977417,0.265563991927914,0.00726593598459054,0.564064137627541,0.0319093305144728,-0.00252854613219698,0.00784547356127059,-0.619455036202246,0.00993661227662981,1,-0.0065331411753531,0.000147378800976461,0.0252455403319708,0.721701169989408,0.0137429516998263,0.707701969275392,0.013630815995365,0.712515120156892,0.0147109145020828,0.688342989890971,0.0167683937088699,0.719834136308202,0.0192276176495618
