"beta1","beta1_sd","beta2","beta2_sd","omega_b1","omega_b1_sd","omega_b2","omega_b2_sd","omega_cov","omega_cov_sd","rho","rho_sd","conv_code","omega_cor","tau1","tau1_sd","tau2","tau2_sd","tau3","tau3_sd","tau4","tau4_sd","tau5","tau5_sd","tau6","tau6_sd"
0.994507364015163,0.00602225236674838,0.98945291061224,0.0094202673971321,0.0616909142188939,0.00155946499287913,0.557861297956151,0.0154731013250014,0.0525498340633036,0.00299141908516157,0.32962068242951,0.0137744788420316,1,0.283268073797967,-0.0257625323816509,0.0187195903271848,0.704348281205866,0.00851718869399036,0.68024601192727,0.00733853385741572,0.703729650437162,0.00809606285457199,0.676887913393076,0.00985145389448549,0.692842111865055,0.0129593183853446
