"beta1","beta1_sd","beta2","beta2_sd","omega_b1","omega_b1_sd","omega_b2","omega_b2_sd","omega_cov","omega_cov_sd","rho","rho_sd","conv_code","omega_cor","tau1","tau1_sd","tau2","tau2_sd","tau3","tau3_sd","tau4","tau4_sd","tau5","tau5_sd","tau6","tau6_sd"
1.00895564564103,0.00934725591151686,1.0030918381301,0.0116155651490224,0.572765362028664,0.0097630144948397,1.00197260124697,0.0264796963631922,-0.682490831109678,0.0133486337836381,0.00919715082889293,0.0165238799890631,1,-0.900908169550862,0.00879071791069805,0.0213315440017826,0.680376273895063,0.00936660524200409,0.713187455130899,0.00854662409851793,0.691189264346221,0.0096505838376349,0.68796140075009,0.0112317195579207,0.694385824874835,0.0134892170890354
