"beta1","beta1_sd","beta2","beta2_sd","omega_b1","omega_b1_sd","omega_b2","omega_b2_sd","omega_cov","omega_cov_sd","rho","rho_sd","conv_code","omega_cor","tau1","tau1_sd","tau2","tau2_sd","tau3","tau3_sd","tau4","tau4_sd","tau5","tau5_sd","tau6","tau6_sd"
1.00259206927721,0.00685606478227548,0.987364028112669,0.00933698296993611,0.0617085261831901,0.00120334901681425,0.0610548645071652,0.0093794355407077,-0.0343944956595034,0.00245562987207969,-0.898317271400283,0.00151827537249516,1,-0.560345931071614,0.0203906133902934,0.0175731622806347,0.679950022816939,0.00987527257116171,0.699218536294402,0.00880508262267943,0.700246372168015,0.00907621648708721,0.681069886818737,0.010389541101565,0.686556405501982,0.0127898063977776
