"beta1","beta1_sd","beta2","beta2_sd","omega_b1","omega_b1_sd","omega_b2","omega_b2_sd","omega_cov","omega_cov_sd","rho","rho_sd","conv_code","omega_cor","tau1","tau1_sd","tau2","tau2_sd","tau3","tau3_sd","tau4","tau4_sd","tau5","tau5_sd","tau6","tau6_sd"
0.996487655377886,0.0118723556962531,1.01445684598024,0.0157606304617272,0.562845507652724,0.0118172917289788,0.993229068665634,0.0398642960085891,-0.436506129356655,0.0155699852738613,-0.899823160074605,0.00196688638031049,1,-0.583809333099298,0.0119587600258396,0.0266429537006945,0.679237158535818,0.0119148726454317,0.70026448063377,0.0113221443857813,0.688803926822439,0.0119308305778798,0.696639184797599,0.013084869882793,0.722872010077231,0.0151200004178902
