"beta1","beta1_sd","beta2","beta2_sd","omega_b1","omega_b1_sd","omega_b2","omega_b2_sd","omega_cov","omega_cov_sd","rho","rho_sd","conv_code","omega_cor","tau1","tau1_sd","tau2","tau2_sd","tau3","tau3_sd","tau4","tau4_sd","tau5","tau5_sd","tau6","tau6_sd"
1.01075866940919,0.0192802050593934,0.989234031025209,0.0241474883889558,0.574259410784925,0.0214845033364672,0.253256251950729,0.0484280585449455,-0.215909609757199,0.0169199827052374,-0.900815680011657,0.00349251287177666,1,-0.56615822929363,-0.00680681163848568,0.0316418584317089,0.693185723557513,0.0197731827080987,0.710051762912062,0.0192641628815451,0.71439242733087,0.020173424159115,0.698908767300394,0.021589789206878,0.687101891208466,0.0235659441775845
