"beta1","beta1_sd","beta2","beta2_sd","omega_b1","omega_b1_sd","omega_b2","omega_b2_sd","omega_cov","omega_cov_sd","rho","rho_sd","conv_code","omega_cor","tau1","tau1_sd","tau2","tau2_sd","tau3","tau3_sd","tau4","tau4_sd","tau5","tau5_sd","tau6","tau6_sd"
1.01066067528235,0.020316757807566,0.996724482990669,0.026943558862979,0.578843792465614,0.022829012770687,0.975248370379906,0.0816440215715907,0.0403973975148463,0.0179792734163699,-0.903375346415991,0.00364345994624148,1,0.0537669103600495,0.0162907908959129,0.0339090267775236,0.707763065768327,0.020406169991953,0.685289017485289,0.0204439695750771,0.715759953058772,0.021038953752507,0.739578471598156,0.0223415365189168,0.699409835073065,0.024405658849731
