"beta1","beta1_sd","beta2","beta2_sd","omega_b1","omega_b1_sd","omega_b2","omega_b2_sd","omega_cov","omega_cov_sd","rho","rho_sd","conv_code","omega_cor","tau1","tau1_sd","tau2","tau2_sd","tau3","tau3_sd","tau4","tau4_sd","tau5","tau5_sd","tau6","tau6_sd"
1.02186993471794,0.0238863450555803,1.02942662895719,0.0298522137733504,1.06386649676752,0.0455627916739188,0.550355270516969,0.0721587343107961,0.200434664233419,0.0270938508940915,-0.906288797068693,0.00393882247798106,1,0.261943545636732,0.0491774177445262,0.0388774461486594,0.723217356889838,0.0224664469417988,0.69965274163076,0.02271691614372,0.722538294113303,0.0230734838663965,0.697548609860223,0.0248330395659255,0.728647712611345,0.0261150738503978
