"beta1","beta1_sd","beta2","beta2_sd","omega_b1","omega_b1_sd","omega_b2","omega_b2_sd","omega_cov","omega_cov_sd","rho","rho_sd","conv_code","omega_cor","tau1","tau1_sd","tau2","tau2_sd","tau3","tau3_sd","tau4","tau4_sd","tau5","tau5_sd","tau6","tau6_sd"
1.01195220271159,0.0070921586420119,0.998088617938974,0.00913868226593909,0.0634524867732453,0.00182083011223467,0.076234031783127,0.00882938770821598,-0.0198347420317525,0.0025536705653815,0.314333049261204,0.0159053693613424,1,-0.285185728503287,0.0365969023062485,0.0213821072039067,0.685391938312976,0.0103110214186062,0.695575584199402,0.00890109795383803,0.702798946444384,0.009700298728972,0.702379409399414,0.0115640637494373,0.704567685021578,0.0151569626054906
