"beta1","beta1_sd","beta2","beta2_sd","omega_b1","omega_b1_sd","omega_b2","omega_b2_sd","omega_cov","omega_cov_sd","rho","rho_sd","conv_code","omega_cor","tau1","tau1_sd","tau2","tau2_sd","tau3","tau3_sd","tau4","tau4_sd","tau5","tau5_sd","tau6","tau6_sd"
0.995755577364369,0.0102419591544776,0.987055432520776,0.0120062033496787,0.251645691157322,0.00589039016616059,0.0717390328024052,0.0132552422784412,0.116673456002926,0.00581241206896946,-0.294252258075136,0.0155696061313277,1,0.868359489251619,0.0164311677595925,0.0220839030524063,0.678971070425365,0.0114248009672126,0.70096743223086,0.0113089955239122,0.699392558575663,0.0127202039139436,0.678319990306431,0.0148460236127152,0.696701862631254,0.0180021605751183
