"beta1","beta1_sd","beta2","beta2_sd","omega_b1","omega_b1_sd","omega_b2","omega_b2_sd","omega_cov","omega_cov_sd","rho","rho_sd","conv_code","omega_cor","tau1","tau1_sd","tau2","tau2_sd","tau3","tau3_sd","tau4","tau4_sd","tau5","tau5_sd","tau6","tau6_sd"
1.00670004505143,0.00992741755910046,0.994999649811263,0.00723627477642663,1.00345972752097,0.0158846815767225,0.0722460141356384,0.00644964198843828,0.0634660430277775,0.00920653590965563,0.609815262334734,0.0136783377082878,1,0.235713524814403,0.00296866235819097,0.0215409801232136,0.682050069011019,0.00785742286547053,0.70277898614161,0.00763250549439064,0.700597494123911,0.00853604971586176,0.689901604142783,0.00991135917624063,0.68256380262311,0.0116730976354522
