"beta1","beta1_sd","beta2","beta2_sd","omega_b1","omega_b1_sd","omega_b2","omega_b2_sd","omega_cov","omega_cov_sd","rho","rho_sd","conv_code","omega_cor","tau1","tau1_sd","tau2","tau2_sd","tau3","tau3_sd","tau4","tau4_sd","tau5","tau5_sd","tau6","tau6_sd"
0.987177113029854,0.00890168643909537,0.99738677497793,0.00895028681117618,0.568555604631609,0.00870299186006923,0.241896226676811,0.0115463607128009,0.33967875074766,0.0082602899005447,-0.602068866077791,0.00501991715235038,1,0.915940705784252,-0.0247086372763187,0.0190399820270944,0.689192409154242,0.00804315417157499,0.688468861230373,0.00797108396377919,0.689991410792626,0.00880736439653474,0.691988228923011,0.0102206598308116,0.69513791010989,0.0122940838684298
