"beta1","beta1_sd","beta2","beta2_sd","omega_b1","omega_b1_sd","omega_b2","omega_b2_sd","omega_cov","omega_cov_sd","rho","rho_sd","conv_code","omega_cor","tau1","tau1_sd","tau2","tau2_sd","tau3","tau3_sd","tau4","tau4_sd","tau5","tau5_sd","tau6","tau6_sd"
1.00114277004429,0.00985289653910678,1.01014017377719,0.0113588874863731,0.57233226108562,0.0100498815867972,0.549461397836513,0.0202852060560466,-0.335405237051919,0.0104409957231319,-0.310572496953458,0.0118706556975782,1,-0.598104586418804,0.00455934108719366,0.0217678236530701,0.689985868845092,0.00962008941432158,0.684227110981361,0.00926619781796712,0.703008722505844,0.0102106434602231,0.70167162340518,0.011822976911622,0.683761646422423,0.0139954239554119
