"beta1","beta1_sd","beta2","beta2_sd","omega_b1","omega_b1_sd","omega_b2","omega_b2_sd","omega_cov","omega_cov_sd","rho","rho_sd","conv_code","omega_cor","tau1","tau1_sd","tau2","tau2_sd","tau3","tau3_sd","tau4","tau4_sd","tau5","tau5_sd","tau6","tau6_sd"
0.995486967486408,0.00494264528556009,1.00638580760351,0.00834158357733679,0.0610153845046925,0.00110889810580189,0.569701580083346,0.012706087551265,0.165824572083576,0.00296117010130405,0.00665581925898386,0.00975956878727651,1,0.889417145208647,-0.00324159436326319,0.0146106923714198,0.686689731193011,0.007224474486084,0.693205919657659,0.00620593387789397,0.681331901400785,0.00692297789875446,0.694712534954339,0.00813453770176085,0.691349827773433,0.0112850724382036
