"beta1","beta1_sd","beta2","beta2_sd","omega_b1","omega_b1_sd","omega_b2","omega_b2_sd","omega_cov","omega_cov_sd","rho","rho_sd","conv_code","omega_cor","tau1","tau1_sd","tau2","tau2_sd","tau3","tau3_sd","tau4","tau4_sd","tau5","tau5_sd","tau6","tau6_sd"
0.99818211225468,0.0117099886574534,0.996161346542943,0.0113472280912257,0.972522127189323,0.0206054656180331,0.552318437689267,0.0203091067087175,-0.422598542724108,0.0164076900682818,0.896520821511674,0.00300596958362616,1,-0.57661173774865,-0.0300660846037205,0.0327082513551041,0.693129103026348,0.0104038979997635,0.678134481407141,0.00997272244216748,0.696733984185625,0.0104411709646774,0.706207747785427,0.0118101103239548,0.680603995416727,0.0137875239350156
