"beta1","beta1_sd","beta2","beta2_sd","omega_b1","omega_b1_sd","omega_b2","omega_b2_sd","omega_cov","omega_cov_sd","rho","rho_sd","conv_code","omega_cor","tau1","tau1_sd","tau2","tau2_sd","tau3","tau3_sd","tau4","tau4_sd","tau5","tau5_sd","tau6","tau6_sd"
1.03548818677717,0.0129042006506144,1.02858821348937,0.0143663709792821,0.587016631793895,0.0141583767262183,0.265468040740122,0.0205632072346797,0.351052900506006,0.012462797246154,-0.336530082543466,0.0168578497084874,1,0.889285559754569,0.0491858170562229,0.0251312592807018,0.690561558595333,0.0126449127375404,0.710466208755721,0.0129419770077946,0.710169263591234,0.0142955228693398,0.725378255452965,0.0157522289532454,0.708781326994199,0.0187161438102193
