"beta1","beta1_sd","beta2","beta2_sd","omega_b1","omega_b1_sd","omega_b2","omega_b2_sd","omega_cov","omega_cov_sd","rho","rho_sd","conv_code","omega_cor","tau1","tau1_sd","tau2","tau2_sd","tau3","tau3_sd","tau4","tau4_sd","tau5","tau5_sd","tau6","tau6_sd"
1.00919110364594,0.0074328248989744,1.00223393677799,0.010080306115721,0.0613009243369564,0.00209954805571226,0.261240774109611,0.0128591698909768,0.0752998656676957,0.00344702434733137,0.608595378475662,0.00998197241978028,1,0.595031844830048,0.00728729566732075,0.023710146866574,0.708027923395491,0.0107084109892894,0.693904319204668,0.00925268682287891,0.695018951815253,0.00993669025942072,0.695706506637154,0.0118294654586461,0.695282133496001,0.0155953014130777
