"beta1","beta1_sd","beta2","beta2_sd","omega_b1","omega_b1_sd","omega_b2","omega_b2_sd","omega_cov","omega_cov_sd","rho","rho_sd","conv_code","omega_cor","tau1","tau1_sd","tau2","tau2_sd","tau3","tau3_sd","tau4","tau4_sd","tau5","tau5_sd","tau6","tau6_sd"
1.00468873934034,0.00824459136527629,0.998785236638232,0.00666604304420821,0.560626806891505,0.00881171616692397,0.0636578881979149,0.0058961551209218,-0.173876798315465,0.00612394902033425,0.60131418291814,0.0115009184626784,1,-0.920404198510013,0.0528904010542806,0.0204378118899556,0.683946156104668,0.00744286031874576,0.686442533444463,0.00701079984464814,0.68246375287864,0.00776739133624219,0.687847917409404,0.0091192474515049,0.700198225727147,0.0113676454165097
