"beta1","beta1_sd","beta2","beta2_sd","omega_b1","omega_b1_sd","omega_b2","omega_b2_sd","omega_cov","omega_cov_sd","rho","rho_sd","conv_code","omega_cor","tau1","tau1_sd","tau2","tau2_sd","tau3","tau3_sd","tau4","tau4_sd","tau5","tau5_sd","tau6","tau6_sd"
1.00932749904748,0.022843327995238,0.969465661312666,0.0276146901191336,1.02914831739144,0.0429046339527249,0.222804154430844,0.0662493311947826,0.102089948939173,0.0232576506822399,-0.90374538952968,0.00389409692854184,1,0.213197623924958,0.0252353240520364,0.0363288066725291,0.689340787564878,0.0220154702362034,0.698429063842696,0.0221172112327352,0.722028446220625,0.0227347366098894,0.716781843093837,0.0239542361806222,0.723686966689716,0.0254948877734448
