"beta1","beta1_sd","beta2","beta2_sd","omega_b1","omega_b1_sd","omega_b2","omega_b2_sd","omega_cov","omega_cov_sd","rho","rho_sd","conv_code","omega_cor","tau1","tau1_sd","tau2","tau2_sd","tau3","tau3_sd","tau4","tau4_sd","tau5","tau5_sd","tau6","tau6_sd"
1.01936832742169,0.00797267625132875,1.00917399176329,0.0103193518324116,0.0636590613101662,0.00164898735679867,0.0627749692590177,0.00982749121865282,-0.0544886195553864,0.00261353890904545,-0.300850368366003,0.0126847043666652,1,-0.861950718130229,0.0104250176854256,0.0203055201221043,0.722201948119165,0.010979930874215,0.687358166184344,0.00970066803594909,0.715254472914177,0.010632205507337,0.706840088820221,0.0126064917825213,0.677673117335015,0.016610573487331
