"beta1","beta1_sd","beta2","beta2_sd","omega_b1","omega_b1_sd","omega_b2","omega_b2_sd","omega_cov","omega_cov_sd","rho","rho_sd","conv_code","omega_cor","tau1","tau1_sd","tau2","tau2_sd","tau3","tau3_sd","tau4","tau4_sd","tau5","tau5_sd","tau6","tau6_sd"
0.994841459361203,0.00885621895721512,1.00526499102998,0.00705698511594916,0.556830983912332,0.0113299949489919,0.0537888199734049,0.00550579336903483,0.0927438310234049,0.00702867499349782,0.899917060924169,0.00233874683757704,1,0.53589206539106,-0.0235238703639566,0.028468547788699,0.69522524319768,0.00813258334044826,0.700847721437653,0.00759093242437578,0.692309013999575,0.00814476006467346,0.69195294424137,0.00941059119689414,0.694243782372574,0.0113563796088848
