"beta1","beta1_sd","beta2","beta2_sd","omega_b1","omega_b1_sd","omega_b2","omega_b2_sd","omega_cov","omega_cov_sd","rho","rho_sd","conv_code","omega_cor","tau1","tau1_sd","tau2","tau2_sd","tau3","tau3_sd","tau4","tau4_sd","tau5","tau5_sd","tau6","tau6_sd"
1.00162611026889,0.00610001762260599,0.995575484009221,0.00819019811487083,0.0630273268401956,0.00174246943401217,0.276389662043027,0.0101340119984456,-0.0828458368683291,0.0028750909240783,0.600877103795866,0.00806455315256941,1,-0.627690199715144,0.0198317414032171,0.0205764705992522,0.692771665302403,0.00872044049267772,0.690178922233594,0.0073797144116725,0.691481996407744,0.00777695971685125,0.691845462785947,0.00924689227429803,0.682023057243215,0.0125451596076668
