"beta1","beta1_sd","beta2","beta2_sd","omega_b1","omega_b1_sd","omega_b2","omega_b2_sd","omega_cov","omega_cov_sd","rho","rho_sd","conv_code","omega_cor","tau1","tau1_sd","tau2","tau2_sd","tau3","tau3_sd","tau4","tau4_sd","tau5","tau5_sd","tau6","tau6_sd"
1.00285098772321,0.00566321541227478,1.01306584077172,0.00822818738295681,0.0621698635005033,0.00110810506623145,0.253749051073844,0.0101722341801494,0.0742652214730848,0.00231011753772958,-0.601173119390636,0.00458555178924892,1,0.591280164651523,-0.00352305871536727,0.0145662474250421,0.697627440452494,0.00772748807499818,0.690070896166456,0.00689606178808088,0.69286153813333,0.00745001055387122,0.705394257874061,0.00867573745431046,0.695169363910191,0.0115511022922699
