"beta1","beta1_sd","beta2","beta2_sd","omega_b1","omega_b1_sd","omega_b2","omega_b2_sd","omega_cov","omega_cov_sd","rho","rho_sd","conv_code","omega_cor","tau1","tau1_sd","tau2","tau2_sd","tau3","tau3_sd","tau4","tau4_sd","tau5","tau5_sd","tau6","tau6_sd"
0.999468139579868,0.00988206986110467,1.01633396845882,0.0126652514862017,0.56012633746034,0.010335725865636,1.01123724195381,0.028643462769518,-0.0222260023137111,0.0103883602025544,-0.00304100348693441,0.0185770503233342,1,-0.0295319300125685,-0.0106543523080017,0.0224849742403743,0.702269504314226,0.00930857484061972,0.698440834821872,0.00920097484759432,0.691372649314132,0.0104639300786388,0.690998386678037,0.0120261708623171,0.668723394979565,0.0145051159651077
