"beta1","beta1_sd","beta2","beta2_sd","omega_b1","omega_b1_sd","omega_b2","omega_b2_sd","omega_cov","omega_cov_sd","rho","rho_sd","conv_code","omega_cor","tau1","tau1_sd","tau2","tau2_sd","tau3","tau3_sd","tau4","tau4_sd","tau5","tau5_sd","tau6","tau6_sd"
0.990299427674586,0.00785774791846483,0.998994509391619,0.00919914216395167,0.253487252203949,0.00642573248975947,0.548049926291188,0.0145454433907213,0.10610144881138,0.00682592309789618,0.899101968891996,0.00211028164250844,1,0.284664421410508,-0.00605984980268936,0.0288239907137434,0.69349954630903,0.00831212543069032,0.690912220711306,0.00751222340755064,0.689968622615729,0.00787510060527307,0.694065098069095,0.00900232770771143,0.693331684066598,0.0114019523092092
