"beta1","beta1_sd","beta2","beta2_sd","omega_b1","omega_b1_sd","omega_b2","omega_b2_sd","omega_cov","omega_cov_sd","rho","rho_sd","conv_code","omega_cor","tau1","tau1_sd","tau2","tau2_sd","tau3","tau3_sd","tau4","tau4_sd","tau5","tau5_sd","tau6","tau6_sd"
1.00784541155733,0.00606100862130197,0.998692213789357,0.00809575848180876,0.0636586261351039,0.00176376538132154,0.25073729788614,0.00969356273756693,0.0776498610890981,0.00283954503655206,0.601088936164009,0.00821407151820098,1,0.61461418835249,0.0139814622401688,0.0201080328201903,0.696829683253536,0.00860912517671281,0.687230673867152,0.00733005603800397,0.700976757015569,0.00780122699753167,0.703550219903419,0.00931600908455792,0.689319731078592,0.0127231053340567
