"beta1","beta1_sd","beta2","beta2_sd","omega_b1","omega_b1_sd","omega_b2","omega_b2_sd","omega_cov","omega_cov_sd","rho","rho_sd","conv_code","omega_cor","tau1","tau1_sd","tau2","tau2_sd","tau3","tau3_sd","tau4","tau4_sd","tau5","tau5_sd","tau6","tau6_sd"
0.996760007873927,0.00611727258764322,0.995763539634993,0.0106876858993035,0.0612524416591541,0.00152259434872591,0.963279473713793,0.0223803747582394,-0.0739943445329351,0.00347396372319804,0.292364795300095,0.0143315154912348,1,-0.304621583724509,0.00830661698475034,0.0189882312199834,0.694833475436296,0.00869900455445896,0.689870075991583,0.00746995459896282,0.683836249440598,0.00817167529691772,0.68637207549819,0.00981114459444507,0.691295241503354,0.0127977441002996
