"beta1","beta1_sd","beta2","beta2_sd","omega_b1","omega_b1_sd","omega_b2","omega_b2_sd","omega_cov","omega_cov_sd","rho","rho_sd","conv_code","omega_cor","tau1","tau1_sd","tau2","tau2_sd","tau3","tau3_sd","tau4","tau4_sd","tau5","tau5_sd","tau6","tau6_sd"
1.00561741395111,0.00888326339743666,1.01472950298326,0.00799377189203483,0.564542152303167,0.00989278503270267,0.0726545078256369,0.00721817568553227,-0.00971462346989121,0.0069167001661179,0.591302363862041,0.0143989250353828,1,-0.0479674357491489,-0.0110030428159737,0.0224420480857187,0.693956410012448,0.00853521736702336,0.697498096726679,0.00814722620475443,0.713243561528498,0.0091097794979199,0.700416558437049,0.0109874679021604,0.687056858600487,0.0133423569949462
