"beta1","beta1_sd","beta2","beta2_sd","omega_b1","omega_b1_sd","omega_b2","omega_b2_sd","omega_cov","omega_cov_sd","rho","rho_sd","conv_code","omega_cor","tau1","tau1_sd","tau2","tau2_sd","tau3","tau3_sd","tau4","tau4_sd","tau5","tau5_sd","tau6","tau6_sd"
1.02182357761925,0.0105849828421675,0.990261173631464,0.0114316549878897,0.988132641500647,0.0166877964689356,0.992223496708166,0.0247426570066494,-0.00508666448423767,0.0140863445246785,0.603317200797269,0.0165926605638589,1,-0.00513713189158598,0.0417106649327041,0.0236677211116506,0.692741904813003,0.00844450312402314,0.688027594281873,0.00818126877893434,0.686439316593128,0.00912951387849486,0.683253561924985,0.0105199299310077,0.682298738909343,0.0122776527433201
