"beta1","beta1_sd","beta2","beta2_sd","omega_b1","omega_b1_sd","omega_b2","omega_b2_sd","omega_cov","omega_cov_sd","rho","rho_sd","conv_code","omega_cor","tau1","tau1_sd","tau2","tau2_sd","tau3","tau3_sd","tau4","tau4_sd","tau5","tau5_sd","tau6","tau6_sd"
0.998876002800787,0.0112890494044333,0.991876542847985,0.0135085564249849,0.566978813352646,0.0133533569770074,0.564208923268337,0.0243912859259928,0.17426904865524,0.0115931928455124,0.325212045569381,0.0303559072019637,1,0.308117857836105,-0.0109244842008849,0.0265996685150204,0.715766758100694,0.0109996644779884,0.686610619794399,0.0114754902154449,0.680949377337137,0.0132462198834199,0.704953857696736,0.0151575601689355,0.670012017724002,0.0179038272406919
