"beta1","beta1_sd","beta2","beta2_sd","omega_b1","omega_b1_sd","omega_b2","omega_b2_sd","omega_cov","omega_cov_sd","rho","rho_sd","conv_code","omega_cor","tau1","tau1_sd","tau2","tau2_sd","tau3","tau3_sd","tau4","tau4_sd","tau5","tau5_sd","tau6","tau6_sd"
0.997895461224953,0.0157157665239323,0.985665495956598,0.0200288821418343,0.246733906446948,0.00823393755182621,0.103601438981678,0.0285378220959559,-0.0827883573842188,0.00808740831825324,-0.896572395138314,0.00310328707717346,1,-0.517811813776595,0.0306803124162762,0.0266000099805893,0.698302971469168,0.0169812855185767,0.667408436367272,0.016530339332665,0.696066652466776,0.017427376247577,0.673310858648251,0.0189809917067775,0.678422208021555,0.0212310126780974
