"beta1","beta1_sd","beta2","beta2_sd","omega_b1","omega_b1_sd","omega_b2","omega_b2_sd","omega_cov","omega_cov_sd","rho","rho_sd","conv_code","omega_cor","tau1","tau1_sd","tau2","tau2_sd","tau3","tau3_sd","tau4","tau4_sd","tau5","tau5_sd","tau6","tau6_sd"
1.00370029858509,0.00988897050453145,1.00410366150927,0.0120318586228633,0.247019126684677,0.00577724195731577,0.238908549295067,0.0160447138792524,-0.0673942285915176,0.00589478525571875,-0.0110073932227087,0.0222582914303868,1,-0.277422429101776,0.0446056584692451,0.0228885782717501,0.674343283119463,0.0110986176228841,0.703647837255622,0.0106582713111822,0.701008095870794,0.0122875215229594,0.724850469131133,0.0141371410469547,0.687079795155883,0.0173816194864924
