"beta1","beta1_sd","beta2","beta2_sd","omega_b1","omega_b1_sd","omega_b2","omega_b2_sd","omega_cov","omega_cov_sd","rho","rho_sd","conv_code","omega_cor","tau1","tau1_sd","tau2","tau2_sd","tau3","tau3_sd","tau4","tau4_sd","tau5","tau5_sd","tau6","tau6_sd"
1.02173928950323,0.0109624630611457,1.01846115398266,0.0120483395524519,0.584280977229049,0.0128657699974707,0.27607115770712,0.0162866437014114,0.117466218467588,0.0103647811213755,0.591695824744704,0.0188089272277028,1,0.292476917033798,0.0441679554743522,0.0270299923708443,0.700156985011778,0.0110609927927977,0.699001679705958,0.0109801421005596,0.702171088249026,0.0120240931628401,0.708966188621256,0.0140505955584708,0.703192742625888,0.0171841064725489
