"beta1","beta1_sd","beta2","beta2_sd","omega_b1","omega_b1_sd","omega_b2","omega_b2_sd","omega_cov","omega_cov_sd","rho","rho_sd","conv_code","omega_cor","tau1","tau1_sd","tau2","tau2_sd","tau3","tau3_sd","tau4","tau4_sd","tau5","tau5_sd","tau6","tau6_sd"
1.00104587815836,0.00667908655368162,1.00087629007549,0.0106140913981059,0.0622343968210962,0.00124767859917664,0.609153904672344,0.0182799773635518,-0.117194026017238,0.00329233503924974,-0.598361707276291,0.0057886758754902,1,-0.601903287641647,-0.0256254176635704,0.0176152033945132,0.703962594712349,0.00935067561951275,0.700967508908896,0.00818739631159919,0.690137234218856,0.00874372153628072,0.716934165090108,0.0100551142278207,0.701177689527038,0.0131001867439545
