"beta1","beta1_sd","beta2","beta2_sd","omega_b1","omega_b1_sd","omega_b2","omega_b2_sd","omega_cov","omega_cov_sd","rho","rho_sd","conv_code","omega_cor","tau1","tau1_sd","tau2","tau2_sd","tau3","tau3_sd","tau4","tau4_sd","tau5","tau5_sd","tau6","tau6_sd"
1.0039372391413,0.00726514985623605,0.990888783248727,0.0109539010944286,0.252985178476152,0.00404526011106732,1.02806687621247,0.0239799240353969,-0.460526615534424,0.00836764332605029,-0.596010383006992,0.00517753201816409,1,-0.90301821855013,0.00453587591436764,0.0173648782661914,0.686139329398635,0.00834858968342521,0.69278021198486,0.00754236291489888,0.696480812361209,0.00795790350154912,0.704708293439951,0.00934177883395738,0.686161074888555,0.0116972761332727
