"beta1","beta1_sd","beta2","beta2_sd","omega_b1","omega_b1_sd","omega_b2","omega_b2_sd","omega_cov","omega_cov_sd","rho","rho_sd","conv_code","omega_cor","tau1","tau1_sd","tau2","tau2_sd","tau3","tau3_sd","tau4","tau4_sd","tau5","tau5_sd","tau6","tau6_sd"
0.985949601843569,0.0120949740107242,0.970406443934327,0.0157508465620429,0.547050500453459,0.0117215166437808,0.901951757672423,0.0382515557173012,-0.0153779129973103,0.0129246722426705,-0.896617078807179,0.00207650898594222,1,-0.0218923324733765,-0.0152597186769721,0.0272723076841754,0.692365757822117,0.0119570508705836,0.686420848616232,0.011622667660926,0.660298221070261,0.0122656321318469,0.676625337379056,0.0134318925953124,0.681917592015792,0.0151773926207791
