"beta1","beta1_sd","beta2","beta2_sd","omega_b1","omega_b1_sd","omega_b2","omega_b2_sd","omega_cov","omega_cov_sd","rho","rho_sd","conv_code","omega_cor","tau1","tau1_sd","tau2","tau2_sd","tau3","tau3_sd","tau4","tau4_sd","tau5","tau5_sd","tau6","tau6_sd"
1.00256601355536,0.00808390983004881,1.01160793397235,0.00688618368476792,0.559668531722294,0.00832168456483092,0.0592052819468622,0.00608263346960541,-0.0954815443526741,0.00570834403637546,0.292811990967789,0.0143233419735567,1,-0.524534144325515,0.0113715669965931,0.0184825693495927,0.684351095884381,0.00732132608670149,0.705106475187967,0.00693164725080434,0.677830530302208,0.00798315408802495,0.702345067769189,0.00930026049824373,0.713105404935538,0.0112901618987921
