"beta1","beta1_sd","beta2","beta2_sd","omega_b1","omega_b1_sd","omega_b2","omega_b2_sd","omega_cov","omega_cov_sd","rho","rho_sd","conv_code","omega_cor","tau1","tau1_sd","tau2","tau2_sd","tau3","tau3_sd","tau4","tau4_sd","tau5","tau5_sd","tau6","tau6_sd"
0.983341505748993,0.0099954380228436,0.99362676703492,0.0127460142395977,0.566246116491141,0.0102649797141667,0.993785520739229,0.0295551478512484,-0.459260841733713,0.0124727603044479,-0.294002580042319,0.012690017015358,1,-0.61222416388188,-0.0115907984273292,0.0223639839944844,0.698295912891352,0.00977879116217237,0.688686545544874,0.00942203312911981,0.683849965858074,0.0104297058953803,0.690122954552068,0.0120551175174405,0.696431303842716,0.014256244669629
