"beta1","beta1_sd","beta2","beta2_sd","omega_b1","omega_b1_sd","omega_b2","omega_b2_sd","omega_cov","omega_cov_sd","rho","rho_sd","conv_code","omega_cor","tau1","tau1_sd","tau2","tau2_sd","tau3","tau3_sd","tau4","tau4_sd","tau5","tau5_sd","tau6","tau6_sd"
0.991092587210725,0.0101697259232306,0.998943860362518,0.0111033480134005,0.567255299413098,0.00977603537037665,0.253915475719691,0.015429921883315,0.0037074748427826,0.00924081581291262,-0.899364523436016,0.00156038429681282,1,0.00976887036068335,-0.0333362847751028,0.0235541763697019,0.699310510064208,0.00950218505294304,0.687053748495489,0.00904628764902337,0.684542581678667,0.00968113858643403,0.694139232679873,0.0108177651411332,0.667908059063789,0.0128193831865177
