"beta1","beta1_sd","beta2","beta2_sd","omega_b1","omega_b1_sd","omega_b2","omega_b2_sd","omega_cov","omega_cov_sd","rho","rho_sd","conv_code","omega_cor","tau1","tau1_sd","tau2","tau2_sd","tau3","tau3_sd","tau4","tau4_sd","tau5","tau5_sd","tau6","tau6_sd"
0.999318653959353,0.0080298406470866,0.994073017096635,0.00766016537519683,0.255446457683288,0.00652098290004206,0.0524248916601696,0.00636227471395619,0.0789208194091605,0.00529098752387995,0.894094119042851,0.00227831738000633,1,0.681981937848043,0.0264366227015487,0.0287298313902231,0.687877280919155,0.00913433266383895,0.682295244732569,0.0083377693111929,0.672022309155938,0.00885178048652135,0.700775157895254,0.0100306323635574,0.676325000638245,0.0126456529710904
