"beta1","beta1_sd","beta2","beta2_sd","omega_b1","omega_b1_sd","omega_b2","omega_b2_sd","omega_cov","omega_cov_sd","rho","rho_sd","conv_code","omega_cor","tau1","tau1_sd","tau2","tau2_sd","tau3","tau3_sd","tau4","tau4_sd","tau5","tau5_sd","tau6","tau6_sd"
1.00667558428222,0.00682469167165896,1.01111261404833,0.00780392997225751,0.255105420989216,0.00391027730771349,0.249207441446213,0.00941808659351498,0.155358545085704,0.00438559115634977,-0.0060539736912068,0.0112915001759724,1,0.616161840492502,0.0327032075503681,0.0169606016104156,0.687444224731225,0.00723460626997974,0.681666456101619,0.00690261518846643,0.701855989678089,0.00766259590490688,0.697579512502325,0.00908731117223439,0.709133432188748,0.01141333843583
