"beta1","beta1_sd","beta2","beta2_sd","omega_b1","omega_b1_sd","omega_b2","omega_b2_sd","omega_cov","omega_cov_sd","rho","rho_sd","conv_code","omega_cor","tau1","tau1_sd","tau2","tau2_sd","tau3","tau3_sd","tau4","tau4_sd","tau5","tau5_sd","tau6","tau6_sd"
1.01134773255624,0.00868316974891951,1.00403745869978,0.0115491301931618,0.256575389741643,0.00460817511691352,0.581919073756419,0.0212213304394346,-0.221331492179394,0.00687704742257329,-0.601607836837306,0.00632395741525375,1,-0.572801856792577,0.0256912367822708,0.0203846349824045,0.693052888455917,0.00977509895619588,0.695922007898968,0.00902273689477245,0.703043805054625,0.00969437116523306,0.696446234173963,0.0112782423139045,0.698824411773892,0.0137044502146587
