"beta1","beta1_sd","beta2","beta2_sd","omega_b1","omega_b1_sd","omega_b2","omega_b2_sd","omega_cov","omega_cov_sd","rho","rho_sd","conv_code","omega_cor","tau1","tau1_sd","tau2","tau2_sd","tau3","tau3_sd","tau4","tau4_sd","tau5","tau5_sd","tau6","tau6_sd"
0.988055982288926,0.00894800257979539,0.982511413395554,0.0108789294057823,0.245920101214528,0.0056722052377982,0.256838957052765,0.0141113811883527,0.0852907942934981,0.00612760465496736,0.594993731503713,0.0134826049744553,1,0.33937097457501,-0.0343281422987481,0.0251989777423547,0.687522565846473,0.0105789730505998,0.692730619586286,0.0097689919966972,0.687921093291822,0.0110473778600003,0.702630650986299,0.0132385925398939,0.709657968310945,0.0164643475747901
