"beta1","beta1_sd","beta2","beta2_sd","omega_b1","omega_b1_sd","omega_b2","omega_b2_sd","omega_cov","omega_cov_sd","rho","rho_sd","conv_code","omega_cor","tau1","tau1_sd","tau2","tau2_sd","tau3","tau3_sd","tau4","tau4_sd","tau5","tau5_sd","tau6","tau6_sd"
0.99745582078277,0.0136900694142397,0.999154201254728,0.0156834783768619,0.966520070436363,0.0205938253231225,0.602134919480607,0.0326985441933374,-0.226202631082322,0.0179130697004932,-0.898328128601254,0.00207086038112582,1,-0.296514070470757,0.0201263989451452,0.0298716836069402,0.690881944742839,0.0122825104483343,0.685350695470884,0.0119617212338028,0.674949435663093,0.0126231974396579,0.685413900207488,0.0138430776771599,0.68238720391439,0.0156603113934599
