"beta1","beta1_sd","beta2","beta2_sd","omega_b1","omega_b1_sd","omega_b2","omega_b2_sd","omega_cov","omega_cov_sd","rho","rho_sd","conv_code","omega_cor","tau1","tau1_sd","tau2","tau2_sd","tau3","tau3_sd","tau4","tau4_sd","tau5","tau5_sd","tau6","tau6_sd"
1.0019972603319,0.00719630199986055,0.995809165387046,0.00838082737767462,0.243293623509006,0.00372501941973774,0.228545224530927,0.0105468481824347,0.212657746138576,0.00486594119602548,-0.588800758558632,0.00487435024588959,1,0.901840568587813,0.0251124780487556,0.016848747013788,0.67445072635618,0.00771216055444355,0.689074421053212,0.0072806842275506,0.697482208489559,0.00809360071734524,0.675691719255882,0.00959713692277293,0.66134930071931,0.0119449811507039
