"beta1","beta1_sd","beta2","beta2_sd","omega_b1","omega_b1_sd","omega_b2","omega_b2_sd","omega_cov","omega_cov_sd","rho","rho_sd","conv_code","omega_cor","tau1","tau1_sd","tau2","tau2_sd","tau3","tau3_sd","tau4","tau4_sd","tau5","tau5_sd","tau6","tau6_sd"
1.00154254816267,0.00587352583508532,1.00066251837567,0.00798877157302715,0.0609766649770643,0.00108596988018118,0.0728043750066034,0.00765891515118009,-0.0550638331498729,0.00213933528459394,-0.900319837508772,0.00129415138798625,1,-0.826429607567867,0.0200004723922133,0.0155861642020566,0.689198422433705,0.00839754721661842,0.68746528924169,0.0075486873866194,0.694862113465881,0.00773765565721909,0.687548491383649,0.00881945691260859,0.702945279663931,0.0108952498932969
