"beta1","beta1_sd","beta2","beta2_sd","omega_b1","omega_b1_sd","omega_b2","omega_b2_sd","omega_cov","omega_cov_sd","rho","rho_sd","conv_code","omega_cor","tau1","tau1_sd","tau2","tau2_sd","tau3","tau3_sd","tau4","tau4_sd","tau5","tau5_sd","tau6","tau6_sd"
0.994262336149642,0.0110388087156143,1.02322617212678,0.0147704158864867,0.570425021631909,0.0114015919232065,1.00885321105472,0.0372505292277658,-0.679190294119547,0.0174808638460201,-0.900686380342268,0.00184565811675666,1,-0.895319816362942,0.0407986919725763,0.0246691308261185,0.674918071411416,0.0115045518251256,0.701897311040409,0.0108604523729965,0.709476003082819,0.0112765905183948,0.682765052679199,0.0127915785903918,0.706539073876433,0.0147284244582467
