"beta1","beta1_sd","beta2","beta2_sd","omega_b1","omega_b1_sd","omega_b2","omega_b2_sd","omega_cov","omega_cov_sd","rho","rho_sd","conv_code","omega_cor","tau1","tau1_sd","tau2","tau2_sd","tau3","tau3_sd","tau4","tau4_sd","tau5","tau5_sd","tau6","tau6_sd"
0.995210605180212,0.0057725345621973,1.00752148133852,0.0104052904947936,0.062540459941191,0.001186090760648,0.996067471904778,0.0212281636103733,-0.0784610799224961,0.00313828496841563,-0.286721151005254,0.00905992806232919,1,-0.314361510628588,-0.0205363626550426,0.0158004792828205,0.698799751010483,0.0078842861379967,0.689845570756568,0.00688065440870594,0.684851879186204,0.00744835405539285,0.704029313700265,0.00868767836065807,0.674736323822681,0.0114397024741727
