"beta1","beta1_sd","beta2","beta2_sd","omega_b1","omega_b1_sd","omega_b2","omega_b2_sd","omega_cov","omega_cov_sd","rho","rho_sd","conv_code","omega_cor","tau1","tau1_sd","tau2","tau2_sd","tau3","tau3_sd","tau4","tau4_sd","tau5","tau5_sd","tau6","tau6_sd"
1.01560839628387,0.00823253112845777,0.997525244894379,0.00786665191690285,0.567760966706872,0.00853520383746892,0.2512615555965,0.00996706169956568,-0.228433397822218,0.00713601471612708,0.296779209553975,0.0151270977652571,1,-0.604802825957818,0.0186343724324201,0.0191388507438081,0.689773795114165,0.00749520867528196,0.684220401841479,0.00710657670172811,0.705705995310615,0.00789374268766367,0.693870242348656,0.0093821183202852,0.702720207479825,0.0114355720077131
