"beta1","beta1_sd","beta2","beta2_sd","omega_b1","omega_b1_sd","omega_b2","omega_b2_sd","omega_cov","omega_cov_sd","rho","rho_sd","conv_code","omega_cor","tau1","tau1_sd","tau2","tau2_sd","tau3","tau3_sd","tau4","tau4_sd","tau5","tau5_sd","tau6","tau6_sd"
0.990800551449544,0.0134279408420531,0.992203360224834,0.0158668526888947,0.983293892276168,0.0240752465598484,0.984783165704513,0.0378563296539456,-0.303591369747875,0.0191179397264334,0.3206918166423,0.0355494124610709,1,-0.308515823034173,0.00221178702048146,0.029172442884635,0.68467067814218,0.01248021107566,0.679210276135855,0.012707959312125,0.718033610954572,0.0141000894587359,0.68208295770211,0.0162836729114206,0.709319756314359,0.0187770458221402
