"beta1","beta1_sd","beta2","beta2_sd","omega_b1","omega_b1_sd","omega_b2","omega_b2_sd","omega_cov","omega_cov_sd","rho","rho_sd","conv_code","omega_cor","tau1","tau1_sd","tau2","tau2_sd","tau3","tau3_sd","tau4","tau4_sd","tau5","tau5_sd","tau6","tau6_sd"
1.00198640953055,0.00694860348148044,1.00513304330423,0.0101483683352709,0.0640399748836427,0.00126898089057592,0.252761254433511,0.0130918128183664,-0.113139887094442,0.00322524546195635,-0.900581166390765,0.00151428943071398,1,-0.889272604806162,-0.0271775493741861,0.017842862477525,0.702463077320496,0.00999058646786234,0.695670243544046,0.00893092487579931,0.704883279756878,0.00915040474332003,0.701925531819685,0.0103081546274547,0.704257807379592,0.0127606081098898
