"beta1","beta1_sd","beta2","beta2_sd","omega_b1","omega_b1_sd","omega_b2","omega_b2_sd","omega_cov","omega_cov_sd","rho","rho_sd","conv_code","omega_cor","tau1","tau1_sd","tau2","tau2_sd","tau3","tau3_sd","tau4","tau4_sd","tau5","tau5_sd","tau6","tau6_sd"
1.01864213238636,0.0102009910931493,0.987808307882503,0.00863362728010663,0.98560741351495,0.0153126758380803,0.243744710473282,0.0114577743002803,0.457395168899035,0.0114406763827558,-0.311595331874983,0.00912389988772229,1,0.933194117569401,0.0145421778867771,0.0192340820393155,0.70503695595102,0.00799820132674654,0.693804898185022,0.00827136687596206,0.687660614861511,0.00919961206935899,0.693525296731435,0.0103734420210999,0.702732916154109,0.0121258468161579
