"beta1","beta1_sd","beta2","beta2_sd","omega_b1","omega_b1_sd","omega_b2","omega_b2_sd","omega_cov","omega_cov_sd","rho","rho_sd","conv_code","omega_cor","tau1","tau1_sd","tau2","tau2_sd","tau3","tau3_sd","tau4","tau4_sd","tau5","tau5_sd","tau6","tau6_sd"
0.996410862124297,0.0101577787182399,1.01989993833859,0.0150364166664862,0.249296506453607,0.00513718610607643,0.959801035442842,0.037125937387402,-0.00717106220471103,0.00817158574743372,-0.899558466808055,0.00184826591856088,1,-0.014660027549789,0.00308505880801399,0.0238595374984841,0.689121874142465,0.011297914044665,0.700715879492136,0.0105797485924859,0.695717163503032,0.0110658040530104,0.670488533410269,0.0125012301118644,0.673780077042545,0.0145625806395957
