"beta1","beta1_sd","beta2","beta2_sd","omega_b1","omega_b1_sd","omega_b2","omega_b2_sd","omega_cov","omega_cov_sd","rho","rho_sd","conv_code","omega_cor","tau1","tau1_sd","tau2","tau2_sd","tau3","tau3_sd","tau4","tau4_sd","tau5","tau5_sd","tau6","tau6_sd"
0.9883652758069,0.0133569046997977,1.0099854452782,0.0126298386669565,0.99536552317326,0.0244183316629175,0.243075133918764,0.0170028643842586,0.441981156514528,0.0179174331956698,0.90154172035444,0.003290693653691,1,0.898549879325992,-0.028314170002048,0.0368158913150855,0.683226662421945,0.0129615506935003,0.70731907258218,0.0123152335294013,0.681682748043155,0.0133704077876338,0.705249085261448,0.0147136343387333,0.687675851308927,0.0171826773401424
