"beta1","beta1_sd","beta2","beta2_sd","omega_b1","omega_b1_sd","omega_b2","omega_b2_sd","omega_cov","omega_cov_sd","rho","rho_sd","conv_code","omega_cor","tau1","tau1_sd","tau2","tau2_sd","tau3","tau3_sd","tau4","tau4_sd","tau5","tau5_sd","tau6","tau6_sd"
0.991327630214117,0.00634457763575405,0.990681834254533,0.00915355222955122,0.0604092787923191,0.0011659255330574,0.245145325240867,0.0116612575676552,-0.0733173954238537,0.00257950229401097,-0.587364341034045,0.00566087089396869,1,-0.602481054875448,-0.010507642895709,0.0169270571884105,0.683430830869638,0.00921080887692028,0.695437576549782,0.00790073852292662,0.690582028839006,0.00850888512592571,0.667981774049766,0.0100593713387427,0.681632755528338,0.012998937883898
