"beta1","beta1_sd","beta2","beta2_sd","omega_b1","omega_b1_sd","omega_b2","omega_b2_sd","omega_cov","omega_cov_sd","rho","rho_sd","conv_code","omega_cor","tau1","tau1_sd","tau2","tau2_sd","tau3","tau3_sd","tau4","tau4_sd","tau5","tau5_sd","tau6","tau6_sd"
1.00480458113182,0.00990937204818049,0.999208380734093,0.00819294552628877,1.00527450100273,0.0150954031824245,0.236501025068425,0.0104953721898342,-0.443042061442036,0.010816273191048,-0.0127440102892612,0.0124151363854546,1,-0.908627992243138,-0.00720564370541593,0.0190454150730039,0.69011783285026,0.0078309124877278,0.693900448207999,0.00757591720756993,0.690932670236595,0.00855680122606328,0.691339056890261,0.00990602952695856,0.704826036344968,0.0118613012011611
