"beta1","beta1_sd","beta2","beta2_sd","omega_b1","omega_b1_sd","omega_b2","omega_b2_sd","omega_cov","omega_cov_sd","rho","rho_sd","conv_code","omega_cor","tau1","tau1_sd","tau2","tau2_sd","tau3","tau3_sd","tau4","tau4_sd","tau5","tau5_sd","tau6","tau6_sd"
1.00288138618853,0.0056625723242007,1.00598139212666,0.00707841003671523,0.0640851625722938,0.00142872390040837,0.0642924055947211,0.00613266683149342,-0.0554569964270812,0.00208881692812496,0.303265204619192,0.0121649818843326,1,-0.863968206918019,-0.00805124382797211,0.0180666849269847,0.690622751524841,0.00840928270229833,0.702255304093413,0.00702388292165375,0.689442041002477,0.00758054668986906,0.705402606126994,0.00905328650906904,0.691933520157294,0.0121081726796226
