"beta1","beta1_sd","beta2","beta2_sd","omega_b1","omega_b1_sd","omega_b2","omega_b2_sd","omega_cov","omega_cov_sd","rho","rho_sd","conv_code","omega_cor","tau1","tau1_sd","tau2","tau2_sd","tau3","tau3_sd","tau4","tau4_sd","tau5","tau5_sd","tau6","tau6_sd"
1.01230130003233,0.010220859294334,1.01341076302372,0.0111626843206228,0.558636763250253,0.00982651813985837,0.243560697831714,0.0156563399818671,0.113890347321889,0.00865338186159074,-0.610749648356097,0.00638465097068209,1,0.308758239641884,0.0102050027425347,0.0223157232647488,0.705949849653638,0.00969580041660362,0.699351024773874,0.00952631382287631,0.707301984591429,0.0103958850400146,0.697785097229297,0.0119738512503088,0.701531205299724,0.0144818133659613
