"beta1","beta1_sd","beta2","beta2_sd","omega_b1","omega_b1_sd","omega_b2","omega_b2_sd","omega_cov","omega_cov_sd","rho","rho_sd","conv_code","omega_cor","tau1","tau1_sd","tau2","tau2_sd","tau3","tau3_sd","tau4","tau4_sd","tau5","tau5_sd","tau6","tau6_sd"
0.996954302402693,0.0107734459648,0.982396505895211,0.0137833700353012,0.558472412492528,0.0103526292061978,0.975329812720693,0.0333882467283253,-0.223252745425935,0.012284868585676,-0.899991500803334,0.00165775304715033,1,-0.302496390083005,-0.0321502636848848,0.0245616490115622,0.695308172615574,0.010098698341398,0.683648984193268,0.00963682094187043,0.694546101520797,0.0100471796524465,0.67266223350939,0.0112468233643672,0.683251442191284,0.0129830838431936
