"beta1","beta1_sd","beta2","beta2_sd","omega_b1","omega_b1_sd","omega_b2","omega_b2_sd","omega_cov","omega_cov_sd","rho","rho_sd","conv_code","omega_cor","tau1","tau1_sd","tau2","tau2_sd","tau3","tau3_sd","tau4","tau4_sd","tau5","tau5_sd","tau6","tau6_sd"
0.995587933945512,0.0104512295888013,0.998889985696903,0.00900987786994942,1.03320140326364,0.0161957419556437,0.249403243074045,0.011815681317317,0.308575063365771,0.0111397578791904,-0.29258439616255,0.00965989866850925,1,0.607879202381013,-0.0157432013894279,0.0198152031577484,0.68681762734681,0.00817503960862064,0.705170341636966,0.0081795108351842,0.699953164474463,0.00921017991650515,0.676091108517813,0.01079334987952,0.685259625638833,0.0124694384585059
