"beta1","beta1_sd","beta2","beta2_sd","omega_b1","omega_b1_sd","omega_b2","omega_b2_sd","omega_cov","omega_cov_sd","rho","rho_sd","conv_code","omega_cor","tau1","tau1_sd","tau2","tau2_sd","tau3","tau3_sd","tau4","tau4_sd","tau5","tau5_sd","tau6","tau6_sd"
1.00725402847928,0.00833332245441267,1.01289822991632,0.0121657601528021,0.252694498742553,0.00475316594298374,1.05226107441542,0.0273863263929044,-0.00142268343907274,0.00651476354988573,0.00343589949098445,0.0170339043497032,1,-0.00275898049308076,0.0040304461972195,0.0205931143478614,0.700505473270433,0.0089243234380276,0.695168088274475,0.0085882597181955,0.690306550005309,0.00963441717587603,0.710892483636555,0.0112454945366218,0.704132581988951,0.0137576809744721
