"beta1","beta1_sd","beta2","beta2_sd","omega_b1","omega_b1_sd","omega_b2","omega_b2_sd","omega_cov","omega_cov_sd","rho","rho_sd","conv_code","omega_cor","tau1","tau1_sd","tau2","tau2_sd","tau3","tau3_sd","tau4","tau4_sd","tau5","tau5_sd","tau6","tau6_sd"
1.00433409616663,0.00817841244940185,0.976614598780807,0.0102096644571899,0.559952622036557,0.0085448242794349,0.998146265688182,0.021980222436984,-0.67407072193981,0.0116667553382423,0.291111902821259,0.0147252864552785,1,-0.901639085069269,-0.0330833092697135,0.0189642163296703,0.695169318074616,0.00768539039352816,0.68747914244078,0.00707621835058011,0.695471438508819,0.00786749331039929,0.695621539116602,0.00933262633423426,0.667996817046384,0.0116665173043814
