"beta1","beta1_sd","beta2","beta2_sd","omega_b1","omega_b1_sd","omega_b2","omega_b2_sd","omega_cov","omega_cov_sd","rho","rho_sd","conv_code","omega_cor","tau1","tau1_sd","tau2","tau2_sd","tau3","tau3_sd","tau4","tau4_sd","tau5","tau5_sd","tau6","tau6_sd"
0.99151205430014,0.00851238831025358,1.00416865614052,0.0094589309243207,0.55435389498571,0.00875571030398058,0.562592044948089,0.0158076161773942,-0.00316252948170444,0.00792880836367902,0.314361865794448,0.0173512053471954,1,-0.00566296969654015,-0.0165100210854235,0.0199717592108399,0.691838120210352,0.00761307086490901,0.688438755194866,0.00747510517959566,0.695697155041045,0.00829581293321203,0.674141709513511,0.00987941775104079,0.679875749475252,0.0119503004535373
