"beta1","beta1_sd","beta2","beta2_sd","omega_b1","omega_b1_sd","omega_b2","omega_b2_sd","omega_cov","omega_cov_sd","rho","rho_sd","conv_code","omega_cor","tau1","tau1_sd","tau2","tau2_sd","tau3","tau3_sd","tau4","tau4_sd","tau5","tau5_sd","tau6","tau6_sd"
0.997348245440665,0.0090270543684536,0.991495854424609,0.0112344961278484,0.548699657210072,0.0096226865762167,1.0084485008333,0.0255756819500662,-0.670715951752697,0.0131151107713843,0.608201699932656,0.011946378769838,1,-0.901663373582724,0.0288343938402868,0.0231085543785278,0.679667742889897,0.00914783258288681,0.696082521147687,0.00833590103430831,0.682277295046557,0.00921561708489656,0.688361999811688,0.0108763628580724,0.689418940970094,0.0132387378158501
