"beta1","beta1_sd","beta2","beta2_sd","omega_b1","omega_b1_sd","omega_b2","omega_b2_sd","omega_cov","omega_cov_sd","rho","rho_sd","conv_code","omega_cor","tau1","tau1_sd","tau2","tau2_sd","tau3","tau3_sd","tau4","tau4_sd","tau5","tau5_sd","tau6","tau6_sd"
0.995487863559099,0.00737075154805283,1.00000115878092,0.00675050921674937,0.248079001798946,0.00603701911134434,0.0697600392294878,0.00560170216260359,-0.0755889810719294,0.00470001328894283,0.902104476596365,0.00189362669580295,1,-0.574592734498295,-0.0234279882929726,0.0278693121009413,0.711446585738115,0.00790251466166106,0.689613371338322,0.00711265158808757,0.704918135057969,0.00743143814643354,0.701018743276662,0.00864237462250986,0.678755038603039,0.0108267085985545
