"beta1","beta1_sd","beta2","beta2_sd","omega_b1","omega_b1_sd","omega_b2","omega_b2_sd","omega_cov","omega_cov_sd","rho","rho_sd","conv_code","omega_cor","tau1","tau1_sd","tau2","tau2_sd","tau3","tau3_sd","tau4","tau4_sd","tau5","tau5_sd","tau6","tau6_sd"
0.959443367352215,0.0203662184030395,0.93999120065104,0.0247729546393487,0.955711103708746,0.037121914655201,0.0630275184990222,0.0491817205435649,0.0774390383212519,0.020856375048186,-0.895172189819822,0.00398306327570345,1,0.31552336929384,0.00278418110667243,0.0345255901262212,0.646113170119917,0.020965239633692,0.679650177313741,0.0207958246272297,0.661735523725372,0.021694202770011,0.68237984085551,0.0229084566073572,0.652589775094317,0.0248994590576009
