"beta1","beta1_sd","beta2","beta2_sd","omega_b1","omega_b1_sd","omega_b2","omega_b2_sd","omega_cov","omega_cov_sd","rho","rho_sd","conv_code","omega_cor","tau1","tau1_sd","tau2","tau2_sd","tau3","tau3_sd","tau4","tau4_sd","tau5","tau5_sd","tau6","tau6_sd"
1.00124035342208,0.00610916163517881,0.990822205022883,0.0108793016897888,0.0619959291839995,0.00121844503530344,0.997462206346161,0.0224701157552309,-0.224455653044636,0.00424995535006272,-0.314859853900118,0.00939393995334,1,-0.902611237972443,-0.0241370530484239,0.0176222322591638,0.695513264252505,0.00916263447163976,0.696621805596748,0.00775675256696401,0.693215679335185,0.00820695057886699,0.693543618277025,0.00962662239052266,0.708246675963979,0.0123132799247297
