"beta1","beta1_sd","beta2","beta2_sd","omega_b1","omega_b1_sd","omega_b2","omega_b2_sd","omega_cov","omega_cov_sd","rho","rho_sd","conv_code","omega_cor","tau1","tau1_sd","tau2","tau2_sd","tau3","tau3_sd","tau4","tau4_sd","tau5","tau5_sd","tau6","tau6_sd"
0.998176155286318,0.00829100462748189,1.00846430915467,0.0114791168421264,0.0614623735739455,0.0016853139727875,0.240277786743258,0.0148151865456407,0.00541831288100198,0.00288478526125608,-0.306444493357481,0.0139541408498779,1,0.044586420168301,-0.00296250132832587,0.0207993626783924,0.691737965583753,0.0111836183869608,0.698908467649696,0.0100585999225813,0.687357125670182,0.0112415071501443,0.672329183532888,0.0132871871082192,0.715535244249738,0.0166167801750439
