"beta1","beta1_sd","beta2","beta2_sd","omega_b1","omega_b1_sd","omega_b2","omega_b2_sd","omega_cov","omega_cov_sd","rho","rho_sd","conv_code","omega_cor","tau1","tau1_sd","tau2","tau2_sd","tau3","tau3_sd","tau4","tau4_sd","tau5","tau5_sd","tau6","tau6_sd"
0.990127185478089,0.00551879963292487,0.993513583867694,0.00891650146886817,0.0584651107923801,0.00109437729912524,0.557609840178392,0.0140166998012848,0.0523072569684644,0.00248814797618809,-0.272702194775091,0.00851163260876202,1,0.289699898338169,-0.0101256854073979,0.015058916003016,0.687619749613926,0.0076348050813986,0.682049612795388,0.00666238368185606,0.676704524158131,0.00732737923181507,0.67442394398308,0.00865415000807183,0.6768955643356,0.0113544734645075
