"beta1","beta1_sd","beta2","beta2_sd","omega_b1","omega_b1_sd","omega_b2","omega_b2_sd","omega_cov","omega_cov_sd","rho","rho_sd","conv_code","omega_cor","tau1","tau1_sd","tau2","tau2_sd","tau3","tau3_sd","tau4","tau4_sd","tau5","tau5_sd","tau6","tau6_sd"
1.00122289173634,0.00869395343785773,0.995133049943695,0.00964359920002381,0.568338676123327,0.00883114410100289,0.560919916590415,0.0163930577692978,-0.173805219483637,0.00827200954550131,-0.00453162743664076,0.0135828060312722,1,-0.307828466206598,0.0230111461913793,0.0193255079097398,0.679145697388386,0.00779219832677233,0.693440258054876,0.0075816434343602,0.692353156398443,0.00852083225500526,0.716479976082563,0.00986256366562521,0.688859118534828,0.0119318224283752
