"beta1","beta1_sd","beta2","beta2_sd","omega_b1","omega_b1_sd","omega_b2","omega_b2_sd","omega_cov","omega_cov_sd","rho","rho_sd","conv_code","omega_cor","tau1","tau1_sd","tau2","tau2_sd","tau3","tau3_sd","tau4","tau4_sd","tau5","tau5_sd","tau6","tau6_sd"
0.994348673294109,0.0119326481405742,0.974884676546326,0.0145717230478664,0.243532087348335,0.00636983668887908,0.251386219291159,0.0221490440733553,0.154909481202259,0.00725672924822163,-0.587373394991057,0.0100888731315415,1,0.626079048680229,0.0245781434331858,0.0230798898424302,0.672731001915153,0.0130098627146413,0.671821566038332,0.0129492753530913,0.702058866899823,0.0140203647464373,0.660463287588857,0.0161850779326231,0.687505899844108,0.0190536901049135
