"beta1","beta1_sd","beta2","beta2_sd","omega_b1","omega_b1_sd","omega_b2","omega_b2_sd","omega_cov","omega_cov_sd","rho","rho_sd","conv_code","omega_cor","tau1","tau1_sd","tau2","tau2_sd","tau3","tau3_sd","tau4","tau4_sd","tau5","tau5_sd","tau6","tau6_sd"
0.995923724229765,0.0129665703100175,1.00784039454964,0.0178759448489178,0.267246173880134,0.00740465558451949,0.969764660210233,0.043743290606471,0.0034463145830641,0.00864236656440191,-0.600437693392851,0.0107735197103846,1,0.00676964652647869,-0.0213330941413593,0.0256636012522093,0.696414205829954,0.0139180942550753,0.694668768448185,0.0137322908562578,0.697483594754306,0.0148957569819659,0.700884919446858,0.016654340650051,0.732500286481394,0.0191304665425986
