"beta1","beta1_sd","beta2","beta2_sd","omega_b1","omega_b1_sd","omega_b2","omega_b2_sd","omega_cov","omega_cov_sd","rho","rho_sd","conv_code","omega_cor","tau1","tau1_sd","tau2","tau2_sd","tau3","tau3_sd","tau4","tau4_sd","tau5","tau5_sd","tau6","tau6_sd"
1.01144441856894,0.0124123331689635,1.01175829693727,0.0155233500699455,0.252454838032434,0.00668070647812584,0.272883629464475,0.0242621324208555,-0.0777138747433653,0.00699377239385963,-0.608995170000197,0.00970252116434226,1,-0.29608606805502,0.0105737803195711,0.0242434416225968,0.714919915568878,0.0133556578051695,0.684926638815744,0.0131298084940467,0.721491459589827,0.014060685277239,0.692832037692803,0.016317202440154,0.652321767355983,0.0191341260844001
