"beta1","beta1_sd","beta2","beta2_sd","omega_b1","omega_b1_sd","omega_b2","omega_b2_sd","omega_cov","omega_cov_sd","rho","rho_sd","conv_code","omega_cor","tau1","tau1_sd","tau2","tau2_sd","tau3","tau3_sd","tau4","tau4_sd","tau5","tau5_sd","tau6","tau6_sd"
0.999283140975682,0.0112016392194073,1.02558114995503,0.0117277222098352,0.996829255258989,0.0198705690381713,0.987881004231236,0.0262338937668642,-0.600605064155399,0.0181402329349021,0.904618052775474,0.00256760301118386,1,-0.605238135642038,-5.19532125487464e-05,0.0319258407670995,0.695185828660736,0.00917494645664942,0.694118884851257,0.0087414390801846,0.702378186617287,0.00914905495871874,0.674884881743683,0.0102687328667252,0.704462323005918,0.0118811975350011
