"beta1","beta1_sd","beta2","beta2_sd","omega_b1","omega_b1_sd","omega_b2","omega_b2_sd","omega_cov","omega_cov_sd","rho","rho_sd","conv_code","omega_cor","tau1","tau1_sd","tau2","tau2_sd","tau3","tau3_sd","tau4","tau4_sd","tau5","tau5_sd","tau6","tau6_sd"
0.997266999391933,0.0113182224669259,1.00807898254237,0.0117722599977459,0.98014787824946,0.0179044966050436,0.562416496848751,0.0209343032191059,-0.223699353603586,0.0137525069500706,0.0215517952654694,0.0198047640038523,1,-0.301293596550167,0.00453302542525697,0.0231631422344173,0.679860524288135,0.00976575346550369,0.703450419202106,0.00967380317437336,0.683060153734093,0.0109389504431655,0.698568441541643,0.0123817892333062,0.669399794882955,0.0146431516221118
