"beta1","beta1_sd","beta2","beta2_sd","omega_b1","omega_b1_sd","omega_b2","omega_b2_sd","omega_cov","omega_cov_sd","rho","rho_sd","conv_code","omega_cor","tau1","tau1_sd","tau2","tau2_sd","tau3","tau3_sd","tau4","tau4_sd","tau5","tau5_sd","tau6","tau6_sd"
1.00416577381251,0.00741817949016667,0.998307428639813,0.00993947302206718,0.0693262351470328,0.00335308729003075,0.569926316512349,0.0163837551804515,-0.109604768699168,0.00503646729901435,0.895929326001334,0.001892321795521,1,-0.551405744701556,0.035753167642367,0.0294127581153151,0.678104718864391,0.00967203845730011,0.696382772651573,0.00827868423677915,0.680536113169234,0.00856272640722047,0.698635305997028,0.00968530692427782,0.712161821916749,0.0121665529631062
