"beta1","beta1_sd","beta2","beta2_sd","omega_b1","omega_b1_sd","omega_b2","omega_b2_sd","omega_cov","omega_cov_sd","rho","rho_sd","conv_code","omega_cor","tau1","tau1_sd","tau2","tau2_sd","tau3","tau3_sd","tau4","tau4_sd","tau5","tau5_sd","tau6","tau6_sd"
1.00046300281212,0.0111856747385868,1.00922963242614,0.0113087752818203,0.993020160844251,0.0167571961287653,0.571478553589161,0.0206018797036189,-0.222519263720057,0.0131875586543659,-0.596706371379958,0.00593293561935562,1,-0.295385119262247,0.0268351874657843,0.0224373420653055,0.683732679381982,0.00907821670424679,0.683232216427048,0.00900158226301972,0.701418870985474,0.00971973174424424,0.700544780318171,0.0109215443236599,0.704934723562435,0.0127009938948611
