"beta1","beta1_sd","beta2","beta2_sd","omega_b1","omega_b1_sd","omega_b2","omega_b2_sd","omega_cov","omega_cov_sd","rho","rho_sd","conv_code","omega_cor","tau1","tau1_sd","tau2","tau2_sd","tau3","tau3_sd","tau4","tau4_sd","tau5","tau5_sd","tau6","tau6_sd"
1.00335239945087,0.00570121989514486,0.99518522725886,0.00917789066072347,0.0612347942279874,0.00125066256441396,0.565932932590142,0.0147365747282192,0.168708619553106,0.00332178388534164,0.012897389841621,0.012160127150007,1,0.906265937197678,0.0121981652491504,0.0166243541392488,0.696367269025474,0.00833672256437099,0.688359187097939,0.00725558234209052,0.688771147317593,0.00805261688612484,0.683432898055424,0.00965097132476108,0.71558500330933,0.0125946997897153
