"beta1","beta1_sd","beta2","beta2_sd","omega_b1","omega_b1_sd","omega_b2","omega_b2_sd","omega_cov","omega_cov_sd","rho","rho_sd","conv_code","omega_cor","tau1","tau1_sd","tau2","tau2_sd","tau3","tau3_sd","tau4","tau4_sd","tau5","tau5_sd","tau6","tau6_sd"
1.00074713186392,0.00602544356730706,0.998604031462564,0.00912104712304974,0.0636200729534049,0.00163740624835101,0.557580077810012,0.0147641794457713,-0.165214549871596,0.00361325860401984,0.589381463244009,0.00803027729905534,1,-0.877197905462862,0.0192832190356858,0.0209099469283458,0.681172978853776,0.00897741381878537,0.688975565862938,0.00742256310677414,0.693715741285186,0.00778183687258926,0.69910458732032,0.00912327293352031,0.693533404383472,0.0122127117468539
