"beta1","beta1_sd","beta2","beta2_sd","omega_b1","omega_b1_sd","omega_b2","omega_b2_sd","omega_cov","omega_cov_sd","rho","rho_sd","conv_code","omega_cor","tau1","tau1_sd","tau2","tau2_sd","tau3","tau3_sd","tau4","tau4_sd","tau5","tau5_sd","tau6","tau6_sd"
1.01007873691372,0.0106753498317691,0.998214345702759,0.00846966095143976,1.00519882151968,0.019192114457214,0.264749251630558,0.0114568739445371,-0.462186544201502,0.0129418478110735,0.904565755417216,0.00236512050558768,1,-0.895929716387545,0.0224956810094794,0.0303818827380415,0.705799490753898,0.00862615901245116,0.691037267792129,0.0082570642014536,0.70408276364972,0.00865438232623552,0.689314014406756,0.00981046782678686,0.681439079888976,0.0115215341835421
