"beta1","beta1_sd","beta2","beta2_sd","omega_b1","omega_b1_sd","omega_b2","omega_b2_sd","omega_cov","omega_cov_sd","rho","rho_sd","conv_code","omega_cor","tau1","tau1_sd","tau2","tau2_sd","tau3","tau3_sd","tau4","tau4_sd","tau5","tau5_sd","tau6","tau6_sd"
1.01522370412167,0.00875903304638669,1.0251810521933,0.0108440475021508,0.577150011131528,0.00962093310729329,1.02349675012679,0.0236757788585856,0.460337868462224,0.0111599249774192,0.604802622055626,0.0129874972801366,1,0.598947993364838,0.00872975803028284,0.0215601644986381,0.708285964086719,0.00770672907931206,0.701591163807041,0.00758383480893404,0.701128771328515,0.0085165538531578,0.703650869006117,0.00991013073354153,0.708196136258972,0.0119070898482076
