"beta1","beta1_sd","beta2","beta2_sd","omega_b1","omega_b1_sd","omega_b2","omega_b2_sd","omega_cov","omega_cov_sd","rho","rho_sd","conv_code","omega_cor","tau1","tau1_sd","tau2","tau2_sd","tau3","tau3_sd","tau4","tau4_sd","tau5","tau5_sd","tau6","tau6_sd"
1.00784445832484,0.0116017401946122,1.01804037798521,0.0168864823499665,0.0643479433230988,0.00198226322583777,0.519003632660162,0.0301153812863659,-0.111511231601176,0.00484677022977477,-0.901631837236578,0.00236067222444187,1,-0.610191394265012,0.00119173803083267,0.0223162954803801,0.695498288885643,0.0144734424571884,0.712156935148489,0.0134221233239302,0.693420004777067,0.014102319511884,0.704590814374409,0.0155990280369132,0.685715616993012,0.0182454520664852
