"beta1","beta1_sd","beta2","beta2_sd","omega_b1","omega_b1_sd","omega_b2","omega_b2_sd","omega_cov","omega_cov_sd","rho","rho_sd","conv_code","omega_cor","tau1","tau1_sd","tau2","tau2_sd","tau3","tau3_sd","tau4","tau4_sd","tau5","tau5_sd","tau6","tau6_sd"
1.00202874448672,0.00851848908319835,1.01174170736249,0.00936561406434098,0.555413246540007,0.00876310988816674,0.561233390988788,0.0157210522735775,-0.167997230588637,0.00808640505531014,0.341306458972281,0.0171182805441568,1,-0.300900046531206,0.00885887974473563,0.0199398859600183,0.693973777273637,0.00767298803469149,0.692004098143304,0.00736697681551907,0.69948621108161,0.00825318210603609,0.696202202729185,0.0097705901262688,0.692033751837352,0.0117879422170155
