"beta1","beta1_sd","beta2","beta2_sd","omega_b1","omega_b1_sd","omega_b2","omega_b2_sd","omega_cov","omega_cov_sd","rho","rho_sd","conv_code","omega_cor","tau1","tau1_sd","tau2","tau2_sd","tau3","tau3_sd","tau4","tau4_sd","tau5","tau5_sd","tau6","tau6_sd"
0.982382414674779,0.00991341117266544,0.997370219403313,0.0094147412301152,0.999939231844433,0.0152864172709474,0.563085080113495,0.016896617152231,0.670919967611133,0.013709086573079,0.0231406959330084,0.0136264891927596,1,0.894122252045294,-0.0331266207124732,0.0188955520175696,0.691201593441724,0.0076978193972772,0.711275656492651,0.00790920901418702,0.69302525888799,0.00906212304622202,0.691441212069419,0.0104369983999498,0.678290936160398,0.012329237181364
