"beta1","beta1_sd","beta2","beta2_sd","omega_b1","omega_b1_sd","omega_b2","omega_b2_sd","omega_cov","omega_cov_sd","rho","rho_sd","conv_code","omega_cor","tau1","tau1_sd","tau2","tau2_sd","tau3","tau3_sd","tau4","tau4_sd","tau5","tau5_sd","tau6","tau6_sd"
1.00005391124217,0.0115807016891876,1.01709345354437,0.0120653805122889,1.00437201679318,0.0181866327876527,0.563006286568385,0.0222181482219786,-0.45534013957744,0.0152895775037324,-0.298548182410751,0.0126107422649815,1,-0.605524907690023,0.0357740503114191,0.0232079241917208,0.690289023655129,0.0100944771415953,0.68597839368906,0.00998113396708468,0.700810858825185,0.0109371256985345,0.701884507523874,0.0122545203628003,0.710374162722675,0.0144395618849128
