"beta1","beta1_sd","beta2","beta2_sd","omega_b1","omega_b1_sd","omega_b2","omega_b2_sd","omega_cov","omega_cov_sd","rho","rho_sd","conv_code","omega_cor","tau1","tau1_sd","tau2","tau2_sd","tau3","tau3_sd","tau4","tau4_sd","tau5","tau5_sd","tau6","tau6_sd"
0.991843965764991,0.0147550521975896,0.992947630896353,0.0155203513639703,0.992470963202205,0.0255891689131841,0.235197760930652,0.022591095445606,0.155021237781713,0.0158105799429321,-0.303711898609794,0.0200328706094058,1,0.320860092253256,0.020049116230696,0.0282047036098765,0.683292484660534,0.0138730707042696,0.692279845787708,0.0141859568110114,0.676720799356428,0.0156679148803779,0.67895080352483,0.0173105532555033,0.710959579708093,0.0195728600367105
