"beta1","beta1_sd","beta2","beta2_sd","omega_b1","omega_b1_sd","omega_b2","omega_b2_sd","omega_cov","omega_cov_sd","rho","rho_sd","conv_code","omega_cor","tau1","tau1_sd","tau2","tau2_sd","tau3","tau3_sd","tau4","tau4_sd","tau5","tau5_sd","tau6","tau6_sd"
0.991752246342655,0.00706973657945023,1.0083840842369,0.00884607247783276,0.0631147053683902,0.00205374015783351,0.0527183895781103,0.00785918238870513,-0.0225736952417141,0.00281793483914966,0.601943640831324,0.009775828040447,1,-0.391341864988641,-0.0291143922621586,0.0235896288561113,0.706778203752598,0.0104989063396285,0.674161076050844,0.00902486419263349,0.691998213502006,0.00950857571776427,0.688736759554626,0.0112426049692182,0.691860716717648,0.0152222927775193
