"beta1","beta1_sd","beta2","beta2_sd","omega_b1","omega_b1_sd","omega_b2","omega_b2_sd","omega_cov","omega_cov_sd","rho","rho_sd","conv_code","omega_cor","tau1","tau1_sd","tau2","tau2_sd","tau3","tau3_sd","tau4","tau4_sd","tau5","tau5_sd","tau6","tau6_sd"
1.00747603795346,0.0106949752172632,1.01273847205091,0.0106000029059022,1.0245341715208,0.0166544521459944,0.555809972390715,0.0182454651912176,0.234513155273486,0.0125783503853824,-0.299658706980219,0.0104115331485824,1,0.310771238512591,-0.012225985962132,0.0206868281479425,0.696233007305091,0.00849792843854469,0.698174320369844,0.00850515287816,0.684292178979595,0.00956777592657979,0.713670590814078,0.0107623804000709,0.689505959427704,0.0126934179270042
