"beta1","beta1_sd","beta2","beta2_sd","omega_b1","omega_b1_sd","omega_b2","omega_b2_sd","omega_cov","omega_cov_sd","rho","rho_sd","conv_code","omega_cor","tau1","tau1_sd","tau2","tau2_sd","tau3","tau3_sd","tau4","tau4_sd","tau5","tau5_sd","tau6","tau6_sd"
0.993561646746885,0.0107670407382333,0.996588107140009,0.0129890244705432,0.267377405659009,0.00813081562297578,0.570703193268512,0.0229829071052805,0.248816534971008,0.0101404594428045,0.899570565831869,0.0026670881073827,1,0.636959374818296,-0.0450857641935577,0.0345305017961369,0.698207102203948,0.0123291845467501,0.703066819438797,0.0114024315636564,0.693644896282186,0.0120761174040648,0.673641834226094,0.0135815075962692,0.710160590363369,0.0162935275313916
