"beta1","beta1_sd","beta2","beta2_sd","omega_b1","omega_b1_sd","omega_b2","omega_b2_sd","omega_cov","omega_cov_sd","rho","rho_sd","conv_code","omega_cor","tau1","tau1_sd","tau2","tau2_sd","tau3","tau3_sd","tau4","tau4_sd","tau5","tau5_sd","tau6","tau6_sd"
1.01529232693504,0.00892382234754193,1.00704859224202,0.00799776672506759,0.567457852909117,0.0100607714656511,0.0657277512052694,0.0070943242478513,0.0557561869106132,0.00697311487454845,0.627500489489766,0.0126777744015439,1,0.288703383188929,0.0260587203350678,0.0225332551494623,0.702922475608812,0.00854675307472805,0.698663304769285,0.00825310596733492,0.686358824317437,0.00930628610391726,0.701729650650591,0.0109023566690806,0.679772598900383,0.0133448129986921
