"beta1","beta1_sd","beta2","beta2_sd","omega_b1","omega_b1_sd","omega_b2","omega_b2_sd","omega_cov","omega_cov_sd","rho","rho_sd","conv_code","omega_cor","tau1","tau1_sd","tau2","tau2_sd","tau3","tau3_sd","tau4","tau4_sd","tau5","tau5_sd","tau6","tau6_sd"
1.0005996263516,0.0218957396616183,1.03405012039941,0.0270542998502043,0.984340956878186,0.040124631769333,0.0220744668332034,0.00639442789502564,0.147406925903236,0.0219522801065902,-0.896630919547558,0.00408565491002816,1,0.99999999997862,0.0395707770705251,0.0349288719914655,0.675564204443456,0.0216225442685966,0.686435615110934,0.021707228273155,0.699155720616358,0.0223254759628113,0.662684649493295,0.0237711835652397,0.716257632984903,0.0254446781534306
