"beta1","beta1_sd","beta2","beta2_sd","omega_b1","omega_b1_sd","omega_b2","omega_b2_sd","omega_cov","omega_cov_sd","rho","rho_sd","conv_code","omega_cor","tau1","tau1_sd","tau2","tau2_sd","tau3","tau3_sd","tau4","tau4_sd","tau5","tau5_sd","tau6","tau6_sd"
1.00585484932635,0.0131850996702245,0.996512033852127,0.0131405757872911,0.977549541889246,0.0198197011840636,0.0652498416740623,0.0142587424924059,0.107908988958082,0.0142788533827732,-0.898543911730837,0.00196840539318553,1,0.427266166475739,0.0260945677502848,0.0282822832380197,0.682796010753516,0.0118839738481401,0.690197266810611,0.0116202695801315,0.687004189402508,0.012127374187364,0.66890422586724,0.0134794561157741,0.686729493328546,0.0152987134220259
