"beta1","beta1_sd","beta2","beta2_sd","omega_b1","omega_b1_sd","omega_b2","omega_b2_sd","omega_cov","omega_cov_sd","rho","rho_sd","conv_code","omega_cor","tau1","tau1_sd","tau2","tau2_sd","tau3","tau3_sd","tau4","tau4_sd","tau5","tau5_sd","tau6","tau6_sd"
0.994394361600921,0.00751024920366818,0.995667127309934,0.0103598069986477,0.0597650937564252,0.00170877499719771,0.24061708929103,0.0133697219660452,0.0011615008666989,0.00285037868681484,0.0461425879258817,0.0176789510751528,1,0.00968573318308855,0.0240991176807538,0.0206892355800539,0.670760207957905,0.0106712434537821,0.690293459140066,0.00923495253060875,0.675915950982069,0.0103533079644365,0.682082777832549,0.0123443547100321,0.661669107443554,0.0162716152140131
