"beta1","beta1_sd","beta2","beta2_sd","omega_b1","omega_b1_sd","omega_b2","omega_b2_sd","omega_cov","omega_cov_sd","rho","rho_sd","conv_code","omega_cor","tau1","tau1_sd","tau2","tau2_sd","tau3","tau3_sd","tau4","tau4_sd","tau5","tau5_sd","tau6","tau6_sd"
1.00576477887173,0.0104067906511328,0.984948541333772,0.0142110816361305,0.244451633452136,0.00568984492669625,0.979160990294579,0.0324517708589009,-0.439745386731614,0.0107494848093629,-0.306640955919516,0.0155097507834008,1,-0.898830433599236,0.0291329242851234,0.0233368867733393,0.682878215857929,0.0121640893069662,0.69279566573356,0.0110455576155917,0.693348821155137,0.0123583973071039,0.701880004105786,0.0143082444347043,0.687203867349832,0.0176864095273978
