"beta1","beta1_sd","beta2","beta2_sd","omega_b1","omega_b1_sd","omega_b2","omega_b2_sd","omega_cov","omega_cov_sd","rho","rho_sd","conv_code","omega_cor","tau1","tau1_sd","tau2","tau2_sd","tau3","tau3_sd","tau4","tau4_sd","tau5","tau5_sd","tau6","tau6_sd"
0.997774252148755,0.00647298758845387,1.00006470293765,0.00853921797110962,0.24672112652382,0.00384609167159437,0.564701907391671,0.013571191236917,0.335031975198666,0.00586384254810821,0.297476737418606,0.0130029906049274,1,0.897580607081016,0.0096288120400317,0.0170515223562316,0.684511876957631,0.00694839961557336,0.694962815111005,0.00655462278599266,0.6813363531752,0.00752788569307513,0.707451924264286,0.00900320026480781,0.683644439038326,0.0114878507528639
