"beta1","beta1_sd","beta2","beta2_sd","omega_b1","omega_b1_sd","omega_b2","omega_b2_sd","omega_cov","omega_cov_sd","rho","rho_sd","conv_code","omega_cor","tau1","tau1_sd","tau2","tau2_sd","tau3","tau3_sd","tau4","tau4_sd","tau5","tau5_sd","tau6","tau6_sd"
0.994957276707615,0.00964305433002069,0.999860760510876,0.00830959696960005,0.56814365192446,0.0121640007822694,0.0558757472704674,0.00689403264742895,-0.0451117707596797,0.0080965831370317,0.898976513198192,0.00250678587483311,1,-0.253191500898379,-0.0178476752113211,0.0303475214604203,0.704176392441238,0.00948400585563939,0.682149670961521,0.00899221564127185,0.699353328870569,0.00926987153665749,0.69427656222665,0.0107769392489677,0.711197140530142,0.0129307544872137
