"beta1","beta1_sd","beta2","beta2_sd","omega_b1","omega_b1_sd","omega_b2","omega_b2_sd","omega_cov","omega_cov_sd","rho","rho_sd","conv_code","omega_cor","tau1","tau1_sd","tau2","tau2_sd","tau3","tau3_sd","tau4","tau4_sd","tau5","tau5_sd","tau6","tau6_sd"
0.978922456208353,0.0117535391582605,0.978544175673764,0.0137470550193115,0.241362489455497,0.00618659322877724,0.045471181496512,0.0155259604798464,-0.0419274391541554,0.00597607403623749,-0.58966824160408,0.00957985387662181,1,-0.400216813357399,-0.00920644356440772,0.0232162068350307,0.679737757691331,0.0129941583889935,0.681068832385143,0.0126027083038562,0.679899011847881,0.0138683670086751,0.676318625069228,0.0159426290392171,0.667328650238835,0.0189476772634209
