"beta1","beta1_sd","beta2","beta2_sd","omega_b1","omega_b1_sd","omega_b2","omega_b2_sd","omega_cov","omega_cov_sd","rho","rho_sd","conv_code","omega_cor","tau1","tau1_sd","tau2","tau2_sd","tau3","tau3_sd","tau4","tau4_sd","tau5","tau5_sd","tau6","tau6_sd"
1.00575004427197,0.00641727887327318,1.01200612022446,0.010916326878961,0.0646844015554463,0.00182661903510193,1.03890889753597,0.0233997559912153,-0.15543723234174,0.00429537706090627,0.592686095160128,0.00890087537200729,1,-0.599606786498101,-0.0324766056495822,0.0216103206695861,0.705569294670178,0.0091807858379274,0.707420092722395,0.00763185582843929,0.700137042010534,0.00809814669975317,0.702621971864167,0.009629015865245,0.691108285254601,0.0126966693567765
