"beta1","beta1_sd","beta2","beta2_sd","omega_b1","omega_b1_sd","omega_b2","omega_b2_sd","omega_cov","omega_cov_sd","rho","rho_sd","conv_code","omega_cor","tau1","tau1_sd","tau2","tau2_sd","tau3","tau3_sd","tau4","tau4_sd","tau5","tau5_sd","tau6","tau6_sd"
0.980901504534455,0.0101132088886715,0.983251509716033,0.00799484979397099,0.99915991066715,0.0153577974949502,0.0681871893955517,0.00815920242998288,-0.147015494942446,0.00921974289328172,-0.293670873615744,0.00935832118779402,1,-0.563240940850935,-0.008964843522247,0.0194141809383165,0.68992441510478,0.00807578106131149,0.685278649014318,0.00805788489956477,0.69164209942266,0.00895555767224883,0.68641195115247,0.0103463261176467,0.678049628091546,0.0123388260079077
