"beta1","beta1_sd","beta2","beta2_sd","omega_b1","omega_b1_sd","omega_b2","omega_b2_sd","omega_cov","omega_cov_sd","rho","rho_sd","conv_code","omega_cor","tau1","tau1_sd","tau2","tau2_sd","tau3","tau3_sd","tau4","tau4_sd","tau5","tau5_sd","tau6","tau6_sd"
1.01646000611755,0.0123000126596655,1.01438941390602,0.0128957966265846,0.589921579964465,0.0156286667974376,0.255563323355959,0.0164109910577303,0.118647978567083,0.0125126665726329,0.900872496675483,0.00303097764764618,1,0.305572268419237,-0.00827645616732751,0.0362338681215738,0.71691933134477,0.0125001285413412,0.694651892175075,0.0120226346515806,0.716445834374666,0.012569368941037,0.718748606790012,0.0141771469016352,0.686027811516116,0.0174034266520293
