"beta1","beta1_sd","beta2","beta2_sd","omega_b1","omega_b1_sd","omega_b2","omega_b2_sd","omega_cov","omega_cov_sd","rho","rho_sd","conv_code","omega_cor","tau1","tau1_sd","tau2","tau2_sd","tau3","tau3_sd","tau4","tau4_sd","tau5","tau5_sd","tau6","tau6_sd"
1.01143777304775,0.0113075127204984,1.01494223639724,0.0151393109904753,0.0625360663374825,0.00187983137045603,0.0773527219590927,0.0172722523701608,-0.0374224590199642,0.00325718352557826,-0.901303980565116,0.00226705889552661,1,-0.53805818377253,0.00480969349115328,0.0213067779920484,0.707072568048644,0.014018609285945,0.697333837270423,0.0132467070522356,0.699284475766842,0.0136069450358927,0.699925251958557,0.0153221254086066,0.701442953378316,0.0182558033724034
