"beta1","beta1_sd","beta2","beta2_sd","omega_b1","omega_b1_sd","omega_b2","omega_b2_sd","omega_cov","omega_cov_sd","rho","rho_sd","conv_code","omega_cor","tau1","tau1_sd","tau2","tau2_sd","tau3","tau3_sd","tau4","tau4_sd","tau5","tau5_sd","tau6","tau6_sd"
1.01214999426362,0.00905670487012993,1.03210410557176,0.0143280528509005,0.064762191100933,0.00185623223278843,1.0580780959018,0.0328404240882015,-0.0737319192766227,0.00434233806481856,-0.315437574418106,0.0150495477128735,1,-0.281666962340127,-0.0027162152474966,0.0221792564904796,0.706478492250287,0.0117480616395455,0.705301545938201,0.0105225145401763,0.712340866587371,0.0115673747918163,0.701649397885062,0.0135198874718239,0.684111913464177,0.0171070964878548
