"beta1","beta1_sd","beta2","beta2_sd","omega_b1","omega_b1_sd","omega_b2","omega_b2_sd","omega_cov","omega_cov_sd","rho","rho_sd","conv_code","omega_cor","tau1","tau1_sd","tau2","tau2_sd","tau3","tau3_sd","tau4","tau4_sd","tau5","tau5_sd","tau6","tau6_sd"
1.00775103264032,0.0134385854319578,0.977619394698411,0.0132871505306383,0.962079449606429,0.022576260339232,0.222918015276587,0.018354626180118,-0.313282704380385,0.0149100075630356,0.0325120265129897,0.0282093426318854,1,-0.676485303781239,0.0457901598439623,0.0271337834207702,0.690016115378167,0.0124505108045182,0.658304704756183,0.0127073458261693,0.691662440887385,0.0138805040129813,0.690586519261123,0.0157390264560277,0.709183089411755,0.0185982736782262
