"beta1","beta1_sd","beta2","beta2_sd","omega_b1","omega_b1_sd","omega_b2","omega_b2_sd","omega_cov","omega_cov_sd","rho","rho_sd","conv_code","omega_cor","tau1","tau1_sd","tau2","tau2_sd","tau3","tau3_sd","tau4","tau4_sd","tau5","tau5_sd","tau6","tau6_sd"
1.0051251351165,0.00531501482314868,1.00492178101179,0.00997115610976491,0.0632935188869944,0.00133280226867573,1.02468909394425,0.020212364628995,0.150741393523773,0.00348306158517282,0.302601514019985,0.0122464559470204,1,0.591911595784893,-0.00674342799966765,0.0167116419002988,0.699173936699741,0.00747890721541234,0.696080701756078,0.00635240203027227,0.704099887678726,0.00694769268806735,0.68496264162317,0.00841154864507445,0.704717575437444,0.0111731760078457
