"beta1","beta1_sd","beta2","beta2_sd","omega_b1","omega_b1_sd","omega_b2","omega_b2_sd","omega_cov","omega_cov_sd","rho","rho_sd","conv_code","omega_cor","tau1","tau1_sd","tau2","tau2_sd","tau3","tau3_sd","tau4","tau4_sd","tau5","tau5_sd","tau6","tau6_sd"
0.989893403163747,0.0103677888832205,0.985758583037823,0.0102074529247751,0.987454118303184,0.0158653043281045,0.54683061878284,0.0175879873630386,0.453022884142912,0.0130449750607216,-0.283042973230927,0.0104705015132281,1,0.616503101650777,0.0087421234697412,0.0198269600328855,0.684427776664368,0.00828920109351862,0.680406122164779,0.00853226255083339,0.674526278272111,0.00938404341513541,0.683008715710341,0.010677318206688,0.701342730380126,0.0125375210283819
