"beta1","beta1_sd","beta2","beta2_sd","omega_b1","omega_b1_sd","omega_b2","omega_b2_sd","omega_cov","omega_cov_sd","rho","rho_sd","conv_code","omega_cor","tau1","tau1_sd","tau2","tau2_sd","tau3","tau3_sd","tau4","tau4_sd","tau5","tau5_sd","tau6","tau6_sd"
1.00291589851883,0.00699488236253009,0.999968252056672,0.00886805275347745,0.251194773842011,0.00441702996932246,0.558995540200969,0.0143859841280885,-0.229512553918491,0.00577167471563787,0.60448650661561,0.00984421119448546,1,-0.612487139753387,0.0100990449696897,0.0203130500101395,0.694281428978216,0.00767978705998682,0.685743595101094,0.0068576256676001,0.702120764235515,0.007428205148791,0.713869643757873,0.00879595446452254,0.68175883253136,0.0113741055705031
