"beta1","beta1_sd","beta2","beta2_sd","omega_b1","omega_b1_sd","omega_b2","omega_b2_sd","omega_cov","omega_cov_sd","rho","rho_sd","conv_code","omega_cor","tau1","tau1_sd","tau2","tau2_sd","tau3","tau3_sd","tau4","tau4_sd","tau5","tau5_sd","tau6","tau6_sd"
0.980121689921879,0.0096428577341904,0.988651062082118,0.0137841049384068,0.057025071631435,0.00394461129831623,0.977238881086559,0.0306920404760342,0.0771484613284958,0.00684807452157583,0.902908099317652,0.00223326352255822,1,0.326808978996085,-0.0488021192612302,0.0343683868583452,0.707380624617046,0.0124481231044363,0.679431511840457,0.0111621560662542,0.681919081734624,0.0113658306701641,0.687321825721059,0.0125745127293044,0.678043009301632,0.0158478855441074
