"beta1","beta1_sd","beta2","beta2_sd","omega_b1","omega_b1_sd","omega_b2","omega_b2_sd","omega_cov","omega_cov_sd","rho","rho_sd","conv_code","omega_cor","tau1","tau1_sd","tau2","tau2_sd","tau3","tau3_sd","tau4","tau4_sd","tau5","tau5_sd","tau6","tau6_sd"
1.00747100359735,0.0111243799020426,0.984583079024512,0.0119807683819554,0.540942920085866,0.0103472760711415,0.0606468224410652,0.0129692350997946,0.154393182475973,0.00955142822993892,-0.89762513738307,0.00181842508805212,1,0.852409680527454,0.0356389389246335,0.0252899134926131,0.680545710140738,0.0111058776594379,0.691394535727967,0.0105968978772334,0.679774825274979,0.0112328221869848,0.668786122303324,0.0125467936070101,0.688418243194774,0.0146449329743349
