"beta1","beta1_sd","beta2","beta2_sd","omega_b1","omega_b1_sd","omega_b2","omega_b2_sd","omega_cov","omega_cov_sd","rho","rho_sd","conv_code","omega_cor","tau1","tau1_sd","tau2","tau2_sd","tau3","tau3_sd","tau4","tau4_sd","tau5","tau5_sd","tau6","tau6_sd"
1.00990028973968,0.0075735593450205,0.999880871845888,0.00866305293990772,0.254943576041789,0.00492037686594013,0.250398768050593,0.0106225373610238,-0.0738573498952868,0.00502685727764065,0.593047149856207,0.011800526614138,1,-0.292318021075391,0.0241266773597652,0.0218613724001555,0.692841813664187,0.00857483884453757,0.705102504062777,0.00779807474894258,0.690638574838174,0.00866577737579718,0.699156934212349,0.0102371215554075,0.693303014644584,0.0129206707643475
