"beta1","beta1_sd","beta2","beta2_sd","omega_b1","omega_b1_sd","omega_b2","omega_b2_sd","omega_cov","omega_cov_sd","rho","rho_sd","conv_code","omega_cor","tau1","tau1_sd","tau2","tau2_sd","tau3","tau3_sd","tau4","tau4_sd","tau5","tau5_sd","tau6","tau6_sd"
1.00822269531985,0.0157462578647665,1.01737633342675,0.0209283750515562,0.249763311149987,0.00836640717781014,0.255676264011537,0.0384695653247972,-0.013858472095032,0.00835466715858157,-0.902183162354817,0.0029608671780589,1,-0.0548410579432131,-0.00608235342814106,0.0268751422990403,0.695410285608994,0.0170086836583972,0.700760644273234,0.0168411178491497,0.716022421654245,0.0174031818082156,0.683815095088406,0.0188823824828754,0.701017242462817,0.0213635285039859
