"beta1","beta1_sd","beta2","beta2_sd","omega_b1","omega_b1_sd","omega_b2","omega_b2_sd","omega_cov","omega_cov_sd","rho","rho_sd","conv_code","omega_cor","tau1","tau1_sd","tau2","tau2_sd","tau3","tau3_sd","tau4","tau4_sd","tau5","tau5_sd","tau6","tau6_sd"
1.00709574313666,0.00912573276318003,1.00612487895881,0.0126580205891939,0.246323096414488,0.00475289095597757,0.589748434027864,0.0233877035848366,-0.334620921623087,0.00865692081598183,-0.90262337248833,0.00165055545341215,1,-0.877944626820177,-0.00702649530557787,0.0214983735512886,0.707766092612881,0.0106690695937954,0.68895909559075,0.0100058778545706,0.694815299801618,0.0103684304745906,0.700703373157654,0.011546234217245,0.695857510904394,0.0138358468085263
