"beta1","beta1_sd","beta2","beta2_sd","omega_b1","omega_b1_sd","omega_b2","omega_b2_sd","omega_cov","omega_cov_sd","rho","rho_sd","conv_code","omega_cor","tau1","tau1_sd","tau2","tau2_sd","tau3","tau3_sd","tau4","tau4_sd","tau5","tau5_sd","tau6","tau6_sd"
0.983092821109386,0.0140689928208188,1.00086315477508,0.015680935013708,0.979442566481131,0.0241807283301773,0.597021788078289,0.0301866770663054,-0.686023133132142,0.0212472226191939,-0.300007907129718,0.0185757311867863,1,-0.897127527888447,0.0106964658811946,0.0275648962573511,0.685314468322553,0.0136651252292931,0.68312759941559,0.0135075568813547,0.695868415480333,0.0149633734708444,0.688870320125205,0.0168445380852833,0.676652258375496,0.0195125579116143
