"beta1","beta1_sd","beta2","beta2_sd","omega_b1","omega_b1_sd","omega_b2","omega_b2_sd","omega_cov","omega_cov_sd","rho","rho_sd","conv_code","omega_cor","tau1","tau1_sd","tau2","tau2_sd","tau3","tau3_sd","tau4","tau4_sd","tau5","tau5_sd","tau6","tau6_sd"
1.00577228001341,0.0105829743354967,0.997491694671362,0.0104918018302455,0.981932525026975,0.01593322365824,0.558944241491929,0.0183372370480038,-0.224483881624901,0.0123764623236583,-0.28618966883748,0.0108120599777529,1,-0.303012187982028,0.00557300608536794,0.0207332982026235,0.682593530847211,0.00857879050399513,0.684630993347314,0.0084807016055048,0.694669196730736,0.0093678121149636,0.697527324039108,0.0106718987281146,0.684794522140751,0.0125438251098913
