"beta1","beta1_sd","beta2","beta2_sd","omega_b1","omega_b1_sd","omega_b2","omega_b2_sd","omega_cov","omega_cov_sd","rho","rho_sd","conv_code","omega_cor","tau1","tau1_sd","tau2","tau2_sd","tau3","tau3_sd","tau4","tau4_sd","tau5","tau5_sd","tau6","tau6_sd"
0.994572519918056,0.0080701268592515,0.995037418268371,0.00774668485535738,0.249228651512027,0.00639161718048347,0.0490779644065856,0.00618390483415505,-0.0638509516637278,0.00529468034241787,0.898832644240628,0.00213109220049097,1,-0.577331322168634,-0.017977547401368,0.0293732902390739,0.699354651888837,0.00927309068139415,0.690572373554052,0.00828407953414235,0.683026965776115,0.00860937704622665,0.673297691957304,0.00993377803636795,0.69763751045743,0.0122011684526845
