"beta1","beta1_sd","beta2","beta2_sd","omega_b1","omega_b1_sd","omega_b2","omega_b2_sd","omega_cov","omega_cov_sd","rho","rho_sd","conv_code","omega_cor","tau1","tau1_sd","tau2","tau2_sd","tau3","tau3_sd","tau4","tau4_sd","tau5","tau5_sd","tau6","tau6_sd"
0.995679439812824,0.00872682961887723,0.997294320990095,0.00967952942988893,0.245135825111927,0.00553208356349619,0.053434863283643,0.00865631235235526,-0.0603190302048541,0.00519187508459159,0.597561481614372,0.0132784121507735,1,-0.527033967417611,-0.0173993873404211,0.0246047360442305,0.692050441425126,0.0104410155795403,0.692063495165937,0.00955576529032093,0.672975250801083,0.0106771148445789,0.71587762135782,0.0125475289009015,0.705935840742965,0.0157840271633984
