"beta1","beta1_sd","beta2","beta2_sd","omega_b1","omega_b1_sd","omega_b2","omega_b2_sd","omega_cov","omega_cov_sd","rho","rho_sd","conv_code","omega_cor","tau1","tau1_sd","tau2","tau2_sd","tau3","tau3_sd","tau4","tau4_sd","tau5","tau5_sd","tau6","tau6_sd"
1.00718978959279,0.0168725472659048,1.03861420580495,0.018661985361138,1.04931620482015,0.0304003843450682,0.253397851291667,0.0308159311752224,-0.312937068844973,0.0192230976428852,-0.619236366702282,0.0114737402880292,1,-0.606879344838706,-0.0469597947148988,0.0306830595810152,0.722848351560515,0.0157084499336643,0.708485445092286,0.0158851480126384,0.695928996142861,0.0171147729826702,0.704534439375672,0.0187748368033475,0.749243063371106,0.0204666845198843
