"beta1","beta1_sd","beta2","beta2_sd","omega_b1","omega_b1_sd","omega_b2","omega_b2_sd","omega_cov","omega_cov_sd","rho","rho_sd","conv_code","omega_cor","tau1","tau1_sd","tau2","tau2_sd","tau3","tau3_sd","tau4","tau4_sd","tau5","tau5_sd","tau6","tau6_sd"
1.00036505293452,0.0051785308105212,0.999031446635828,0.00862322333960576,0.0632556571529335,0.00108990182985275,0.5618837647732,0.0132012439321324,0.171741578521714,0.00305032158837302,-0.306214268831146,0.00766557822048295,1,0.910966743423882,0.00240903364862867,0.0140167538560164,0.698307134863235,0.00737946836327308,0.691496988405049,0.00650516258075609,0.686257868720972,0.00710363174528575,0.698508791748974,0.00841300931513972,0.718451992541646,0.0112129905745588
