"beta1","beta1_sd","beta2","beta2_sd","omega_b1","omega_b1_sd","omega_b2","omega_b2_sd","omega_cov","omega_cov_sd","rho","rho_sd","conv_code","omega_cor","tau1","tau1_sd","tau2","tau2_sd","tau3","tau3_sd","tau4","tau4_sd","tau5","tau5_sd","tau6","tau6_sd"
1.00506495675216,0.00989743676126996,1.02403151248031,0.0137563491412474,0.249910218188776,0.00501685079283397,0.605936881485516,0.0271073376030137,-0.11311215606357,0.00769170610332335,-0.900999654200686,0.00178996619072859,1,-0.290672255181756,0.000740960018186075,0.0231293497518685,0.696738958811976,0.0112237120768167,0.703833592256343,0.010431155521579,0.693920961932723,0.0108324100732523,0.70062974132677,0.0121014811520163,0.696174439673085,0.0143749997693091
