"beta1","beta1_sd","beta2","beta2_sd","omega_b1","omega_b1_sd","omega_b2","omega_b2_sd","omega_cov","omega_cov_sd","rho","rho_sd","conv_code","omega_cor","tau1","tau1_sd","tau2","tau2_sd","tau3","tau3_sd","tau4","tau4_sd","tau5","tau5_sd","tau6","tau6_sd"
1.00121337476859,0.0096193563535111,1.00218998883376,0.00829186474378386,0.580213514458205,0.0123918028312588,0.0581777043393979,0.00692852665127463,0.171960512036856,0.00835491646247578,0.900039604935434,0.00254296193099756,1,0.935958341904857,0.0340745030367103,0.0304858011757152,0.6768045909648,0.00955230612699631,0.70817718896382,0.00878518099463307,0.701105728917394,0.00942188187503555,0.705246392513379,0.0107805497991882,0.701018140304491,0.0128370080910984
