"beta1","beta1_sd","beta2","beta2_sd","omega_b1","omega_b1_sd","omega_b2","omega_b2_sd","omega_cov","omega_cov_sd","rho","rho_sd","conv_code","omega_cor","tau1","tau1_sd","tau2","tau2_sd","tau3","tau3_sd","tau4","tau4_sd","tau5","tau5_sd","tau6","tau6_sd"
0.997461464179823,0.0100604773434231,1.0181143020728,0.0116201248789523,0.575458184976563,0.0102682887126251,0.561556575168086,0.0203070479122463,0.181969554232662,0.00967350047877303,-0.292932693844444,0.0123600920165922,1,0.320106937935417,-0.04869285571968,0.0217665256917264,0.707574036742018,0.00945860141171849,0.69340558725768,0.00945838174136959,0.68796655727604,0.0106192056969168,0.685593395995421,0.0121656803956511,0.712857334122801,0.0142326264340427
