"beta1","beta1_sd","beta2","beta2_sd","omega_b1","omega_b1_sd","omega_b2","omega_b2_sd","omega_cov","omega_cov_sd","rho","rho_sd","conv_code","omega_cor","tau1","tau1_sd","tau2","tau2_sd","tau3","tau3_sd","tau4","tau4_sd","tau5","tau5_sd","tau6","tau6_sd"
0.997290305457902,0.00827738221559715,1.0019507501333,0.0101931508552425,0.250929248786545,0.00427268671892934,0.251593037630547,0.0136021026551739,-0.0778959169476459,0.00552135194255196,-0.900919931512754,0.00143860121949709,1,-0.310020021042575,-0.013140154004865,0.0202333745006984,0.699496196693049,0.00906422163430192,0.68632576354152,0.00848950179428548,0.695011097015096,0.00880360464838376,0.704302295541744,0.0100041035788549,0.687523468785257,0.0122199387275658
