"beta1","beta1_sd","beta2","beta2_sd","omega_b1","omega_b1_sd","omega_b2","omega_b2_sd","omega_cov","omega_cov_sd","rho","rho_sd","conv_code","omega_cor","tau1","tau1_sd","tau2","tau2_sd","tau3","tau3_sd","tau4","tau4_sd","tau5","tau5_sd","tau6","tau6_sd"
0.997653112401468,0.00588016828493078,1.00815892807726,0.00922919593650923,0.0624873799305266,0.00143558309803887,0.549430321700247,0.0149311801112315,-0.117775787966548,0.00311652271709261,0.296491803442302,0.0131102785820599,1,-0.635628774483874,0.0259212281014644,0.0186671653544527,0.684507545690189,0.0086206213001726,0.704959819559846,0.00723302681499816,0.681841157239597,0.0079775675941957,0.692350327707935,0.00935212390209889,0.686896314911073,0.0124018525140419
