"beta1","beta1_sd","beta2","beta2_sd","omega_b1","omega_b1_sd","omega_b2","omega_b2_sd","omega_cov","omega_cov_sd","rho","rho_sd","conv_code","omega_cor","tau1","tau1_sd","tau2","tau2_sd","tau3","tau3_sd","tau4","tau4_sd","tau5","tau5_sd","tau6","tau6_sd"
1.01516011007088,0.0123121016434342,1.00780272490043,0.0134385397920347,1.02489450407088,0.0223464955296507,1.03616293473291,0.0310616825667542,-0.274735363288901,0.0191954258643006,0.895675516362247,0.0033811420961878,1,-0.266600497710308,0.0303945515925482,0.0342394286932359,0.67775627552526,0.0110061012176645,0.6950917439727,0.0104304307549704,0.697336999389595,0.0109718219833813,0.700833013986886,0.0119610668312983,0.68422940511512,0.0139745775774043
