"beta1","beta1_sd","beta2","beta2_sd","omega_b1","omega_b1_sd","omega_b2","omega_b2_sd","omega_cov","omega_cov_sd","rho","rho_sd","conv_code","omega_cor","tau1","tau1_sd","tau2","tau2_sd","tau3","tau3_sd","tau4","tau4_sd","tau5","tau5_sd","tau6","tau6_sd"
1.00181431997379,0.00835901023944972,1.01197770072831,0.010567186941501,0.566813563803502,0.00859936497625237,1.01815884195008,0.0231003966676838,-0.681601699832952,0.0120646757318187,-0.045218250804015,0.0123535916844957,1,-0.897227919125937,0.0240930907414347,0.0184696827769831,0.690787694038196,0.00782261358750967,0.688678650135996,0.00729787219738135,0.703244034457642,0.00814255286295395,0.690763991067066,0.00970997795719964,0.692479262168956,0.0117971816774452
