"beta1","beta1_sd","beta2","beta2_sd","omega_b1","omega_b1_sd","omega_b2","omega_b2_sd","omega_cov","omega_cov_sd","rho","rho_sd","conv_code","omega_cor","tau1","tau1_sd","tau2","tau2_sd","tau3","tau3_sd","tau4","tau4_sd","tau5","tau5_sd","tau6","tau6_sd"
0.995826430866406,0.00792040128503446,0.997011467999973,0.00976716815351303,0.250707065356395,0.00418859723405431,0.263111105440382,0.0132019169561819,-0.232206049485063,0.00615734866791369,-0.898936809566644,0.00143057004342006,1,-0.904108710929845,-0.0105045091641614,0.0194173668975312,0.687632082334946,0.00895558801880201,0.687793077603988,0.00827965066098523,0.693611264087093,0.00857538157530043,0.673508620023395,0.00977312459053123,0.689641128860091,0.0117875617054374
