"beta1","beta1_sd","beta2","beta2_sd","omega_b1","omega_b1_sd","omega_b2","omega_b2_sd","omega_cov","omega_cov_sd","rho","rho_sd","conv_code","omega_cor","tau1","tau1_sd","tau2","tau2_sd","tau3","tau3_sd","tau4","tau4_sd","tau5","tau5_sd","tau6","tau6_sd"
1.00181890501478,0.0110913113369856,1.0197096908032,0.0112347545900866,1.01203767728835,0.0187857658265285,0.583306994406904,0.0201283116058434,0.225362951706856,0.0142696994487732,0.598345652759396,0.0183328008400095,1,0.293315889075393,-0.00194650301103908,0.0250127396587239,0.697761543549134,0.00948502839647653,0.713837842577299,0.00928908153478634,0.69038988418835,0.0105353340393719,0.702007584067642,0.0119219743716874,0.706084533746843,0.0142413202434635
