"beta1","beta1_sd","beta2","beta2_sd","omega_b1","omega_b1_sd","omega_b2","omega_b2_sd","omega_cov","omega_cov_sd","rho","rho_sd","conv_code","omega_cor","tau1","tau1_sd","tau2","tau2_sd","tau3","tau3_sd","tau4","tau4_sd","tau5","tau5_sd","tau6","tau6_sd"
1.00361355798521,0.0080328047329485,1.0005365551281,0.0105231095291586,0.251288193228486,0.00458487370000113,0.596312798071525,0.0185637708052152,0.00405903612579001,0.00549658160300842,0.0237930531662176,0.0168147857959233,1,0.0104857574962166,-0.00451769429005839,0.0204885722172752,0.699898377787696,0.00881756207826958,0.688249579691845,0.00831211060851779,0.698511658658721,0.00923945000843335,0.699998620475408,0.0109574911946049,0.683802455785289,0.013688982758034
