"beta1","beta1_sd","beta2","beta2_sd","omega_b1","omega_b1_sd","omega_b2","omega_b2_sd","omega_cov","omega_cov_sd","rho","rho_sd","conv_code","omega_cor","tau1","tau1_sd","tau2","tau2_sd","tau3","tau3_sd","tau4","tau4_sd","tau5","tau5_sd","tau6","tau6_sd"
0.999767421031484,0.00801084537702032,0.978916785318939,0.0114601372816685,0.25460473234589,0.00526557055584421,1.01204143419007,0.0251183802377806,0.158303972587506,0.00719340513835306,0.614695667740202,0.011919462041842,1,0.311859825078223,-0.00168342232199199,0.0230004972522691,0.703967069669471,0.00881956297169435,0.6810410250756,0.00822457286189503,0.69081621423978,0.00920188759872039,0.701017083689579,0.0108088689265449,0.706031699764884,0.0134723799319323
