"beta1","beta1_sd","beta2","beta2_sd","omega_b1","omega_b1_sd","omega_b2","omega_b2_sd","omega_cov","omega_cov_sd","rho","rho_sd","conv_code","omega_cor","tau1","tau1_sd","tau2","tau2_sd","tau3","tau3_sd","tau4","tau4_sd","tau5","tau5_sd","tau6","tau6_sd"
1.01613789156924,0.0126067062392905,1.0102000312207,0.013598200692708,0.57299858301949,0.013566996647438,0.0570043972004512,0.0155342678046265,-0.119173682096106,0.00946480676936168,-0.312391534527212,0.0170140497214828,1,-0.659400701966428,0.00713167200337603,0.0251033030135345,0.713056376315068,0.0125467993423964,0.692427401070891,0.012658100286372,0.694087503754179,0.0139241225867097,0.716314214210193,0.015840496245895,0.715039284125207,0.0186731611038791
