"beta1","beta1_sd","beta2","beta2_sd","omega_b1","omega_b1_sd","omega_b2","omega_b2_sd","omega_cov","omega_cov_sd","rho","rho_sd","conv_code","omega_cor","tau1","tau1_sd","tau2","tau2_sd","tau3","tau3_sd","tau4","tau4_sd","tau5","tau5_sd","tau6","tau6_sd"
1.02910020080277,0.016321041284492,1.00620944002605,0.0187749016510538,0.986072429880173,0.0277055305501256,0.993778412335639,0.046637573664853,-0.876687241714178,0.0289227914731955,-0.586866763010066,0.0119593002844382,1,-0.885616091548435,0.046342146801244,0.0294130041391281,0.700877987124387,0.0154591371016728,0.679611823460837,0.0153269836490709,0.70818561177666,0.0161575874848534,0.699204101706774,0.0181601349536386,0.696028618819204,0.0206628377917483
