"beta1","beta1_sd","beta2","beta2_sd","omega_b1","omega_b1_sd","omega_b2","omega_b2_sd","omega_cov","omega_cov_sd","rho","rho_sd","conv_code","omega_cor","tau1","tau1_sd","tau2","tau2_sd","tau3","tau3_sd","tau4","tau4_sd","tau5","tau5_sd","tau6","tau6_sd"
0.999285956536803,0.0101579244799122,0.99559139798806,0.0107478703577233,0.563574009617451,0.00970289729378696,0.236424053396861,0.0146721251959925,-0.211164962478638,0.00946082386908642,-0.900606133229081,0.00153923523333524,1,-0.578496255102668,-0.0132719657665096,0.0232035407581408,0.697003450007009,0.009474118203617,0.693773134984656,0.00912602052089147,0.69564730116808,0.00949693804522594,0.708088292181113,0.010703862117151,0.680431971590513,0.0129069802327901
