"beta1","beta1_sd","beta2","beta2_sd","omega_b1","omega_b1_sd","omega_b2","omega_b2_sd","omega_cov","omega_cov_sd","rho","rho_sd","conv_code","omega_cor","tau1","tau1_sd","tau2","tau2_sd","tau3","tau3_sd","tau4","tau4_sd","tau5","tau5_sd","tau6","tau6_sd"
0.998939214192807,0.0107267112092306,0.999062216300504,0.00904615377271404,1.01009750660266,0.0173958583861488,0.0691305244642312,0.00883256636418171,0.232113792221224,0.010449553585303,0.0230859282706384,0.0167406077817322,1,0.878383909520954,0.00492571059815843,0.0212443038832964,0.699747214283843,0.00905383900109667,0.687518358428624,0.00930952274058214,0.677855280313029,0.0106690960300084,0.698300621206693,0.0119655363420297,0.706342534584944,0.0138228026316725
