"beta1","beta1_sd","beta2","beta2_sd","omega_b1","omega_b1_sd","omega_b2","omega_b2_sd","omega_cov","omega_cov_sd","rho","rho_sd","conv_code","omega_cor","tau1","tau1_sd","tau2","tau2_sd","tau3","tau3_sd","tau4","tau4_sd","tau5","tau5_sd","tau6","tau6_sd"
0.984659483228095,0.013579909924757,0.988766690457174,0.013948351279603,0.991675808830742,0.0240663579942495,0.235091574333099,0.0196667416544639,0.142727626050601,0.0147301135370188,-0.000230260632961387,0.027941038081567,1,0.295600150373954,0.0231642850142464,0.0267282163127835,0.667110904598157,0.0125840096663675,0.691609827671568,0.0131094881721344,0.684707479100026,0.0147049921479008,0.693156613067081,0.0164810124234516,0.689931964331557,0.0191694132623087
