"beta1","beta1_sd","beta2","beta2_sd","omega_b1","omega_b1_sd","omega_b2","omega_b2_sd","omega_cov","omega_cov_sd","rho","rho_sd","conv_code","omega_cor","tau1","tau1_sd","tau2","tau2_sd","tau3","tau3_sd","tau4","tau4_sd","tau5","tau5_sd","tau6","tau6_sd"
0.995549284209541,0.00724596892454439,0.991348111179301,0.0096113853751581,0.246841043573183,0.00391143318793537,0.537265779830822,0.0157232985178681,-0.32694713131182,0.0064695432190092,-0.599783504953215,0.00494982658441075,1,-0.897788946927739,-0.0141866998957128,0.0174864298092372,0.689595250083697,0.00825491252324866,0.696319369364373,0.00737447857295578,0.680568521681274,0.00808792578299126,0.707232784460715,0.00936257352058546,0.701645429637915,0.0115397032139228
