"beta1","beta1_sd","beta2","beta2_sd","omega_b1","omega_b1_sd","omega_b2","omega_b2_sd","omega_cov","omega_cov_sd","rho","rho_sd","conv_code","omega_cor","tau1","tau1_sd","tau2","tau2_sd","tau3","tau3_sd","tau4","tau4_sd","tau5","tau5_sd","tau6","tau6_sd"
0.994275738432578,0.00896060479612519,1.00202547688999,0.00820488272437475,0.565267608695773,0.00963811775307653,0.0606122371651654,0.00736101166785166,0.00254388008881139,0.00664424427756799,0.30091964026546,0.0194447146803537,1,0.0137432494440385,0.00203071866274968,0.0208937733099182,0.69281577666816,0.00846859912363173,0.701628087949902,0.00838844800523727,0.694708129143144,0.00943127675041824,0.68948950966491,0.0110929165994017,0.701818332275583,0.0133611438874218
