"beta1","beta1_sd","beta2","beta2_sd","omega_b1","omega_b1_sd","omega_b2","omega_b2_sd","omega_cov","omega_cov_sd","rho","rho_sd","conv_code","omega_cor","tau1","tau1_sd","tau2","tau2_sd","tau3","tau3_sd","tau4","tau4_sd","tau5","tau5_sd","tau6","tau6_sd"
1.00896069200115,0.00598032680746665,1.00711162899342,0.00774631689062958,0.0625615420563621,0.0011945365744396,0.0473856162478078,0.006922890802108,0.0371011257684879,0.00199203083230331,-0.310242682192995,0.00863279187917148,1,0.681412504149253,0.000856590730432184,0.016168070858891,0.702344213397263,0.00850407771238095,0.702274490172645,0.00741646226915828,0.700548845246379,0.00817058589687412,0.707869024098318,0.00972671937027428,0.681173433537877,0.0130612829290361
