"beta1","beta1_sd","beta2","beta2_sd","omega_b1","omega_b1_sd","omega_b2","omega_b2_sd","omega_cov","omega_cov_sd","rho","rho_sd","conv_code","omega_cor","tau1","tau1_sd","tau2","tau2_sd","tau3","tau3_sd","tau4","tau4_sd","tau5","tau5_sd","tau6","tau6_sd"
1.01023547919408,0.0061172029479466,1.0001184627232,0.00997297390646061,0.063261173368724,0.00117254406400201,0.587288912218728,0.0171360541303871,0.174154944335748,0.00367451612543046,-0.901225019587614,0.00133338235150566,1,0.903527315048122,0.0266436620617023,0.0154191490040984,0.695512605818218,0.00849593453443458,0.704027122580468,0.00765273770014795,0.684667661165793,0.00805366946430538,0.708733141487164,0.0091630524900413,0.714168827362954,0.0115925894074447
