"beta1","beta1_sd","beta2","beta2_sd","omega_b1","omega_b1_sd","omega_b2","omega_b2_sd","omega_cov","omega_cov_sd","rho","rho_sd","conv_code","omega_cor","tau1","tau1_sd","tau2","tau2_sd","tau3","tau3_sd","tau4","tau4_sd","tau5","tau5_sd","tau6","tau6_sd"
0.989310054988805,0.00688041178076054,0.988667876861627,0.0103866991628942,0.0641281247512079,0.00325446006047478,0.990144367164806,0.0213991656807013,-0.0792845734969245,0.00536624000557222,0.900409869919359,0.0017369354380794,1,-0.314640891211936,0.0060169709231903,0.0289579493958119,0.674911375816838,0.00862979463999017,0.694280645487631,0.00742127152160653,0.682074446604589,0.0074897789383687,0.687053728723082,0.00849427917421548,0.694146854972998,0.0107851022675158
