"beta1","beta1_sd","beta2","beta2_sd","omega_b1","omega_b1_sd","omega_b2","omega_b2_sd","omega_cov","omega_cov_sd","rho","rho_sd","conv_code","omega_cor","tau1","tau1_sd","tau2","tau2_sd","tau3","tau3_sd","tau4","tau4_sd","tau5","tau5_sd","tau6","tau6_sd"
1.02032500110259,0.0159412259885847,1.03280497212909,0.0209919344948718,0.257224493743368,0.00847849532474073,0.104056878036088,0.0309875689009248,-0.0306951803816189,0.00813280066526084,-0.902329490136319,0.00294261849419635,1,-0.187619784753358,-0.00332335403529782,0.0267434213373797,0.723257329155058,0.0168848839015471,0.709208638626207,0.0167205259894329,0.687130080451768,0.0176088780556865,0.721417948930976,0.0187890334825571,0.704523304848222,0.0212840730183216
