"beta1","beta1_sd","beta2","beta2_sd","omega_b1","omega_b1_sd","omega_b2","omega_b2_sd","omega_cov","omega_cov_sd","rho","rho_sd","conv_code","omega_cor","tau1","tau1_sd","tau2","tau2_sd","tau3","tau3_sd","tau4","tau4_sd","tau5","tau5_sd","tau6","tau6_sd"
0.996602547805479,0.0077220592598713,1.01627412315452,0.0114811568457909,0.0671220271174093,0.00357260661254124,0.978890914731738,0.0241750465568708,0.00213555135445093,0.00589520906900809,0.900152459828238,0.00192112690821274,1,0.0083312532984502,-0.0468444631766444,0.0304291032493712,0.69120405616971,0.00984792912065667,0.685023466786923,0.00870460555077067,0.700115904077824,0.00877809753293585,0.706425453385988,0.0098896446099567,0.701240410681698,0.0124509884434968
