"beta1","beta1_sd","beta2","beta2_sd","omega_b1","omega_b1_sd","omega_b2","omega_b2_sd","omega_cov","omega_cov_sd","rho","rho_sd","conv_code","omega_cor","tau1","tau1_sd","tau2","tau2_sd","tau3","tau3_sd","tau4","tau4_sd","tau5","tau5_sd","tau6","tau6_sd"
1.00469421744498,0.011641671096818,1.00923930011905,0.0169085193021673,0.060698156507313,0.00195637881652636,0.581497189417354,0.0342461297619292,0.0512100163935286,0.00431260190887363,-0.897212437335211,0.00247584134067823,1,0.272579602782723,0.0229829826164658,0.0220515143421816,0.693757229658928,0.014163557189825,0.688490159492112,0.0136724312398673,0.697555407941692,0.0141686721964104,0.703139346419398,0.0155790058913925,0.693041109702569,0.0188793976040168
