"beta1","beta1_sd","beta2","beta2_sd","omega_b1","omega_b1_sd","omega_b2","omega_b2_sd","omega_cov","omega_cov_sd","rho","rho_sd","conv_code","omega_cor","tau1","tau1_sd","tau2","tau2_sd","tau3","tau3_sd","tau4","tau4_sd","tau5","tau5_sd","tau6","tau6_sd"
0.993392883134314,0.00944300805396209,1.00867030252539,0.00929764827748927,0.573219119874255,0.00960149439009789,0.0648715313244094,0.00957074270913732,0.0521156350622368,0.00704151266443567,-0.279959632480107,0.0111851320198075,1,0.270259286214831,-0.033527346955837,0.0204407335561066,0.696021547424673,0.00905262785253269,0.684773120231405,0.00893676545509617,0.701054710425797,0.00993485777612703,0.697496467704014,0.011684452511568,0.716590376631549,0.0139228128990484
