"beta1","beta1_sd","beta2","beta2_sd","omega_b1","omega_b1_sd","omega_b2","omega_b2_sd","omega_cov","omega_cov_sd","rho","rho_sd","conv_code","omega_cor","tau1","tau1_sd","tau2","tau2_sd","tau3","tau3_sd","tau4","tau4_sd","tau5","tau5_sd","tau6","tau6_sd"
0.997930356301475,0.010500422086769,1.02664790941804,0.0122248155091684,0.563222745531129,0.0118783510767881,0.568252373696804,0.0228879917650348,0.511426348146616,0.0134714472943963,0.623330913685079,0.0150775284475178,1,0.904008214342911,0.00508622599221977,0.026482351475321,0.689067699880706,0.0108382954150164,0.69702120140549,0.0107023983244137,0.702339849738307,0.0122638435039461,0.686146061627073,0.014355182575409,0.689587346066975,0.0167556685940851
