"beta1","beta1_sd","beta2","beta2_sd","omega_b1","omega_b1_sd","omega_b2","omega_b2_sd","omega_cov","omega_cov_sd","rho","rho_sd","conv_code","omega_cor","tau1","tau1_sd","tau2","tau2_sd","tau3","tau3_sd","tau4","tau4_sd","tau5","tau5_sd","tau6","tau6_sd"
1.00064000771864,0.00582150695135107,0.993603396026072,0.00809091220988286,0.0634210057334286,0.00146178865705407,0.270170380379677,0.00980867377606096,-0.0778485558325322,0.00254276704196052,0.307005328023194,0.0128913156805063,1,-0.594723542785205,-0.0183840118401296,0.0187411949171487,0.702218296832082,0.0085054826759865,0.696932720497363,0.00716783134109611,0.699003972975185,0.00775622542417668,0.697184989756948,0.00932611346042287,0.690594503551263,0.0124724465250547
