"beta1","beta1_sd","beta2","beta2_sd","omega_b1","omega_b1_sd","omega_b2","omega_b2_sd","omega_cov","omega_cov_sd","rho","rho_sd","conv_code","omega_cor","tau1","tau1_sd","tau2","tau2_sd","tau3","tau3_sd","tau4","tau4_sd","tau5","tau5_sd","tau6","tau6_sd"
1.00665884317867,0.0104549697178533,1.00098888343414,0.0109662173488537,0.56407438902007,0.0118829756852355,0.2261997149144,0.014156373211915,-0.322563077960083,0.0104301372999708,0.591622896933008,0.0161162315334173,1,-0.903026379235301,-0.0182255483004074,0.0268388092408047,0.699779101676111,0.0109507662242529,0.687970471511175,0.0105232711127491,0.695900702998504,0.0114774655971486,0.726515925767619,0.0137129159895937,0.716284178611755,0.016631740407767
