"beta1","beta1_sd","beta2","beta2_sd","omega_b1","omega_b1_sd","omega_b2","omega_b2_sd","omega_cov","omega_cov_sd","rho","rho_sd","conv_code","omega_cor","tau1","tau1_sd","tau2","tau2_sd","tau3","tau3_sd","tau4","tau4_sd","tau5","tau5_sd","tau6","tau6_sd"
0.993549816808875,0.00639688283473983,1.00416138782631,0.011513294131024,0.0621562935430726,0.00120768057421932,0.944958093705055,0.0248536301767718,0.144436911258514,0.00395451082850028,-0.899457885789527,0.00139985439825114,1,0.595976813031739,0.0164104979677609,0.0163668875446526,0.674951598496073,0.00881355216671745,0.687332108366743,0.00797178507069844,0.701837274868685,0.00820675992569806,0.685116311351499,0.0093947772283885,0.699053350017113,0.011626390015943
