"beta1","beta1_sd","beta2","beta2_sd","omega_b1","omega_b1_sd","omega_b2","omega_b2_sd","omega_cov","omega_cov_sd","rho","rho_sd","conv_code","omega_cor","tau1","tau1_sd","tau2","tau2_sd","tau3","tau3_sd","tau4","tau4_sd","tau5","tau5_sd","tau6","tau6_sd"
1.00994941593904,0.00885625270098193,0.988450167959094,0.00782726348144643,0.56119322977707,0.00987221818019494,0.0571479782205194,0.00674145149428167,0.112800101655039,0.00677902802188747,0.611243330652875,0.0135485375527895,1,0.629872785131959,0.011586017787472,0.0224852850609722,0.706376130927133,0.00844125335194469,0.684195741218258,0.00817240899964753,0.690151817071648,0.00916577307782969,0.67662037391582,0.0109627479407395,0.688604658278238,0.0131468855385354
