"beta1","beta1_sd","beta2","beta2_sd","omega_b1","omega_b1_sd","omega_b2","omega_b2_sd","omega_cov","omega_cov_sd","rho","rho_sd","conv_code","omega_cor","tau1","tau1_sd","tau2","tau2_sd","tau3","tau3_sd","tau4","tau4_sd","tau5","tau5_sd","tau6","tau6_sd"
0.988041714610243,0.0144916717317229,1.00869250088584,0.0162249288858538,0.986704901082191,0.0259637489093996,1.02041488243718,0.0406708242389361,-0.60476834843742,0.0247846570993731,0.897420632270888,0.00374535962830659,1,-0.602708087097892,0.00988143219811379,0.0394053203539958,0.675949988795276,0.0139863114820649,0.688842582718995,0.0131941249284938,0.68523477248641,0.0137619736521192,0.683559761002198,0.0158248218239742,0.670366703609675,0.0179297260062372
