"beta1","beta1_sd","beta2","beta2_sd","omega_b1","omega_b1_sd","omega_b2","omega_b2_sd","omega_cov","omega_cov_sd","rho","rho_sd","conv_code","omega_cor","tau1","tau1_sd","tau2","tau2_sd","tau3","tau3_sd","tau4","tau4_sd","tau5","tau5_sd","tau6","tau6_sd"
1.01097853807736,0.0105590982902451,1.00292490425327,0.0125548932414938,0.558940283739804,0.0102891956474851,0.561734890667241,0.0234728909617377,-0.00432518657187588,0.00963946019916288,-0.598552758248502,0.00707380294651731,1,-0.00771891823551729,0.0118634143342008,0.023369327791386,0.698572181155528,0.0101017270729911,0.677377975893245,0.0100049947342513,0.692360500855909,0.010719680832991,0.689121124306294,0.0123443925842793,0.6997041636714,0.0144375465362974
