"beta1","beta1_sd","beta2","beta2_sd","omega_b1","omega_b1_sd","omega_b2","omega_b2_sd","omega_cov","omega_cov_sd","rho","rho_sd","conv_code","omega_cor","tau1","tau1_sd","tau2","tau2_sd","tau3","tau3_sd","tau4","tau4_sd","tau5","tau5_sd","tau6","tau6_sd"
0.996015404586226,0.0140073101326513,0.974174679654029,0.0144499713076013,0.97623043127201,0.0250161867589517,0.503890929881895,0.025800546185037,0.225075882897622,0.0196449050426959,0.900514528899885,0.00364390602560368,1,0.320910938900778,0.0192398926575073,0.0388128481971466,0.680333552178175,0.0135113940646816,0.67825385211379,0.0131260163544433,0.680704717021297,0.0134639446221083,0.689040693388045,0.0151367735713077,0.692365373934175,0.0178534021246423
