"beta1","beta1_sd","beta2","beta2_sd","omega_b1","omega_b1_sd","omega_b2","omega_b2_sd","omega_cov","omega_cov_sd","rho","rho_sd","conv_code","omega_cor","tau1","tau1_sd","tau2","tau2_sd","tau3","tau3_sd","tau4","tau4_sd","tau5","tau5_sd","tau6","tau6_sd"
1.01013868791413,0.0134578405294703,1.00630594870784,0.0158219983666991,1.02636463435872,0.0215616117769949,1.04897563275097,0.0423878070600926,-0.934755340124173,0.0258996306991446,-0.900183736150162,0.00199251766521016,1,-0.90087475186871,-0.00697791194764815,0.0282551785345545,0.686782707133934,0.0122494230987272,0.718625108926127,0.0116762785197985,0.694022803986407,0.0122067707664148,0.712846789543296,0.0133138990253958,0.695813619972042,0.0155025330028746
