"beta1","beta1_sd","beta2","beta2_sd","omega_b1","omega_b1_sd","omega_b2","omega_b2_sd","omega_cov","omega_cov_sd","rho","rho_sd","conv_code","omega_cor","tau1","tau1_sd","tau2","tau2_sd","tau3","tau3_sd","tau4","tau4_sd","tau5","tau5_sd","tau6","tau6_sd"
1.00379235817586,0.0116448418953671,1.00785753979119,0.0138739089211887,0.257515797786788,0.00646983467673692,0.0563662958111949,0.00745704686407119,-0.120479092076752,0.00635152683447732,-0.598232407931678,0.00926518098912075,1,-0.999999999777218,0.0155010880887229,0.0234211622426805,0.697826447777616,0.0130846837741447,0.688155294783328,0.012443694608262,0.694254272114748,0.0136118961551345,0.700783675089527,0.0156569318666342,0.720957720653221,0.0185229244906854
