"beta1","beta1_sd","beta2","beta2_sd","omega_b1","omega_b1_sd","omega_b2","omega_b2_sd","omega_cov","omega_cov_sd","rho","rho_sd","conv_code","omega_cor","tau1","tau1_sd","tau2","tau2_sd","tau3","tau3_sd","tau4","tau4_sd","tau5","tau5_sd","tau6","tau6_sd"
1.00028783438437,0.00620564592914967,1.00340549551306,0.00908353548644193,0.0631067268318518,0.00117262657139943,0.245239164400254,0.0116104673525429,-0.00181196862820493,0.00249092515249835,-0.901896716589037,0.00131092201476594,1,-0.0145652496462722,-0.00566187050392423,0.0162999904745149,0.688498168177913,0.00875062465395752,0.702243049727038,0.00770187436117335,0.700512770368541,0.00790203620390434,0.694567427325385,0.00904234877888799,0.687857579489875,0.0114494350436971
