"beta1","beta1_sd","beta2","beta2_sd","omega_b1","omega_b1_sd","omega_b2","omega_b2_sd","omega_cov","omega_cov_sd","rho","rho_sd","conv_code","omega_cor","tau1","tau1_sd","tau2","tau2_sd","tau3","tau3_sd","tau4","tau4_sd","tau5","tau5_sd","tau6","tau6_sd"
0.992602352523404,0.00900815368227957,0.996191533876779,0.0113846537938981,0.563586541588642,0.00906599435710319,0.992371824337605,0.0254626040686556,-0.673509964711911,0.0130214506172421,-0.603939135171665,0.00540908622009528,1,-0.900588726445998,-0.00997765789343853,0.019295091819704,0.68567891649209,0.00866972819305552,0.698461306103743,0.00803698556292023,0.696307456102808,0.00871934500339297,0.694488736137511,0.0102618908715206,0.67918313457393,0.0124417416019719
