"beta1","beta1_sd","beta2","beta2_sd","omega_b1","omega_b1_sd","omega_b2","omega_b2_sd","omega_cov","omega_cov_sd","rho","rho_sd","conv_code","omega_cor","tau1","tau1_sd","tau2","tau2_sd","tau3","tau3_sd","tau4","tau4_sd","tau5","tau5_sd","tau6","tau6_sd"
1.00731909849367,0.00850019608956491,0.998703017750814,0.0123030498026162,0.241734086897862,0.00446380979518428,0.956247479039023,0.0270526646488197,0.0158885512560962,0.00631968734188778,-0.2991230713315,0.0116419694447839,1,0.0330468599884937,0.0174804462193857,0.0200596708800971,0.685174012782609,0.00927921192959836,0.687408388477213,0.00888469076425655,0.690014556909043,0.00978296606481584,0.692167657130582,0.0113993642415078,0.670005256766235,0.0138227584999934
