"beta1","beta1_sd","beta2","beta2_sd","omega_b1","omega_b1_sd","omega_b2","omega_b2_sd","omega_cov","omega_cov_sd","rho","rho_sd","conv_code","omega_cor","tau1","tau1_sd","tau2","tau2_sd","tau3","tau3_sd","tau4","tau4_sd","tau5","tau5_sd","tau6","tau6_sd"
0.997577546868207,0.00887646710438545,0.989265915585664,0.00885683057036368,0.551853982541481,0.00858132274126819,0.230290326049578,0.0118183735673877,-0.326831288191532,0.00820121394102107,-0.596402097845234,0.0051298898762097,1,-0.916798064667487,-0.0197087481439309,0.0192958036312157,0.696255601916867,0.00828836275619241,0.68710371707327,0.0078009073189021,0.683690119507159,0.00865615328279097,0.679469986884922,0.0101994528305984,0.699007457646125,0.0121842780585429
