"beta1","beta1_sd","beta2","beta2_sd","omega_b1","omega_b1_sd","omega_b2","omega_b2_sd","omega_cov","omega_cov_sd","rho","rho_sd","conv_code","omega_cor","tau1","tau1_sd","tau2","tau2_sd","tau3","tau3_sd","tau4","tau4_sd","tau5","tau5_sd","tau6","tau6_sd"
1.00896945131336,0.00837807626867279,1.00927956123738,0.00946850839702973,0.258244991318896,0.00442259929895173,0.0468745286577517,0.00974229442039013,0.00487136108231667,0.00449169202530349,-0.607922066704778,0.00586674126686714,1,0.0442757484909641,-0.0105990501123961,0.0194978966729954,0.698224793457575,0.00922878466631362,0.714436677539225,0.00864340759756229,0.694084226888919,0.00960176970063607,0.703261661295548,0.0112187943381839,0.728537003347559,0.0136367688523171
