"beta1","beta1_sd","beta2","beta2_sd","omega_b1","omega_b1_sd","omega_b2","omega_b2_sd","omega_cov","omega_cov_sd","rho","rho_sd","conv_code","omega_cor","tau1","tau1_sd","tau2","tau2_sd","tau3","tau3_sd","tau4","tau4_sd","tau5","tau5_sd","tau6","tau6_sd"
1.01920260888671,0.0147347584967014,1.00958613798474,0.0147671347313817,1.02193156514752,0.0259591688956015,0.0539294327948536,0.0165155221791325,0.234759838334362,0.0151516168243494,-0.322170137764594,0.0187267323384971,1,0.999999927703952,0.0257240099252538,0.0274038649759214,0.713636233662364,0.0134015191565617,0.692506885847989,0.0140630164083463,0.708946558434634,0.0154873582735118,0.716810500796062,0.0172861691262524,0.675099180551235,0.0198749367217082
