"beta1","beta1_sd","beta2","beta2_sd","omega_b1","omega_b1_sd","omega_b2","omega_b2_sd","omega_cov","omega_cov_sd","rho","rho_sd","conv_code","omega_cor","tau1","tau1_sd","tau2","tau2_sd","tau3","tau3_sd","tau4","tau4_sd","tau5","tau5_sd","tau6","tau6_sd"
0.999634164343501,0.0118699452948015,1.02389446148347,0.0174881997319875,0.0609636168683878,0.00197582480653064,0.590454616397033,0.0335324828115077,-0.000256139472912106,0.00418879934815265,-0.898495079841355,0.00249106708801586,1,-0.00135004389026874,-0.0366458600252372,0.0223422715108849,0.704582025132779,0.0145830573637316,0.709278977739404,0.0137702871955762,0.692654785166169,0.0143068878720126,0.676033337593344,0.0160233415124393,0.680974751687808,0.018793523529336
