"beta1","beta1_sd","beta2","beta2_sd","omega_b1","omega_b1_sd","omega_b2","omega_b2_sd","omega_cov","omega_cov_sd","rho","rho_sd","conv_code","omega_cor","tau1","tau1_sd","tau2","tau2_sd","tau3","tau3_sd","tau4","tau4_sd","tau5","tau5_sd","tau6","tau6_sd"
0.99351325924632,0.00723079681461723,1.00633766146836,0.00912772459361563,0.0599721595880245,0.00157137756374986,0.0625301980855017,0.00878641990852447,-0.0579089529653781,0.00243974598270311,0.0107619608267468,0.0160517241173197,1,-0.945640287655662,-0.0495393977816789,0.020809539164985,0.714873062832228,0.0104251460035604,0.675931340279671,0.00906308696023032,0.702671405995905,0.00981310470967527,0.677436786507725,0.0120146426204553,0.696637997648827,0.0157837129713251
