"beta1","beta1_sd","beta2","beta2_sd","omega_b1","omega_b1_sd","omega_b2","omega_b2_sd","omega_cov","omega_cov_sd","rho","rho_sd","conv_code","omega_cor","tau1","tau1_sd","tau2","tau2_sd","tau3","tau3_sd","tau4","tau4_sd","tau5","tau5_sd","tau6","tau6_sd"
1.00083748142262,0.0109656759580057,1.00321210703453,0.0143209970594552,0.251872849816786,0.0062218983308148,0.532150096214062,0.0256457674262464,0.121844230210618,0.00724793236206649,-0.307162098126297,0.0168080107560701,1,0.332810652029241,0.032734010975007,0.0233825303826137,0.679384872611037,0.0121740395672711,0.685028800510084,0.0119016196311541,0.714494938141394,0.0131555923537608,0.67298885014696,0.0154311285793025,0.719478243448156,0.0179978456181153
