"beta1","beta1_sd","beta2","beta2_sd","omega_b1","omega_b1_sd","omega_b2","omega_b2_sd","omega_cov","omega_cov_sd","rho","rho_sd","conv_code","omega_cor","tau1","tau1_sd","tau2","tau2_sd","tau3","tau3_sd","tau4","tau4_sd","tau5","tau5_sd","tau6","tau6_sd"
0.995317091135895,0.00917423108562859,0.977204347912737,0.0104273832095621,0.541577878959267,0.00974810837650732,0.546203553428994,0.018078498306276,-0.168075668113652,0.00895024980512264,0.306154420003284,0.0211177213246013,1,-0.309027499042126,0.0408616763694225,0.0218415844851856,0.673431797982708,0.0088686231040039,0.689000985016327,0.00852172565709654,0.694698081098079,0.00966395198263706,0.674377336911771,0.0116615031615009,0.670240740580822,0.0139333579923186
