"beta1","beta1_sd","beta2","beta2_sd","omega_b1","omega_b1_sd","omega_b2","omega_b2_sd","omega_cov","omega_cov_sd","rho","rho_sd","conv_code","omega_cor","tau1","tau1_sd","tau2","tau2_sd","tau3","tau3_sd","tau4","tau4_sd","tau5","tau5_sd","tau6","tau6_sd"
1.0146811455412,0.00703279500130553,1.00636172091661,0.00911625597630794,0.259968018361059,0.00404766310641659,0.576190107032297,0.0150780192496911,0.228535429262419,0.00553739273484723,-0.0161877943156459,0.0118246846818104,1,0.590487456718452,0.0170989358687592,0.017409423487507,0.709754307000765,0.0072566593313587,0.70105284385961,0.00694478630777207,0.692052740262519,0.00789145115299051,0.709417398614462,0.00933614381096879,0.693004846704587,0.0118141225637318
