"beta1","beta1_sd","beta2","beta2_sd","omega_b1","omega_b1_sd","omega_b2","omega_b2_sd","omega_cov","omega_cov_sd","rho","rho_sd","conv_code","omega_cor","tau1","tau1_sd","tau2","tau2_sd","tau3","tau3_sd","tau4","tau4_sd","tau5","tau5_sd","tau6","tau6_sd"
0.997866685290913,0.0134457124708862,1.01434345235319,0.0160801012071585,0.571770918685611,0.0147494201090294,0.562429477386331,0.0302271112834148,-0.178883126200969,0.0122638442236562,-0.315186571142734,0.018949328363948,1,-0.31544547915666,-0.0126354860597982,0.0269710733681636,0.698627360302742,0.0134172628491618,0.692642815476694,0.0133794945694223,0.687525072594005,0.0147354153108697,0.735964723114067,0.0162974976617,0.690564951582065,0.0194062972081342
