"beta1","beta1_sd","beta2","beta2_sd","omega_b1","omega_b1_sd","omega_b2","omega_b2_sd","omega_cov","omega_cov_sd","rho","rho_sd","conv_code","omega_cor","tau1","tau1_sd","tau2","tau2_sd","tau3","tau3_sd","tau4","tau4_sd","tau5","tau5_sd","tau6","tau6_sd"
0.99125161786094,0.00638356867977058,0.991548108820705,0.011287169273781,0.0601596589549587,0.00126167230737561,1.00740558440682,0.0240234392983871,0.15175997336771,0.00380642541792008,-0.28298939662391,0.0104758279010958,1,0.616456422908892,-0.0248131259560309,0.017079583875142,0.688675795022923,0.00892675218417051,0.693970078847628,0.00787295684839729,0.69061730988136,0.00864567001655691,0.687640702766651,0.0101372334817699,0.685816495484798,0.0134462382806432
