"beta1","beta1_sd","beta2","beta2_sd","omega_b1","omega_b1_sd","omega_b2","omega_b2_sd","omega_cov","omega_cov_sd","rho","rho_sd","conv_code","omega_cor","tau1","tau1_sd","tau2","tau2_sd","tau3","tau3_sd","tau4","tau4_sd","tau5","tau5_sd","tau6","tau6_sd"
0.992714679758468,0.00874115307279181,1.00148374152525,0.0109500121951295,0.55905641712598,0.00885019885517353,1.02134314306275,0.0242892809657422,-0.452991289407392,0.0107562915847684,0.0103777211711775,0.014277505025904,1,-0.599482063868746,-0.00418588695885596,0.0196555501599188,0.694310297690527,0.00792121896451197,0.701111761276135,0.00759312721635717,0.673538773401193,0.00857282467405442,0.702042940343238,0.0099685669011049,0.682302965368088,0.0120646032255943
