"beta1","beta1_sd","beta2","beta2_sd","omega_b1","omega_b1_sd","omega_b2","omega_b2_sd","omega_cov","omega_cov_sd","rho","rho_sd","conv_code","omega_cor","tau1","tau1_sd","tau2","tau2_sd","tau3","tau3_sd","tau4","tau4_sd","tau5","tau5_sd","tau6","tau6_sd"
0.997632046635539,0.00690580682815682,1.00668814410555,0.00793905456738152,0.2489211735007,0.0037599493229267,0.251063618928887,0.0097523547739949,-0.22376268253099,0.00474466954811019,-0.291565169128781,0.00832146739449807,1,-0.895086171604259,-0.0412972256247664,0.0170165918414146,0.715439717055001,0.00756780469154785,0.6852959919841,0.0068926327621678,0.698722135728471,0.00761459018758444,0.684565912837511,0.00916797645599342,0.685698893175656,0.0113641422818961
