"beta1","beta1_sd","beta2","beta2_sd","omega_b1","omega_b1_sd","omega_b2","omega_b2_sd","omega_cov","omega_cov_sd","rho","rho_sd","conv_code","omega_cor","tau1","tau1_sd","tau2","tau2_sd","tau3","tau3_sd","tau4","tau4_sd","tau5","tau5_sd","tau6","tau6_sd"
0.989247542675409,0.00682194260906792,0.99236297694112,0.00907798523608949,0.24586136378525,0.00372630735509096,0.565895182277696,0.0145281323951345,0.337031108982438,0.00605041129635445,-0.302404816422831,0.00829697423962759,1,0.903559690420863,-0.0105473502829008,0.0161303392924201,0.686533489473828,0.00735305800784232,0.685446294819456,0.00705467197326026,0.688187088617075,0.00786253537315219,0.695193652260966,0.00933506145680092,0.699984706088428,0.0116869784407151
