"beta1","beta1_sd","beta2","beta2_sd","omega_b1","omega_b1_sd","omega_b2","omega_b2_sd","omega_cov","omega_cov_sd","rho","rho_sd","conv_code","omega_cor","tau1","tau1_sd","tau2","tau2_sd","tau3","tau3_sd","tau4","tau4_sd","tau5","tau5_sd","tau6","tau6_sd"
0.997036262201027,0.00746235436463052,1.00800954031294,0.01024347035787,0.0622760372667072,0.00168437411607514,0.235033543303801,0.0127746040217362,-0.0768425812881571,0.00298732439845652,0.0292564112359746,0.0172757171429497,1,-0.635150342057015,0.0215351164987261,0.021514409705368,0.684261448337455,0.0107457317547867,0.677972167569813,0.0092382221619164,0.681620732470894,0.0100966814730143,0.695761392107618,0.011965725572647,0.700713311936002,0.0157883603061112
