"beta1","beta1_sd","beta2","beta2_sd","omega_b1","omega_b1_sd","omega_b2","omega_b2_sd","omega_cov","omega_cov_sd","rho","rho_sd","conv_code","omega_cor","tau1","tau1_sd","tau2","tau2_sd","tau3","tau3_sd","tau4","tau4_sd","tau5","tau5_sd","tau6","tau6_sd"
0.991207624256978,0.00663592479496406,0.995283533306855,0.00667780618760299,0.249780371653473,0.00374571231583411,0.0617764400874908,0.00591374310436982,-0.109353917455785,0.00355165585517086,-0.00255484200399988,0.0104269666176344,1,-0.880326454323619,-0.0172415543972702,0.01685019152408,0.682122669077933,0.00726688688582149,0.696240940258809,0.00654803465030469,0.690317156540662,0.00733450793740533,0.685605457373153,0.00884006116127399,0.699370044583368,0.0111716141273911
