"beta1","beta1_sd","beta2","beta2_sd","omega_b1","omega_b1_sd","omega_b2","omega_b2_sd","omega_cov","omega_cov_sd","rho","rho_sd","conv_code","omega_cor","tau1","tau1_sd","tau2","tau2_sd","tau3","tau3_sd","tau4","tau4_sd","tau5","tau5_sd","tau6","tau6_sd"
0.999076107796038,0.0107640763796078,0.99616158176988,0.00889023358427552,0.999815881926568,0.0160280634866456,0.0601125916443875,0.00911598598830006,0.145509774617733,0.0100236897957973,-0.597281327613501,0.00543833953267506,1,0.593539226445476,0.000969519133867571,0.0211154968273476,0.697011520689139,0.00848263679593702,0.697381923954146,0.00846628795365193,0.676643057356606,0.00952199049772473,0.674490558932629,0.0108917853788564,0.685116619412461,0.0127352155800905
