"beta1","beta1_sd","beta2","beta2_sd","omega_b1","omega_b1_sd","omega_b2","omega_b2_sd","omega_cov","omega_cov_sd","rho","rho_sd","conv_code","omega_cor","tau1","tau1_sd","tau2","tau2_sd","tau3","tau3_sd","tau4","tau4_sd","tau5","tau5_sd","tau6","tau6_sd"
0.996016504922193,0.00685001686909973,1.0060880952349,0.0074783090383636,0.0680342486756515,0.00319589217903835,0.0616439092369978,0.00589099492988148,-0.0175578618131853,0.00334650646270315,0.89757103029503,0.00182523319058513,1,-0.271120741707533,-0.0245184018600747,0.0283625732826441,0.692307133381148,0.00920981495252302,0.700163083252004,0.00788271186153049,0.701517981629923,0.00794697034759335,0.67247220825272,0.00927272141135902,0.704062853573181,0.0118020719599118
