"beta1","beta1_sd","beta2","beta2_sd","omega_b1","omega_b1_sd","omega_b2","omega_b2_sd","omega_cov","omega_cov_sd","rho","rho_sd","conv_code","omega_cor","tau1","tau1_sd","tau2","tau2_sd","tau3","tau3_sd","tau4","tau4_sd","tau5","tau5_sd","tau6","tau6_sd"
1.00483599180293,0.00763215077914807,1.00449054579171,0.00899034192547499,0.25840807446306,0.00623999765366924,0.564089362094808,0.0147001992516751,0.345070499792192,0.00765632612785612,0.900011103042909,0.00194817067860554,1,0.903817691627938,-0.00137326572809477,0.0281488184169608,0.690741712797416,0.00810665172339532,0.689661029450475,0.00750610222008573,0.695035058819729,0.00776974513007085,0.686198446685431,0.00906745662995528,0.68650121069116,0.0111910269001413
