"beta1","beta1_sd","beta2","beta2_sd","omega_b1","omega_b1_sd","omega_b2","omega_b2_sd","omega_cov","omega_cov_sd","rho","rho_sd","conv_code","omega_cor","tau1","tau1_sd","tau2","tau2_sd","tau3","tau3_sd","tau4","tau4_sd","tau5","tau5_sd","tau6","tau6_sd"
1.00355895116,0.00697983670528419,1.00865173405836,0.00966474859733174,0.0644480734204018,0.00125547910663555,0.0551464769059387,0.00873963063418882,-0.0177202029771487,0.00248326979026713,-0.900674605632727,0.0015037426517346,1,-0.2972383463175,-0.00452481118335821,0.0177794943448333,0.695492122358012,0.00995049619587545,0.703918664289744,0.00895260775090636,0.699210700008062,0.00920197135634492,0.70172659860747,0.0102718714334374,0.675615700554022,0.0130144132876241
