"beta1","beta1_sd","beta2","beta2_sd","omega_b1","omega_b1_sd","omega_b2","omega_b2_sd","omega_cov","omega_cov_sd","rho","rho_sd","conv_code","omega_cor","tau1","tau1_sd","tau2","tau2_sd","tau3","tau3_sd","tau4","tau4_sd","tau5","tau5_sd","tau6","tau6_sd"
1.00234028904263,0.0074205987946932,1.00532340917176,0.0100353565563497,0.0617118776533414,0.00213184521867238,0.240274138045789,0.0124534119398569,0.00158065871588802,0.00320639321239518,0.605076918985847,0.00998654407621277,1,0.0129807628638068,0.0196958786746312,0.0237305813161829,0.691683878523996,0.0106792653162707,0.701022876963303,0.00917800239603077,0.679623641033243,0.00999480753677346,0.716776258565333,0.0117108628020183,0.657215927298974,0.0157709724276323
