"beta1","beta1_sd","beta2","beta2_sd","omega_b1","omega_b1_sd","omega_b2","omega_b2_sd","omega_cov","omega_cov_sd","rho","rho_sd","conv_code","omega_cor","tau1","tau1_sd","tau2","tau2_sd","tau3","tau3_sd","tau4","tau4_sd","tau5","tau5_sd","tau6","tau6_sd"
0.997215936275751,0.0113932238482115,1.01408336812633,0.0120670699499115,1.00204496995058,0.020338095671955,1.03157107648713,0.0267917410584572,0.298813279779817,0.0173349401192039,0.896505139775711,0.00306974914325021,1,0.293904820904272,0.0385470367170136,0.0318836699265734,0.68638912197162,0.00937717608233089,0.684506016651618,0.00891064093463431,0.690213106163431,0.00945528338113671,0.694266351950648,0.0106590586963182,0.721886409237625,0.0122315885171139
