"beta1","beta1_sd","beta2","beta2_sd","omega_b1","omega_b1_sd","omega_b2","omega_b2_sd","omega_cov","omega_cov_sd","rho","rho_sd","conv_code","omega_cor","tau1","tau1_sd","tau2","tau2_sd","tau3","tau3_sd","tau4","tau4_sd","tau5","tau5_sd","tau6","tau6_sd"
1.0197936898897,0.0122824660904225,0.969836254458667,0.0138563938079705,0.568246484797632,0.0150755978859975,0.575882965909075,0.0257119565827785,-0.345686823804489,0.0149898295056875,0.896698276511644,0.00318384780399538,1,-0.604292676530264,0.0429845117425716,0.0364319235136166,0.680644413163548,0.0130214231181205,0.682289409538383,0.0122641973067052,0.69026725568668,0.0127221878083607,0.700455586630021,0.0144252217090115,0.71475341955338,0.0167956690663993
