"beta1","beta1_sd","beta2","beta2_sd","omega_b1","omega_b1_sd","omega_b2","omega_b2_sd","omega_cov","omega_cov_sd","rho","rho_sd","conv_code","omega_cor","tau1","tau1_sd","tau2","tau2_sd","tau3","tau3_sd","tau4","tau4_sd","tau5","tau5_sd","tau6","tau6_sd"
0.996971874206412,0.00793791658943763,1.01290236868012,0.0118814578010146,0.0619856850810535,0.00163497070168497,0.540439899347104,0.0194605568778323,0.165747628836962,0.00431622114396513,-0.314625951660194,0.0130421274732149,1,0.905582286967036,0.0110487798677704,0.0194522759542863,0.670979259626144,0.01089231328666,0.689360573214676,0.00992344242708203,0.694179291581997,0.0109730000399748,0.700437613058465,0.0131481693442519,0.722341000336087,0.0168956652659725
