"beta1","beta1_sd","beta2","beta2_sd","omega_b1","omega_b1_sd","omega_b2","omega_b2_sd","omega_cov","omega_cov_sd","rho","rho_sd","conv_code","omega_cor","tau1","tau1_sd","tau2","tau2_sd","tau3","tau3_sd","tau4","tau4_sd","tau5","tau5_sd","tau6","tau6_sd"
1.00632738533388,0.0106910604329035,1.01855270648776,0.0124435148090611,0.251247024077668,0.00595673236240667,0.0651496375553488,0.0134135633169147,-0.0256424922210183,0.00532952414390716,-0.304783915255535,0.0154316681016153,2,-0.200425865298837,0.0229345074085938,0.0220184857468173,0.69200375264824,0.0116449586336107,0.690564358060071,0.0114391545807972,0.69845907096425,0.0128154996942493,0.702270130533155,0.0149069147547216,0.692467391974312,0.0179603924445972
