"beta1","beta1_sd","beta2","beta2_sd","omega_b1","omega_b1_sd","omega_b2","omega_b2_sd","omega_cov","omega_cov_sd","rho","rho_sd","conv_code","omega_cor","tau1","tau1_sd","tau2","tau2_sd","tau3","tau3_sd","tau4","tau4_sd","tau5","tau5_sd","tau6","tau6_sd"
0.998647580355687,0.0130018942623286,1.00032725257564,0.0129953396791672,0.974272116501896,0.0196720830104114,0.0539378961444578,0.0146352597975509,-0.153559882302206,0.0144534737061267,-0.899709811519931,0.00192663940406395,1,-0.669870160617869,-0.00213596955917075,0.0283665260271267,0.701775551077225,0.0118212251622419,0.671719787037455,0.0116156381754258,0.681060507314533,0.0121013044790591,0.706528180867622,0.0130477333383254,0.668772849676147,0.0153213549838657
