"beta1","beta1_sd","beta2","beta2_sd","omega_b1","omega_b1_sd","omega_b2","omega_b2_sd","omega_cov","omega_cov_sd","rho","rho_sd","conv_code","omega_cor","tau1","tau1_sd","tau2","tau2_sd","tau3","tau3_sd","tau4","tau4_sd","tau5","tau5_sd","tau6","tau6_sd"
1.0102792014526,0.00786067865923843,0.984309993125735,0.00910582500178343,0.245918154366645,0.00621142688128569,0.550709419376875,0.0148422600698879,-0.222629271204875,0.00696870856417171,0.899803956901196,0.00201146009743463,1,-0.604958686205837,0.0227767130850869,0.0289786643006314,0.686701913130288,0.00847076766130691,0.691704329922078,0.00752142401896448,0.691525801121985,0.00781866560308564,0.686802599887376,0.00897356805275325,0.696183536776695,0.0110206495770402
