"beta1","beta1_sd","beta2","beta2_sd","omega_b1","omega_b1_sd","omega_b2","omega_b2_sd","omega_cov","omega_cov_sd","rho","rho_sd","conv_code","omega_cor","tau1","tau1_sd","tau2","tau2_sd","tau3","tau3_sd","tau4","tau4_sd","tau5","tau5_sd","tau6","tau6_sd"
0.990336857242537,0.0114634201923206,1.00651926111978,0.0112103565620071,0.55285823983721,0.0140398268045979,0.0617440539897754,0.00985160119300275,-0.166819971102996,0.0104769518805895,0.900020165290878,0.00289096948830626,1,-0.90290815960854,0.0187542754229207,0.0348191413516531,0.671069865567967,0.0122386617781996,0.696376864872978,0.0114153724048927,0.684737306275097,0.0121270058552148,0.697676106422987,0.0135622154067552,0.681973823958952,0.0165005910455436
