"beta1","beta1_sd","beta2","beta2_sd","omega_b1","omega_b1_sd","omega_b2","omega_b2_sd","omega_cov","omega_cov_sd","rho","rho_sd","conv_code","omega_cor","tau1","tau1_sd","tau2","tau2_sd","tau3","tau3_sd","tau4","tau4_sd","tau5","tau5_sd","tau6","tau6_sd"
0.975704322896683,0.0124343045104112,1.00245891528089,0.0129984795337216,0.989923325791531,0.0224501635703088,0.253443247357506,0.0175248068221792,0.292753743914009,0.0153865181353151,0.28018713520486,0.0305894015037284,1,0.584468778417265,-0.0254387292408759,0.0268660278937013,0.702338047558852,0.011583457845478,0.668683471529513,0.0121102646555308,0.684093436993876,0.0137374779246264,0.699535480897144,0.0155690196193264,0.700890625512814,0.018253001120751
