"beta1","beta1_sd","beta2","beta2_sd","omega_b1","omega_b1_sd","omega_b2","omega_b2_sd","omega_cov","omega_cov_sd","rho","rho_sd","conv_code","omega_cor","tau1","tau1_sd","tau2","tau2_sd","tau3","tau3_sd","tau4","tau4_sd","tau5","tau5_sd","tau6","tau6_sd"
1.00703241112956,0.0063827651439396,0.99398505112803,0.0111397286869755,0.0645871674390877,0.00144215883662059,1.0067605143369,0.0236671817116605,0.0753360846402459,0.00351899236781752,-0.0238014134663632,0.0138777247611085,1,0.295438329613045,-0.0165913150536711,0.0178562608695536,0.704505392318634,0.00867241787832703,0.705100809166661,0.00762291876977976,0.690003759693345,0.00858519017479288,0.70962012490712,0.0100419390661505,0.677958057137621,0.0133399045832684
