"beta1","beta1_sd","beta2","beta2_sd","omega_b1","omega_b1_sd","omega_b2","omega_b2_sd","omega_cov","omega_cov_sd","rho","rho_sd","conv_code","omega_cor","tau1","tau1_sd","tau2","tau2_sd","tau3","tau3_sd","tau4","tau4_sd","tau5","tau5_sd","tau6","tau6_sd"
0.985254757993105,0.00911855388327089,1.00440579564021,0.00937059308758287,0.561993212170913,0.00885650879326417,0.251852711480134,0.0125374614383459,-0.21268131218469,0.00787705682420734,-0.606696258837327,0.00517054484478894,1,-0.565314962880701,-0.0218739408844299,0.019747720897972,0.692123202270477,0.008339911132643,0.695302756981343,0.00797763093768968,0.69838734354978,0.00887149640741315,0.678169759482373,0.0103371801394138,0.704491830311573,0.0123765660990496
