"beta1","beta1_sd","beta2","beta2_sd","omega_b1","omega_b1_sd","omega_b2","omega_b2_sd","omega_cov","omega_cov_sd","rho","rho_sd","conv_code","omega_cor","tau1","tau1_sd","tau2","tau2_sd","tau3","tau3_sd","tau4","tau4_sd","tau5","tau5_sd","tau6","tau6_sd"
1.00288324675903,0.011567641677098,1.01873285989067,0.0147541637369507,0.57012021448997,0.0130984190727681,1.01943778501388,0.0352662251497102,0.672970485948499,0.0173522743710058,-0.00938255584597663,0.0246818449688257,1,0.882739244831162,-0.0167837058506632,0.0245644172573093,0.704673720943536,0.0113427881826119,0.696022861391179,0.0121148441626735,0.706118510064926,0.0135338469990946,0.705328743606224,0.0155361937814862,0.710252836086998,0.0181394924373469
