"beta1","beta1_sd","beta2","beta2_sd","omega_b1","omega_b1_sd","omega_b2","omega_b2_sd","omega_cov","omega_cov_sd","rho","rho_sd","conv_code","omega_cor","tau1","tau1_sd","tau2","tau2_sd","tau3","tau3_sd","tau4","tau4_sd","tau5","tau5_sd","tau6","tau6_sd"
1.00938953567412,0.00975702919362533,1.01178621710469,0.0114632509696009,0.565927370771655,0.0122426648628015,1.02399943414317,0.024973439216957,0.00372699072219227,0.0120507895909386,0.898592892904797,0.00262636363483975,1,0.00489585000611448,-0.0223495628999271,0.0311159210375987,0.682678799557882,0.00894160702384626,0.705442905734277,0.00828421836063941,0.693895681609096,0.00870426993927048,0.706601972386852,0.00990424001870806,0.717398301070339,0.011708664158335
