"beta1","beta1_sd","beta2","beta2_sd","omega_b1","omega_b1_sd","omega_b2","omega_b2_sd","omega_cov","omega_cov_sd","rho","rho_sd","conv_code","omega_cor","tau1","tau1_sd","tau2","tau2_sd","tau3","tau3_sd","tau4","tau4_sd","tau5","tau5_sd","tau6","tau6_sd"
1.00318476660848,0.00888853552668936,0.991918759884757,0.0126439023752683,0.0622441036930823,0.00161296962963558,0.545981402685533,0.0211129225978722,-0.167964401762359,0.00444217212029195,-0.594127045539769,0.00811220663005912,1,-0.911127623451128,-0.00050142589868893,0.0210993049488552,0.692923580818845,0.0120973811358335,0.691331930907651,0.0108021585708566,0.702387089811932,0.0113874016016077,0.689777152788383,0.0132811575185651,0.697686604286232,0.0166090542768713
