"beta1","beta1_sd","beta2","beta2_sd","omega_b1","omega_b1_sd","omega_b2","omega_b2_sd","omega_cov","omega_cov_sd","rho","rho_sd","conv_code","omega_cor","tau1","tau1_sd","tau2","tau2_sd","tau3","tau3_sd","tau4","tau4_sd","tau5","tau5_sd","tau6","tau6_sd"
0.999081546910848,0.00655701297634645,1.00291930699302,0.00875893011070904,0.24943392880382,0.00376893796630766,0.580495784169946,0.014204788651837,0.342714879242939,0.00598046239906415,-0.000675072363913592,0.0112245382414482,1,0.900649187198112,-0.0323619310285362,0.0159482855999035,0.705946382293926,0.00694860357220131,0.693448388988509,0.00677040557066755,0.697749289436055,0.00770608507427895,0.690094042446437,0.00915637750642881,0.698150191266841,0.0115050684301547
