"beta1","beta1_sd","beta2","beta2_sd","omega_b1","omega_b1_sd","omega_b2","omega_b2_sd","omega_cov","omega_cov_sd","rho","rho_sd","conv_code","omega_cor","tau1","tau1_sd","tau2","tau2_sd","tau3","tau3_sd","tau4","tau4_sd","tau5","tau5_sd","tau6","tau6_sd"
1.00240150169531,0.0212007481409676,1.01040632660087,0.0273875320286636,0.973148013445209,0.0382834701523407,1.02753077081925,0.0766989780633941,-0.881729228216122,0.0404213232363899,-0.898540454801745,0.00386678696282964,1,-0.881755889224227,0.0172713073323848,0.0345582379136316,0.69409016751757,0.0209430352725841,0.677884360365063,0.0207925760581622,0.681136870973856,0.0214969460107232,0.706299922152584,0.0227450757107127,0.677893004904057,0.0249632645848413
