"beta1","beta1_sd","beta2","beta2_sd","omega_b1","omega_b1_sd","omega_b2","omega_b2_sd","omega_cov","omega_cov_sd","rho","rho_sd","conv_code","omega_cor","tau1","tau1_sd","tau2","tau2_sd","tau3","tau3_sd","tau4","tau4_sd","tau5","tau5_sd","tau6","tau6_sd"
1.07354155899144,0.127570001680312,1.95557625887352,0.163641686912312,72.3132525210492,10.4207742605109,1.48118799322227,0.499872856154541,-7.36011287062812,1.49255726436916,-0.990000032382623,0.00153114059397643,2,-0.711165099020226,-0.186417518177166,0.140529127351479,2.09239041578356,0.0738435574615767,2.28048883678194,0.0737388204853475,2.41884171275,0.0740660031194101,2.45545254182687,0.0746097119680444,2.1324818637628,0.0757108174692917
