"beta1","beta1_sd","beta2","beta2_sd","omega_b1","omega_b1_sd","omega_b2","omega_b2_sd","omega_cov","omega_cov_sd","rho","rho_sd","conv_code","omega_cor","tau1","tau1_sd","tau2","tau2_sd","tau3","tau3_sd","tau4","tau4_sd","tau5","tau5_sd","tau6","tau6_sd"
0.990067590016446,0.00749686660849464,0.9812066147361,0.00882628404956076,0.251038103615766,0.00393529204423859,0.244363223278331,0.0113257278040848,-0.0793357645104415,0.00453261723571077,-0.601733780516306,0.00492733052029017,1,-0.320317942226573,-0.0125173645699576,0.0179898599308634,0.67377389020985,0.00812936053054575,0.690218576211962,0.00740244657405017,0.692425417062365,0.00816361936294814,0.708331316892776,0.00943982692930611,0.682084863676851,0.0118495544699408
