"beta1","beta1_sd","beta2","beta2_sd","omega_b1","omega_b1_sd","omega_b2","omega_b2_sd","omega_cov","omega_cov_sd","rho","rho_sd","conv_code","omega_cor","tau1","tau1_sd","tau2","tau2_sd","tau3","tau3_sd","tau4","tau4_sd","tau5","tau5_sd","tau6","tau6_sd"
0.99871187429505,0.0100659384830765,1.01032653051129,0.0102631000086883,0.563924123247836,0.00977544011916739,0.068331052298807,0.0108424427120751,0.0593308683094684,0.00777356093511261,-0.594628623537569,0.00651288426443338,1,0.302246522888408,-0.0174822694017069,0.0219236785024401,0.70273084847602,0.00969602668018669,0.702378223074271,0.00938863428881978,0.69701035412754,0.0104000004645676,0.697493886546645,0.011962030486893,0.721497479155358,0.0142864694672228
