"beta1","beta1_sd","beta2","beta2_sd","omega_b1","omega_b1_sd","omega_b2","omega_b2_sd","omega_cov","omega_cov_sd","rho","rho_sd","conv_code","omega_cor","tau1","tau1_sd","tau2","tau2_sd","tau3","tau3_sd","tau4","tau4_sd","tau5","tau5_sd","tau6","tau6_sd"
1.00275000121305,0.00902316965606331,1.01052907760629,0.0104575502641753,0.261853474021694,0.0057606313528904,0.252708567796162,0.0134234497483608,-0.234326706696233,0.00679172557651139,0.594917823847323,0.0129599373614045,1,-0.9109250300096,0.00998132422099544,0.0257829607071973,0.694539537705208,0.0108221651158491,0.695470174460752,0.00966565174711759,0.706546401538799,0.0106449718942106,0.693644276673339,0.0127816343526198,0.711500189106418,0.0159276296651612
