"beta1","beta1_sd","beta2","beta2_sd","omega_b1","omega_b1_sd","omega_b2","omega_b2_sd","omega_cov","omega_cov_sd","rho","rho_sd","conv_code","omega_cor","tau1","tau1_sd","tau2","tau2_sd","tau3","tau3_sd","tau4","tau4_sd","tau5","tau5_sd","tau6","tau6_sd"
1.00723133076303,0.016178138060632,0.991164055783925,0.021083108285877,0.254544652688747,0.00862476523508038,0.235498505790752,0.0294085920202312,-0.071684414365809,0.00888260188971837,-0.901503517037784,0.00304336995315255,2,-0.292784899846066,0.0152185907186154,0.026868937194674,0.675400458726166,0.0175156086173719,0.72020893997388,0.0169202509766769,0.681516963485758,0.0177633629190557,0.683482208889715,0.0192227646072396,0.655534675269941,0.0217872003722956
