"beta1","beta1_sd","beta2","beta2_sd","omega_b1","omega_b1_sd","omega_b2","omega_b2_sd","omega_cov","omega_cov_sd","rho","rho_sd","conv_code","omega_cor","tau1","tau1_sd","tau2","tau2_sd","tau3","tau3_sd","tau4","tau4_sd","tau5","tau5_sd","tau6","tau6_sd"
1.00070022707274,0.00745113302104748,0.996398645089423,0.0109179991000453,0.250548773062489,0.00472128440714945,1.02285657653015,0.0237680269367426,0.45456621130579,0.00856773864232567,0.613736392925018,0.0101146661764541,1,0.897932394195418,0.0102793185257886,0.0213772120903743,0.700264075944923,0.00845983792778644,0.692857856012156,0.00786005183021949,0.686905144723689,0.0088935975724955,0.69325669200961,0.0105820356799887,0.692532966244446,0.0133106029169142
