"beta1","beta1_sd","beta2","beta2_sd","omega_b1","omega_b1_sd","omega_b2","omega_b2_sd","omega_cov","omega_cov_sd","rho","rho_sd","conv_code","omega_cor","tau1","tau1_sd","tau2","tau2_sd","tau3","tau3_sd","tau4","tau4_sd","tau5","tau5_sd","tau6","tau6_sd"
0.997656294894774,0.0101440767134166,1.00134633421963,0.00857547521186519,0.999339155261351,0.01549621458225,0.227237236597499,0.0113106625657112,-0.436825060939144,0.0112044123493215,-0.288511707951756,0.00953224520744912,1,-0.916666467180162,-0.0292294727909134,0.0195197174751502,0.693526673666725,0.00819898613350649,0.694316222093255,0.00793591421367968,0.693212776597468,0.0087716302798772,0.693518876745935,0.0102500571660529,0.680312968114676,0.0123058091651221
