"beta1","beta1_sd","beta2","beta2_sd","omega_b1","omega_b1_sd","omega_b2","omega_b2_sd","omega_cov","omega_cov_sd","rho","rho_sd","conv_code","omega_cor","tau1","tau1_sd","tau2","tau2_sd","tau3","tau3_sd","tau4","tau4_sd","tau5","tau5_sd","tau6","tau6_sd"
0.993351402259311,0.00552432017568158,1.00158811422785,0.0101791539449413,0.0605436673393553,0.00111663405092213,0.989627240125825,0.0204795746349475,-0.151973770157959,0.00338383319198498,-0.296277488812955,0.00845004659443784,1,-0.620866825468322,-0.00669633731392254,0.015683278656238,0.690712420983066,0.007887416814619,0.693191442044657,0.0067102871111131,0.688323331172401,0.00721793805414825,0.684012200510235,0.00850652776952802,0.671029846709014,0.0111372072326325
