"beta1","beta1_sd","beta2","beta2_sd","omega_b1","omega_b1_sd","omega_b2","omega_b2_sd","omega_cov","omega_cov_sd","rho","rho_sd","conv_code","omega_cor","tau1","tau1_sd","tau2","tau2_sd","tau3","tau3_sd","tau4","tau4_sd","tau5","tau5_sd","tau6","tau6_sd"
0.997257782379964,0.00584470284692361,1.00229883894026,0.00695322695915619,0.062689835630649,0.00174355643910862,0.0601629485036785,0.00572678907502754,0.0184537409538625,0.00224189555662055,0.611014459207671,0.00775528256725098,1,0.300483962820784,-0.0175924587560545,0.020016575851693,0.70016827424644,0.00836280635915005,0.690314802468464,0.0071638034008102,0.689357101953446,0.00762107814844163,0.700098446081848,0.00903161991533484,0.68186805229251,0.0123084647368375
