"beta1","beta1_sd","beta2","beta2_sd","omega_b1","omega_b1_sd","omega_b2","omega_b2_sd","omega_cov","omega_cov_sd","rho","rho_sd","conv_code","omega_cor","tau1","tau1_sd","tau2","tau2_sd","tau3","tau3_sd","tau4","tau4_sd","tau5","tau5_sd","tau6","tau6_sd"
0.993444698263506,0.00870841552964541,1.00031757967469,0.00877422151335691,0.548251311745438,0.00935661846226971,0.249065631625005,0.0113443953671202,0.337631350123086,0.00839126567266125,0.303675305356147,0.0188433544625123,1,0.913684008470071,0.00803571387866584,0.0202218638729368,0.687845397370217,0.00824996434396611,0.678978760682043,0.00843158130417589,0.676001619010905,0.00966416896425213,0.706502032131828,0.0110540227993491,0.692969612163171,0.0134724743521425
