"beta1","beta1_sd","beta2","beta2_sd","omega_b1","omega_b1_sd","omega_b2","omega_b2_sd","omega_cov","omega_cov_sd","rho","rho_sd","conv_code","omega_cor","tau1","tau1_sd","tau2","tau2_sd","tau3","tau3_sd","tau4","tau4_sd","tau5","tau5_sd","tau6","tau6_sd"
0.999873619869233,0.00922237040716621,1.00470561819155,0.00947669909798477,0.55919850861011,0.0088219232673561,0.248421834922931,0.0126813224924851,-0.121279401969964,0.00763833706765005,-0.600015161080567,0.00531069506422954,1,-0.325393716230871,-0.00627726874353975,0.020236873218417,0.702587836772699,0.00839937748859969,0.693750094550336,0.00809298948042152,0.688119244996549,0.0088980566278172,0.687519174472894,0.0102079137725736,0.690195223943614,0.0124089105812116
