"beta1","beta1_sd","beta2","beta2_sd","omega_b1","omega_b1_sd","omega_b2","omega_b2_sd","omega_cov","omega_cov_sd","rho","rho_sd","conv_code","omega_cor","tau1","tau1_sd","tau2","tau2_sd","tau3","tau3_sd","tau4","tau4_sd","tau5","tau5_sd","tau6","tau6_sd"
1.0226805239413,0.0134607945743379,0.995612506487325,0.0166392059674964,0.600387997652271,0.0155317810604598,1.04947472164214,0.041729039651441,-0.00597839696992144,0.0134488197792162,-0.0810745566788108,0.0278133856349142,1,-0.00753152214033354,0.0140169525153355,0.0279865748490951,0.730627439580594,0.0128291991744071,0.698287679027711,0.0133784335106798,0.729460913288118,0.0145478633668153,0.702675876289157,0.0166717692175994,0.7449263560307,0.0190167916798586
