"beta1","beta1_sd","beta2","beta2_sd","omega_b1","omega_b1_sd","omega_b2","omega_b2_sd","omega_cov","omega_cov_sd","rho","rho_sd","conv_code","omega_cor","tau1","tau1_sd","tau2","tau2_sd","tau3","tau3_sd","tau4","tau4_sd","tau5","tau5_sd","tau6","tau6_sd"
1.00265892968868,0.00742625654761598,0.996708779532286,0.00764285479807054,0.243575896306215,0.00583808226985476,0.246103177462959,0.00917178909394223,-0.221867057748289,0.00585026267808334,0.897408000984633,0.00193532417294378,1,-0.906185396191114,0.0206147072262515,0.0277849028411053,0.686575609578377,0.00808678150258462,0.688245509762599,0.00729731542777615,0.691927806283199,0.00752130486379936,0.688482480919329,0.008576698563007,0.677891864969235,0.0106970132229988
