"beta1","beta1_sd","beta2","beta2_sd","omega_b1","omega_b1_sd","omega_b2","omega_b2_sd","omega_cov","omega_cov_sd","rho","rho_sd","conv_code","omega_cor","tau1","tau1_sd","tau2","tau2_sd","tau3","tau3_sd","tau4","tau4_sd","tau5","tau5_sd","tau6","tau6_sd"
0.994476757878906,0.0116980882793831,1.01048328138543,0.011073593644663,1.00395652302485,0.0175236822294645,0.239439912856427,0.0159537827968114,-0.447779870827952,0.0145856759266148,-0.899688383872546,0.00159606977591575,1,-0.913290291314821,-0.0274610458536831,0.0252589436181865,0.702744405754715,0.00986206181518762,0.70398591971442,0.00938837860667779,0.689454250001165,0.010004899976234,0.682221689842009,0.011205864093042,0.703399687567288,0.0129087624810795
