"beta1","beta1_sd","beta2","beta2_sd","omega_b1","omega_b1_sd","omega_b2","omega_b2_sd","omega_cov","omega_cov_sd","rho","rho_sd","conv_code","omega_cor","tau1","tau1_sd","tau2","tau2_sd","tau3","tau3_sd","tau4","tau4_sd","tau5","tau5_sd","tau6","tau6_sd"
0.999142142306751,0.00855917511437937,0.986333081094461,0.00971096503041624,0.0592955626541268,0.00365338237588482,0.0548418230862018,0.00796272186293369,0.0220464389273582,0.00414913228569822,0.902496940672807,0.00199925161880375,1,0.386608511096729,-0.00892283136503572,0.0322803319284939,0.696309050832283,0.0116034914515156,0.682090626103717,0.0101782013114514,0.691018836918253,0.0103764269499173,0.687956479125208,0.0116110364059511,0.668820777738124,0.0152747951513613
