"beta1","beta1_sd","beta2","beta2_sd","omega_b1","omega_b1_sd","omega_b2","omega_b2_sd","omega_cov","omega_cov_sd","rho","rho_sd","conv_code","omega_cor","tau1","tau1_sd","tau2","tau2_sd","tau3","tau3_sd","tau4","tau4_sd","tau5","tau5_sd","tau6","tau6_sd"
0.979776944524715,0.0119493429492882,1.00681585238086,0.0118041512685778,0.991798689876774,0.017977721439792,0.262958439352208,0.0173259279876574,-0.319580189227311,0.014420832444958,-0.899792239794935,0.00166187166333123,1,-0.625784104765801,-0.000479188474003648,0.0256144372120966,0.680264263919151,0.0101919384665675,0.701601378497916,0.00975357218553297,0.684285196175087,0.0104492580150852,0.692494456892173,0.0114159513661507,0.698296397356235,0.0133571453356852
