"beta1","beta1_sd","beta2","beta2_sd","omega_b1","omega_b1_sd","omega_b2","omega_b2_sd","omega_cov","omega_cov_sd","rho","rho_sd","conv_code","omega_cor","tau1","tau1_sd","tau2","tau2_sd","tau3","tau3_sd","tau4","tau4_sd","tau5","tau5_sd","tau6","tau6_sd"
0.977671619668937,0.0122705344231586,0.990363905901487,0.0140825356177585,0.970942767372908,0.0209274069645425,0.967956780387727,0.0352182159115339,-0.880288398448787,0.022379208921826,0.352382678515374,0.0276313919826454,1,-0.908029963048311,-0.0135643212223679,0.0273356163942016,0.69119313256716,0.0115365006624181,0.682944954025752,0.0112960862992814,0.675667175252928,0.012938236810723,0.68052102970606,0.0152430696149908,0.68491419466921,0.0178012874034549
