"beta1","beta1_sd","beta2","beta2_sd","omega_b1","omega_b1_sd","omega_b2","omega_b2_sd","omega_cov","omega_cov_sd","rho","rho_sd","conv_code","omega_cor","tau1","tau1_sd","tau2","tau2_sd","tau3","tau3_sd","tau4","tau4_sd","tau5","tau5_sd","tau6","tau6_sd"
0.991972133409463,0.00867172211920316,1.00047343283247,0.00936518299095179,0.571067933203293,0.00940503761130674,0.557721221066362,0.0155416319991013,-0.179411531203518,0.00870866423306852,0.587214523440663,0.0136494504057647,1,-0.317905382349105,-0.0128272192289157,0.0216647090366273,0.694897358309483,0.00784228098498633,0.67923690164423,0.0074443097792608,0.708776512246036,0.0081498747174122,0.677578917031817,0.00979948567618824,0.706449679644115,0.0116876099858973
