"beta1","beta1_sd","beta2","beta2_sd","omega_b1","omega_b1_sd","omega_b2","omega_b2_sd","omega_cov","omega_cov_sd","rho","rho_sd","conv_code","omega_cor","tau1","tau1_sd","tau2","tau2_sd","tau3","tau3_sd","tau4","tau4_sd","tau5","tau5_sd","tau6","tau6_sd"
0.984379841642688,0.0150652185386479,0.998794865725478,0.0191860878178764,0.565896126357807,0.0162218441692286,0.94551164327959,0.047397683379819,-0.207868971419496,0.0147403504121387,-0.593895392997741,0.0121111648100325,1,-0.284176306861861,-0.0491024092148174,0.0287378097692976,0.691080532553767,0.015033028773037,0.682844894086843,0.0149679843197482,0.699927294489711,0.0161792782396112,0.695405299422368,0.0179316320920838,0.67052782697323,0.0206129806167157
