"beta1","beta1_sd","beta2","beta2_sd","omega_b1","omega_b1_sd","omega_b2","omega_b2_sd","omega_cov","omega_cov_sd","rho","rho_sd","conv_code","omega_cor","tau1","tau1_sd","tau2","tau2_sd","tau3","tau3_sd","tau4","tau4_sd","tau5","tau5_sd","tau6","tau6_sd"
1.0001469268921,0.00615755146147028,1.00234740441179,0.0108513199520192,0.062269242399187,0.00160250006894529,0.987136219658056,0.0228125442120267,0.00549195682564208,0.00344174713760264,0.309732064444739,0.014963460304085,1,0.0221514306252391,0.0114175841232412,0.0192621066758779,0.69415045597624,0.00871243181018587,0.68803737850104,0.0075559731831729,0.688146754123091,0.00823290650281915,0.695550541110329,0.00969871578273649,0.702450793222214,0.0128170769989973
