"beta1","beta1_sd","beta2","beta2_sd","omega_b1","omega_b1_sd","omega_b2","omega_b2_sd","omega_cov","omega_cov_sd","rho","rho_sd","conv_code","omega_cor","tau1","tau1_sd","tau2","tau2_sd","tau3","tau3_sd","tau4","tau4_sd","tau5","tau5_sd","tau6","tau6_sd"
1.00112798821167,0.0117625699040009,0.996451791313302,0.0144722837727326,0.248415663982359,0.00628611367912295,0.273596993928566,0.0200061610935145,-0.224167195275573,0.00780355249064782,-0.593033588548175,0.00958524552662839,1,-0.85985834177251,0.0246240463002794,0.0237013052762886,0.69098572170804,0.0132450333902859,0.687834216935503,0.0125554836317351,0.693372389460264,0.0136665411125311,0.683926790751576,0.0157562911101962,0.6859917480086,0.0185823078394413
