"beta1","beta1_sd","beta2","beta2_sd","omega_b1","omega_b1_sd","omega_b2","omega_b2_sd","omega_cov","omega_cov_sd","rho","rho_sd","conv_code","omega_cor","tau1","tau1_sd","tau2","tau2_sd","tau3","tau3_sd","tau4","tau4_sd","tau5","tau5_sd","tau6","tau6_sd"
0.989954613513649,0.00903527676510061,0.987495234681982,0.0106241043908081,0.244155461205275,0.00561090785627029,0.242136093388619,0.0135611192580782,-0.14464026821278,0.00627309938475156,0.606778374469675,0.0130556791397573,1,-0.594875703471131,-0.00682982581713071,0.025827922451099,0.678730102367099,0.0109801349438132,0.686456176418397,0.00992091836016903,0.67864412089047,0.0108774159392848,0.689708691457211,0.0129583990414337,0.67407612439801,0.0161701147120229
