"beta1","beta1_sd","beta2","beta2_sd","omega_b1","omega_b1_sd","omega_b2","omega_b2_sd","omega_cov","omega_cov_sd","rho","rho_sd","conv_code","omega_cor","tau1","tau1_sd","tau2","tau2_sd","tau3","tau3_sd","tau4","tau4_sd","tau5","tau5_sd","tau6","tau6_sd"
0.986237075675416,0.0105294360852255,1.01557829873162,0.0106285051766932,0.569402392025955,0.0120154294394059,0.0589035060651174,0.00996928978778382,-0.0496976803696156,0.00898149185014414,0.575971823748892,0.0178615586445909,1,-0.271366293059724,-0.0150960963029193,0.0263864674792827,0.700088547113556,0.0107564971243962,0.68826260036745,0.0104556877897917,0.688635306177854,0.0117156985069713,0.685688111680692,0.0140338746436374,0.688981863633366,0.0168876376481522
