"beta1","beta1_sd","beta2","beta2_sd","omega_b1","omega_b1_sd","omega_b2","omega_b2_sd","omega_cov","omega_cov_sd","rho","rho_sd","conv_code","omega_cor","tau1","tau1_sd","tau2","tau2_sd","tau3","tau3_sd","tau4","tau4_sd","tau5","tau5_sd","tau6","tau6_sd"
0.99005577655444,0.00893247472570383,0.992737781523845,0.0116164513877108,0.25477338191274,0.00471246283662234,0.252250637480624,0.0161743825019566,0.228289614174097,0.00700045493499179,-0.897467769975498,0.00169882034967737,1,0.900519231128045,-0.0254717568206106,0.0216123415704937,0.698653177850017,0.0103475634745148,0.6825929289381,0.0098401236438708,0.695745260594724,0.0102825174038401,0.704758166303485,0.0116310614331006,0.680271454805768,0.0141505712893607
