"beta1","beta1_sd","beta2","beta2_sd","omega_b1","omega_b1_sd","omega_b2","omega_b2_sd","omega_cov","omega_cov_sd","rho","rho_sd","conv_code","omega_cor","tau1","tau1_sd","tau2","tau2_sd","tau3","tau3_sd","tau4","tau4_sd","tau5","tau5_sd","tau6","tau6_sd"
1.00452075987867,0.00503573396501521,1.00706126035251,0.00635396382183115,0.0618172261251515,0.00112164847088018,0.0673927666538261,0.00562098172187199,0.0382139060151467,0.00172923298472034,0.0037264072380041,0.00928406562785734,1,0.592052244102769,0.00038372771855255,0.0147076311281614,0.687111445249944,0.00719064889572879,0.690513627312582,0.00616737582289864,0.692917505747988,0.00673203426053341,0.693052618838525,0.00806348245922109,0.694465265543559,0.0107682191763386
