"beta1","beta1_sd","beta2","beta2_sd","omega_b1","omega_b1_sd","omega_b2","omega_b2_sd","omega_cov","omega_cov_sd","rho","rho_sd","conv_code","omega_cor","tau1","tau1_sd","tau2","tau2_sd","tau3","tau3_sd","tau4","tau4_sd","tau5","tau5_sd","tau6","tau6_sd"
0.995657969460045,0.00850524824722296,0.990789341034343,0.0107661661059996,0.55834278857155,0.0085671924957686,0.994311086903723,0.0234625992056972,0.667384999223968,0.0120735842934637,-0.302201551144683,0.0092344497853028,1,0.895704681685435,-0.0209885245771279,0.0176153316862181,0.698628032871301,0.00764496887550944,0.700073230482464,0.00774763429876085,0.683464633266811,0.00879657648347664,0.696560741457182,0.0101840780907099,0.686671287775505,0.0122973431284862
