"beta1","beta1_sd","beta2","beta2_sd","omega_b1","omega_b1_sd","omega_b2","omega_b2_sd","omega_cov","omega_cov_sd","rho","rho_sd","conv_code","omega_cor","tau1","tau1_sd","tau2","tau2_sd","tau3","tau3_sd","tau4","tau4_sd","tau5","tau5_sd","tau6","tau6_sd"
1.02136663222062,0.013189948973967,1.03830422189956,0.0165558178988167,0.595765931716063,0.0168462211311238,1.08655881395559,0.0402877953271435,-0.230783100169821,0.0176380200063372,0.89976728381537,0.00336691500211722,1,-0.286839892501143,0.0258979425391847,0.0383830244002029,0.706227052033859,0.0135242128297209,0.71301129108311,0.0127579510891743,0.710498748348821,0.0133935552804179,0.724276248879697,0.0150858987766508,0.732894604605539,0.0179224737044484
