"beta1","beta1_sd","beta2","beta2_sd","omega_b1","omega_b1_sd","omega_b2","omega_b2_sd","omega_cov","omega_cov_sd","rho","rho_sd","conv_code","omega_cor","tau1","tau1_sd","tau2","tau2_sd","tau3","tau3_sd","tau4","tau4_sd","tau5","tau5_sd","tau6","tau6_sd"
1.00540997871677,0.00527060256720207,0.993175039376612,0.006100126696964,0.0605143260897055,0.00151017927556616,0.0614163701119896,0.00488587025224598,-0.0406088345555972,0.00192980886675758,0.604198725494957,0.00690054641992,1,-0.666115213593173,0.0121338207629373,0.0183203560023971,0.688364978375285,0.00742495819194197,0.69495140216356,0.00615273686579154,0.695428208703457,0.00653513350649506,0.694698828963115,0.00778413920218103,0.693828916325774,0.0104392781257942
