"beta1","beta1_sd","beta2","beta2_sd","omega_b1","omega_b1_sd","omega_b2","omega_b2_sd","omega_cov","omega_cov_sd","rho","rho_sd","conv_code","omega_cor","tau1","tau1_sd","tau2","tau2_sd","tau3","tau3_sd","tau4","tau4_sd","tau5","tau5_sd","tau6","tau6_sd"
0.998651902169794,0.00557864245055966,1.01297305253557,0.00856792576683979,0.059242675928705,0.00158663762536447,0.553422199649527,0.0134335312925503,0.0513870003596785,0.00289359151912009,0.598176127828873,0.00770170443965191,1,0.283796898928466,0.0158964096197857,0.018751778142853,0.689678655607108,0.00770151838715693,0.68727425456205,0.00648196501553913,0.692845307569532,0.00693079786561657,0.692816111858896,0.00825697371157551,0.685971637629262,0.0110422615980043
