"beta1","beta1_sd","beta2","beta2_sd","omega_b1","omega_b1_sd","omega_b2","omega_b2_sd","omega_cov","omega_cov_sd","rho","rho_sd","conv_code","omega_cor","tau1","tau1_sd","tau2","tau2_sd","tau3","tau3_sd","tau4","tau4_sd","tau5","tau5_sd","tau6","tau6_sd"
1.00477241219421,0.014224200585938,0.989116218111522,0.0143517073967366,0.97862511593841,0.0245312285731157,0.0574574483155692,0.0154434297851354,0.154796639595736,0.0140875020758522,-0.292304455973656,0.0190541483471667,1,0.652800054893277,-0.00509365243250071,0.02668902183233,0.696695023556572,0.013325206738476,0.678959205484782,0.0138070761279411,0.679420524900315,0.0152072399687772,0.698641235556503,0.0168781955511939,0.651657600977332,0.0197727649090209
