"beta1","beta1_sd","beta2","beta2_sd","omega_b1","omega_b1_sd","omega_b2","omega_b2_sd","omega_cov","omega_cov_sd","rho","rho_sd","conv_code","omega_cor","tau1","tau1_sd","tau2","tau2_sd","tau3","tau3_sd","tau4","tau4_sd","tau5","tau5_sd","tau6","tau6_sd"
1.00650442255603,0.0112619415025987,0.993559256309417,0.0128030426183814,0.987846455295759,0.0184740356715715,1.00238118088225,0.0299727551601959,0.28727708226373,0.0156215212895299,0.262238516803128,0.0258309967901554,1,0.288695361512116,0.0316767002794935,0.0240543785209912,0.700644388867515,0.00949053612547055,0.69397664411192,0.00978750669945653,0.697229747023188,0.0107672394715707,0.694235272658711,0.0125422251166895,0.695137724225894,0.0147977978080333
