"beta1","beta1_sd","beta2","beta2_sd","omega_b1","omega_b1_sd","omega_b2","omega_b2_sd","omega_cov","omega_cov_sd","rho","rho_sd","conv_code","omega_cor","tau1","tau1_sd","tau2","tau2_sd","tau3","tau3_sd","tau4","tau4_sd","tau5","tau5_sd","tau6","tau6_sd"
1.01688226413142,0.0115195210636739,1.01058021454338,0.0149991519448274,0.5686735960938,0.0132384123780735,1.0355211808714,0.0365814979634685,-0.0181549205039559,0.0132523507163556,0.606986808686041,0.0196118196440077,1,-0.0236582886517255,0.0459838212840264,0.0294299964259854,0.701343029999987,0.0119060377335705,0.708049469152593,0.011443152200893,0.693467329742693,0.0127333175544484,0.6931419965334,0.0147326878729608,0.683314150041874,0.0178383852254517
