"beta1","beta1_sd","beta2","beta2_sd","omega_b1","omega_b1_sd","omega_b2","omega_b2_sd","omega_cov","omega_cov_sd","rho","rho_sd","conv_code","omega_cor","tau1","tau1_sd","tau2","tau2_sd","tau3","tau3_sd","tau4","tau4_sd","tau5","tau5_sd","tau6","tau6_sd"
0.983205915586575,0.00925045237235939,0.982091090075604,0.0119940496043676,0.247023074430548,0.00473361301787741,0.267382241395371,0.0176711467700799,-0.154413601061839,0.00673429045016291,-0.897987129501269,0.00173599449122789,1,-0.600828479407129,-0.0124416862627926,0.0221505116349386,0.681615873385488,0.0107553482918543,0.6713914414916,0.0101018352040895,0.690943036264808,0.010418110912642,0.685828313049214,0.0117013379891411,0.683444082838011,0.0139833178403029
