"beta1","beta1_sd","beta2","beta2_sd","omega_b1","omega_b1_sd","omega_b2","omega_b2_sd","omega_cov","omega_cov_sd","rho","rho_sd","conv_code","omega_cor","tau1","tau1_sd","tau2","tau2_sd","tau3","tau3_sd","tau4","tau4_sd","tau5","tau5_sd","tau6","tau6_sd"
0.999446366845234,0.00884065514963341,0.997657544815017,0.0109811046489154,0.0620043842310351,0.0037024301579821,0.251120947613916,0.0136360166754761,-0.0758317173433426,0.00498705874108013,0.900141477861752,0.00209885591345688,1,-0.607712572571474,0.0122534062783608,0.0326138535562583,0.686250253898543,0.0120454717479565,0.69717261311939,0.0103700808223651,0.684448654260211,0.0106952755791288,0.691074896313194,0.0119792586980058,0.661371004230681,0.015343175096558
