"beta1","beta1_sd","beta2","beta2_sd","omega_b1","omega_b1_sd","omega_b2","omega_b2_sd","omega_cov","omega_cov_sd","rho","rho_sd","conv_code","omega_cor","tau1","tau1_sd","tau2","tau2_sd","tau3","tau3_sd","tau4","tau4_sd","tau5","tau5_sd","tau6","tau6_sd"
0.999939301737016,0.00604303224602511,0.999087105432637,0.00956588016222131,0.0637681098170378,0.00154241457863736,0.593751643625557,0.0157697433615609,-0.0552095279570465,0.00301908755882852,0.268578295533714,0.0144076469195644,1,-0.283732999652094,-0.00262981593346945,0.0188022422961297,0.687433850232437,0.00865954655881614,0.697953276836797,0.0073276142134683,0.691121473426095,0.00808499956297363,0.695636310391026,0.00965393468777541,0.691954253258312,0.0128056172577115
