"beta1","beta1_sd","beta2","beta2_sd","omega_b1","omega_b1_sd","omega_b2","omega_b2_sd","omega_cov","omega_cov_sd","rho","rho_sd","conv_code","omega_cor","tau1","tau1_sd","tau2","tau2_sd","tau3","tau3_sd","tau4","tau4_sd","tau5","tau5_sd","tau6","tau6_sd"
0.998528708113379,0.0119931998178164,0.998963466293014,0.0136984309300559,0.999016077565591,0.0190966863153573,0.959002651496544,0.0319367330449469,0.281162670571751,0.0159755420940333,-0.307584657348228,0.0137911695691035,1,0.287250978652309,-0.000306265911322921,0.0240148607582351,0.676861019887411,0.0103804426180641,0.694775231651053,0.0104258376307457,0.688226485193757,0.0115793658768269,0.68860287847863,0.0131343272748757,0.685739768364108,0.0150486993073115
