"beta1","beta1_sd","beta2","beta2_sd","omega_b1","omega_b1_sd","omega_b2","omega_b2_sd","omega_cov","omega_cov_sd","rho","rho_sd","conv_code","omega_cor","tau1","tau1_sd","tau2","tau2_sd","tau3","tau3_sd","tau4","tau4_sd","tau5","tau5_sd","tau6","tau6_sd"
1.01089491838239,0.0121944230277406,0.988692484280906,0.0115840197986398,1.00748213032264,0.021100859110461,0.250356489932349,0.0166783318167214,-0.453706719470774,0.0161265400757852,0.599063752827556,0.0185050786123769,1,-0.903393805643305,-0.00556193130175716,0.0282731327465567,0.69215761883073,0.0116313907127315,0.708273168635698,0.0111384678545369,0.682403080270621,0.0126661290122917,0.682715012741412,0.0146537886339486,0.699074558364757,0.0172607726617004
