"beta1","beta1_sd","beta2","beta2_sd","omega_b1","omega_b1_sd","omega_b2","omega_b2_sd","omega_cov","omega_cov_sd","rho","rho_sd","conv_code","omega_cor","tau1","tau1_sd","tau2","tau2_sd","tau3","tau3_sd","tau4","tau4_sd","tau5","tau5_sd","tau6","tau6_sd"
1.00145065198836,0.00561487737314022,1.00124832721455,0.00788958516583837,0.0618696714174898,0.00142849232776502,0.247295682252406,0.00932616752906028,0.110501003314274,0.00264087875144258,0.308683303378445,0.0123756883403489,1,0.893344668090757,0.00390829489582505,0.0175828905041755,0.691606546915853,0.00819370453384937,0.696895851245112,0.00702946752063154,0.694595704557384,0.0078284719611707,0.698593455088887,0.00939145570688932,0.695318568361767,0.0128351229521835
