"beta1","beta1_sd","beta2","beta2_sd","omega_b1","omega_b1_sd","omega_b2","omega_b2_sd","omega_cov","omega_cov_sd","rho","rho_sd","conv_code","omega_cor","tau1","tau1_sd","tau2","tau2_sd","tau3","tau3_sd","tau4","tau4_sd","tau5","tau5_sd","tau6","tau6_sd"
0.98497332320782,0.0107509591318013,1.00238641742893,0.00913931352870801,0.999175421461282,0.0161014577656439,0.0718501121508325,0.00928035049256499,0.0716452231656015,0.0102768859712681,-0.607136034505023,0.00537408070677732,1,0.267394606729957,-0.0123790347542661,0.0212358692568395,0.696583308762635,0.00864450529848729,0.683623002187884,0.00859153034992268,0.699633665794507,0.0095183353248056,0.682238115826102,0.0109289502384475,0.722817526384996,0.0124659712109485
