"beta1","beta1_sd","beta2","beta2_sd","omega_b1","omega_b1_sd","omega_b2","omega_b2_sd","omega_cov","omega_cov_sd","rho","rho_sd","conv_code","omega_cor","tau1","tau1_sd","tau2","tau2_sd","tau3","tau3_sd","tau4","tau4_sd","tau5","tau5_sd","tau6","tau6_sd"
1.01047434219022,0.00906089813895419,0.998210222620074,0.00840743164580627,0.572799610632709,0.00884935034575129,0.0618672386842115,0.0084618193724482,-0.125525678490414,0.00675498347689141,-0.605506374947483,0.00501209240897262,1,-0.666808080653667,0.00204772570536126,0.0195865879418626,0.696104664878495,0.00821892051116094,0.694000944790375,0.0078717617731208,0.682785289434941,0.00879816316416551,0.684737592284424,0.0101835901063707,0.708826530751843,0.0119770407819186
