"beta1","beta1_sd","beta2","beta2_sd","omega_b1","omega_b1_sd","omega_b2","omega_b2_sd","omega_cov","omega_cov_sd","rho","rho_sd","conv_code","omega_cor","tau1","tau1_sd","tau2","tau2_sd","tau3","tau3_sd","tau4","tau4_sd","tau5","tau5_sd","tau6","tau6_sd"
1.00748505842863,0.0078187495174926,1.01341388898211,0.0114961301118307,0.25315401598786,0.00415395820138274,1.00938946262994,0.0253162398578951,0.304543662065822,0.00725231049167047,-0.608109969209663,0.00523148506388238,1,0.60245938165329,-0.0156771105107418,0.0181845369396261,0.698583231809229,0.00820489065376372,0.704871772951675,0.00776895542375936,0.69296678302328,0.0085776997151968,0.702462104491628,0.00990273564512976,0.70439939835765,0.0120500120039149
