"beta1","beta1_sd","beta2","beta2_sd","omega_b1","omega_b1_sd","omega_b2","omega_b2_sd","omega_cov","omega_cov_sd","rho","rho_sd","conv_code","omega_cor","tau1","tau1_sd","tau2","tau2_sd","tau3","tau3_sd","tau4","tau4_sd","tau5","tau5_sd","tau6","tau6_sd"
1.02943043979508,0.0167345864308903,0.993870227624804,0.0180984125562303,1.02203981169408,0.0294251718851786,0.195789384620907,0.0293196962970883,-0.138827185971501,0.017443417430581,-0.617518793434778,0.0112968598177938,1,-0.310345922155849,0.00529618134424513,0.0297610767789691,0.702315770850914,0.0157059093081796,0.711844557627174,0.0155796664478207,0.71237994794109,0.0169216411023222,0.742082357426029,0.0184093575646568,0.670030105408887,0.0213661859869963
