"beta1","beta1_sd","beta2","beta2_sd","omega_b1","omega_b1_sd","omega_b2","omega_b2_sd","omega_cov","omega_cov_sd","rho","rho_sd","conv_code","omega_cor","tau1","tau1_sd","tau2","tau2_sd","tau3","tau3_sd","tau4","tau4_sd","tau5","tau5_sd","tau6","tau6_sd"
0.996272571884446,0.0224153837099738,1.00006793696526,0.026727928270009,1.01273948770765,0.0412346591272837,0.0202745388533059,0.0526740040095904,0.02945330839616,0.0213327218033368,-0.900470228837637,0.00396669647384021,1,0.205546326903819,-0.0533294205416842,0.0368581280968193,0.710452348947052,0.0217302953250829,0.690628603184307,0.0217499740301507,0.711033073637926,0.0222050016190897,0.689172461665988,0.023619211413654,0.668344486995833,0.0257413577725259
