"beta1","beta1_sd","beta2","beta2_sd","omega_b1","omega_b1_sd","omega_b2","omega_b2_sd","omega_cov","omega_cov_sd","rho","rho_sd","conv_code","omega_cor","tau1","tau1_sd","tau2","tau2_sd","tau3","tau3_sd","tau4","tau4_sd","tau5","tau5_sd","tau6","tau6_sd"
0.987352927585813,0.00869594229857023,0.980502250171845,0.0103463987979815,0.246780630783931,0.00676048190731651,0.554434802759062,0.0173610925115862,-0.10689340915465,0.00743453613818643,0.895408143965688,0.00239240110044347,1,-0.288981573429803,-0.0227336631038434,0.0305100840842155,0.677140985756709,0.0097948188883364,0.677100907320052,0.00881748229101465,0.693662694304714,0.00908236067401601,0.682534362683021,0.0104589295274683,0.671804697436048,0.013065854277753
