"beta1","beta1_sd","beta2","beta2_sd","omega_b1","omega_b1_sd","omega_b2","omega_b2_sd","omega_cov","omega_cov_sd","rho","rho_sd","conv_code","omega_cor","tau1","tau1_sd","tau2","tau2_sd","tau3","tau3_sd","tau4","tau4_sd","tau5","tau5_sd","tau6","tau6_sd"
0.994156367811538,0.00806846337174693,0.99938937199027,0.0109763571617782,0.247612252827807,0.00427845072335025,0.545323230923017,0.0187012782444511,0.332829865055291,0.00722922550921856,-0.60445721490335,0.00598214709566068,1,0.905751837163563,-0.0145933106572483,0.0185993731704859,0.680118104434246,0.00914146044027778,0.691676356492382,0.0086432500398742,0.685591880637679,0.00974062050276439,0.691128724813292,0.0113849257185949,0.690779176491854,0.0139462094090145
