"beta1","beta1_sd","beta2","beta2_sd","omega_b1","omega_b1_sd","omega_b2","omega_b2_sd","omega_cov","omega_cov_sd","rho","rho_sd","conv_code","omega_cor","tau1","tau1_sd","tau2","tau2_sd","tau3","tau3_sd","tau4","tau4_sd","tau5","tau5_sd","tau6","tau6_sd"
0.992878985198989,0.00881530561371504,1.0131169810585,0.0110730411639177,0.0666194047157746,0.00381373235701405,0.242185993597817,0.0124969100516106,-0.0271576419522728,0.00499175787103898,0.897434378588293,0.00218845709038736,1,-0.213804663098937,-0.0238596696823247,0.0323397754635142,0.673792005996981,0.0120135316881454,0.697754147507016,0.0105548937400749,0.694489748943815,0.0106473317915558,0.705857838534325,0.0120419076309504,0.687637564855722,0.0150774005179223
