"beta1","beta1_sd","beta2","beta2_sd","omega_b1","omega_b1_sd","omega_b2","omega_b2_sd","omega_cov","omega_cov_sd","rho","rho_sd","conv_code","omega_cor","tau1","tau1_sd","tau2","tau2_sd","tau3","tau3_sd","tau4","tau4_sd","tau5","tau5_sd","tau6","tau6_sd"
0.998695849039984,0.00525750046582671,0.999616493477546,0.00843460739556472,0.0599513239285961,0.00125395779588629,0.549579035939673,0.0131083115783744,-0.104165045337958,0.00272912562745697,0.304146995682786,0.0112093318012963,1,-0.57386209456095,-0.0200098552090351,0.0167529297052272,0.695712058491836,0.00749887452240484,0.702105460237909,0.00631210577809207,0.693157717643725,0.00683141124652924,0.684782485823855,0.00811886628429252,0.691120187289403,0.0108494864204757
