"beta1","beta1_sd","beta2","beta2_sd","omega_b1","omega_b1_sd","omega_b2","omega_b2_sd","omega_cov","omega_cov_sd","rho","rho_sd","conv_code","omega_cor","tau1","tau1_sd","tau2","tau2_sd","tau3","tau3_sd","tau4","tau4_sd","tau5","tau5_sd","tau6","tau6_sd"
1.00816134543111,0.00752536701331292,1.01741713014346,0.0111458365844178,0.251035313711424,0.00431989635474359,0.976058638463755,0.0233619366048436,0.441776398309876,0.00823571759913098,-0.0126891436906841,0.0143025842011072,1,0.892477232676495,-0.00998794306534041,0.0181867733927765,0.702321029129491,0.00825993089520955,0.70251769014902,0.00807216938350593,0.706996523470165,0.00919241008155683,0.70719301428533,0.0108953105158677,0.682494395656053,0.0136034930219543
