"beta1","beta1_sd","beta2","beta2_sd","omega_b1","omega_b1_sd","omega_b2","omega_b2_sd","omega_cov","omega_cov_sd","rho","rho_sd","conv_code","omega_cor","tau1","tau1_sd","tau2","tau2_sd","tau3","tau3_sd","tau4","tau4_sd","tau5","tau5_sd","tau6","tau6_sd"
0.990306624970369,0.0228562241281887,1.01248280631727,0.0288075826920671,1.02895271892332,0.0433322840679676,0.622385245574846,0.0740865812324785,-0.264587778492862,0.0267851783177996,-0.900326016059694,0.00407962416286336,1,-0.330630128635749,-0.030072729809977,0.0383468782246071,0.712863970761272,0.0223801202427235,0.713618564101386,0.0221353355777894,0.673360222751734,0.0230026372563451,0.692016494693045,0.0241744504872207,0.690372216128168,0.0260963183026745
