"beta1","beta1_sd","beta2","beta2_sd","omega_b1","omega_b1_sd","omega_b2","omega_b2_sd","omega_cov","omega_cov_sd","rho","rho_sd","conv_code","omega_cor","tau1","tau1_sd","tau2","tau2_sd","tau3","tau3_sd","tau4","tau4_sd","tau5","tau5_sd","tau6","tau6_sd"
0.991501950071296,0.00733619157959059,0.993140678500407,0.0116618669793426,0.0623918099838746,0.00131758889644661,0.520518857057136,0.0204486511821463,-0.0550719447864269,0.00344210468072653,-0.898399072188619,0.00161656768335773,1,-0.305596507876441,-0.00691988776085932,0.0183243889187426,0.697947444471003,0.0101306417361263,0.678418012747515,0.00931788798675368,0.68115868773091,0.0095934754086826,0.668206778754261,0.0107829021467813,0.70130011425282,0.0131432285513797
