"beta1","beta1_sd","beta2","beta2_sd","omega_b1","omega_b1_sd","omega_b2","omega_b2_sd","omega_cov","omega_cov_sd","rho","rho_sd","conv_code","omega_cor","tau1","tau1_sd","tau2","tau2_sd","tau3","tau3_sd","tau4","tau4_sd","tau5","tau5_sd","tau6","tau6_sd"
0.995829655963545,0.00766223383548548,1.01207539775893,0.00907248119002621,0.241838739002711,0.00600754434400123,0.561958628372386,0.0147816533980442,-0.326202977134007,0.00743254566929457,0.903354343549233,0.00179235192967698,1,-0.884856435087046,0.00896435859645438,0.028711396507122,0.692034006275061,0.00830733636452037,0.692559294259897,0.00746665460386841,0.695468294868992,0.00751984963585327,0.684727327812306,0.00875990528390199,0.694802507003676,0.0108507283913957
