"beta1","beta1_sd","beta2","beta2_sd","omega_b1","omega_b1_sd","omega_b2","omega_b2_sd","omega_cov","omega_cov_sd","rho","rho_sd","conv_code","omega_cor","tau1","tau1_sd","tau2","tau2_sd","tau3","tau3_sd","tau4","tau4_sd","tau5","tau5_sd","tau6","tau6_sd"
1.0066763639479,0.00909607057988832,1.01354179160847,0.00837814220541629,0.54666708462686,0.0113643770456706,0.249558505719401,0.00995811765817164,0.0123897174360705,0.00837797204702012,0.898874539896312,0.00243744567187154,1,0.0335439151522917,0.00184401682772277,0.0292291903971403,0.701209124342856,0.00831776397559664,0.70328763304875,0.00782608382547373,0.694002312905064,0.00826348391677321,0.701330793787048,0.00951463339347286,0.705370905492282,0.0116067020286167
