"beta1","beta1_sd","beta2","beta2_sd","omega_b1","omega_b1_sd","omega_b2","omega_b2_sd","omega_cov","omega_cov_sd","rho","rho_sd","conv_code","omega_cor","tau1","tau1_sd","tau2","tau2_sd","tau3","tau3_sd","tau4","tau4_sd","tau5","tau5_sd","tau6","tau6_sd"
0.993845946148922,0.00588205955000092,0.990894921562163,0.00793382658607561,0.0617806713823725,0.00108957629969229,0.0548948327191061,0.00730658257115911,-0.020407956309914,0.00210226813365379,-0.897702066809152,0.00133661386595708,1,-0.350434996671589,0.00685579822898792,0.015810466508168,0.686895001135245,0.00845896658960275,0.68454436190273,0.00757588498321487,0.685058918737452,0.00778329600888646,0.690517069982976,0.00887589232692176,0.701544484210696,0.0110816434709428
