"beta1","beta1_sd","beta2","beta2_sd","omega_b1","omega_b1_sd","omega_b2","omega_b2_sd","omega_cov","omega_cov_sd","rho","rho_sd","conv_code","omega_cor","tau1","tau1_sd","tau2","tau2_sd","tau3","tau3_sd","tau4","tau4_sd","tau5","tau5_sd","tau6","tau6_sd"
0.986229334655591,0.0141813948489191,0.982645937822559,0.0141718917120713,0.967890742228282,0.0238536488061865,0.0484346778245724,0.0164795646118026,-0.127588225580553,0.0137702191690886,-0.29124087992717,0.019361626083922,1,-0.589276635630685,-0.00247381860643066,0.0269152475815499,0.674125249920602,0.0135061860780995,0.683353744848854,0.013623237981235,0.687209254544531,0.014928330756015,0.684144085254447,0.0168087301031624,0.686495178501459,0.0193307979049143
