"beta1","beta1_sd","beta2","beta2_sd","omega_b1","omega_b1_sd","omega_b2","omega_b2_sd","omega_cov","omega_cov_sd","rho","rho_sd","conv_code","omega_cor","tau1","tau1_sd","tau2","tau2_sd","tau3","tau3_sd","tau4","tau4_sd","tau5","tau5_sd","tau6","tau6_sd"
0.991244091352456,0.00886372286582374,0.98674928372147,0.011054123131297,0.563293326725424,0.00908498160737583,0.952729311022243,0.0232336330291421,0.0127017878383774,0.0092028107946074,0.0203169760371974,0.0152164368682275,1,0.0173385505071398,0.0214892388864435,0.0199153565134605,0.688144982716068,0.00793468108050626,0.683591019603597,0.00787363339325794,0.682961138037474,0.00892007497196274,0.698076325983568,0.0101071477376868,0.692295689384399,0.012255758911818
