"beta1","beta1_sd","beta2","beta2_sd","omega_b1","omega_b1_sd","omega_b2","omega_b2_sd","omega_cov","omega_cov_sd","rho","rho_sd","conv_code","omega_cor","tau1","tau1_sd","tau2","tau2_sd","tau3","tau3_sd","tau4","tau4_sd","tau5","tau5_sd","tau6","tau6_sd"
0.988893709557772,0.0137971896124565,0.968652725456861,0.017235181501671,0.557832914953432,0.0148100082295429,0.952861850453385,0.0416934125124932,-0.655328104164263,0.0199322647728786,-0.585540478934905,0.0110166243877526,1,-0.898859381285586,-0.00463477645203517,0.0269573953258458,0.686056538610625,0.0144169301364561,0.668827485981328,0.0139520658196532,0.682932888796687,0.0150077175209582,0.701861307120605,0.0168244058372924,0.687913399619428,0.0196143990629052
