"beta1","beta1_sd","beta2","beta2_sd","omega_b1","omega_b1_sd","omega_b2","omega_b2_sd","omega_cov","omega_cov_sd","rho","rho_sd","conv_code","omega_cor","tau1","tau1_sd","tau2","tau2_sd","tau3","tau3_sd","tau4","tau4_sd","tau5","tau5_sd","tau6","tau6_sd"
0.996198028467081,0.0114615467115648,0.989814006379488,0.0101036609447418,0.969638411148183,0.0207064008464015,0.249028715380088,0.0124979160784474,-0.00980047226916565,0.0134668690847943,0.900032963892131,0.00298974750992733,1,-0.0199442350753231,0.00184899244096931,0.0325959511468959,0.681588399428201,0.0101421330482934,0.692798794434044,0.00971311826778438,0.678438216908957,0.0103807110912684,0.691260964663546,0.0117608252148433,0.699754500041084,0.0136906621300885
