"beta1","beta1_sd","beta2","beta2_sd","omega_b1","omega_b1_sd","omega_b2","omega_b2_sd","omega_cov","omega_cov_sd","rho","rho_sd","conv_code","omega_cor","tau1","tau1_sd","tau2","tau2_sd","tau3","tau3_sd","tau4","tau4_sd","tau5","tau5_sd","tau6","tau6_sd"
1.00318925776713,0.00842923011226845,1.01585761930865,0.00970034593297133,0.0606709855118286,0.00364679961612105,0.0595774469910747,0.00803506225176403,-0.0599339966459599,0.00424300130711959,0.902946738855628,0.00198260762655496,1,-0.996877445213615,-0.0143830101944247,0.0320741736231599,0.697065591127749,0.0114381532642059,0.700197308439707,0.0101073136759154,0.707347705586007,0.0102400761245598,0.69949141944868,0.0116493560417304,0.697835273363906,0.0148494403657432
