"beta1","beta1_sd","beta2","beta2_sd","omega_b1","omega_b1_sd","omega_b2","omega_b2_sd","omega_cov","omega_cov_sd","rho","rho_sd","conv_code","omega_cor","tau1","tau1_sd","tau2","tau2_sd","tau3","tau3_sd","tau4","tau4_sd","tau5","tau5_sd","tau6","tau6_sd"
0.997658906236393,0.00907188851679723,0.982089925645684,0.0109194869719584,0.251523528612415,0.00573186846782649,0.227197549780885,0.0144944580279286,-0.088387501217236,0.0058867273989132,0.313594615781294,0.0220452380885754,1,-0.369742800208947,-0.0168798881587329,0.0238313424671016,0.692401413330521,0.0105597247760225,0.694711603740567,0.00976926865518533,0.688023738575101,0.0112564207409826,0.693833327893623,0.0133736265725285,0.689093670978605,0.0165664051441203
