"beta1","beta1_sd","beta2","beta2_sd","omega_b1","omega_b1_sd","omega_b2","omega_b2_sd","omega_cov","omega_cov_sd","rho","rho_sd","conv_code","omega_cor","tau1","tau1_sd","tau2","tau2_sd","tau3","tau3_sd","tau4","tau4_sd","tau5","tau5_sd","tau6","tau6_sd"
1.01542333768848,0.00901895406048859,1.01034127481532,0.0130960372859573,0.254034871121296,0.00567022258749004,1.00095926765358,0.0303308294868319,0.456239410202056,0.0103878473121212,0.279712308905812,0.0216959296516474,1,0.904769447354302,0.0258087523403485,0.0225261240508215,0.695064758815171,0.0102347988174793,0.713483799933303,0.00999456606338094,0.717582086848267,0.0116818349080382,0.704236115190869,0.0139424497763092,0.678156746157511,0.0171930222367086
