"beta1","beta1_sd","beta2","beta2_sd","omega_b1","omega_b1_sd","omega_b2","omega_b2_sd","omega_cov","omega_cov_sd","rho","rho_sd","conv_code","omega_cor","tau1","tau1_sd","tau2","tau2_sd","tau3","tau3_sd","tau4","tau4_sd","tau5","tau5_sd","tau6","tau6_sd"
1.00685002282324,0.00729668288270632,1.01192785579863,0.00981737548633459,0.0701648220194944,0.00334665106254823,0.566748285087587,0.0160345234195858,0.173377465918856,0.00529745959438984,0.901766967461503,0.00176621403270474,1,0.86943642248586,0.0305859493208452,0.0293397897371905,0.693636524345322,0.00950319422748143,0.699811183386907,0.00831611848415803,0.715500460653835,0.00836119490051992,0.693096979989982,0.00990393928999002,0.707453826436654,0.0125796328733527
