"beta1","beta1_sd","beta2","beta2_sd","omega_b1","omega_b1_sd","omega_b2","omega_b2_sd","omega_cov","omega_cov_sd","rho","rho_sd","conv_code","omega_cor","tau1","tau1_sd","tau2","tau2_sd","tau3","tau3_sd","tau4","tau4_sd","tau5","tau5_sd","tau6","tau6_sd"
0.973819937383318,0.0159285647071582,0.983145397384384,0.0227927432744764,0.236594413175626,0.00831528774282856,0.922958320181444,0.0585889282147546,-0.00605979611681217,0.00981578145408863,-0.895020464831408,0.00333005834848227,1,-0.0129677528650193,0.0241945236843242,0.0274239121548415,0.652651005851826,0.017853403711327,0.660109195405527,0.0173814761035987,0.672821518335943,0.0179571450411371,0.664691198287426,0.0195049574706839,0.678032860708089,0.0217876912613617
