"beta1","beta1_sd","beta2","beta2_sd","omega_b1","omega_b1_sd","omega_b2","omega_b2_sd","omega_cov","omega_cov_sd","rho","rho_sd","conv_code","omega_cor","tau1","tau1_sd","tau2","tau2_sd","tau3","tau3_sd","tau4","tau4_sd","tau5","tau5_sd","tau6","tau6_sd"
0.995535415399806,0.0128572048890643,1.00659553786825,0.0133966602250738,1.00074734813339,0.0197395315102435,0.26617373116484,0.0208955827090502,-0.460837385791597,0.0171008528955439,-0.89825057933474,0.00190494530778708,1,-0.892900125703026,0.00120192249525056,0.0283181626603026,0.686868752752629,0.0117667770328351,0.69467980523737,0.0112337544177081,0.691502459414572,0.011784152941303,0.70064582319055,0.0130106821565849,0.702016464715463,0.0149634422893692
