"beta1","beta1_sd","beta2","beta2_sd","omega_b1","omega_b1_sd","omega_b2","omega_b2_sd","omega_cov","omega_cov_sd","rho","rho_sd","conv_code","omega_cor","tau1","tau1_sd","tau2","tau2_sd","tau3","tau3_sd","tau4","tau4_sd","tau5","tau5_sd","tau6","tau6_sd"
0.949700364253531,0.021139377038198,0.947114633167561,0.025838457361275,0.923365056608349,0.0372090781308897,0.260946438808263,0.0585526779809648,0.236457097446709,0.0232482534611463,-0.891019246359261,0.00426642177782649,1,0.481714755449396,-0.0273633761024676,0.0354700114869505,0.67878027956629,0.0212359347448597,0.662828129977785,0.021524058970099,0.646195569404379,0.02216948463236,0.646500773311832,0.0233086631728621,0.663311379782517,0.0252555285524213
