"beta1","beta1_sd","beta2","beta2_sd","omega_b1","omega_b1_sd","omega_b2","omega_b2_sd","omega_cov","omega_cov_sd","rho","rho_sd","conv_code","omega_cor","tau1","tau1_sd","tau2","tau2_sd","tau3","tau3_sd","tau4","tau4_sd","tau5","tau5_sd","tau6","tau6_sd"
1.00114583521363,0.00860389677477594,1.00376525786145,0.00774892306125505,0.579636729617646,0.00865837823609003,0.0621110113893822,0.00727380679081907,0.114175934760185,0.00620381872071384,-0.299551043711845,0.00857758446256492,1,0.601744773080564,-0.0023568454312385,0.0181964629126553,0.689396186545039,0.00765577548112554,0.694586908974077,0.00753128663506307,0.689180736833625,0.00849909624713024,0.691708380143938,0.0100176481007316,0.692758503152971,0.0118702091865134
