"beta1","beta1_sd","beta2","beta2_sd","omega_b1","omega_b1_sd","omega_b2","omega_b2_sd","omega_cov","omega_cov_sd","rho","rho_sd","conv_code","omega_cor","tau1","tau1_sd","tau2","tau2_sd","tau3","tau3_sd","tau4","tau4_sd","tau5","tau5_sd","tau6","tau6_sd"
0.994837421417774,0.00613962887319367,0.997389468629615,0.00889308747319093,0.0634559023778401,0.00116456650628193,0.250507817554341,0.0112423988853318,-0.0779489151486748,0.00267847991371412,-0.899597003200856,0.00134325599301461,1,-0.618248998336493,-0.013028115594447,0.0158811797328418,0.696521148308044,0.00855591383244446,0.68864935936971,0.00772172154564832,0.686112182542236,0.00787329766049684,0.683151542120238,0.0089506950278013,0.689895942831258,0.0111983424369086
