"beta1","beta1_sd","beta2","beta2_sd","omega_b1","omega_b1_sd","omega_b2","omega_b2_sd","omega_cov","omega_cov_sd","rho","rho_sd","conv_code","omega_cor","tau1","tau1_sd","tau2","tau2_sd","tau3","tau3_sd","tau4","tau4_sd","tau5","tau5_sd","tau6","tau6_sd"
0.996812936030487,0.00584331943551793,0.990485537953308,0.00937312775765366,0.061172192254109,0.0014947235161268,0.574843604528366,0.0154648097972269,0.110173105197569,0.00315065816068041,0.311466749157767,0.0134857825109,1,0.587521434698093,-0.0145946132293407,0.0183071283224629,0.691297581566783,0.00847424912822853,0.698727506511243,0.00722191253807485,0.688105958675565,0.00804831626354379,0.683460389821652,0.00971683044053214,0.675521322693115,0.0129080833059754
