"beta1","beta1_sd","beta2","beta2_sd","omega_b1","omega_b1_sd","omega_b2","omega_b2_sd","omega_cov","omega_cov_sd","rho","rho_sd","conv_code","omega_cor","tau1","tau1_sd","tau2","tau2_sd","tau3","tau3_sd","tau4","tau4_sd","tau5","tau5_sd","tau6","tau6_sd"
0.995511322653766,0.00661674938484931,1.00492222061658,0.00871142288028405,0.252456399330783,0.00384029002785086,0.563827452890838,0.0139401780736834,-0.339763962470608,0.0059565194810518,-0.0202008216240352,0.0109994228661904,1,-0.900556597183411,0.00135254015935653,0.017006018833981,0.694712830624954,0.00752121799808648,0.688305439407109,0.00665195891367507,0.693285363755938,0.00740941897021158,0.685120512562675,0.00889182970288872,0.701135911568248,0.0111803447193649
