"beta1","beta1_sd","beta2","beta2_sd","omega_b1","omega_b1_sd","omega_b2","omega_b2_sd","omega_cov","omega_cov_sd","rho","rho_sd","conv_code","omega_cor","tau1","tau1_sd","tau2","tau2_sd","tau3","tau3_sd","tau4","tau4_sd","tau5","tau5_sd","tau6","tau6_sd"
1.01992197253162,0.0110977675376244,1.015941157352,0.011165563085758,0.599954151726206,0.0132317158546498,0.0711880174719876,0.011327799654533,-0.0652514469313761,0.00915861135904088,0.273194569030619,0.0278875555122758,1,-0.315738590418073,-0.000502614347326409,0.0255510728820317,0.700379336634914,0.011097722625999,0.705810444796403,0.0109364084378052,0.722879698581001,0.0123983430896033,0.727384883658637,0.014604032069238,0.715572913795684,0.0176483908716681
