"beta1","beta1_sd","beta2","beta2_sd","omega_b1","omega_b1_sd","omega_b2","omega_b2_sd","omega_cov","omega_cov_sd","rho","rho_sd","conv_code","omega_cor","tau1","tau1_sd","tau2","tau2_sd","tau3","tau3_sd","tau4","tau4_sd","tau5","tau5_sd","tau6","tau6_sd"
0.995761826687172,0.014853421869995,1.01221651858559,0.0195469032767682,0.247762221240124,0.00791563237509795,0.0523490945945173,0.0109678336919674,-0.113886469515585,0.00802746323447233,-0.901316174481475,0.00284451292043935,1,-0.999999999309076,-0.0255172897655452,0.0258372745562795,0.691620624923588,0.0164741219651551,0.709324953185442,0.0160843272348579,0.701273616185574,0.0168838393180875,0.686563974191819,0.0183797562653034,0.689793781851765,0.0209356106118103
