"beta1","beta1_sd","beta2","beta2_sd","omega_b1","omega_b1_sd","omega_b2","omega_b2_sd","omega_cov","omega_cov_sd","rho","rho_sd","conv_code","omega_cor","tau1","tau1_sd","tau2","tau2_sd","tau3","tau3_sd","tau4","tau4_sd","tau5","tau5_sd","tau6","tau6_sd"
0.992255760857572,0.00925396945147626,0.981197385892216,0.0104741443241126,0.570831299471215,0.0101703847812013,0.580799163514755,0.0183674352578046,0.352467725811121,0.00995572297759723,0.30725573472442,0.020765543950636,1,0.612142420193978,-0.0021577737143542,0.0215879193512846,0.678770380892472,0.00867626079834321,0.703468423393379,0.00865206624257428,0.698013958689351,0.00994553117411939,0.683566245464444,0.0117308716705976,0.707645599506837,0.013736808672312
