"beta1","beta1_sd","beta2","beta2_sd","omega_b1","omega_b1_sd","omega_b2","omega_b2_sd","omega_cov","omega_cov_sd","rho","rho_sd","conv_code","omega_cor","tau1","tau1_sd","tau2","tau2_sd","tau3","tau3_sd","tau4","tau4_sd","tau5","tau5_sd","tau6","tau6_sd"
1.01223226247824,0.00985622831761749,1.02555475177197,0.0148447729243757,0.253711151034315,0.00513549527578176,0.996958620460752,0.0355106834287804,0.303486818173051,0.00953587304394631,-0.900944540174545,0.00178891957820102,1,0.603436378241728,0.0276530531854617,0.0230003217224389,0.682358385431555,0.0110446351437433,0.690217469797216,0.010469939647368,0.709627943201816,0.01093567046896,0.692278442416725,0.0122882422209299,0.707349679965343,0.0145602678743783
