"beta1","beta1_sd","beta2","beta2_sd","omega_b1","omega_b1_sd","omega_b2","omega_b2_sd","omega_cov","omega_cov_sd","rho","rho_sd","conv_code","omega_cor","tau1","tau1_sd","tau2","tau2_sd","tau3","tau3_sd","tau4","tau4_sd","tau5","tau5_sd","tau6","tau6_sd"
1.00768075413148,0.0108010384240327,0.989640634427834,0.0155815175678594,0.0633151080120536,0.00183202081541727,0.559437202246098,0.0269168129401763,-0.16816416267561,0.00554410744765231,-0.902066620801564,0.00220873056191366,1,-0.893519636968833,0.0418387630547192,0.021923195103579,0.671222026802447,0.0140964326562601,0.700694218571419,0.0129529523919078,0.703389518889396,0.0133195796881477,0.68518903568136,0.0148512963380945,0.693783367528962,0.0173932052493026
