"beta1","beta1_sd","beta2","beta2_sd","omega_b1","omega_b1_sd","omega_b2","omega_b2_sd","omega_cov","omega_cov_sd","rho","rho_sd","conv_code","omega_cor","tau1","tau1_sd","tau2","tau2_sd","tau3","tau3_sd","tau4","tau4_sd","tau5","tau5_sd","tau6","tau6_sd"
1.0153570711545,0.0141341913794753,1.0327609563113,0.0155345054874626,1.03467072041727,0.0260770051504673,1.04755715243295,0.0406747419614402,0.939476626415798,0.0278004955745899,0.905541684057759,0.00322274739474428,1,0.902393662651286,-0.00445226220409079,0.0386310927280822,0.681873954314426,0.0134509721259137,0.703023070216492,0.013031510302894,0.713056465473209,0.0134118232955623,0.721131360807377,0.0151916360898562,0.725249771177449,0.0175513479733407
