"beta1","beta1_sd","beta2","beta2_sd","omega_b1","omega_b1_sd","omega_b2","omega_b2_sd","omega_cov","omega_cov_sd","rho","rho_sd","conv_code","omega_cor","tau1","tau1_sd","tau2","tau2_sd","tau3","tau3_sd","tau4","tau4_sd","tau5","tau5_sd","tau6","tau6_sd"
1.00475097135697,0.00506415710399526,1.00705310906754,0.00638392979012312,0.0610109711481674,0.00111401069395899,0.0694566311477085,0.00562244046599984,-0.00296629645956625,0.00167413292628138,0.0146707095768386,0.00941797786864698,1,-0.0455673452087422,0.00854698566130785,0.015088290051862,0.702359222334459,0.00716420549345975,0.689035535396007,0.00619315148350254,0.698190385656072,0.00676656221541859,0.682846054163253,0.00810896186758515,0.691781597169599,0.010630620651929
