"beta1","beta1_sd","beta2","beta2_sd","omega_b1","omega_b1_sd","omega_b2","omega_b2_sd","omega_cov","omega_cov_sd","rho","rho_sd","conv_code","omega_cor","tau1","tau1_sd","tau2","tau2_sd","tau3","tau3_sd","tau4","tau4_sd","tau5","tau5_sd","tau6","tau6_sd"
1.00822498118094,0.00634266280909292,0.991030408361306,0.0101688699786481,0.0643362482547462,0.00124286278252042,0.583743328458648,0.0171095173998057,0.174214639558201,0.00366160422897104,-0.595873555679168,0.00562153749881152,1,0.89897127712308,0.0284374526363732,0.0161343271151626,0.682281187188037,0.00898123122978143,0.700284925028496,0.00792726894427936,0.712159715657278,0.00856796992243569,0.684608690944957,0.0102278632266387,0.70544215705433,0.0134057349232302
