"beta1","beta1_sd","beta2","beta2_sd","omega_b1","omega_b1_sd","omega_b2","omega_b2_sd","omega_cov","omega_cov_sd","rho","rho_sd","conv_code","omega_cor","tau1","tau1_sd","tau2","tau2_sd","tau3","tau3_sd","tau4","tau4_sd","tau5","tau5_sd","tau6","tau6_sd"
1.02381105705328,0.0207743232321465,1.02773613153565,0.0272617321817915,0.593040751683558,0.0233376199548736,1.13566298000281,0.0820836433532648,0.5020244403023,0.0258200909344977,-0.901842281522147,0.00368441084089118,1,0.611727292709607,-0.0320432873078195,0.0333830252752459,0.72009981452665,0.0204833923557908,0.696721663632623,0.0204048583720949,0.706235035890488,0.0211521842055589,0.722510594823571,0.0224425082681654,0.710065146083458,0.0244458539444296
