"beta1","beta1_sd","beta2","beta2_sd","omega_b1","omega_b1_sd","omega_b2","omega_b2_sd","omega_cov","omega_cov_sd","rho","rho_sd","conv_code","omega_cor","tau1","tau1_sd","tau2","tau2_sd","tau3","tau3_sd","tau4","tau4_sd","tau5","tau5_sd","tau6","tau6_sd"
0.990098783749108,0.00955948436183317,0.983897783288545,0.0109539444239435,0.560416616945322,0.00989595087479371,0.563180889661653,0.0196595677812333,-0.164166941512129,0.00903930039159162,-0.00337645909460979,0.0177732321200323,1,-0.292217519824458,0.0132839943118261,0.0214568514959098,0.677586595110224,0.00920555447566167,0.689810303261629,0.0089989589153738,0.713444681359926,0.0100363598700804,0.67848842346632,0.0118369503759039,0.695621327078793,0.0139676605185519
