"beta1","beta1_sd","beta2","beta2_sd","omega_b1","omega_b1_sd","omega_b2","omega_b2_sd","omega_cov","omega_cov_sd","rho","rho_sd","conv_code","omega_cor","tau1","tau1_sd","tau2","tau2_sd","tau3","tau3_sd","tau4","tau4_sd","tau5","tau5_sd","tau6","tau6_sd"
1.01298810422603,0.0107996934759338,0.991314230564846,0.00981693225695922,0.999301318590266,0.0172600856635892,0.260883969318617,0.0136377045888276,0.451281327016121,0.0128324911718938,-0.0139259209265887,0.016292140067586,1,0.883843631051691,-0.0147168367788847,0.0212887664789911,0.703726680379958,0.00900150884099798,0.692621730995365,0.00940656452529141,0.693157667971054,0.0105285399477212,0.690323320360077,0.0122033361040889,0.707842974714092,0.0143295962519464
