"beta1","beta1_sd","beta2","beta2_sd","omega_b1","omega_b1_sd","omega_b2","omega_b2_sd","omega_cov","omega_cov_sd","rho","rho_sd","conv_code","omega_cor","tau1","tau1_sd","tau2","tau2_sd","tau3","tau3_sd","tau4","tau4_sd","tau5","tau5_sd","tau6","tau6_sd"
1.00238319671584,0.00918571160289228,0.990653414598893,0.0115398433789832,0.560336037418471,0.00907254523696446,1.04274993018665,0.025821940316716,0.226238943515531,0.00990475795980913,-0.286971836838263,0.0106767719922303,1,0.295973618474176,0.0316186955443122,0.0201308920624748,0.693540701903444,0.00813649530380264,0.695166711412534,0.00811482080481351,0.701912868966981,0.00901411356897642,0.69974823601326,0.0104230334433063,0.677420209315384,0.0125699750521458
