"beta1","beta1_sd","beta2","beta2_sd","omega_b1","omega_b1_sd","omega_b2","omega_b2_sd","omega_cov","omega_cov_sd","rho","rho_sd","conv_code","omega_cor","tau1","tau1_sd","tau2","tau2_sd","tau3","tau3_sd","tau4","tau4_sd","tau5","tau5_sd","tau6","tau6_sd"
1.01808923890063,0.01641279229742,1.03015629543554,0.0228293620582832,0.262112820633414,0.00900667336465488,0.58400156989394,0.0513047289517933,0.120334928682756,0.0102831849355059,-0.903170869868018,0.00303698918561807,1,0.30756758715517,-0.00667853295521769,0.0275621887560295,0.717760485878382,0.017573594399976,0.71260184452875,0.0174066941205443,0.718028049802635,0.0180060033329043,0.712237687578613,0.0194866815879779,0.724288057779919,0.0216955333313945
