"beta1","beta1_sd","beta2","beta2_sd","omega_b1","omega_b1_sd","omega_b2","omega_b2_sd","omega_cov","omega_cov_sd","rho","rho_sd","conv_code","omega_cor","tau1","tau1_sd","tau2","tau2_sd","tau3","tau3_sd","tau4","tau4_sd","tau5","tau5_sd","tau6","tau6_sd"
0.999298279710745,0.0102390789503757,1.0051232962708,0.0113539073762215,0.549691859493451,0.00981182102132993,0.259225839448695,0.0158156215423111,0.0101532603395676,0.00858311804693527,-0.603343124957678,0.00662408922104998,1,0.0268971784658927,-0.0072198131541344,0.0225073782456569,0.699727371590825,0.00978532144725647,0.683156977815147,0.00968899565645725,0.691417306476936,0.0105514482563372,0.68112548161109,0.0122439170827019,0.705799850866887,0.0142073328230729
