"beta1","beta1_sd","beta2","beta2_sd","omega_b1","omega_b1_sd","omega_b2","omega_b2_sd","omega_cov","omega_cov_sd","rho","rho_sd","conv_code","omega_cor","tau1","tau1_sd","tau2","tau2_sd","tau3","tau3_sd","tau4","tau4_sd","tau5","tau5_sd","tau6","tau6_sd"
0.99745736147332,0.00848251801791168,0.998952008693352,0.00944204581682926,0.55756400235697,0.00840554522446922,0.558321820879053,0.0160634672694273,0.507876922841648,0.00979860219654347,-0.30177931877721,0.00887486241076432,1,0.91026703518057,-0.010654936279595,0.0178697023248426,0.685131449876378,0.00759652375809459,0.699261461085031,0.00766802958680008,0.689945334496407,0.00855528374952281,0.67265245546173,0.0101297025174195,0.707311140152567,0.0118298031432575
