"beta1","beta1_sd","beta2","beta2_sd","omega_b1","omega_b1_sd","omega_b2","omega_b2_sd","omega_cov","omega_cov_sd","rho","rho_sd","conv_code","omega_cor","tau1","tau1_sd","tau2","tau2_sd","tau3","tau3_sd","tau4","tau4_sd","tau5","tau5_sd","tau6","tau6_sd"
0.999725405309252,0.0134123709269354,1.01244492337673,0.0118459128191119,1.02191636571549,0.0245230864236089,0.0746812717115931,0.0108248231674547,-0.234710603513736,0.0153627244920551,0.891439130271822,0.00375432006135302,1,-0.849609149334742,0.00858983370954651,0.036363981679482,0.692620644021382,0.012640998454094,0.674856498632525,0.0123040554780401,0.698526117557377,0.0131623168414584,0.68558203479667,0.0147010570043085,0.705777630971345,0.0167555106401396
