"beta1","beta1_sd","beta2","beta2_sd","omega_b1","omega_b1_sd","omega_b2","omega_b2_sd","omega_cov","omega_cov_sd","rho","rho_sd","conv_code","omega_cor","tau1","tau1_sd","tau2","tau2_sd","tau3","tau3_sd","tau4","tau4_sd","tau5","tau5_sd","tau6","tau6_sd"
1.02671277772167,0.0241209504734538,1.0251012792232,0.0307518188740471,1.04065156110176,0.0449498786599684,1.16666272942378,0.106198634037715,-0.053056284233146,0.0281285986887608,-0.901249852255476,0.00418667872847123,1,-0.0481516860952324,0.0294983642499593,0.0390241622213802,0.720442445822141,0.0226718242550759,0.711544047169138,0.022871228606197,0.722390066509602,0.0233165807560166,0.718669641018196,0.0246890999878047,0.670027106733343,0.0267391189677307
