"beta1","beta1_sd","beta2","beta2_sd","omega_b1","omega_b1_sd","omega_b2","omega_b2_sd","omega_cov","omega_cov_sd","rho","rho_sd","conv_code","omega_cor","tau1","tau1_sd","tau2","tau2_sd","tau3","tau3_sd","tau4","tau4_sd","tau5","tau5_sd","tau6","tau6_sd"
0.995323206210174,0.0128166204454746,1.0073783133229,0.0125561163723744,0.95605777708738,0.0220686134645874,0.0631649781153593,0.0124547319052407,0.227897687192941,0.0135479254098192,0.0401864691080734,0.0269836761879957,1,0.927384159421485,0.0465669620493086,0.0252609716060426,0.657702345351459,0.0121620294619284,0.683629611311651,0.012652488453666,0.687553335818907,0.0140106649864122,0.661673735914277,0.0159903267333748,0.694293971838921,0.0183759952997812
