"beta1","beta1_sd","beta2","beta2_sd","omega_b1","omega_b1_sd","omega_b2","omega_b2_sd","omega_cov","omega_cov_sd","rho","rho_sd","conv_code","omega_cor","tau1","tau1_sd","tau2","tau2_sd","tau3","tau3_sd","tau4","tau4_sd","tau5","tau5_sd","tau6","tau6_sd"
1.01869714816085,0.00675757618799125,1.02624334723779,0.00862571337074755,0.249815135386183,0.00426425196899584,0.568405905189242,0.0136263748212903,0.34092226931841,0.0061852195456484,0.607843251298573,0.00914723163098352,1,0.904725240074406,0.0223496230063798,0.0193093603248569,0.684937697340301,0.00737915885508002,0.697846244240038,0.00667578682936112,0.70122795414844,0.00756804950532524,0.705457214885717,0.00882691585279748,0.696803463473663,0.0113494405026979
