"beta1","beta1_sd","beta2","beta2_sd","omega_b1","omega_b1_sd","omega_b2","omega_b2_sd","omega_cov","omega_cov_sd","rho","rho_sd","conv_code","omega_cor","tau1","tau1_sd","tau2","tau2_sd","tau3","tau3_sd","tau4","tau4_sd","tau5","tau5_sd","tau6","tau6_sd"
0.99633020646027,0.0066590529578486,0.994810003444493,0.00671752012768818,0.252359784494685,0.00376981475451317,0.0548006189760894,0.00567142722910084,0.0728019713200122,0.00349048558797354,-0.0155432752589931,0.0104844605601664,1,0.6190708191345,-0.0189360660239938,0.016472223673013,0.699834269842953,0.00702627576127732,0.689826379900594,0.00671259031374761,0.692885320806081,0.00749400533160242,0.692228616868352,0.00901877131411188,0.679301102733119,0.0113616600613635
