"beta1","beta1_sd","beta2","beta2_sd","omega_b1","omega_b1_sd","omega_b2","omega_b2_sd","omega_cov","omega_cov_sd","rho","rho_sd","conv_code","omega_cor","tau1","tau1_sd","tau2","tau2_sd","tau3","tau3_sd","tau4","tau4_sd","tau5","tau5_sd","tau6","tau6_sd"
0.983550049263716,0.010591603281735,0.997060590545972,0.0105970024097753,0.974482103246203,0.0159348011506918,0.553599019951651,0.0183971829259262,0.0256363514152162,0.0119114057615525,-0.292743062493471,0.0105755661845335,1,0.0349037127670672,-0.00570321707083031,0.0210166827285932,0.679677806368195,0.00860339811754462,0.685514771380289,0.00852083805748008,0.694925255374933,0.00935967774488122,0.677330024626816,0.0109243477103912,0.692756311081745,0.0126460771037302
