"beta1","beta1_sd","beta2","beta2_sd","omega_b1","omega_b1_sd","omega_b2","omega_b2_sd","omega_cov","omega_cov_sd","rho","rho_sd","conv_code","omega_cor","tau1","tau1_sd","tau2","tau2_sd","tau3","tau3_sd","tau4","tau4_sd","tau5","tau5_sd","tau6","tau6_sd"
1.00287287333653,0.00593415766451442,0.993691549085157,0.00958813312715081,0.0621564907574957,0.00121345320396803,0.56565494570453,0.0154045799893181,0.170529107021269,0.00341383943010794,-0.303019876130702,0.00906846693401534,1,0.909451366917292,0.000185575061417594,0.0159850359313914,0.695893429228255,0.00851846019242804,0.696975235624413,0.00753431052306919,0.69837516348632,0.00828200265746543,0.686314916508276,0.0100221673938308,0.69797810364356,0.0131983072722782
