"beta1","beta1_sd","beta2","beta2_sd","omega_b1","omega_b1_sd","omega_b2","omega_b2_sd","omega_cov","omega_cov_sd","rho","rho_sd","conv_code","omega_cor","tau1","tau1_sd","tau2","tau2_sd","tau3","tau3_sd","tau4","tau4_sd","tau5","tau5_sd","tau6","tau6_sd"
1.01745248579891,0.00618441025984166,1.00617228352938,0.0063346789837215,0.0609902101884031,0.00294647119858746,0.063797506589156,0.00504868160754964,0.0553701852790417,0.00290075431818607,0.902355213782559,0.00153464302792054,1,0.887654704213077,0.0381398545218572,0.0267195175962786,0.708102254631712,0.00788515679611383,0.698137607112211,0.00681964104447598,0.702185153751411,0.00695610751816774,0.698481921286129,0.00803649371811663,0.671339049390937,0.0104064525591969
