"beta1","beta1_sd","beta2","beta2_sd","omega_b1","omega_b1_sd","omega_b2","omega_b2_sd","omega_cov","omega_cov_sd","rho","rho_sd","conv_code","omega_cor","tau1","tau1_sd","tau2","tau2_sd","tau3","tau3_sd","tau4","tau4_sd","tau5","tau5_sd","tau6","tau6_sd"
0.988762734923939,0.0092266143142521,0.996478363954826,0.0121220889289361,0.241600721797458,0.00580170633477744,0.574974051957165,0.0210214035489931,0.227977971566061,0.0075927981814656,0.619146147252744,0.0131757479743734,1,0.611673475974735,-0.058128446860413,0.0258337315399284,0.712672218755767,0.0108502831260296,0.691309653444357,0.0101234293819675,0.684170595613511,0.0113853915727681,0.677138298672065,0.0136122362414269,0.699063381047268,0.0167161359418999
