"beta1","beta1_sd","beta2","beta2_sd","omega_b1","omega_b1_sd","omega_b2","omega_b2_sd","omega_cov","omega_cov_sd","rho","rho_sd","conv_code","omega_cor","tau1","tau1_sd","tau2","tau2_sd","tau3","tau3_sd","tau4","tau4_sd","tau5","tau5_sd","tau6","tau6_sd"
1.00520690179792,0.00682055700684352,1.00662476839435,0.0100998726132544,0.254689770324318,0.00430730205880515,1.01388196342892,0.0207886051579824,0.456334504696463,0.00775242531173812,0.600785093618121,0.00921435251341648,1,0.898015553650049,0.00843967465256109,0.0194514574651604,0.691292548438252,0.00741344693549434,0.694963008824511,0.00679750815544688,0.699785172333091,0.00757930152257213,0.703190960608375,0.0091290097697655,0.690622084366516,0.0115220177755728
