"beta1","beta1_sd","beta2","beta2_sd","omega_b1","omega_b1_sd","omega_b2","omega_b2_sd","omega_cov","omega_cov_sd","rho","rho_sd","conv_code","omega_cor","tau1","tau1_sd","tau2","tau2_sd","tau3","tau3_sd","tau4","tau4_sd","tau5","tau5_sd","tau6","tau6_sd"
1.00522094023844,0.00564399744282908,1.00621659712715,0.00726591615125574,0.0633851863989338,0.00109047937136059,0.0572146503798814,0.00667183676927775,0.00107639919124566,0.00181753435939374,-0.608753703632143,0.00435775423447716,1,0.0178741687031357,-0.0093043477407023,0.0148990484421832,0.700533334343084,0.00774673468307223,0.695358183750101,0.0067675886286239,0.701003647698491,0.00725854697028668,0.697933772829365,0.00858323495429488,0.704823556407467,0.0112284340785895
