"beta1","beta1_sd","beta2","beta2_sd","omega_b1","omega_b1_sd","omega_b2","omega_b2_sd","omega_cov","omega_cov_sd","rho","rho_sd","conv_code","omega_cor","tau1","tau1_sd","tau2","tau2_sd","tau3","tau3_sd","tau4","tau4_sd","tau5","tau5_sd","tau6","tau6_sd"
0.979043545823216,0.0118156093979918,0.993064246150389,0.0114090925098858,1.01681904667335,0.0218130514307154,0.582323272694445,0.0207308514399351,0.458484799390377,0.0174474811014633,0.901799187707252,0.00304558259296982,1,0.595828169289055,0.0114921574919616,0.0336062800623629,0.690944537179429,0.0104435237241867,0.70315563943265,0.0100252634968573,0.690960045428851,0.0106633383950127,0.677737040877157,0.0121210427101959,0.667361740489005,0.0140872935557261
