"beta1","beta1_sd","beta2","beta2_sd","omega_b1","omega_b1_sd","omega_b2","omega_b2_sd","omega_cov","omega_cov_sd","rho","rho_sd","conv_code","omega_cor","tau1","tau1_sd","tau2","tau2_sd","tau3","tau3_sd","tau4","tau4_sd","tau5","tau5_sd","tau6","tau6_sd"
0.998575910317282,0.0112613790205382,1.00791533232947,0.00935211564557382,0.993615394529605,0.0202944342009845,0.234788528177098,0.0117346597378265,0.448760127206129,0.0139229803850779,0.899587484715385,0.00286663254693479,1,0.929109006407365,0.00869339256858756,0.0315882380529248,0.686042994578996,0.0100454094563833,0.686014824056856,0.00963570278002155,0.681875079515171,0.0102355442976079,0.704878999624937,0.011391414180671,0.721966545211542,0.0132888755678726
