"beta1","beta1_sd","beta2","beta2_sd","omega_b1","omega_b1_sd","omega_b2","omega_b2_sd","omega_cov","omega_cov_sd","rho","rho_sd","conv_code","omega_cor","tau1","tau1_sd","tau2","tau2_sd","tau3","tau3_sd","tau4","tau4_sd","tau5","tau5_sd","tau6","tau6_sd"
0.992638918687207,0.010013669250603,0.996779160559066,0.00760388591424323,1.01644011633772,0.0154626995787097,0.0618965177416159,0.00683133787899595,0.0627763965342865,0.00884649682430865,-0.0171443626427961,0.0124513627646411,1,0.250277827203093,-0.00649980524272578,0.0193478665017973,0.691499829734664,0.00775762492327948,0.703450992218016,0.00774162522937531,0.688086841905174,0.00887962403564689,0.686936073418668,0.0102793230326665,0.673211467635229,0.0122013812164715
