"beta1","beta1_sd","beta2","beta2_sd","omega_b1","omega_b1_sd","omega_b2","omega_b2_sd","omega_cov","omega_cov_sd","rho","rho_sd","conv_code","omega_cor","tau1","tau1_sd","tau2","tau2_sd","tau3","tau3_sd","tau4","tau4_sd","tau5","tau5_sd","tau6","tau6_sd"
0.993358464644277,0.00528327538952852,0.993620213469509,0.00614158245630545,0.0600466339162199,0.00153948798281632,0.0651584850568638,0.00510543331939746,0.0198244458931814,0.00191137755875159,0.61084997052965,0.00697861804143761,1,0.316935753546492,-0.0212137146376298,0.0183255313794757,0.688831373587348,0.00736471844207374,0.70173235922436,0.00615859488343775,0.686745165216959,0.00654105415962979,0.697122097315951,0.00786146783243171,0.697922705310319,0.0104945401387513
