"beta1","beta1_sd","beta2","beta2_sd","omega_b1","omega_b1_sd","omega_b2","omega_b2_sd","omega_cov","omega_cov_sd","rho","rho_sd","conv_code","omega_cor","tau1","tau1_sd","tau2","tau2_sd","tau3","tau3_sd","tau4","tau4_sd","tau5","tau5_sd","tau6","tau6_sd"
0.995446737325157,0.0100123509375672,0.999814777259975,0.00927370900856779,1.02361063369257,0.0161523229659549,0.583772228771744,0.0170143798258494,-0.700123105893181,0.0142798104217111,0.606748550978237,0.01262189034978,1,-0.905701945992736,0.0139850950984835,0.0216756554147603,0.681985039500361,0.00809747779488976,0.701561529353445,0.00756811679148605,0.692208079100012,0.00846490148836299,0.693516347701129,0.00978821390949886,0.695410199409251,0.0116321318668378
