"beta1","beta1_sd","beta2","beta2_sd","omega_b1","omega_b1_sd","omega_b2","omega_b2_sd","omega_cov","omega_cov_sd","rho","rho_sd","conv_code","omega_cor","tau1","tau1_sd","tau2","tau2_sd","tau3","tau3_sd","tau4","tau4_sd","tau5","tau5_sd","tau6","tau6_sd"
0.997363461862253,0.00787671744868469,0.994897330093192,0.00930346105019061,0.246420358713665,0.0062849993774132,0.577002566614426,0.0151683131349988,-0.121706549308154,0.00682611716940895,0.898395993271323,0.00208323367720369,1,-0.322765259718472,-0.0241778624580827,0.0287179535108489,0.694849334540597,0.00838676815737602,0.690042381639914,0.00750284858492522,0.688253216911162,0.00784130078605057,0.691359355418093,0.00905926204572765,0.688968732249798,0.0111681573572448
