"beta1","beta1_sd","beta2","beta2_sd","omega_b1","omega_b1_sd","omega_b2","omega_b2_sd","omega_cov","omega_cov_sd","rho","rho_sd","conv_code","omega_cor","tau1","tau1_sd","tau2","tau2_sd","tau3","tau3_sd","tau4","tau4_sd","tau5","tau5_sd","tau6","tau6_sd"
0.991086705480452,0.00933962447506048,0.998097092998492,0.0106073534240333,0.245560567526351,0.00554506660043456,0.0413010917928273,0.0101357085472354,-0.0674426003562792,0.00500168963895053,-0.0028474029371885,0.0198800394211812,1,-0.669690636047695,-0.0078416307002347,0.0221449937442403,0.69379475073454,0.0107277209572808,0.673600475554354,0.0103530613408505,0.701774785671903,0.0115979128015179,0.714181020344115,0.0137752040844962,0.675371839053304,0.0173595966598515
