"beta1","beta1_sd","beta2","beta2_sd","omega_b1","omega_b1_sd","omega_b2","omega_b2_sd","omega_cov","omega_cov_sd","rho","rho_sd","conv_code","omega_cor","tau1","tau1_sd","tau2","tau2_sd","tau3","tau3_sd","tau4","tau4_sd","tau5","tau5_sd","tau6","tau6_sd"
0.999869824848268,0.00648170917335402,0.99770222083435,0.011710034142663,0.0620970310556593,0.00121296071844164,1.03509687551121,0.026652814068133,-0.151257816093481,0.00407797532479482,-0.899297639774586,0.00142485924573732,1,-0.596611895935032,0.0077305668450441,0.0167123532791656,0.680650045358125,0.00899559959535208,0.70422171782128,0.00807620598835684,0.686370228504366,0.00833618490272638,0.699121015812704,0.00917186492797168,0.7026945497305,0.0112292719059501
