"beta1","beta1_sd","beta2","beta2_sd","omega_b1","omega_b1_sd","omega_b2","omega_b2_sd","omega_cov","omega_cov_sd","rho","rho_sd","conv_code","omega_cor","tau1","tau1_sd","tau2","tau2_sd","tau3","tau3_sd","tau4","tau4_sd","tau5","tau5_sd","tau6","tau6_sd"
1.00943530978699,0.00775982770000229,0.99874994247021,0.00857695821623133,0.247208328347046,0.00412216457914263,0.0573014218990828,0.00845777291583034,-0.0727908609038209,0.00416457769586147,-0.294346245212281,0.00996567664253197,1,-0.611593142865532,0.00992269482180719,0.0188969644981674,0.703291703428624,0.00865885535787742,0.678695186128289,0.00815255492363484,0.701075406177015,0.00899599403799932,0.691365425583092,0.0107225698886209,0.671610788355605,0.0135279007878167
