"beta1","beta1_sd","beta2","beta2_sd","omega_b1","omega_b1_sd","omega_b2","omega_b2_sd","omega_cov","omega_cov_sd","rho","rho_sd","conv_code","omega_cor","tau1","tau1_sd","tau2","tau2_sd","tau3","tau3_sd","tau4","tau4_sd","tau5","tau5_sd","tau6","tau6_sd"
0.993361557542291,0.00774414370706247,1.00202011240588,0.00997604147121527,0.250616542327675,0.00497312696408027,0.566578311059129,0.0169728729822301,-0.117123300609781,0.00606125047807145,0.60270507455156,0.0116795123534334,1,-0.310819647027786,-0.0582229880129501,0.0225183667047738,0.706740839839963,0.00872509060758459,0.685565774130075,0.00795755658622809,0.695097662306528,0.00880233225796741,0.690502466274315,0.010497992725968,0.660277876370562,0.0133702598201204
