"beta1","beta1_sd","beta2","beta2_sd","omega_b1","omega_b1_sd","omega_b2","omega_b2_sd","omega_cov","omega_cov_sd","rho","rho_sd","conv_code","omega_cor","tau1","tau1_sd","tau2","tau2_sd","tau3","tau3_sd","tau4","tau4_sd","tau5","tau5_sd","tau6","tau6_sd"
0.993518262258382,0.0094456326987344,1.00755238619648,0.0110350509102311,0.551963357876717,0.0116528423295963,0.958718405080499,0.0235472357599184,-0.440502509957135,0.0126996392011772,0.901049603340681,0.00234720737550959,1,-0.605546824330288,-0.0248637821050187,0.0307110475425058,0.71175001912837,0.00874320265149111,0.677065967759701,0.00822952090191468,0.701314127980484,0.00853552312406973,0.68935267421819,0.00966518704059001,0.681190355803043,0.011709944075944
