"beta1","beta1_sd","beta2","beta2_sd","omega_b1","omega_b1_sd","omega_b2","omega_b2_sd","omega_cov","omega_cov_sd","rho","rho_sd","conv_code","omega_cor","tau1","tau1_sd","tau2","tau2_sd","tau3","tau3_sd","tau4","tau4_sd","tau5","tau5_sd","tau6","tau6_sd"
0.981270613893441,0.00901206404389921,1.01876522539093,0.0102582148678852,0.547982025887907,0.00917117800728823,0.552890975468443,0.0178347681601713,-0.493360150134929,0.010469146582312,0.0246651636368979,0.0160202618148411,1,-0.896316022965294,-0.0371763452211315,0.0207364455431659,0.701787965357626,0.00897831243745514,0.691617351493915,0.00843247364476917,0.690822024425755,0.00946358941750721,0.676064918613471,0.0112640000520551,0.690273552919258,0.0136341916953673
