"beta1","beta1_sd","beta2","beta2_sd","omega_b1","omega_b1_sd","omega_b2","omega_b2_sd","omega_cov","omega_cov_sd","rho","rho_sd","conv_code","omega_cor","tau1","tau1_sd","tau2","tau2_sd","tau3","tau3_sd","tau4","tau4_sd","tau5","tau5_sd","tau6","tau6_sd"
0.994513409050983,0.0102527867364039,0.992357397244404,0.0142854140950373,0.247490720342133,0.00599202328568775,0.978063316955732,0.0324238726430849,-0.297996138247475,0.00903787892810008,-0.011772643328168,0.0231399207087796,1,-0.605686216874801,-0.0187581787016361,0.0240272594657347,0.681612784579129,0.0117919521802674,0.702722076425512,0.0108708028399735,0.685437329545886,0.0124000728701238,0.67907003587323,0.0146186676095506,0.683457503909108,0.0175411279598932
