"beta1","beta1_sd","beta2","beta2_sd","omega_b1","omega_b1_sd","omega_b2","omega_b2_sd","omega_cov","omega_cov_sd","rho","rho_sd","conv_code","omega_cor","tau1","tau1_sd","tau2","tau2_sd","tau3","tau3_sd","tau4","tau4_sd","tau5","tau5_sd","tau6","tau6_sd"
1.00530259645646,0.0110312702977938,0.992947335653144,0.0112490445506957,0.994655895292159,0.0181299732618523,0.5965452700038,0.0204585930439224,0.235770917705791,0.0137987732051416,0.339897391139117,0.0249505669135796,1,0.306077989607822,-0.0243979551203272,0.0233298424601832,0.696937931539902,0.00926463465943802,0.697885552543503,0.00941038207951804,0.693658580055042,0.0105535930701159,0.687678797698442,0.0122738628974761,0.701508491970438,0.0143985111492195
