"beta1","beta1_sd","beta2","beta2_sd","omega_b1","omega_b1_sd","omega_b2","omega_b2_sd","omega_cov","omega_cov_sd","rho","rho_sd","conv_code","omega_cor","tau1","tau1_sd","tau2","tau2_sd","tau3","tau3_sd","tau4","tau4_sd","tau5","tau5_sd","tau6","tau6_sd"
1.01231131890176,0.00777873881019309,0.994919923276261,0.00848748104917113,0.249148743993655,0.00415717588243764,0.0516642758744368,0.00805823099320299,-0.113261110202535,0.00434427960205133,-0.308446120844067,0.00957354108034446,1,-0.998289009634836,0.0499825229701882,0.0187266542586894,0.690235999303064,0.00886058371561589,0.695416326057362,0.00811488036541323,0.698561776285316,0.00898228140920779,0.702795922413474,0.0105967736542733,0.721145530396599,0.0131290485404762
