"beta1","beta1_sd","beta2","beta2_sd","omega_b1","omega_b1_sd","omega_b2","omega_b2_sd","omega_cov","omega_cov_sd","rho","rho_sd","conv_code","omega_cor","tau1","tau1_sd","tau2","tau2_sd","tau3","tau3_sd","tau4","tau4_sd","tau5","tau5_sd","tau6","tau6_sd"
0.996411053676579,0.00819715201195058,1.00603823543051,0.00682950611003367,0.566658975333808,0.00888552883502404,0.0680635902140522,0.00600769830122551,0.109187749024207,0.00599836854560317,0.587120022398788,0.0125053080311512,1,0.555975430876601,-0.00735060858567214,0.0202004209376729,0.692659826713225,0.00733686641677364,0.684716204782169,0.00708899530774652,0.698630100642922,0.00788350976451436,0.7019484290304,0.009242654134241,0.700598790112599,0.0114917096146455
