"beta1","beta1_sd","beta2","beta2_sd","omega_b1","omega_b1_sd","omega_b2","omega_b2_sd","omega_cov","omega_cov_sd","rho","rho_sd","conv_code","omega_cor","tau1","tau1_sd","tau2","tau2_sd","tau3","tau3_sd","tau4","tau4_sd","tau5","tau5_sd","tau6","tau6_sd"
0.998259219417904,0.0120705326840825,0.990208493044363,0.0115437665116644,0.978076843916041,0.0175982158040294,0.227490789924257,0.0158950848937412,-0.159715045704034,0.0135209147392769,-0.899675053728793,0.00165983703536446,1,-0.33859257653841,0.0233300932016372,0.0262579839816847,0.692388673665889,0.0101112799203923,0.68678508336285,0.00977379728202628,0.695153937604749,0.0103232272188962,0.677008303586287,0.0115786794213678,0.714484684875712,0.0129706240699636
