"beta1","beta1_sd","beta2","beta2_sd","omega_b1","omega_b1_sd","omega_b2","omega_b2_sd","omega_cov","omega_cov_sd","rho","rho_sd","conv_code","omega_cor","tau1","tau1_sd","tau2","tau2_sd","tau3","tau3_sd","tau4","tau4_sd","tau5","tau5_sd","tau6","tau6_sd"
1.00875395656715,0.0106762571076029,1.01330923728499,0.00944566105565637,1.02649383747337,0.0176904330771952,0.273196637831989,0.0132326407519132,0.479460890803908,0.0129227082005645,0.273753612306556,0.0212075999765986,1,0.905393431818027,-0.0179623784610307,0.0215759466709706,0.704172631507411,0.00883272027119255,0.700017410671841,0.00916672967780871,0.704739208285815,0.0103623296868366,0.704450120274931,0.0118976993635585,0.694010166992895,0.0138707207376396
