"beta1","beta1_sd","beta2","beta2_sd","omega_b1","omega_b1_sd","omega_b2","omega_b2_sd","omega_cov","omega_cov_sd","rho","rho_sd","conv_code","omega_cor","tau1","tau1_sd","tau2","tau2_sd","tau3","tau3_sd","tau4","tau4_sd","tau5","tau5_sd","tau6","tau6_sd"
0.997648524116676,0.00809875727357465,0.994513663672742,0.0106482235408965,0.254072939914644,0.00648092871838741,0.978114539781524,0.0222780186562641,0.296419470986913,0.00859713087245868,0.899475183238392,0.00211697133533424,1,0.594610623281347,0.011886202902584,0.0294351767829958,0.69290906554524,0.00846846991512151,0.701972550036503,0.00771011806058974,0.69368920924987,0.00809474213778185,0.682388293874583,0.00930753932687733,0.687501844947478,0.011326219706763
