"beta1","beta1_sd","beta2","beta2_sd","omega_b1","omega_b1_sd","omega_b2","omega_b2_sd","omega_cov","omega_cov_sd","rho","rho_sd","conv_code","omega_cor","tau1","tau1_sd","tau2","tau2_sd","tau3","tau3_sd","tau4","tau4_sd","tau5","tau5_sd","tau6","tau6_sd"
0.988887493305308,0.0147829624812039,0.988850759525517,0.0165282844787382,0.971133899493137,0.0255619372613849,0.552971328967047,0.0309069269512094,-0.0254299618296528,0.0168467236814603,-0.247349527319766,0.0228083770785869,1,-0.0347020270557127,-0.00524563432479751,0.028697347401699,0.679070744271242,0.0140122598494953,0.694015789533554,0.0143040520959591,0.676548066915011,0.0158721008624167,0.692755476474764,0.0173561839342652,0.632682929420924,0.0202768043954486
