"beta1","beta1_sd","beta2","beta2_sd","omega_b1","omega_b1_sd","omega_b2","omega_b2_sd","omega_cov","omega_cov_sd","rho","rho_sd","conv_code","omega_cor","tau1","tau1_sd","tau2","tau2_sd","tau3","tau3_sd","tau4","tau4_sd","tau5","tau5_sd","tau6","tau6_sd"
1.00253807702867,0.00522788405812989,1.00046295803368,0.00849946619684417,0.0613182631354572,0.00116204740718042,0.540652832802838,0.0130875779860271,0.105256185076523,0.00266823422219695,0.0152168278606697,0.0103489910227419,1,0.578087343968987,0.0185200911892586,0.0150747078133168,0.688752615292419,0.00731256756403443,0.684266376240242,0.00643530597942487,0.700414979683551,0.00698106116678393,0.68687914286587,0.00834690262474156,0.702706054701743,0.0109852648027886
