"beta1","beta1_sd","beta2","beta2_sd","omega_b1","omega_b1_sd","omega_b2","omega_b2_sd","omega_cov","omega_cov_sd","rho","rho_sd","conv_code","omega_cor","tau1","tau1_sd","tau2","tau2_sd","tau3","tau3_sd","tau4","tau4_sd","tau5","tau5_sd","tau6","tau6_sd"
0.997391614869137,0.00766032441289973,1.01614286497296,0.01290854529312,0.0601317469305783,0.00195382487787168,1.02544379071822,0.0294062534686239,0.0716546267092481,0.00425069559053568,0.322765553031446,0.0185215484223205,1,0.288560178191394,-0.0206010017342316,0.0229133501603343,0.697513978224214,0.0107593030089785,0.683344765729799,0.00946801484821521,0.69418052914228,0.0104924131267655,0.68367489614881,0.0125333426043855,0.706106997924253,0.0159704608758847
