"beta1","beta1_sd","beta2","beta2_sd","omega_b1","omega_b1_sd","omega_b2","omega_b2_sd","omega_cov","omega_cov_sd","rho","rho_sd","conv_code","omega_cor","tau1","tau1_sd","tau2","tau2_sd","tau3","tau3_sd","tau4","tau4_sd","tau5","tau5_sd","tau6","tau6_sd"
0.981896741487085,0.0105246710690086,0.990122419676658,0.0125633654880144,0.574740010728811,0.0133018159576514,0.981707924652823,0.0280553496807091,-0.24410542154259,0.0135540210094977,0.897378336293234,0.00282653111187768,1,-0.324975455292865,-0.0682619981823357,0.032560969059761,0.6902236737946,0.0102431722050404,0.672589377260071,0.00986617646294139,0.698209979475086,0.0100627019168643,0.698984152128654,0.0114933417530412,0.693250228625325,0.0136383560883888
