"beta1","beta1_sd","beta2","beta2_sd","omega_b1","omega_b1_sd","omega_b2","omega_b2_sd","omega_cov","omega_cov_sd","rho","rho_sd","conv_code","omega_cor","tau1","tau1_sd","tau2","tau2_sd","tau3","tau3_sd","tau4","tau4_sd","tau5","tau5_sd","tau6","tau6_sd"
0.984688132838151,0.0108052473976034,0.988885428829997,0.00879449625092685,1.00910883094623,0.0193652178680855,0.249601273068976,0.0108585740150273,-0.160384855756326,0.012286096238546,0.894894556859291,0.00291563571536968,1,-0.319573645192976,-0.0808735399567853,0.0302530524551838,0.68550966474743,0.00882012578171678,0.685663968642303,0.00845823847132074,0.683391400590838,0.0088897250417265,0.693768202352507,0.0099999237911586,0.688448970107212,0.0119732321299937
