"beta1","beta1_sd","beta2","beta2_sd","omega_b1","omega_b1_sd","omega_b2","omega_b2_sd","omega_cov","omega_cov_sd","rho","rho_sd","conv_code","omega_cor","tau1","tau1_sd","tau2","tau2_sd","tau3","tau3_sd","tau4","tau4_sd","tau5","tau5_sd","tau6","tau6_sd"
0.996446692706083,0.00807613408985991,0.997023281864336,0.0114010231197222,0.249634297215991,0.00516778543363347,0.961975294436998,0.0245137486776176,-0.0100528043047412,0.00670775792121811,0.602118376341804,0.0125490892473349,1,-0.0205141318572572,-0.0458769574467126,0.0232999130077613,0.702899047910099,0.00904137453997771,0.694047828977155,0.00825141066433058,0.694780868594964,0.00907539363357973,0.684250176523222,0.010849176718593,0.686654439771079,0.0135453546728251
