"beta1","beta1_sd","beta2","beta2_sd","omega_b1","omega_b1_sd","omega_b2","omega_b2_sd","omega_cov","omega_cov_sd","rho","rho_sd","conv_code","omega_cor","tau1","tau1_sd","tau2","tau2_sd","tau3","tau3_sd","tau4","tau4_sd","tau5","tau5_sd","tau6","tau6_sd"
0.996954635488297,0.0125115858195469,0.996431801859242,0.0133884382319224,1.02801820213813,0.0200129991827512,0.574764219713964,0.0256171017386193,-0.215999607359158,0.0155033024548197,-0.608296470054778,0.00751058172018019,1,-0.281000891171649,-0.0200521693339456,0.0256606884882673,0.701913768321775,0.0108070347922762,0.693772488389154,0.0107836601295145,0.715062107890667,0.0117075677370916,0.69831808880682,0.0134439331484687,0.664224213599929,0.015553748678743
