"beta1","beta1_sd","beta2","beta2_sd","omega_b1","omega_b1_sd","omega_b2","omega_b2_sd","omega_cov","omega_cov_sd","rho","rho_sd","conv_code","omega_cor","tau1","tau1_sd","tau2","tau2_sd","tau3","tau3_sd","tau4","tau4_sd","tau5","tau5_sd","tau6","tau6_sd"
1.0357284103432,0.0148986228845038,0.992094791744601,0.0167692562567848,0.986496756666952,0.026739884364052,1.01118716100026,0.0404089615986623,-0.288297698131883,0.0233759127818565,0.905070191669235,0.00354194330392526,1,-0.288653993696316,0.0568855957473646,0.0405847713660401,0.698922425895637,0.013955161088446,0.704397685283749,0.0134937175433784,0.68641226067419,0.0143292105167197,0.722914335717214,0.015630833509492,0.693816017988131,0.0178920076925348
