"beta1","beta1_sd","beta2","beta2_sd","omega_b1","omega_b1_sd","omega_b2","omega_b2_sd","omega_cov","omega_cov_sd","rho","rho_sd","conv_code","omega_cor","tau1","tau1_sd","tau2","tau2_sd","tau3","tau3_sd","tau4","tau4_sd","tau5","tau5_sd","tau6","tau6_sd"
1.01303753091058,0.00867493612800114,1.00417920733565,0.012543949583954,0.256748263255049,0.00473004665930103,1.03101092361497,0.0284663075949503,0.151645357606495,0.00698038566030766,-0.305501370698094,0.0117894998010589,1,0.294743155658547,-0.00746830881089081,0.0204486919175538,0.714294340644317,0.00918312955605957,0.69443186092544,0.00892436283608028,0.710875631106811,0.00979281677289208,0.6999619632621,0.0115030676684883,0.698578348558565,0.0140835437910948
