"beta1","beta1_sd","beta2","beta2_sd","omega_b1","omega_b1_sd","omega_b2","omega_b2_sd","omega_cov","omega_cov_sd","rho","rho_sd","conv_code","omega_cor","tau1","tau1_sd","tau2","tau2_sd","tau3","tau3_sd","tau4","tau4_sd","tau5","tau5_sd","tau6","tau6_sd"
1.00652795852283,0.0106750951253894,1.00013638805278,0.0139117390560739,0.569567812596217,0.0104680268916443,1.05382217869644,0.0344908097311545,-0.445553105578503,0.0138331653888478,-0.901236716758253,0.00162740997490562,1,-0.575099630599012,0.000705753209303343,0.0245827478938431,0.694762657395304,0.0100728968366379,0.70575214492447,0.00948330217346285,0.689342903290467,0.00999034732749759,0.689743781532887,0.0111690836360983,0.696666220565682,0.0130427571282363
