"beta1","beta1_sd","beta2","beta2_sd","omega_b1","omega_b1_sd","omega_b2","omega_b2_sd","omega_cov","omega_cov_sd","rho","rho_sd","conv_code","omega_cor","tau1","tau1_sd","tau2","tau2_sd","tau3","tau3_sd","tau4","tau4_sd","tau5","tau5_sd","tau6","tau6_sd"
1.00313580083241,0.00882882774761512,0.992017310425727,0.0107144365287643,0.059799767033619,0.00366527597203209,0.235612533748732,0.0130182777094824,0.102811387227715,0.00507587742410676,0.901916668462238,0.00207519632264218,1,0.866148341695447,0.0530042083508117,0.0321410193665153,0.68087024506749,0.0119304286724999,0.698905390824901,0.0104502157489898,0.679453022680861,0.0106592044342232,0.682156020110043,0.0120563768183222,0.692968429162198,0.0152452498696703
