"beta1","beta1_sd","beta2","beta2_sd","omega_b1","omega_b1_sd","omega_b2","omega_b2_sd","omega_cov","omega_cov_sd","rho","rho_sd","conv_code","omega_cor","tau1","tau1_sd","tau2","tau2_sd","tau3","tau3_sd","tau4","tau4_sd","tau5","tau5_sd","tau6","tau6_sd"
1.00994199363959,0.00771999582070904,0.998304117759118,0.00999242990718287,0.256921375516731,0.00470862189087153,0.572830158706359,0.0170856636946686,-0.227135629836357,0.00620526896263794,0.264787632000275,0.0178097542172475,1,-0.592068845007071,0.0214355783164063,0.0207906984538014,0.699517897431038,0.008763980224936,0.695458165595728,0.00791197044258603,0.696411884940463,0.00887599078928059,0.700304981819202,0.0105640490276529,0.717906107930406,0.0132263157816608
