"beta1","beta1_sd","beta2","beta2_sd","omega_b1","omega_b1_sd","omega_b2","omega_b2_sd","omega_cov","omega_cov_sd","rho","rho_sd","conv_code","omega_cor","tau1","tau1_sd","tau2","tau2_sd","tau3","tau3_sd","tau4","tau4_sd","tau5","tau5_sd","tau6","tau6_sd"
1.00840387537421,0.00917067886302357,1.01385061055295,0.0120896948934134,0.0642960735212942,0.00172138150723302,0.0868016748024373,0.0126885868823245,-0.0210959031055697,0.0027953144997284,-0.607601319385705,0.00776177750289306,1,-0.282385143034378,-0.00950020751342629,0.0203034336145321,0.700809898115786,0.0116967160221371,0.706962046832514,0.0107865722887804,0.701131032211354,0.0118144371716676,0.709895192125003,0.0136600469880399,0.718165087147225,0.0171575874844033
