"beta1","beta1_sd","beta2","beta2_sd","omega_b1","omega_b1_sd","omega_b2","omega_b2_sd","omega_cov","omega_cov_sd","rho","rho_sd","conv_code","omega_cor","tau1","tau1_sd","tau2","tau2_sd","tau3","tau3_sd","tau4","tau4_sd","tau5","tau5_sd","tau6","tau6_sd"
1.02047339037498,0.0102566055557788,1.00428786060508,0.00817532853108148,0.996746228504129,0.0153491706880779,0.072280834112271,0.00775407098196777,0.0634818746914485,0.00918094793694285,-0.299214504058019,0.00940039713952894,1,0.236508016115807,0.0234673296777333,0.019567164169109,0.701763828933211,0.00809400952780191,0.698211781890569,0.00810031168087573,0.695382570964304,0.00905963919245464,0.680763595170962,0.0104225079520291,0.671260823960151,0.0122432726330854
