"beta1","beta1_sd","beta2","beta2_sd","omega_b1","omega_b1_sd","omega_b2","omega_b2_sd","omega_cov","omega_cov_sd","rho","rho_sd","conv_code","omega_cor","tau1","tau1_sd","tau2","tau2_sd","tau3","tau3_sd","tau4","tau4_sd","tau5","tau5_sd","tau6","tau6_sd"
0.995845922952994,0.0106924770658009,0.98691605984386,0.0117703174925504,1.04764210941553,0.0170679819471128,1.02311001445602,0.0263924259315607,0.316513050386675,0.0149049840674473,-0.0183772717174116,0.0160024323250093,1,0.30572009117973,-0.0277707245684467,0.0211060633457239,0.69808639808139,0.00838342843456855,0.705789282086079,0.0084831002172731,0.711280343468913,0.00943524002754515,0.715711437745756,0.0106735683332382,0.706316471274364,0.012716091534795
