"beta1","beta1_sd","beta2","beta2_sd","omega_b1","omega_b1_sd","omega_b2","omega_b2_sd","omega_cov","omega_cov_sd","rho","rho_sd","conv_code","omega_cor","tau1","tau1_sd","tau2","tau2_sd","tau3","tau3_sd","tau4","tau4_sd","tau5","tau5_sd","tau6","tau6_sd"
0.992902280050386,0.0114097030103194,0.998515452045307,0.010853262802447,1.00947253351334,0.0178444173284127,0.244616242446654,0.0145364217668597,-0.144724669772646,0.0121922229793511,-0.303820318203905,0.0119797538091723,1,-0.291241103916014,0.00524149994636876,0.0228680689758086,0.689281991722573,0.00979544579355707,0.683679562097702,0.00992001442559139,0.702559861111261,0.010790616137256,0.693509957967604,0.0124754613709724,0.689416021145116,0.0144763676437492
