"beta1","beta1_sd","beta2","beta2_sd","omega_b1","omega_b1_sd","omega_b2","omega_b2_sd","omega_cov","omega_cov_sd","rho","rho_sd","conv_code","omega_cor","tau1","tau1_sd","tau2","tau2_sd","tau3","tau3_sd","tau4","tau4_sd","tau5","tau5_sd","tau6","tau6_sd"
0.985435970324905,0.00785688667917176,0.993830406099407,0.0106108926972807,0.0601049382655807,0.00152674366311252,0.240922858425526,0.0126899083724349,-0.109953176143158,0.00319794981586076,-0.289023865220901,0.0130693537384229,1,-0.913721192175999,-0.0295462623728993,0.0208493028790739,0.685167126791243,0.0114165547360639,0.68352889107335,0.00960636028669691,0.674113860873775,0.0106572644035978,0.692173518439461,0.0124174637989968,0.684095644335011,0.0160032839503915
