"beta1","beta1_sd","beta2","beta2_sd","omega_b1","omega_b1_sd","omega_b2","omega_b2_sd","omega_cov","omega_cov_sd","rho","rho_sd","conv_code","omega_cor","tau1","tau1_sd","tau2","tau2_sd","tau3","tau3_sd","tau4","tau4_sd","tau5","tau5_sd","tau6","tau6_sd"
0.98978133850959,0.012447396358047,1.00455393632549,0.0160189134182506,0.546989594308394,0.0136450222633056,1.00720086184973,0.0381674111962505,0.215303350270623,0.013295502723444,0.0332566962954771,0.0289097871505925,1,0.290070264625253,-0.0570976172011388,0.0270337971003303,0.705822408534308,0.012275850895129,0.695691999073945,0.0127533517099083,0.680524256959843,0.0142972135948153,0.700010554791599,0.0157434363568148,0.664540457860897,0.0187000391876794
