"beta1","beta1_sd","beta2","beta2_sd","omega_b1","omega_b1_sd","omega_b2","omega_b2_sd","omega_cov","omega_cov_sd","rho","rho_sd","conv_code","omega_cor","tau1","tau1_sd","tau2","tau2_sd","tau3","tau3_sd","tau4","tau4_sd","tau5","tau5_sd","tau6","tau6_sd"
0.989214149578077,0.00998667840809507,0.986707494275142,0.0106402560293596,0.55138417016461,0.0122575893488711,0.528328971106863,0.0180306056675431,-0.331379822462116,0.0116154468336918,0.900274748615489,0.00248046495734542,1,-0.61396936390865,-0.0238529094898341,0.0316549625384506,0.676408296058907,0.00999517294134984,0.689556121863491,0.00927254926616347,0.692185604537069,0.00973726610789771,0.687693245705987,0.0111085470138917,0.691401045204256,0.0130336307946539
