"beta1","beta1_sd","beta2","beta2_sd","omega_b1","omega_b1_sd","omega_b2","omega_b2_sd","omega_cov","omega_cov_sd","rho","rho_sd","conv_code","omega_cor","tau1","tau1_sd","tau2","tau2_sd","tau3","tau3_sd","tau4","tau4_sd","tau5","tau5_sd","tau6","tau6_sd"
1.00938013506812,0.0141551700361577,0.990394421157951,0.0146607188996102,1.00116950153511,0.0256644617813878,0.547948708250691,0.0271068170319529,-0.441052080792128,0.0210551807386024,0.896356500120008,0.00368640813061525,1,-0.595478541461432,0.0785233992372634,0.0382864565073197,0.685902591323839,0.0136045368992476,0.683551937693975,0.0131788899579272,0.691016607748796,0.0137313452118803,0.681850447352046,0.0150765853306992,0.676694480466502,0.0177139327636077
