"beta1","beta1_sd","beta2","beta2_sd","omega_b1","omega_b1_sd","omega_b2","omega_b2_sd","omega_cov","omega_cov_sd","rho","rho_sd","conv_code","omega_cor","tau1","tau1_sd","tau2","tau2_sd","tau3","tau3_sd","tau4","tau4_sd","tau5","tau5_sd","tau6","tau6_sd"
1.01540403620514,0.00848077259087543,0.998291501681348,0.0112785266998285,0.253967557098548,0.00443701142668653,0.533920548359456,0.0198849062229452,-0.221889787818649,0.00697059218434641,-0.902219212822938,0.00145967448782201,1,-0.602573289228385,0.0334560851118926,0.0203950589432306,0.693449454735218,0.00921937700163999,0.706934745885566,0.00854452089809195,0.688222130814712,0.00902345285598349,0.687995699874515,0.0101784018463532,0.700461728233712,0.012185374677301
