"beta1","beta1_sd","beta2","beta2_sd","omega_b1","omega_b1_sd","omega_b2","omega_b2_sd","omega_cov","omega_cov_sd","rho","rho_sd","conv_code","omega_cor","tau1","tau1_sd","tau2","tau2_sd","tau3","tau3_sd","tau4","tau4_sd","tau5","tau5_sd","tau6","tau6_sd"
0.999020683869221,0.00904409448831198,1.0091397591753,0.00858165179321736,0.559717981263443,0.0093053214336035,0.061684180198732,0.00840755254181368,-0.171740113702983,0.0069318647472001,-0.0148816257712414,0.0148949415476986,1,-0.924272896565152,-0.0151640147541684,0.0201456205409813,0.703353047244731,0.00877517192287678,0.69036478843632,0.00850067552459678,0.69050646866018,0.00955719188034306,0.693233969870507,0.0112672622141188,0.705827982648379,0.01349494470754
