"beta1","beta1_sd","beta2","beta2_sd","omega_b1","omega_b1_sd","omega_b2","omega_b2_sd","omega_cov","omega_cov_sd","rho","rho_sd","conv_code","omega_cor","tau1","tau1_sd","tau2","tau2_sd","tau3","tau3_sd","tau4","tau4_sd","tau5","tau5_sd","tau6","tau6_sd"
0.997306121153639,0.0160317473320785,1.01141643976174,0.0218637156726556,0.250931605694506,0.00857462441601124,0.612702966010843,0.0495925618265317,0.217053438243029,0.0115774261236251,-0.898224272769402,0.00316795045672016,1,0.553559101221798,0.0126251287450657,0.0271936222895096,0.678425257326697,0.0172603366208392,0.693507782704946,0.0171282926369772,0.701725483285199,0.0178715203141969,0.693998776204818,0.0193031984876329,0.686942991081646,0.0217077064894138
