"beta1","beta1_sd","beta2","beta2_sd","omega_b1","omega_b1_sd","omega_b2","omega_b2_sd","omega_cov","omega_cov_sd","rho","rho_sd","conv_code","omega_cor","tau1","tau1_sd","tau2","tau2_sd","tau3","tau3_sd","tau4","tau4_sd","tau5","tau5_sd","tau6","tau6_sd"
0.994569994263826,0.0089710073219504,1.00151963206794,0.0131419002633655,0.242683863309251,0.00458018127673225,1.01451250848821,0.0306340814383461,-0.142767637711872,0.0071291516293278,-0.59645459777081,0.00691706937813711,1,-0.287727002020988,-0.0086074946203213,0.0211537244089327,0.68864483568603,0.0100054922550532,0.690994603458405,0.00928808005306,0.687896249608999,0.010106304848095,0.682947141624251,0.0116167283153122,0.681785684513616,0.0142506763246668
