"beta1","beta1_sd","beta2","beta2_sd","omega_b1","omega_b1_sd","omega_b2","omega_b2_sd","omega_cov","omega_cov_sd","rho","rho_sd","conv_code","omega_cor","tau1","tau1_sd","tau2","tau2_sd","tau3","tau3_sd","tau4","tau4_sd","tau5","tau5_sd","tau6","tau6_sd"
0.996107815139359,0.0114285566303143,0.989048320761886,0.0147435051914268,0.560935050179928,0.0134068765445005,0.969875476960753,0.0349442669379274,0.445614017948783,0.014733798117811,0.296161756176593,0.0297632320885813,1,0.604149702670558,0.0405915543545276,0.0260557653322844,0.690072806561735,0.0113286604164567,0.674871663653466,0.0118337423765266,0.701132776850268,0.0133889344343954,0.698737659227062,0.0153364788844734,0.708531524906495,0.0179515933160017
