"beta1","beta1_sd","beta2","beta2_sd","omega_b1","omega_b1_sd","omega_b2","omega_b2_sd","omega_cov","omega_cov_sd","rho","rho_sd","conv_code","omega_cor","tau1","tau1_sd","tau2","tau2_sd","tau3","tau3_sd","tau4","tau4_sd","tau5","tau5_sd","tau6","tau6_sd"
1.0058557952348,0.0084308208991785,1.0021715603975,0.00788663096379116,0.558685366719251,0.00899059000242587,0.237744207794451,0.00940191112532769,-0.115311539770163,0.00708389574209405,0.603072504695112,0.0123673872813151,1,-0.316398306818972,-0.00110688996673329,0.0210409554966813,0.693753357066723,0.00762193821109305,0.69348884111834,0.0072150005624399,0.688174885654462,0.00812682441929113,0.687132712020324,0.00947393895441156,0.69404340641834,0.0115290487804701
