"beta1","beta1_sd","beta2","beta2_sd","omega_b1","omega_b1_sd","omega_b2","omega_b2_sd","omega_cov","omega_cov_sd","rho","rho_sd","conv_code","omega_cor","tau1","tau1_sd","tau2","tau2_sd","tau3","tau3_sd","tau4","tau4_sd","tau5","tau5_sd","tau6","tau6_sd"
1.00380215617177,0.0119190500072393,1.00155411858905,0.0110576748667735,1.01178485539556,0.018503068846823,0.0672225028552725,0.0121070031849914,-0.0611952440984643,0.0118850461831475,-0.596830805005917,0.00695289867251194,1,-0.234647669433266,0.0212351301251085,0.0242694488229432,0.694006830947528,0.0103179504640574,0.702220066674581,0.0101810496668504,0.701708051964062,0.0111224889947067,0.692527833883006,0.0126827329034883,0.664114919753454,0.0149566065870993
