"beta1","beta1_sd","beta2","beta2_sd","omega_b1","omega_b1_sd","omega_b2","omega_b2_sd","omega_cov","omega_cov_sd","rho","rho_sd","conv_code","omega_cor","tau1","tau1_sd","tau2","tau2_sd","tau3","tau3_sd","tau4","tau4_sd","tau5","tau5_sd","tau6","tau6_sd"
0.998263622652503,0.00866634349462833,0.999657649541865,0.00954378929221262,0.255100610298677,0.00568568667313605,0.0759217402247463,0.00904335014461538,0.124772647439573,0.00556692109381474,0.595114225219126,0.0131991043634658,1,0.896562488223614,-0.00491895681729075,0.0241990180083835,0.683310032120204,0.0103943199392183,0.69660707401837,0.00957185733989674,0.697396041074757,0.0108051450751537,0.709434275519893,0.0125924700919001,0.688934301966989,0.0159780553518557
