"beta1","beta1_sd","beta2","beta2_sd","omega_b1","omega_b1_sd","omega_b2","omega_b2_sd","omega_cov","omega_cov_sd","rho","rho_sd","conv_code","omega_cor","tau1","tau1_sd","tau2","tau2_sd","tau3","tau3_sd","tau4","tau4_sd","tau5","tau5_sd","tau6","tau6_sd"
1.00417998075075,0.0102869337475725,1.00428875833076,0.0135985160828899,0.251738815456656,0.00616961825947917,0.575379845449731,0.0242144880094008,0.109730964392712,0.00711090742767128,-0.0211514406028643,0.0232491650374765,1,0.288321335746819,-0.0134662573679187,0.0232811484794833,0.701501157568095,0.0112058495095118,0.699939156612453,0.0110090209028675,0.676635862141486,0.0126890480169385,0.731473730605566,0.0146133262653388,0.667207115498781,0.0180491340477554
