"beta1","beta1_sd","beta2","beta2_sd","omega_b1","omega_b1_sd","omega_b2","omega_b2_sd","omega_cov","omega_cov_sd","rho","rho_sd","conv_code","omega_cor","tau1","tau1_sd","tau2","tau2_sd","tau3","tau3_sd","tau4","tau4_sd","tau5","tau5_sd","tau6","tau6_sd"
0.996127300356652,0.00551748599215687,0.987990305504818,0.0102138661844391,0.0612145031705188,0.00108007262947349,0.970431377110723,0.0205860098612384,-0.222089932199618,0.00393164813612248,-0.588078068284842,0.00487566436716315,1,-0.911211709320575,0.00305125359924871,0.0152973283357803,0.687109264730416,0.00820057169036042,0.685440946545368,0.00692846904400676,0.679857072572291,0.00728871080865702,0.697344922847757,0.00840293578514147,0.674687819017263,0.0108195987263958
