"beta1","beta1_sd","beta2","beta2_sd","omega_b1","omega_b1_sd","omega_b2","omega_b2_sd","omega_cov","omega_cov_sd","rho","rho_sd","conv_code","omega_cor","tau1","tau1_sd","tau2","tau2_sd","tau3","tau3_sd","tau4","tau4_sd","tau5","tau5_sd","tau6","tau6_sd"
0.999134530347706,0.0106275384826155,0.994815008397265,0.00966406447722181,1.00690805487851,0.0176466115957089,0.261406284441001,0.0128481124712229,0.296889146841975,0.0120709394249619,0.298373608074656,0.0225909092665133,1,0.578683903164924,0.0113386591902138,0.0221752194518442,0.699622787025832,0.00891990696053244,0.67744694698241,0.00925503207002915,0.709940774189409,0.0103269787227496,0.705952233821256,0.0119927355735815,0.702006127254874,0.0141033496241401
