"beta1","beta1_sd","beta2","beta2_sd","omega_b1","omega_b1_sd","omega_b2","omega_b2_sd","omega_cov","omega_cov_sd","rho","rho_sd","conv_code","omega_cor","tau1","tau1_sd","tau2","tau2_sd","tau3","tau3_sd","tau4","tau4_sd","tau5","tau5_sd","tau6","tau6_sd"
0.987642105947727,0.0107698010951111,0.995040555141036,0.0095246928656995,1.02336891744367,0.0181594355429378,0.234418019761635,0.0119717438590059,-0.00679472176461504,0.0117822783024753,0.567932336695794,0.0187257203515501,1,-0.0138726704662291,-0.0528089667939392,0.0241731685051878,0.690423178840148,0.00917847141611757,0.683385059843492,0.00913878853961596,0.691612384441948,0.0100587385742416,0.69272571989332,0.011444811550032,0.709817624683109,0.0135021977704203
