"beta1","beta1_sd","beta2","beta2_sd","omega_b1","omega_b1_sd","omega_b2","omega_b2_sd","omega_cov","omega_cov_sd","rho","rho_sd","conv_code","omega_cor","tau1","tau1_sd","tau2","tau2_sd","tau3","tau3_sd","tau4","tau4_sd","tau5","tau5_sd","tau6","tau6_sd"
0.994014540225886,0.00502668464921694,0.999182516778958,0.00628761757566632,0.0623775608800394,0.00111090009844181,0.0565221032387231,0.00538489435772369,0.0179643866953861,0.00167173961205731,0.00418061393929455,0.00919606411254954,1,0.302544347698162,0.0212761889207194,0.014751666528367,0.683085142646913,0.00715782527145082,0.679675357759298,0.00618623187497618,0.695274746414709,0.00666188257058562,0.684606828403177,0.00802545944773523,0.71442493012787,0.0107439001892153
