"beta1","beta1_sd","beta2","beta2_sd","omega_b1","omega_b1_sd","omega_b2","omega_b2_sd","omega_cov","omega_cov_sd","rho","rho_sd","conv_code","omega_cor","tau1","tau1_sd","tau2","tau2_sd","tau3","tau3_sd","tau4","tau4_sd","tau5","tau5_sd","tau6","tau6_sd"
1.01992407140484,0.0139005662120895,1.00839729942688,0.0141720954210117,1.01511862123076,0.0256735826796727,0.578079654496613,0.0266641259473017,0.671031614633819,0.0223378152091483,0.90236547392042,0.00338039183003131,1,0.875973044419676,0.0767876424376924,0.0378766713158313,0.686359885896091,0.0133217247054447,0.709996450060237,0.0126242263667404,0.724104756484245,0.0134172732327967,0.703549130927196,0.0150800141704437,0.717161649955411,0.0179734194960782
