"beta1","beta1_sd","beta2","beta2_sd","omega_b1","omega_b1_sd","omega_b2","omega_b2_sd","omega_cov","omega_cov_sd","rho","rho_sd","conv_code","omega_cor","tau1","tau1_sd","tau2","tau2_sd","tau3","tau3_sd","tau4","tau4_sd","tau5","tau5_sd","tau6","tau6_sd"
0.991046810715621,0.00748764459386261,0.992441668724786,0.0128934163124745,0.06231621571215,0.00134200175903056,0.984802209137241,0.0297471480893164,0.143377772961139,0.00448326738227604,-0.897464745832721,0.00166828025888018,1,0.578771033486367,-0.0201307903105759,0.0186756402736226,0.689238636334782,0.0103885212543244,0.695815094058497,0.00933455888039533,0.691104791454905,0.00969797641654122,0.678853080714749,0.0109407538400434,0.704011612601005,0.0133714556112746
