"beta1","beta1_sd","beta2","beta2_sd","omega_b1","omega_b1_sd","omega_b2","omega_b2_sd","omega_cov","omega_cov_sd","rho","rho_sd","conv_code","omega_cor","tau1","tau1_sd","tau2","tau2_sd","tau3","tau3_sd","tau4","tau4_sd","tau5","tau5_sd","tau6","tau6_sd"
1.00140132884647,0.00956881411916902,0.99348356733303,0.0108774412001692,0.564046652944456,0.00930109197864156,0.568708811560197,0.0193410882024097,0.00841020959364978,0.00870304137575649,-0.600696249294546,0.00564132263112451,1,0.0148492434433716,-0.0157826703350443,0.0207958686655378,0.699173946899007,0.00862162340684052,0.683701758052785,0.00844154137898173,0.691909729066975,0.00921803164902016,0.701074507596175,0.0105245745220623,0.690123244498886,0.0125165316605525
