"beta1","beta1_sd","beta2","beta2_sd","omega_b1","omega_b1_sd","omega_b2","omega_b2_sd","omega_cov","omega_cov_sd","rho","rho_sd","conv_code","omega_cor","tau1","tau1_sd","tau2","tau2_sd","tau3","tau3_sd","tau4","tau4_sd","tau5","tau5_sd","tau6","tau6_sd"
0.978596141893936,0.0217226465753836,0.977373879847629,0.026502401135712,0.972545940273917,0.0394343392147828,0.205539838898518,0.0577595044337011,-0.00196811770662242,0.0213379114348316,-0.897102385653167,0.00400156623109837,1,-0.00440197934114671,0.0321239070264792,0.0359697529546976,0.661363885046047,0.0215411758648095,0.695240049951193,0.0214311442449518,0.667296045651171,0.0223937955142085,0.700258727795527,0.0234255222829864,0.669654315527675,0.0253808599312087
