"beta1","beta1_sd","beta2","beta2_sd","omega_b1","omega_b1_sd","omega_b2","omega_b2_sd","omega_cov","omega_cov_sd","rho","rho_sd","conv_code","omega_cor","tau1","tau1_sd","tau2","tau2_sd","tau3","tau3_sd","tau4","tau4_sd","tau5","tau5_sd","tau6","tau6_sd"
1.0043307169458,0.0067951907996119,0.988454459653676,0.00731538439780615,0.064118896489268,0.00311279883734633,0.0656906153715257,0.00598936252756078,-0.0444642432791913,0.00322357118186878,0.898544852744788,0.00176983370020416,1,-0.685119329850882,-0.00395070199593976,0.0280766426562431,0.707831005884929,0.00897440185821807,0.670805173442958,0.00799893659807034,0.69072120841676,0.0080514511179494,0.700573519102626,0.00913009306146473,0.689688878865091,0.0117848172804375
