"beta1","beta1_sd","beta2","beta2_sd","omega_b1","omega_b1_sd","omega_b2","omega_b2_sd","omega_cov","omega_cov_sd","rho","rho_sd","conv_code","omega_cor","tau1","tau1_sd","tau2","tau2_sd","tau3","tau3_sd","tau4","tau4_sd","tau5","tau5_sd","tau6","tau6_sd"
1.00988163812292,0.0100521431910574,0.996300622924699,0.0130825099297791,0.254711831635585,0.00591283897104356,0.593647093568882,0.0239693485776776,-0.235542903497001,0.00773982609105538,-0.0119045964564551,0.0219787308004631,1,-0.605733080077594,-0.000498079080768241,0.0237831170016139,0.719935514220635,0.0111505545566109,0.692646130243671,0.0107331149439064,0.696606238414258,0.0121027066252659,0.700683363366622,0.0139678575416349,0.657067646610941,0.0177487691178005
