"beta1","beta1_sd","beta2","beta2_sd","omega_b1","omega_b1_sd","omega_b2","omega_b2_sd","omega_cov","omega_cov_sd","rho","rho_sd","conv_code","omega_cor","tau1","tau1_sd","tau2","tau2_sd","tau3","tau3_sd","tau4","tau4_sd","tau5","tau5_sd","tau6","tau6_sd"
0.996551262938507,0.00825747550773416,1.01009984069518,0.0103626578450797,0.251910495494853,0.00426810294753243,0.263141269088744,0.0141786764317464,0.0812109321039745,0.00567165395623097,-0.90116886402518,0.00143156743520247,1,0.315425559184,-0.011050597219165,0.0202099559867441,0.699981487939362,0.00902190596393915,0.685924012775677,0.00845722470260532,0.700908551520987,0.00885740688689017,0.713010110380956,0.0100217006111966,0.690014152835556,0.0121835108021456
