"beta1","beta1_sd","beta2","beta2_sd","omega_b1","omega_b1_sd","omega_b2","omega_b2_sd","omega_cov","omega_cov_sd","rho","rho_sd","conv_code","omega_cor","tau1","tau1_sd","tau2","tau2_sd","tau3","tau3_sd","tau4","tau4_sd","tau5","tau5_sd","tau6","tau6_sd"
0.987133172607134,0.0106546388021479,0.993484116223441,0.0105927440689735,0.983927715079411,0.0158975135199846,0.55275640535855,0.019340605383774,0.657265487392731,0.0147351467906606,-0.599644929219979,0.00550607252212288,1,0.891235217460795,-0.0343893346687977,0.0206484245281931,0.704813732403921,0.00854259512953149,0.70041706736385,0.00869786872054998,0.693648860118196,0.00960940893465494,0.688203658767102,0.0109691585813698,0.692794981199307,0.0126977512466347
