"beta1","beta1_sd","beta2","beta2_sd","omega_b1","omega_b1_sd","omega_b2","omega_b2_sd","omega_cov","omega_cov_sd","rho","rho_sd","conv_code","omega_cor","tau1","tau1_sd","tau2","tau2_sd","tau3","tau3_sd","tau4","tau4_sd","tau5","tau5_sd","tau6","tau6_sd"
1.01174324184422,0.0111847925268869,1.01619219423862,0.0114122834436851,1.00537828300308,0.0177527785139601,0.563793047022461,0.0213064240657004,0.671412800826021,0.0164891182088105,-0.290299649408858,0.0121951961770037,1,0.891794951142972,0.0470735131032529,0.021741289612071,0.689581518058607,0.00953649362374498,0.691533504223341,0.00992620098434734,0.68673856717822,0.0109212222984013,0.685934407554877,0.0125462826869816,0.687372096084201,0.0145665122950571
