"beta1","beta1_sd","beta2","beta2_sd","omega_b1","omega_b1_sd","omega_b2","omega_b2_sd","omega_cov","omega_cov_sd","rho","rho_sd","conv_code","omega_cor","tau1","tau1_sd","tau2","tau2_sd","tau3","tau3_sd","tau4","tau4_sd","tau5","tau5_sd","tau6","tau6_sd"
0.987452548851803,0.00640688324237724,0.999744350270273,0.00757015659551272,0.0604235169900596,0.00301417639811934,0.25642214363694,0.00855502084893893,0.000726952066899793,0.00355511709853546,0.900295818752081,0.00162876902753731,1,0.00584016359034517,0.000478805045544227,0.0275586674488968,0.691636913097799,0.00808975546988384,0.681471702395686,0.00704579131684109,0.689551648687847,0.00713142290695613,0.689646150628231,0.00823386410642899,0.681104540217143,0.0104676288369266
