"beta1","beta1_sd","beta2","beta2_sd","omega_b1","omega_b1_sd","omega_b2","omega_b2_sd","omega_cov","omega_cov_sd","rho","rho_sd","conv_code","omega_cor","tau1","tau1_sd","tau2","tau2_sd","tau3","tau3_sd","tau4","tau4_sd","tau5","tau5_sd","tau6","tau6_sd"
0.992495648552818,0.0112550292758337,0.994839337351768,0.00990042015953579,1.01645750450652,0.0177935864886033,0.0584704640492824,0.0100133495906297,0.0621131038439373,0.0108287329466278,-0.316894460345484,0.0114883456311115,1,0.254782942054877,-0.00945300024281608,0.0222186278836777,0.697922152625331,0.00959055555694003,0.702661473870643,0.00986008038324163,0.703415568456954,0.0108021525888611,0.672633592817549,0.0125134704089353,0.687136006381801,0.0145426371547501
