"beta1","beta1_sd","beta2","beta2_sd","omega_b1","omega_b1_sd","omega_b2","omega_b2_sd","omega_cov","omega_cov_sd","rho","rho_sd","conv_code","omega_cor","tau1","tau1_sd","tau2","tau2_sd","tau3","tau3_sd","tau4","tau4_sd","tau5","tau5_sd","tau6","tau6_sd"
0.993675986048216,0.00874466850920576,0.996855321324963,0.0109221782143152,0.543322789827326,0.00923169165663502,0.995262412131441,0.0231669028218307,0.236668116993944,0.0100146612404416,0.598927277790365,0.0137363811387747,1,0.321841462568717,-0.0259577950687392,0.0221091190630997,0.697725576946311,0.00785706339764587,0.686155527616398,0.00760223655155467,0.67574382843757,0.008554501149831,0.695002811626086,0.00983750601477897,0.676359755394091,0.0120994406016536
