"beta1","beta1_sd","beta2","beta2_sd","omega_b1","omega_b1_sd","omega_b2","omega_b2_sd","omega_cov","omega_cov_sd","rho","rho_sd","conv_code","omega_cor","tau1","tau1_sd","tau2","tau2_sd","tau3","tau3_sd","tau4","tau4_sd","tau5","tau5_sd","tau6","tau6_sd"
0.990251917975348,0.0131634749329338,0.985213131670536,0.0125222572870166,0.999306713267571,0.0243840728139553,0.25919200953401,0.0168179107125207,-0.45016068493255,0.0183730590260661,0.899958000962148,0.00331613070618068,1,-0.88451938653832,-0.0298356036769378,0.0368774304525441,0.684809584196818,0.0129180088477247,0.695379189460951,0.0123662695491601,0.696767523567061,0.0132122566581813,0.692790650471835,0.0143650765706356,0.703449491228384,0.0174070021281551
