"beta1","beta1_sd","beta2","beta2_sd","omega_b1","omega_b1_sd","omega_b2","omega_b2_sd","omega_cov","omega_cov_sd","rho","rho_sd","conv_code","omega_cor","tau1","tau1_sd","tau2","tau2_sd","tau3","tau3_sd","tau4","tau4_sd","tau5","tau5_sd","tau6","tau6_sd"
0.835504587600152,0.110370631628529,1.91418749182061,0.166431494094944,74.0459295814918,10.3392706504934,1.83643068538104,0.577679509341192,-4.08267619199721,1.2990344190832,-0.989999977522644,0.00149408308136591,2,-0.350112060132216,-0.0865369441896007,0.152418415269015,2.09871342318228,0.0715075038866606,2.28674773647431,0.0715743910307847,2.43859406662422,0.0719346730785021,2.39988767103715,0.072211599883558,2.08248126758618,0.0735757351962821
