"beta1","beta1_sd","beta2","beta2_sd","omega_b1","omega_b1_sd","omega_b2","omega_b2_sd","omega_cov","omega_cov_sd","rho","rho_sd","conv_code","omega_cor","tau1","tau1_sd","tau2","tau2_sd","tau3","tau3_sd","tau4","tau4_sd","tau5","tau5_sd","tau6","tau6_sd"
1.00672454980151,0.00749058663167287,0.999822109819706,0.00883965407907229,0.250192614018623,0.0039301945074286,0.255485369568851,0.0114207729470311,0.148352807356287,0.0047680406378575,-0.599429293169673,0.00496829150260177,1,0.586780278850073,0.0211802516352624,0.0175370923925748,0.693419055245978,0.00788915838316665,0.700713004710188,0.00747465702732407,0.686575844168214,0.00829431959943446,0.708896433238345,0.00968233670070763,0.675209768451291,0.0121250081829047
