"beta1","beta1_sd","beta2","beta2_sd","omega_b1","omega_b1_sd","omega_b2","omega_b2_sd","omega_cov","omega_cov_sd","rho","rho_sd","conv_code","omega_cor","tau1","tau1_sd","tau2","tau2_sd","tau3","tau3_sd","tau4","tau4_sd","tau5","tau5_sd","tau6","tau6_sd"
1.01123460273201,0.0129636813113574,1.01065302647654,0.015922532861502,0.588919733293501,0.0142434770568282,1.01841416450244,0.0387523233456884,-0.701359935368,0.0191391309685618,-0.322022307740738,0.0172684325048484,1,-0.905629758264098,-0.0134945116740873,0.0263944936869563,0.710571337102677,0.0132010784316862,0.703557791149093,0.0127001290255716,0.707650023889226,0.0138928379568751,0.68334368265979,0.0161519873511713,0.707695115278407,0.0180700592755774
