"beta1","beta1_sd","beta2","beta2_sd","omega_b1","omega_b1_sd","omega_b2","omega_b2_sd","omega_cov","omega_cov_sd","rho","rho_sd","conv_code","omega_cor","tau1","tau1_sd","tau2","tau2_sd","tau3","tau3_sd","tau4","tau4_sd","tau5","tau5_sd","tau6","tau6_sd"
0.993201030155628,0.00758756527176731,0.995452161030036,0.0113203063471863,0.0553132058595566,0.00324755238082271,0.9897647406615,0.0243138956550014,0.15090267733631,0.00587380957579738,0.901478954812461,0.00185320646234944,1,0.644935882876212,-0.0113790520496516,0.0301353657722973,0.694571048535848,0.00984514241681645,0.6955819728386,0.00858559688066839,0.680152031091316,0.00879567435881846,0.687910751774843,0.00992045475705662,0.688903609217839,0.0127500983819205
