"beta1","beta1_sd","beta2","beta2_sd","omega_b1","omega_b1_sd","omega_b2","omega_b2_sd","omega_cov","omega_cov_sd","rho","rho_sd","conv_code","omega_cor","tau1","tau1_sd","tau2","tau2_sd","tau3","tau3_sd","tau4","tau4_sd","tau5","tau5_sd","tau6","tau6_sd"
0.987979478072932,0.00701219166205887,0.986136854732214,0.0098097911592002,0.0612035132348761,0.00180730090386504,0.234788448309223,0.011927039690048,0.0738303893237226,0.00308530241170803,0.291340404559698,0.0162644084545721,1,0.615897752822887,-0.00906264017285183,0.0204878263995247,0.678572714763987,0.0100487810907384,0.684383235994235,0.00891658986345792,0.690435604083848,0.010013435048336,0.681706292294605,0.0123493972899432,0.676741660188375,0.0162734301914754
