"beta1","beta1_sd","beta2","beta2_sd","omega_b1","omega_b1_sd","omega_b2","omega_b2_sd","omega_cov","omega_cov_sd","rho","rho_sd","conv_code","omega_cor","tau1","tau1_sd","tau2","tau2_sd","tau3","tau3_sd","tau4","tau4_sd","tau5","tau5_sd","tau6","tau6_sd"
1.00349706945821,0.009666312897795,1.00715559250975,0.0102060586093999,0.560823771780352,0.00962722745067565,0.259732194564286,0.0138826304730403,0.223922806283423,0.00847225938917099,-0.308350598003938,0.0110958088879104,1,0.586708295487667,0.0121269256816012,0.0209053847402861,0.700043361051341,0.00920203237958869,0.686805143653637,0.00918825928434165,0.716562050559315,0.0101607624091269,0.701818741515992,0.0119387951858158,0.693063479122193,0.0141617125958873
