"beta1","beta1_sd","beta2","beta2_sd","omega_b1","omega_b1_sd","omega_b2","omega_b2_sd","omega_cov","omega_cov_sd","rho","rho_sd","conv_code","omega_cor","tau1","tau1_sd","tau2","tau2_sd","tau3","tau3_sd","tau4","tau4_sd","tau5","tau5_sd","tau6","tau6_sd"
1.00607013498334,0.011809795629277,0.993848740208198,0.0128112105218664,0.57836761812012,0.0133074840928935,0.234561860158399,0.0178492634206509,-0.113245253996136,0.00993087812525712,0.0110765999388304,0.0253002167989136,1,-0.307460498429474,0.0086850311479232,0.0254475101919107,0.687611688700805,0.0117798859481069,0.692435207428,0.0117073351803969,0.686622180370857,0.0134834544709879,0.68923394275113,0.0154227087463369,0.710871716691118,0.0177568656666339
