"beta1","beta1_sd","beta2","beta2_sd","omega_b1","omega_b1_sd","omega_b2","omega_b2_sd","omega_cov","omega_cov_sd","rho","rho_sd","conv_code","omega_cor","tau1","tau1_sd","tau2","tau2_sd","tau3","tau3_sd","tau4","tau4_sd","tau5","tau5_sd","tau6","tau6_sd"
0.998022819825244,0.0132077454890786,1.01255355939609,0.0144234206721378,1.01307086587118,0.0241339515261487,0.54044032243141,0.0256732566648309,0.24848645058863,0.0168548581223349,0.328168241770438,0.0339737381223069,1,0.335821832704611,-0.0402402005621044,0.0281141510390411,0.695629944775115,0.0120906405755881,0.686834369221229,0.0124465849281929,0.678216472221212,0.014139708854137,0.689983280975494,0.0156603141335812,0.708754979221015,0.0182592800406651
