"beta1","beta1_sd","beta2","beta2_sd","omega_b1","omega_b1_sd","omega_b2","omega_b2_sd","omega_cov","omega_cov_sd","rho","rho_sd","conv_code","omega_cor","tau1","tau1_sd","tau2","tau2_sd","tau3","tau3_sd","tau4","tau4_sd","tau5","tau5_sd","tau6","tau6_sd"
0.995874237893584,0.0114200563428153,1.00207588592207,0.0122607653070708,0.559313045497065,0.0126411172719895,0.0805818766097913,0.0129928422987109,-0.00268170893732073,0.00865572687395222,0.00489051071797733,0.0238112510172291,1,-0.0126318068487713,-0.0128968004688609,0.0247240481870345,0.696788491340382,0.0113419362093043,0.708382939041214,0.011659340280924,0.672001790013878,0.0130963994873467,0.695410297121239,0.0152155663135825,0.715196706113152,0.0179248701422716
