"beta1","beta1_sd","beta2","beta2_sd","omega_b1","omega_b1_sd","omega_b2","omega_b2_sd","omega_cov","omega_cov_sd","rho","rho_sd","conv_code","omega_cor","tau1","tau1_sd","tau2","tau2_sd","tau3","tau3_sd","tau4","tau4_sd","tau5","tau5_sd","tau6","tau6_sd"
1.00347530644004,0.0076887228749412,0.987340137824859,0.0102995006891261,0.237170308984981,0.00586543568349261,0.953305928339079,0.0212748162640435,0.42237589350599,0.00882828395171404,0.899896099508487,0.00192664568318137,1,0.888285999051124,0.00857423537940747,0.0285183320789831,0.699975610259074,0.008284126059907,0.693479115611779,0.00753586200762543,0.685364698941761,0.00794546601571245,0.681919022243506,0.00912626789469242,0.677109860829978,0.0112366344286757
