"beta1","beta1_sd","beta2","beta2_sd","omega_b1","omega_b1_sd","omega_b2","omega_b2_sd","omega_cov","omega_cov_sd","rho","rho_sd","conv_code","omega_cor","tau1","tau1_sd","tau2","tau2_sd","tau3","tau3_sd","tau4","tau4_sd","tau5","tau5_sd","tau6","tau6_sd"
1.00472470405533,0.0051907050240783,1.00259608139199,0.0072916903964532,0.0617575207194153,0.00127382040738922,0.268256517644102,0.00876112092733847,-0.0393045936510228,0.00215889482306785,0.304796447125985,0.0109604123086,1,-0.305367801976091,-0.0111015227560452,0.0164433102068445,0.699148999151669,0.00731935527724099,0.702474489915458,0.00615987654144239,0.686513391503479,0.00674265485140717,0.68621079690898,0.00799347637127846,0.685557295907421,0.0106614831945202
