"beta1","beta1_sd","beta2","beta2_sd","omega_b1","omega_b1_sd","omega_b2","omega_b2_sd","omega_cov","omega_cov_sd","rho","rho_sd","conv_code","omega_cor","tau1","tau1_sd","tau2","tau2_sd","tau3","tau3_sd","tau4","tau4_sd","tau5","tau5_sd","tau6","tau6_sd"
1.01696701463618,0.0109115779641836,0.998877121468931,0.0107244840120936,0.991037119570815,0.0171350691784897,0.546014427318158,0.0199939293564455,-0.670746099834611,0.0156081405004685,-0.0135132904570693,0.0166406433125274,1,-0.911824246156394,0.0694736741515288,0.0221903157744669,0.701112249432523,0.00947076178753519,0.681800684046173,0.00924253222663032,0.697280925564802,0.0101722438244084,0.697780359805835,0.0118125940552858,0.681680059332315,0.0141644092798271
