"beta1","beta1_sd","beta2","beta2_sd","omega_b1","omega_b1_sd","omega_b2","omega_b2_sd","omega_cov","omega_cov_sd","rho","rho_sd","conv_code","omega_cor","tau1","tau1_sd","tau2","tau2_sd","tau3","tau3_sd","tau4","tau4_sd","tau5","tau5_sd","tau6","tau6_sd"
0.995514675161905,0.0152939526973733,1.00744034280439,0.0203181844464542,0.247070025992394,0.00803729337950644,0.551776946413086,0.0397384209263166,0.335171641576985,0.013007951835861,-0.899823342593208,0.00296204444863353,1,0.907769235387077,-0.00637648957636262,0.0261000140128622,0.690169019463484,0.0164149420514121,0.701225557538166,0.0163483136830183,0.687433474890692,0.0172841201714514,0.661376564726833,0.019047123652834,0.686633146782986,0.0214422885990756
