"beta1","beta1_sd","beta2","beta2_sd","omega_b1","omega_b1_sd","omega_b2","omega_b2_sd","omega_cov","omega_cov_sd","rho","rho_sd","conv_code","omega_cor","tau1","tau1_sd","tau2","tau2_sd","tau3","tau3_sd","tau4","tau4_sd","tau5","tau5_sd","tau6","tau6_sd"
0.98661284060435,0.0070531166934071,1.00032685866016,0.0110050728852136,0.0608531021585048,0.00185848586496803,0.545421654427985,0.0185928002127276,0.117359982568488,0.00378983788661133,0.323668732528669,0.0169002371966962,1,0.644187787000929,-0.034967921701358,0.0215219425401597,0.690673789733546,0.0102886063027732,0.674613979531898,0.00901137609329189,0.685503784119854,0.0100929737759001,0.683380208962413,0.0120275245046428,0.656134044224761,0.0166999931691813
