"beta1","beta1_sd","beta2","beta2_sd","omega_b1","omega_b1_sd","omega_b2","omega_b2_sd","omega_cov","omega_cov_sd","rho","rho_sd","conv_code","omega_cor","tau1","tau1_sd","tau2","tau2_sd","tau3","tau3_sd","tau4","tau4_sd","tau5","tau5_sd","tau6","tau6_sd"
1.00422451482187,0.00890302601013706,1.00671306363641,0.0119532676063228,0.253126503480102,0.00469184464030858,0.584338659812168,0.0223175058024414,0.0027084077672382,0.00605572312120205,-0.601982355754958,0.00650338771091389,1,0.0070422741933727,-0.0180726366719559,0.0209135136445834,0.72039233454973,0.00965272877101759,0.686333560143369,0.00917098621726228,0.691135858260023,0.0100483838968829,0.700809485622535,0.0116272896710248,0.697030504475554,0.0140963523540219
