"beta1","beta1_sd","beta2","beta2_sd","omega_b1","omega_b1_sd","omega_b2","omega_b2_sd","omega_cov","omega_cov_sd","rho","rho_sd","conv_code","omega_cor","tau1","tau1_sd","tau2","tau2_sd","tau3","tau3_sd","tau4","tau4_sd","tau5","tau5_sd","tau6","tau6_sd"
0.991962670087967,0.013972840024211,1.01735810626664,0.0167787366494316,1.03499893757936,0.0262177520315363,1.05459521641666,0.0414142767812098,0.00442267068370475,0.0194387519009706,0.287852710464177,0.0389608764140642,1,0.00423322889702382,-0.0137586854478753,0.029600687683477,0.698112752783362,0.0127627849890194,0.703950843362238,0.0132810046623483,0.714429745669168,0.014630668660679,0.706203637547925,0.0164606584418446,0.69583069422692,0.0190876354936683
