"beta1","beta1_sd","beta2","beta2_sd","omega_b1","omega_b1_sd","omega_b2","omega_b2_sd","omega_cov","omega_cov_sd","rho","rho_sd","conv_code","omega_cor","tau1","tau1_sd","tau2","tau2_sd","tau3","tau3_sd","tau4","tau4_sd","tau5","tau5_sd","tau6","tau6_sd"
1.00346142312237,0.00742677283994361,0.986813513015135,0.0109842039069582,0.0604172216520003,0.00325675077803894,0.956540087029764,0.0234688599679903,0.221586231580901,0.00619554415502728,0.899806744314736,0.00182863128141954,1,0.92174503952378,0.0228105672247151,0.0294627314578696,0.687885214281247,0.00968859665877554,0.682046722307445,0.00849202931303361,0.694705958418665,0.00858225014100726,0.674571682423552,0.00997692944132523,0.682034152469935,0.0124752586691356
