"beta1","beta1_sd","beta2","beta2_sd","omega_b1","omega_b1_sd","omega_b2","omega_b2_sd","omega_cov","omega_cov_sd","rho","rho_sd","conv_code","omega_cor","tau1","tau1_sd","tau2","tau2_sd","tau3","tau3_sd","tau4","tau4_sd","tau5","tau5_sd","tau6","tau6_sd"
0.989890775867442,0.00663274368038492,1.00104764713555,0.0067780130397899,0.245145538946231,0.00368859496339817,0.0610284272333378,0.00616604389911429,0.0360413537970062,0.00338247457252878,0.00620291621063795,0.0107392190635709,1,0.294661238225297,0.000253725107124778,0.0167233001309309,0.692196523973572,0.00710749461053272,0.684840624741402,0.00670400119902248,0.692164234884139,0.00747212051049994,0.701135418536564,0.00898060718580765,0.663064069738882,0.0115682580708607
