"beta1","beta1_sd","beta2","beta2_sd","omega_b1","omega_b1_sd","omega_b2","omega_b2_sd","omega_cov","omega_cov_sd","rho","rho_sd","conv_code","omega_cor","tau1","tau1_sd","tau2","tau2_sd","tau3","tau3_sd","tau4","tau4_sd","tau5","tau5_sd","tau6","tau6_sd"
0.997370217108351,0.0105339598553398,1.00197115700119,0.012411779892284,0.560021276985516,0.0103745950700763,0.548995466874019,0.0229996713839098,-0.170647981310608,0.0102422476892213,-0.604478186470288,0.00687206334703048,1,-0.307761657411345,-0.00976923795482846,0.0232012305723779,0.698612086242538,0.0101194384169088,0.685200522182492,0.00986285072000264,0.681714756792969,0.0108086254803486,0.684593258491612,0.0123317718606457,0.703420616283676,0.0145255275669956
