"beta1","beta1_sd","beta2","beta2_sd","omega_b1","omega_b1_sd","omega_b2","omega_b2_sd","omega_cov","omega_cov_sd","rho","rho_sd","conv_code","omega_cor","tau1","tau1_sd","tau2","tau2_sd","tau3","tau3_sd","tau4","tau4_sd","tau5","tau5_sd","tau6","tau6_sd"
0.998271299967316,0.00539156541442795,0.988334357649868,0.0071370778725261,0.0645035125936492,0.00157966718578464,0.240804978339757,0.00813454339028155,0.0760780448154494,0.00246026133574779,0.598129061882617,0.00737547247035727,1,0.610428679460517,-0.0123236831503895,0.0183662357415081,0.697907557453928,0.0075376938557285,0.686655944533182,0.00633182882210171,0.682657825095008,0.00678625507170015,0.707337882762285,0.00789401722190122,0.695614914199817,0.0107520797458268
