"beta1","beta1_sd","beta2","beta2_sd","omega_b1","omega_b1_sd","omega_b2","omega_b2_sd","omega_cov","omega_cov_sd","rho","rho_sd","conv_code","omega_cor","tau1","tau1_sd","tau2","tau2_sd","tau3","tau3_sd","tau4","tau4_sd","tau5","tau5_sd","tau6","tau6_sd"
0.997754491773115,0.00865503170227049,0.998817513658254,0.0125292056436818,0.060347877697574,0.00174694543191803,0.542741685318574,0.021808730505314,-0.000604171783507683,0.00337762708558582,-0.294721435065013,0.0146326331215081,1,-0.00333835754335349,0.0261701483824884,0.0209443861891252,0.681082314087437,0.0113436865884481,0.688187382454358,0.0102321134503608,0.69521628224128,0.0114380513380427,0.67642979902676,0.0135003677429921,0.659684347913386,0.0172682427492156
