"beta1","beta1_sd","beta2","beta2_sd","omega_b1","omega_b1_sd","omega_b2","omega_b2_sd","omega_cov","omega_cov_sd","rho","rho_sd","conv_code","omega_cor","tau1","tau1_sd","tau2","tau2_sd","tau3","tau3_sd","tau4","tau4_sd","tau5","tau5_sd","tau6","tau6_sd"
1.00661576508401,0.00695334512220312,1.01036291815145,0.00949767024453128,0.0647625385926076,0.00123204424766471,0.0597478020279502,0.00904151451094791,0.0583729523041228,0.00254138402982014,-0.902735646307355,0.00144798463888315,1,0.938401644729023,-0.0123379398058844,0.0172538350160945,0.705665993987911,0.00971202229786876,0.707718365768575,0.00885507351070062,0.7043773397207,0.00913004580776951,0.704505601827267,0.0103844039690344,0.699129187179156,0.0129847792290451
