"beta1","beta1_sd","beta2","beta2_sd","omega_b1","omega_b1_sd","omega_b2","omega_b2_sd","omega_cov","omega_cov_sd","rho","rho_sd","conv_code","omega_cor","tau1","tau1_sd","tau2","tau2_sd","tau3","tau3_sd","tau4","tau4_sd","tau5","tau5_sd","tau6","tau6_sd"
0.99874578876379,0.0059617448330772,0.992453058718676,0.00851443843989322,0.0618463152967184,0.00121477284508609,0.255153415217713,0.0103594327004721,0.112923966004932,0.00266322968289738,-0.276190182041231,0.00926884374933119,1,0.898935465028378,0.0100877868994601,0.0158115526255187,0.68793927231102,0.00836918033393619,0.689057178557183,0.00751739551728809,0.698291498717892,0.00817743482085089,0.685843125355622,0.00996343314423384,0.693487605008422,0.0132557942119335
