"beta1","beta1_sd","beta2","beta2_sd","omega_b1","omega_b1_sd","omega_b2","omega_b2_sd","omega_cov","omega_cov_sd","rho","rho_sd","conv_code","omega_cor","tau1","tau1_sd","tau2","tau2_sd","tau3","tau3_sd","tau4","tau4_sd","tau5","tau5_sd","tau6","tau6_sd"
1.00125989507022,0.0124928127162469,0.995446365730292,0.0132300765270866,0.993003914735523,0.0184439613497695,0.554489287721542,0.02473799979936,0.197207925058831,0.0156262582811797,-0.89965549360906,0.00170700737523395,1,0.265767764376924,0.00419636139442365,0.0268929511920893,0.708774674193807,0.0102153589146871,0.690021487791738,0.0100530408343215,0.689396430992074,0.010706775026958,0.687712340988517,0.0118800888459133,0.690187270565947,0.0135741041300567
