"beta1","beta1_sd","beta2","beta2_sd","omega_b1","omega_b1_sd","omega_b2","omega_b2_sd","omega_cov","omega_cov_sd","rho","rho_sd","conv_code","omega_cor","tau1","tau1_sd","tau2","tau2_sd","tau3","tau3_sd","tau4","tau4_sd","tau5","tau5_sd","tau6","tau6_sd"
1.02124651842994,0.0090975368630373,1.01068232086903,0.00845460211484883,0.576709372116406,0.00888280840564307,0.062271431429022,0.00838341870093367,0.109590628524724,0.00678967867573772,-0.598044207840957,0.005111872626715,1,0.578296399855511,0.0484558850965139,0.0196288248754886,0.694204648616773,0.00808995238114001,0.70122698547331,0.00795267365095243,0.708190999478867,0.00880760729704136,0.686873122639135,0.0101649942845998,0.694293325491898,0.0122313674219958
