"beta1","beta1_sd","beta2","beta2_sd","omega_b1","omega_b1_sd","omega_b2","omega_b2_sd","omega_cov","omega_cov_sd","rho","rho_sd","conv_code","omega_cor","tau1","tau1_sd","tau2","tau2_sd","tau3","tau3_sd","tau4","tau4_sd","tau5","tau5_sd","tau6","tau6_sd"
0.991417474749299,0.0075738743775469,0.999583353632006,0.0111605406138995,0.0597288935682597,0.00200962209631978,0.52424301584956,0.0187609718089323,-0.10738847812279,0.00397307062455604,0.600428886363234,0.0103094327087879,1,-0.606874830746137,0.0104111384074898,0.0246698027827148,0.693166063514004,0.0111991084144367,0.680320310147007,0.00948335676918464,0.680388162890569,0.0099404822103787,0.681573578922166,0.0118516324344452,0.658879307190109,0.0159994046875548
