"beta1","beta1_sd","beta2","beta2_sd","omega_b1","omega_b1_sd","omega_b2","omega_b2_sd","omega_cov","omega_cov_sd","rho","rho_sd","conv_code","omega_cor","tau1","tau1_sd","tau2","tau2_sd","tau3","tau3_sd","tau4","tau4_sd","tau5","tau5_sd","tau6","tau6_sd"
1.00466715953525,0.00949442191899621,0.993140734818462,0.00985506495868838,0.563694395247557,0.00950838059055658,0.25918367021075,0.0134280698241314,-0.339493697285967,0.00897400787329598,-0.326704034742239,0.0104295117058468,1,-0.888190328665897,-0.017062873494923,0.0211258926229692,0.692533861040519,0.00930663715895564,0.702977740074158,0.00880892576302721,0.694229897147975,0.00986436245426716,0.700467882052702,0.0114829104150401,0.669527744762166,0.013785028473376
