"beta1","beta1_sd","beta2","beta2_sd","omega_b1","omega_b1_sd","omega_b2","omega_b2_sd","omega_cov","omega_cov_sd","rho","rho_sd","conv_code","omega_cor","tau1","tau1_sd","tau2","tau2_sd","tau3","tau3_sd","tau4","tau4_sd","tau5","tau5_sd","tau6","tau6_sd"
0.99888621055262,0.00596696099161425,0.995877800648596,0.00809582863765341,0.0630553164686222,0.00112331266564551,0.0662459313150562,0.00768754682156603,0.0363739649253427,0.00217290345758285,-0.898843764341632,0.00131904113248038,1,0.562794939646753,0.0017277845808931,0.0155923597671037,0.685672435096067,0.00844276237519751,0.694948749430254,0.00756968593982628,0.687812309092061,0.00776598476954255,0.693571726435357,0.00897399193071423,0.686541649470005,0.0113220364505417
