"beta1","beta1_sd","beta2","beta2_sd","omega_b1","omega_b1_sd","omega_b2","omega_b2_sd","omega_cov","omega_cov_sd","rho","rho_sd","conv_code","omega_cor","tau1","tau1_sd","tau2","tau2_sd","tau3","tau3_sd","tau4","tau4_sd","tau5","tau5_sd","tau6","tau6_sd"
0.991629471117496,0.0103852355671262,1.01083239198221,0.0124029671582487,0.576765962354341,0.0130143845381376,0.996071616163952,0.028560288010144,-0.468389350182586,0.014507090378541,0.89891638805572,0.00257968318765569,1,-0.617962210755578,-0.00816538813557533,0.0323002616613527,0.68284069996868,0.0101937100977397,0.692484467205914,0.00948130234423733,0.695038716651224,0.00996649849378009,0.694511760324967,0.0114545342821689,0.687112941485572,0.0137318876424397
