"beta1","beta1_sd","beta2","beta2_sd","omega_b1","omega_b1_sd","omega_b2","omega_b2_sd","omega_cov","omega_cov_sd","rho","rho_sd","conv_code","omega_cor","tau1","tau1_sd","tau2","tau2_sd","tau3","tau3_sd","tau4","tau4_sd","tau5","tau5_sd","tau6","tau6_sd"
1.00603437604374,0.0104714986871356,1.00645415133714,0.0123503334152976,0.25119259621297,0.00589395739032787,0.0916237101284818,0.014438739422875,0.0780821134799129,0.00553078953199781,-0.297656427495333,0.0158481448441068,1,0.514688193309571,0.0347280094302287,0.0220394423228876,0.683564601458435,0.0116353739145293,0.692890749687547,0.0115357727577981,0.698117794236164,0.0126519327654094,0.703785330391041,0.0146665024254234,0.706732620479682,0.0175422657797987
