"beta1","beta1_sd","beta2","beta2_sd","omega_b1","omega_b1_sd","omega_b2","omega_b2_sd","omega_cov","omega_cov_sd","rho","rho_sd","conv_code","omega_cor","tau1","tau1_sd","tau2","tau2_sd","tau3","tau3_sd","tau4","tau4_sd","tau5","tau5_sd","tau6","tau6_sd"
1.00416961059327,0.00987085257742489,0.992080768103684,0.0073999142337086,0.999955017052854,0.015027559486284,0.0570292366564716,0.00697229454450243,0.206029936716605,0.00882316672239176,-0.0141034086444485,0.012163508984163,1,0.862762614812565,0.0100271616349487,0.0187630037724433,0.695141586044875,0.00766135143526123,0.697863518996929,0.00779392089167507,0.687813193676931,0.00877041069761145,0.700568241635439,0.0100389907189134,0.703398275618339,0.0118140144440317
