"beta1","beta1_sd","beta2","beta2_sd","omega_b1","omega_b1_sd","omega_b2","omega_b2_sd","omega_cov","omega_cov_sd","rho","rho_sd","conv_code","omega_cor","tau1","tau1_sd","tau2","tau2_sd","tau3","tau3_sd","tau4","tau4_sd","tau5","tau5_sd","tau6","tau6_sd"
0.994983658649683,0.0193662946546844,1.03694840531075,0.0254907423049314,0.554004698812594,0.0209087095732351,0.520984654303991,0.0557424478927698,-0.195542799602458,0.0171378448566635,-0.900954358960419,0.00356550179264791,1,-0.363975908708411,-0.0213129316651806,0.0324875962269438,0.700397698816701,0.0196675077991015,0.701822570443132,0.0196120142933148,0.686762842295443,0.0203409396633265,0.662278064717148,0.0218006326933848,0.697786080313695,0.0238321201583718
