"beta1","beta1_sd","beta2","beta2_sd","omega_b1","omega_b1_sd","omega_b2","omega_b2_sd","omega_cov","omega_cov_sd","rho","rho_sd","conv_code","omega_cor","tau1","tau1_sd","tau2","tau2_sd","tau3","tau3_sd","tau4","tau4_sd","tau5","tau5_sd","tau6","tau6_sd"
1.0085958282337,0.0125586985260422,1.01416345961656,0.0173770196031675,0.258281441613194,0.00699521363476089,1.05009448456871,0.0430960641049212,-0.304718994871128,0.0109255849369798,-0.607154892701802,0.0101298467022594,1,-0.585111639480975,-0.0293521163610438,0.0256180419333785,0.712722473631809,0.0138443389310112,0.715871107563885,0.0132277462280397,0.694988084426701,0.0143061511163397,0.694355792497917,0.0163097233672365,0.709186082174971,0.0191647593802574
