"beta1","beta1_sd","beta2","beta2_sd","omega_b1","omega_b1_sd","omega_b2","omega_b2_sd","omega_cov","omega_cov_sd","rho","rho_sd","conv_code","omega_cor","tau1","tau1_sd","tau2","tau2_sd","tau3","tau3_sd","tau4","tau4_sd","tau5","tau5_sd","tau6","tau6_sd"
1.01306999251582,0.0117028438842279,1.01782741929793,0.0153894058204446,0.249328264237055,0.00642741569045975,0.582468107146614,0.0286166174389709,0.338892439939122,0.0102135291739941,-0.604647387380624,0.009289053801276,1,0.889283119392284,0.0229951403324762,0.0227465442914521,0.699462713299085,0.0125737631110576,0.690926278213178,0.0128406718212801,0.703725847566661,0.0142181637552329,0.707983677571148,0.0158842881859667,0.688292514766328,0.0189873319891031
