"beta1","beta1_sd","beta2","beta2_sd","omega_b1","omega_b1_sd","omega_b2","omega_b2_sd","omega_cov","omega_cov_sd","rho","rho_sd","conv_code","omega_cor","tau1","tau1_sd","tau2","tau2_sd","tau3","tau3_sd","tau4","tau4_sd","tau5","tau5_sd","tau6","tau6_sd"
0.991579498839025,0.00886028660098941,0.992352354476003,0.00719279389849485,0.543811784064506,0.0111057240666863,0.0685091016086245,0.0060499367318455,0.00759400560917282,0.00698553448674213,0.902396740229695,0.0022376413691426,1,0.0393434527178546,-0.0255110643962643,0.0287832498577619,0.682651458970023,0.00832015716646998,0.703052636741797,0.00762767100246859,0.682163465741616,0.00809455385945976,0.697932277865407,0.00924606623449696,0.690330501260188,0.0113819372813941
