"beta1","beta1_sd","beta2","beta2_sd","omega_b1","omega_b1_sd","omega_b2","omega_b2_sd","omega_cov","omega_cov_sd","rho","rho_sd","conv_code","omega_cor","tau1","tau1_sd","tau2","tau2_sd","tau3","tau3_sd","tau4","tau4_sd","tau5","tau5_sd","tau6","tau6_sd"
1.00991510045763,0.00778526603829558,0.990685414148374,0.0132440493764061,0.0639705887646808,0.00140665625311659,1.01057458434768,0.0312946107127355,0.0806281090960911,0.00426552148959884,-0.90069154332929,0.00163536838572148,1,0.317111589873266,0.026303970658499,0.0192022618095305,0.6955936112616,0.0104352659155667,0.706777140255159,0.00950050250331611,0.684155410132271,0.00992542140188076,0.706166025400447,0.0110679408966214,0.705221580823208,0.0134785431500443
