"beta1","beta1_sd","beta2","beta2_sd","omega_b1","omega_b1_sd","omega_b2","omega_b2_sd","omega_cov","omega_cov_sd","rho","rho_sd","conv_code","omega_cor","tau1","tau1_sd","tau2","tau2_sd","tau3","tau3_sd","tau4","tau4_sd","tau5","tau5_sd","tau6","tau6_sd"
0.994317532497693,0.00785894252711636,0.990944732254351,0.0114383554287091,0.245910972227405,0.00483631267154709,0.981275020202053,0.0247526460072162,0.149794241017798,0.00661260838004199,0.338239451640917,0.0191981968744152,1,0.304937469288253,-0.0311070149936179,0.0211121775542165,0.688180044801729,0.00871394283209415,0.689595272502216,0.00819344183384169,0.685153695926591,0.00922937214864193,0.695683085121918,0.0108898783732746,0.703443776417272,0.0134820753177092
