"beta1","beta1_sd","beta2","beta2_sd","omega_b1","omega_b1_sd","omega_b2","omega_b2_sd","omega_cov","omega_cov_sd","rho","rho_sd","conv_code","omega_cor","tau1","tau1_sd","tau2","tau2_sd","tau3","tau3_sd","tau4","tau4_sd","tau5","tau5_sd","tau6","tau6_sd"
1.00132819494354,0.00946598716825668,0.991151751387795,0.0121734143280448,0.249145880120869,0.00477418506611651,0.243581736769592,0.0172828677540938,-0.00847599644070232,0.00636848711444554,-0.899171472230855,0.00171636693991248,1,-0.0344065834224259,0.00408117335993512,0.0227096548690454,0.692135564989599,0.0106681297252794,0.695841872902567,0.010059764120344,0.688998050967081,0.0105603065196291,0.69753410065842,0.0116923241065638,0.700337763122197,0.0141534107584221
