"beta1","beta1_sd","beta2","beta2_sd","omega_b1","omega_b1_sd","omega_b2","omega_b2_sd","omega_cov","omega_cov_sd","rho","rho_sd","conv_code","omega_cor","tau1","tau1_sd","tau2","tau2_sd","tau3","tau3_sd","tau4","tau4_sd","tau5","tau5_sd","tau6","tau6_sd"
1.03765512837519,0.0136739180079571,1.02153902780496,0.0141684903599044,1.03055168446094,0.0211598970271536,0.302961471516654,0.0224938097373357,-0.326003672842706,0.0172625865245657,-0.901839118018384,0.00194306657036498,1,-0.583436914038937,0.0463704571467302,0.0291096708256931,0.707805785180715,0.0119125438324896,0.697136028728033,0.0116626634238213,0.70859201188436,0.012192203025661,0.712005423812746,0.0134008089884289,0.713807973744223,0.0151439747169317
