"beta1","beta1_sd","beta2","beta2_sd","omega_b1","omega_b1_sd","omega_b2","omega_b2_sd","omega_cov","omega_cov_sd","rho","rho_sd","conv_code","omega_cor","tau1","tau1_sd","tau2","tau2_sd","tau3","tau3_sd","tau4","tau4_sd","tau5","tau5_sd","tau6","tau6_sd"
1.00548708288715,0.012951710270492,1.00647214147502,0.0157294309866079,0.566453099766708,0.0160990891095772,0.965735195899933,0.0357294288517004,-0.0167818027425075,0.015971844705768,0.900110930027209,0.00327723974884538,1,-0.0226896399016251,0.0209967002548485,0.0386118169998594,0.690294820128005,0.0135404744692837,0.698306956550989,0.012868957220161,0.688755120625456,0.0132166776178646,0.690714018360887,0.0149981261407743,0.690930324501236,0.0179664065609004
