"beta1","beta1_sd","beta2","beta2_sd","omega_b1","omega_b1_sd","omega_b2","omega_b2_sd","omega_cov","omega_cov_sd","rho","rho_sd","conv_code","omega_cor","tau1","tau1_sd","tau2","tau2_sd","tau3","tau3_sd","tau4","tau4_sd","tau5","tau5_sd","tau6","tau6_sd"
1.00384468084078,0.0119439566187912,0.995674191017351,0.0117096913217132,0.978801584751518,0.0214238567432833,0.573291936747097,0.0204879423365162,-0.00382245930590968,0.0161915756517235,0.903895061554157,0.00294413238859182,1,-0.00510278913214334,-0.00790193926860697,0.034072822674335,0.701274105167344,0.0106488349014078,0.691836769100211,0.0101934307513147,0.697105653016264,0.0107203076637641,0.694776537992297,0.011824751248138,0.668787739467048,0.0141164330564259
