"beta1","beta1_sd","beta2","beta2_sd","omega_b1","omega_b1_sd","omega_b2","omega_b2_sd","omega_cov","omega_cov_sd","rho","rho_sd","conv_code","omega_cor","tau1","tau1_sd","tau2","tau2_sd","tau3","tau3_sd","tau4","tau4_sd","tau5","tau5_sd","tau6","tau6_sd"
1.01591991212205,0.00876231120650501,0.993358291089776,0.010541544145605,0.252000871163032,0.00703233901937596,0.581515199506494,0.0178112418241221,0.114051673339274,0.00776700918908984,0.904074907016318,0.00217594969844545,1,0.297934025871465,0.0705586428213949,0.0310248407756627,0.697000049051326,0.00972095571827144,0.702491980219669,0.00891209366904564,0.699608996538419,0.00920493061016655,0.701550542706102,0.0106392948238668,0.706634423227465,0.0130928529999986
