"beta1","beta1_sd","beta2","beta2_sd","omega_b1","omega_b1_sd","omega_b2","omega_b2_sd","omega_cov","omega_cov_sd","rho","rho_sd","conv_code","omega_cor","tau1","tau1_sd","tau2","tau2_sd","tau3","tau3_sd","tau4","tau4_sd","tau5","tau5_sd","tau6","tau6_sd"
1.00985727687893,0.0131543254744378,0.984045813289661,0.0127171285403307,1.00261904712849,0.0230473834683068,0.0687746312268361,0.01297252814962,0.143989810301479,0.0134450388490695,0.0248718846081654,0.0265875563079552,1,0.548339648058445,-0.0182984871380238,0.0263968909427129,0.694370484858045,0.0122158956086545,0.668370016167524,0.0128126276635217,0.692065163099606,0.014010055100112,0.682091084308867,0.0160690984983455,0.670572314818697,0.0186129624239049
