"beta1","beta1_sd","beta2","beta2_sd","omega_b1","omega_b1_sd","omega_b2","omega_b2_sd","omega_cov","omega_cov_sd","rho","rho_sd","conv_code","omega_cor","tau1","tau1_sd","tau2","tau2_sd","tau3","tau3_sd","tau4","tau4_sd","tau5","tau5_sd","tau6","tau6_sd"
0.991904068091347,0.00832189441912164,1.01632697113035,0.00897667199773815,0.574660033772631,0.00901864611064529,0.578005663107837,0.0155562812571611,-0.513434050406022,0.00990387842263439,0.598463468661067,0.0108876736291331,1,-0.890867516133408,-0.0205687414559972,0.0207878129223348,0.694739898060486,0.00774155118679353,0.695443497013385,0.00711745189954567,0.706471007777999,0.00784198601146419,0.702762319988869,0.00938613421818861,0.709596584463696,0.0115386182568804
