"beta1","beta1_sd","beta2","beta2_sd","omega_b1","omega_b1_sd","omega_b2","omega_b2_sd","omega_cov","omega_cov_sd","rho","rho_sd","conv_code","omega_cor","tau1","tau1_sd","tau2","tau2_sd","tau3","tau3_sd","tau4","tau4_sd","tau5","tau5_sd","tau6","tau6_sd"
1.01190793330585,0.00756644675941388,1.01869090685148,0.0102459876324682,0.0643132743895094,0.00211863179896155,0.278061096388894,0.0135878462234195,-0.0419058908493593,0.00344738137917725,0.60836732546869,0.0101006665730685,1,-0.31336800397098,-0.0138435498533494,0.0241570220929626,0.727496639509152,0.0107926965230683,0.708513971520837,0.00927498288238137,0.702647258425284,0.00979029173379138,0.691035744383501,0.0120918070618418,0.720192327121647,0.0155795868724501
