"beta1","beta1_sd","beta2","beta2_sd","omega_b1","omega_b1_sd","omega_b2","omega_b2_sd","omega_cov","omega_cov_sd","rho","rho_sd","conv_code","omega_cor","tau1","tau1_sd","tau2","tau2_sd","tau3","tau3_sd","tau4","tau4_sd","tau5","tau5_sd","tau6","tau6_sd"
1.00578416113519,0.00977079037936477,1.01576597812654,0.0150245697627429,0.0636882122449372,0.00184307825453014,0.977329947467852,0.0329774150631683,0.148652465384246,0.00508417678001403,-0.60507663254037,0.00880648671222849,1,0.595829475564891,-0.0304093915384498,0.0210469611907449,0.713018765273975,0.0121738253314348,0.694613761203432,0.0114273974980577,0.712021790445381,0.0123772376138285,0.691682231801944,0.0144507752944052,0.688952532991253,0.018229689671
