"beta1","beta1_sd","beta2","beta2_sd","omega_b1","omega_b1_sd","omega_b2","omega_b2_sd","omega_cov","omega_cov_sd","rho","rho_sd","conv_code","omega_cor","tau1","tau1_sd","tau2","tau2_sd","tau3","tau3_sd","tau4","tau4_sd","tau5","tau5_sd","tau6","tau6_sd"
0.991325190390888,0.0153626053547378,0.967508044630837,0.0202218631850695,0.249909375889949,0.0082302860270291,0.213421098452641,0.032436487651221,0.169311968942158,0.00939928391889873,-0.901434692803257,0.00293150009955189,1,0.733124460396646,-0.00900792042175773,0.0262265955544663,0.690284740548237,0.0169437325805721,0.698681544556203,0.0165672635992819,0.696663398724238,0.017382160467205,0.692706747960278,0.018900206961839,0.69234695968378,0.0214688535528718
