"beta1","beta1_sd","beta2","beta2_sd","omega_b1","omega_b1_sd","omega_b2","omega_b2_sd","omega_cov","omega_cov_sd","rho","rho_sd","conv_code","omega_cor","tau1","tau1_sd","tau2","tau2_sd","tau3","tau3_sd","tau4","tau4_sd","tau5","tau5_sd","tau6","tau6_sd"
1.00603130180369,0.0145538364866509,1.02040099387717,0.0172593312158973,0.990304511006241,0.0260574193207974,0.928343961775888,0.0391973364069804,-0.0103706155641537,0.0184084571837921,0.00637617697831348,0.0318807261001001,1,-0.0108159755840945,0.05308942036773,0.0289660640400689,0.66874347482376,0.013506504352584,0.685287659619089,0.0140171471145807,0.688634350590568,0.0152959825988707,0.678720377305246,0.017268380649636,0.691208216923845,0.0194957143387841
