"beta1","beta1_sd","beta2","beta2_sd","omega_b1","omega_b1_sd","omega_b2","omega_b2_sd","omega_cov","omega_cov_sd","rho","rho_sd","conv_code","omega_cor","tau1","tau1_sd","tau2","tau2_sd","tau3","tau3_sd","tau4","tau4_sd","tau5","tau5_sd","tau6","tau6_sd"
0.998322904887713,0.0102955798409811,1.00318081014998,0.0103939059623232,0.561148277328104,0.0118689124067305,0.0540223492863125,0.00959349250364024,0.0699685046847201,0.00869098980900941,0.592981771680338,0.0170694347105424,1,0.401862093439466,-0.0388659437997414,0.0259186358830327,0.698371160842829,0.0108086301126311,0.685728277495058,0.0104326144320191,0.700151852515849,0.0116613653860932,0.69863766025279,0.013667394498819,0.690639474417585,0.0168122172589527
