"beta1","beta1_sd","beta2","beta2_sd","omega_b1","omega_b1_sd","omega_b2","omega_b2_sd","omega_cov","omega_cov_sd","rho","rho_sd","conv_code","omega_cor","tau1","tau1_sd","tau2","tau2_sd","tau3","tau3_sd","tau4","tau4_sd","tau5","tau5_sd","tau6","tau6_sd"
1.00444465301751,0.00550734289787534,1.00523474933754,0.0076887843691468,0.0632782462050707,0.00111553180832718,0.23968719627469,0.00912510807831267,-0.0352780096095772,0.00208567916053657,-0.308214939329703,0.00757424883028642,1,-0.286453702218128,-0.00701394137696457,0.0153402686475718,0.698912933940006,0.00767747376553645,0.696912556207963,0.00654753706278877,0.695949311159301,0.00703965609920837,0.711943006714636,0.00827369336676992,0.687183650147245,0.0110824443340729
