"beta1","beta1_sd","beta2","beta2_sd","omega_b1","omega_b1_sd","omega_b2","omega_b2_sd","omega_cov","omega_cov_sd","rho","rho_sd","conv_code","omega_cor","tau1","tau1_sd","tau2","tau2_sd","tau3","tau3_sd","tau4","tau4_sd","tau5","tau5_sd","tau6","tau6_sd"
0.995488570146026,0.010648501046539,1.01422347314904,0.0140925574746468,0.246252428067008,0.00598400926634999,0.568590413759151,0.0255157389698803,0.222492728319166,0.00799777632958157,-0.301240976214037,0.016424002449338,1,0.594601217648089,-0.0417865436626801,0.0228323136131038,0.69966866785415,0.0116860163008234,0.698376174131573,0.0116431561037805,0.689296765523364,0.0131877749329082,0.697427960525073,0.0150695149698449,0.685338716281872,0.0184226144866492
