"beta1","beta1_sd","beta2","beta2_sd","omega_b1","omega_b1_sd","omega_b2","omega_b2_sd","omega_cov","omega_cov_sd","rho","rho_sd","conv_code","omega_cor","tau1","tau1_sd","tau2","tau2_sd","tau3","tau3_sd","tau4","tau4_sd","tau5","tau5_sd","tau6","tau6_sd"
0.999285337158572,0.00762639627079361,0.990793058587412,0.0114002347408518,0.0613673993708001,0.00329943415247389,1.00606688137776,0.0246545244865144,-0.148128816265608,0.00601431216628618,0.898430801267588,0.00189395798251097,1,-0.596152358375718,0.0146251458209716,0.0301968867377612,0.697816639862985,0.00983125292765966,0.690126417477306,0.00858053121888857,0.687602234691602,0.00869344829385662,0.697330384043436,0.00969813496744991,0.686010167851068,0.012321321175473
