"beta1","beta1_sd","beta2","beta2_sd","omega_b1","omega_b1_sd","omega_b2","omega_b2_sd","omega_cov","omega_cov_sd","rho","rho_sd","conv_code","omega_cor","tau1","tau1_sd","tau2","tau2_sd","tau3","tau3_sd","tau4","tau4_sd","tau5","tau5_sd","tau6","tau6_sd"
1.00100336979557,0.00740901540187873,0.972793489592981,0.0121942440827771,0.0621553560755628,0.00159451102211578,0.976771877306584,0.0262979563861974,-0.218153330974244,0.00494661324053036,-0.007107973089564,0.0173035863723215,1,-0.885372432992417,0.0155611173434492,0.0217629393395207,0.681827135860279,0.0109877914097515,0.684282121605171,0.00933383309510152,0.692265770027472,0.00999453062675188,0.694984815400483,0.0119838853510381,0.681511394338217,0.0155330001357738
