"beta1","beta1_sd","beta2","beta2_sd","omega_b1","omega_b1_sd","omega_b2","omega_b2_sd","omega_cov","omega_cov_sd","rho","rho_sd","conv_code","omega_cor","tau1","tau1_sd","tau2","tau2_sd","tau3","tau3_sd","tau4","tau4_sd","tau5","tau5_sd","tau6","tau6_sd"
0.999316238746317,0.00837406077592917,0.994452983343261,0.00822756360378283,0.557434930600993,0.00842406355166122,0.251446976466743,0.0105545038597583,-0.226847049067588,0.00724662227936301,-0.0132352746973559,0.0123518051727928,1,-0.605916578635786,-0.00372746202184088,0.0183654966917514,0.691980773962444,0.00758221193914172,0.693393405403504,0.00737206504319646,0.68976247544325,0.00824053762121367,0.689215238279462,0.00972231777058114,0.676557508417468,0.0118439000667639
