"beta1","beta1_sd","beta2","beta2_sd","omega_b1","omega_b1_sd","omega_b2","omega_b2_sd","omega_cov","omega_cov_sd","rho","rho_sd","conv_code","omega_cor","tau1","tau1_sd","tau2","tau2_sd","tau3","tau3_sd","tau4","tau4_sd","tau5","tau5_sd","tau6","tau6_sd"
1.01386733921717,0.00822047175131298,1.00276913555182,0.00760519501563716,0.565452189362448,0.00889088463105541,0.247145261009402,0.00929226193337854,0.341568195401444,0.00753546795249573,0.600515679186317,0.0117473244726981,1,0.913699393440836,0.0174706104273536,0.0200604109071276,0.699635167023063,0.00734065339558821,0.688611514860743,0.00712762944273503,0.696358083791404,0.0080919170338243,0.711980683860295,0.00934789755398098,0.688481643469302,0.011446967831479
