"beta1","beta1_sd","beta2","beta2_sd","omega_b1","omega_b1_sd","omega_b2","omega_b2_sd","omega_cov","omega_cov_sd","rho","rho_sd","conv_code","omega_cor","tau1","tau1_sd","tau2","tau2_sd","tau3","tau3_sd","tau4","tau4_sd","tau5","tau5_sd","tau6","tau6_sd"
1.01002848367256,0.0143956998816077,1.0014946837799,0.0152215352437168,0.999621568006189,0.0257758865997389,0.551861250945335,0.0259625631186548,0.0168409903457233,0.0199654038673662,0.892037846995754,0.00407437870742553,1,0.0226743511111611,0.0236383386708638,0.0385097328483731,0.681993383360372,0.0135397239351996,0.686794851331226,0.0131190090262344,0.705065790704783,0.0137741178433436,0.694360298448995,0.0151773963178878,0.681958619953417,0.0177537513006694
