"beta1","beta1_sd","beta2","beta2_sd","omega_b1","omega_b1_sd","omega_b2","omega_b2_sd","omega_cov","omega_cov_sd","rho","rho_sd","conv_code","omega_cor","tau1","tau1_sd","tau2","tau2_sd","tau3","tau3_sd","tau4","tau4_sd","tau5","tau5_sd","tau6","tau6_sd"
0.998883164510301,0.0136700194632293,1.00765508291766,0.017333512900356,0.551495035673103,0.0146573500527336,0.975639253203359,0.0417874756279452,-0.014433856310368,0.0127422491770434,-0.309530349178466,0.0196945252492399,1,-0.0196773649891084,0.00490937229972028,0.0268542178157629,0.699186486812877,0.0135475752801884,0.675716369680672,0.0138256978405867,0.704748297797043,0.014906873842176,0.671808608634757,0.0168472636272545,0.689278763086172,0.019840148583814
