"beta1","beta1_sd","beta2","beta2_sd","omega_b1","omega_b1_sd","omega_b2","omega_b2_sd","omega_cov","omega_cov_sd","rho","rho_sd","conv_code","omega_cor","tau1","tau1_sd","tau2","tau2_sd","tau3","tau3_sd","tau4","tau4_sd","tau5","tau5_sd","tau6","tau6_sd"
0.98826142784627,0.00750773574898872,0.984031940159069,0.00983862151626144,0.243484241419518,0.00391411654613392,0.54488861184212,0.0168639997902449,-0.220845715269618,0.00580909996419514,-0.594782081035241,0.00519400139816872,1,-0.606316912987095,-0.0136572814176454,0.0180634917333853,0.688355965886588,0.00831641534036004,0.669327004787968,0.00758768168778468,0.699236006706155,0.0081912569543686,0.684526055462989,0.00962524289832305,0.687337361792356,0.0118152864130643
