"beta1","beta1_sd","beta2","beta2_sd","omega_b1","omega_b1_sd","omega_b2","omega_b2_sd","omega_cov","omega_cov_sd","rho","rho_sd","conv_code","omega_cor","tau1","tau1_sd","tau2","tau2_sd","tau3","tau3_sd","tau4","tau4_sd","tau5","tau5_sd","tau6","tau6_sd"
1.00335543118085,0.00728606251252906,0.997860381793602,0.00946248854239199,0.250856803684513,0.00467334059202701,0.569321328136551,0.0155971913213294,0.342006835663683,0.00679813073378395,0.584862142511819,0.0109951155815719,1,0.904988618248916,-0.00674847283750219,0.0208736199148782,0.703268309480767,0.00832672251290765,0.685429607256135,0.00774614836912375,0.704757793756064,0.0086859476304694,0.691573018662515,0.0104994259358217,0.680472625419122,0.0132373711302003
