"beta1","beta1_sd","beta2","beta2_sd","omega_b1","omega_b1_sd","omega_b2","omega_b2_sd","omega_cov","omega_cov_sd","rho","rho_sd","conv_code","omega_cor","tau1","tau1_sd","tau2","tau2_sd","tau3","tau3_sd","tau4","tau4_sd","tau5","tau5_sd","tau6","tau6_sd"
0.996613832771089,0.00729044598537798,1.00495756179179,0.0084399554984256,0.256005816700743,0.0044510833280497,0.271992204228779,0.0108366599786862,-0.240238787878427,0.00534840294833907,0.313562971538237,0.015215747156123,1,-0.910416212981041,-0.014191507778252,0.0198183230075158,0.687496231528111,0.00849248204066215,0.702125061671778,0.00751887962121698,0.691960290498188,0.00843167808320936,0.692767848130642,0.0101197261939309,0.679008635974255,0.0129030551556003
