"beta1","beta1_sd","beta2","beta2_sd","omega_b1","omega_b1_sd","omega_b2","omega_b2_sd","omega_cov","omega_cov_sd","rho","rho_sd","conv_code","omega_cor","tau1","tau1_sd","tau2","tau2_sd","tau3","tau3_sd","tau4","tau4_sd","tau5","tau5_sd","tau6","tau6_sd"
1.00660730310697,0.00985599276640293,1.00830124243106,0.0106271054489184,1.00818991744198,0.0156303997058799,0.994475410883993,0.0242206900131614,0.904904959384634,0.0168505583950216,0.295672123140683,0.0168589135807546,1,0.903721821040015,-0.00538257114644621,0.0194948590223305,0.697204243014032,0.00767195040597381,0.69664474344508,0.00796879950675492,0.701285107777758,0.00890753798153507,0.69629701669151,0.0103481577348064,0.701163800591712,0.0121234408129049
