"beta1","beta1_sd","beta2","beta2_sd","omega_b1","omega_b1_sd","omega_b2","omega_b2_sd","omega_cov","omega_cov_sd","rho","rho_sd","conv_code","omega_cor","tau1","tau1_sd","tau2","tau2_sd","tau3","tau3_sd","tau4","tau4_sd","tau5","tau5_sd","tau6","tau6_sd"
0.979139909883427,0.0116229765569227,0.990167921143315,0.0119046634999014,0.567693312207692,0.0145355154962471,0.251135537787019,0.0155053112205266,0.352415102474171,0.0129506176349195,0.902111047494986,0.0029102988017923,1,0.933347859472227,-0.0484291748691804,0.0356795352200888,0.689566211303347,0.012641290832869,0.689193155408919,0.0116433423703318,0.699689044943085,0.0123136691070071,0.690601217506236,0.0142604392619391,0.674535396376982,0.0165535705191414
