"beta1","beta1_sd","beta2","beta2_sd","omega_b1","omega_b1_sd","omega_b2","omega_b2_sd","omega_cov","omega_cov_sd","rho","rho_sd","conv_code","omega_cor","tau1","tau1_sd","tau2","tau2_sd","tau3","tau3_sd","tau4","tau4_sd","tau5","tau5_sd","tau6","tau6_sd"
0.998295892790632,0.00727289256427506,0.997177917406299,0.00768402284859126,0.250103494759098,0.00444651626310663,0.0567350800459916,0.00679321283351838,0.0343460001711162,0.00398268903046516,0.295931079101773,0.016519961182006,1,0.288330411403288,-0.0146157654382979,0.0194523115972955,0.703932156797563,0.00808577567153322,0.691052602812753,0.00765927184916174,0.690756722410407,0.0086907601957085,0.689857403367113,0.0103326331732183,0.68398247765161,0.0130839614948501
