"beta1","beta1_sd","beta2","beta2_sd","omega_b1","omega_b1_sd","omega_b2","omega_b2_sd","omega_cov","omega_cov_sd","rho","rho_sd","conv_code","omega_cor","tau1","tau1_sd","tau2","tau2_sd","tau3","tau3_sd","tau4","tau4_sd","tau5","tau5_sd","tau6","tau6_sd"
0.996618019743121,0.00740360193274316,0.994708262699376,0.00978565545897168,0.245727724626411,0.00419048635464006,0.561802515636983,0.0161510457537221,-0.333711777950792,0.00651637922550088,0.0054638538761073,0.0138162571105151,1,-0.898157737092431,0.0195855468033111,0.0190090728723418,0.686874620343291,0.00878067724377867,0.683520761829864,0.00786954459293419,0.696277325347179,0.00865714545907778,0.681459845749544,0.010450191311803,0.709481410202668,0.0131409372994697
