"beta1","beta1_sd","beta2","beta2_sd","omega_b1","omega_b1_sd","omega_b2","omega_b2_sd","omega_cov","omega_cov_sd","rho","rho_sd","conv_code","omega_cor","tau1","tau1_sd","tau2","tau2_sd","tau3","tau3_sd","tau4","tau4_sd","tau5","tau5_sd","tau6","tau6_sd"
1.01104477006686,0.00926652646992667,1.0043594533116,0.0110822278334551,0.254364112599323,0.00476202880836758,0.0587561315627877,0.0119518521444712,-0.0693602863516219,0.00580073462711149,-0.899326123052732,0.00167749972859729,1,-0.567356926277137,0.0166683740986602,0.0217449420501037,0.694897529259947,0.0105439973941364,0.697507376947461,0.00985337479039839,0.697832452663053,0.0102203121027301,0.696957021356415,0.0115283932389666,0.693847726163675,0.0140106576882883
