"beta1","beta1_sd","beta2","beta2_sd","omega_b1","omega_b1_sd","omega_b2","omega_b2_sd","omega_cov","omega_cov_sd","rho","rho_sd","conv_code","omega_cor","tau1","tau1_sd","tau2","tau2_sd","tau3","tau3_sd","tau4","tau4_sd","tau5","tau5_sd","tau6","tau6_sd"
0.984536631619216,0.00940398678732744,1.00993746324423,0.0118048727449343,0.553056863509798,0.01024818979528,1.00016618152275,0.0267964925576511,-0.449606606649804,0.01209858480792,0.613553581570322,0.0137949981492363,1,-0.604521440046186,-0.023493972300705,0.024257949068823,0.690103974549583,0.00923268615604013,0.695911675975833,0.00873176585934879,0.696169767881222,0.00966593111854499,0.685703014945965,0.011309756105608,0.694134428191389,0.0135964881626784
