"beta1","beta1_sd","beta2","beta2_sd","omega_b1","omega_b1_sd","omega_b2","omega_b2_sd","omega_cov","omega_cov_sd","rho","rho_sd","conv_code","omega_cor","tau1","tau1_sd","tau2","tau2_sd","tau3","tau3_sd","tau4","tau4_sd","tau5","tau5_sd","tau6","tau6_sd"
1.01221732996566,0.00981101540740213,1.00698194754326,0.0140908609493702,0.0648685895450234,0.0018746510724005,0.59027307747412,0.0258168758680972,-0.0593173306908954,0.00385699112660816,-0.608570884690454,0.00850956243076138,1,-0.303136257205564,-0.0138704637895763,0.0214337600093379,0.713745708507135,0.0123330002113733,0.702137371087611,0.0113125397891622,0.69773060375181,0.0123504255424,0.699775581084765,0.0140813106364116,0.72903440118436,0.017238346440049
