"beta1","beta1_sd","beta2","beta2_sd","omega_b1","omega_b1_sd","omega_b2","omega_b2_sd","omega_cov","omega_cov_sd","rho","rho_sd","conv_code","omega_cor","tau1","tau1_sd","tau2","tau2_sd","tau3","tau3_sd","tau4","tau4_sd","tau5","tau5_sd","tau6","tau6_sd"
1.01549941082362,0.011964183102918,1.02333040183603,0.0119673794191405,1.0089565016825,0.0184626064212963,0.280680697892413,0.0176475533980847,0.315133056514853,0.0137652238445585,-0.616568419175337,0.00667753449563149,1,0.59217690561602,0.0148251021708169,0.0238078884773882,0.699077691104914,0.0102922284215812,0.716757421076301,0.0102713553897185,0.696535981084317,0.0113194213915751,0.726489901047468,0.0126963465862436,0.708836513411191,0.0147537674393005
