"beta1","beta1_sd","beta2","beta2_sd","omega_b1","omega_b1_sd","omega_b2","omega_b2_sd","omega_cov","omega_cov_sd","rho","rho_sd","conv_code","omega_cor","tau1","tau1_sd","tau2","tau2_sd","tau3","tau3_sd","tau4","tau4_sd","tau5","tau5_sd","tau6","tau6_sd"
1.00541844100514,0.00761086485516096,1.0154539711935,0.0116237302994233,0.0636598679942125,0.00196343315624092,0.592490757775327,0.0211109369873298,0.00135200103320184,0.0035968778706974,0.291613143291107,0.0181964449080985,1,0.00696150864073888,0.0225869186409485,0.0223441194797173,0.686296993351532,0.0106514672186229,0.704832415139858,0.00918520438980562,0.68791136143669,0.0103753985905341,0.702577123279948,0.0124414235880709,0.702573420155944,0.0162986119944607
