"beta1","beta1_sd","beta2","beta2_sd","omega_b1","omega_b1_sd","omega_b2","omega_b2_sd","omega_cov","omega_cov_sd","rho","rho_sd","conv_code","omega_cor","tau1","tau1_sd","tau2","tau2_sd","tau3","tau3_sd","tau4","tau4_sd","tau5","tau5_sd","tau6","tau6_sd"
1.01357566762115,0.0101874959605246,1.00973100229263,0.00866208219527476,1.0380702368371,0.016135075420211,0.262939746815171,0.0115920044004742,0.320246870135439,0.0110579414371721,-0.0152587719605751,0.0132844736191813,1,0.61297590583907,0.00839710744695661,0.019462444812321,0.701827947049204,0.00797683948226255,0.71264102133309,0.00795056573091382,0.701822540954736,0.00900436448592546,0.691833879949492,0.0104162216209159,0.702845255050476,0.0121563765111281
