"beta1","beta1_sd","beta2","beta2_sd","omega_b1","omega_b1_sd","omega_b2","omega_b2_sd","omega_cov","omega_cov_sd","rho","rho_sd","conv_code","omega_cor","tau1","tau1_sd","tau2","tau2_sd","tau3","tau3_sd","tau4","tau4_sd","tau5","tau5_sd","tau6","tau6_sd"
0.998757198476328,0.0124865148782837,1.01710797612018,0.0135809039842388,0.574543187457243,0.0138425891308899,0.0661260314479724,0.0143095583967873,0.160198372609428,0.00994696250862867,-0.301821522294277,0.0172202797349675,1,0.821884008803785,-0.0243242525852325,0.0247696721271909,0.707754044476109,0.0123189732108684,0.69875290284395,0.0126846601127914,0.702176201697125,0.0141126839501717,0.698046484801443,0.0160085355365525,0.660250235803224,0.0191283418184311
