"beta1","beta1_sd","beta2","beta2_sd","omega_b1","omega_b1_sd","omega_b2","omega_b2_sd","omega_cov","omega_cov_sd","rho","rho_sd","conv_code","omega_cor","tau1","tau1_sd","tau2","tau2_sd","tau3","tau3_sd","tau4","tau4_sd","tau5","tau5_sd","tau6","tau6_sd"
1.00290109822266,0.00711579926796111,1.0097131991424,0.0104739397199051,0.0625472869311541,0.00126454195285467,0.241598762738419,0.0141566495028379,0.0772720187116319,0.00302763603211004,-0.902570153093637,0.0015026940736675,1,0.628594630771582,-0.0191063919965772,0.0176335553762511,0.701536578892583,0.00999356378431568,0.696287803219211,0.00906968525285299,0.701482274994694,0.00939604820325328,0.688923970847105,0.0107846046551805,0.706255591323852,0.0131412554407475
