"beta1","beta1_sd","beta2","beta2_sd","omega_b1","omega_b1_sd","omega_b2","omega_b2_sd","omega_cov","omega_cov_sd","rho","rho_sd","conv_code","omega_cor","tau1","tau1_sd","tau2","tau2_sd","tau3","tau3_sd","tau4","tau4_sd","tau5","tau5_sd","tau6","tau6_sd"
1.02053638637236,0.0114466045841105,1.04047916703059,0.0128925671360054,1.03827085749101,0.0186022445857494,1.0429372312072,0.0314434725278182,0.942336646591216,0.0207830200471804,-0.308429325984332,0.0122527026284659,1,0.905569241619776,-0.0392526595283584,0.0218497009191025,0.716087059612285,0.00953571796908182,0.694978848954566,0.00997584008506408,0.69653722007606,0.011122859780941,0.699710649305761,0.012646091330624,0.696843379680874,0.0145130617635245
