"beta1","beta1_sd","beta2","beta2_sd","omega_b1","omega_b1_sd","omega_b2","omega_b2_sd","omega_cov","omega_cov_sd","rho","rho_sd","conv_code","omega_cor","tau1","tau1_sd","tau2","tau2_sd","tau3","tau3_sd","tau4","tau4_sd","tau5","tau5_sd","tau6","tau6_sd"
1.02423892882473,0.00875741760055394,1.00809037958561,0.0117141562210671,0.260340273724716,0.00462272265229874,0.590952293879879,0.0216065433687651,-0.118458440027131,0.00681841902956886,-0.904126931100665,0.00144916513782858,1,-0.302008467233757,0.0502055944484238,0.0209539144624092,0.696032574678173,0.00940126514727974,0.68834721717799,0.00876135612834651,0.711363311440833,0.00908735217794324,0.720545090176639,0.0102280348009996,0.701441601404238,0.0124656964972937
