"beta1","beta1_sd","beta2","beta2_sd","omega_b1","omega_b1_sd","omega_b2","omega_b2_sd","omega_cov","omega_cov_sd","rho","rho_sd","conv_code","omega_cor","tau1","tau1_sd","tau2","tau2_sd","tau3","tau3_sd","tau4","tau4_sd","tau5","tau5_sd","tau6","tau6_sd"
0.995195363891296,0.00950386257960841,1.00517364492849,0.0138576368165002,0.0639154171698732,0.00184316063045605,0.556838433000034,0.0244554590209806,0.0603172181656402,0.00379633645082966,-0.602704125181368,0.00850876506371001,1,0.319723006639378,-0.0027716459503129,0.0208618261924014,0.692221171167865,0.0120594269332124,0.67750186579256,0.0112303893885438,0.702104625574357,0.0122600309129011,0.706936441020298,0.0142223230613137,0.65755430744049,0.017906311113749
