"beta1","beta1_sd","beta2","beta2_sd","omega_b1","omega_b1_sd","omega_b2","omega_b2_sd","omega_cov","omega_cov_sd","rho","rho_sd","conv_code","omega_cor","tau1","tau1_sd","tau2","tau2_sd","tau3","tau3_sd","tau4","tau4_sd","tau5","tau5_sd","tau6","tau6_sd"
1.00601750244338,0.00636523962154835,0.99094236184801,0.00910097997098785,0.0625001415840628,0.00119114413044385,0.250131477094276,0.0111750981036367,0.11237779669711,0.00278530475409029,-0.597705459387885,0.00549795111563715,1,0.898785047052996,0.0200952026634632,0.0161650198365432,0.705437386270601,0.00879340102440718,0.684945797980335,0.00798606886931515,0.689090644389838,0.00867430780605596,0.701361207435678,0.0100590619229087,0.681710600460379,0.0132898713752223
