"beta1","beta1_sd","beta2","beta2_sd","omega_b1","omega_b1_sd","omega_b2","omega_b2_sd","omega_cov","omega_cov_sd","rho","rho_sd","conv_code","omega_cor","tau1","tau1_sd","tau2","tau2_sd","tau3","tau3_sd","tau4","tau4_sd","tau5","tau5_sd","tau6","tau6_sd"
1.00185831196058,0.00895095518177755,1.00638147541635,0.00804269320556141,0.573514459744662,0.0100583661641333,0.0733566480092464,0.00744832929550428,-0.0546234066728714,0.00694627970617644,0.595431771077795,0.0142025737995138,1,-0.266309621249706,-0.0361827353449318,0.0224545138332194,0.702702572205126,0.00856830831515113,0.698259634502907,0.00820556178075753,0.707274944033131,0.00908843511180479,0.708725341153966,0.0107436313316387,0.692040267676622,0.0133329565253271
