"beta1","beta1_sd","beta2","beta2_sd","omega_b1","omega_b1_sd","omega_b2","omega_b2_sd","omega_cov","omega_cov_sd","rho","rho_sd","conv_code","omega_cor","tau1","tau1_sd","tau2","tau2_sd","tau3","tau3_sd","tau4","tau4_sd","tau5","tau5_sd","tau6","tau6_sd"
0.990978403148048,0.0121233693465265,0.970047256504883,0.0115475193268452,0.964206187738496,0.0213240592161224,0.0563374588892697,0.0117517645094627,-0.125019850322209,0.0124190956909979,0.30866378515911,0.030268680431353,1,-0.536408178007091,0.00934741268452012,0.0261860777705781,0.668383004550125,0.0115886010962736,0.687524765889635,0.0116653535385734,0.684572348476876,0.0130471123387541,0.682002301923888,0.0149579494523355,0.710017862812557,0.0172927784188347
