"beta1","beta1_sd","beta2","beta2_sd","omega_b1","omega_b1_sd","omega_b2","omega_b2_sd","omega_cov","omega_cov_sd","rho","rho_sd","conv_code","omega_cor","tau1","tau1_sd","tau2","tau2_sd","tau3","tau3_sd","tau4","tau4_sd","tau5","tau5_sd","tau6","tau6_sd"
0.998026785999654,0.00678914729947353,0.989350496300636,0.0105997304072785,0.0608087170101293,0.00124873409199908,0.549235176755872,0.0180245327971038,0.00175683213579536,0.00288379104936917,-0.593552138330439,0.00594722932828035,1,0.00961320435185051,-0.00637434475814718,0.0174463532263117,0.696477434080999,0.00935414677616697,0.690496656575868,0.00823700199941953,0.698874615509582,0.00884550510916543,0.688455622727696,0.0103810438260514,0.676335735112221,0.0133379349104734
