"beta1","beta1_sd","beta2","beta2_sd","omega_b1","omega_b1_sd","omega_b2","omega_b2_sd","omega_cov","omega_cov_sd","rho","rho_sd","conv_code","omega_cor","tau1","tau1_sd","tau2","tau2_sd","tau3","tau3_sd","tau4","tau4_sd","tau5","tau5_sd","tau6","tau6_sd"
1.02342087165525,0.0232124807370444,1.03652199029869,0.0283646381496823,0.994494496644748,0.0413486198186024,0.252787690082525,0.0591834149299861,-0.129895434789957,0.0230287030958156,-0.902980719581737,0.0039363949032059,1,-0.259068574319198,0.00812635270018905,0.037243487357884,0.70031582408133,0.0222309148219521,0.706374476332265,0.0219770239541073,0.703787832016737,0.0227558669430928,0.734957909751944,0.0239094597529462,0.674129749540012,0.026008701608313
