"beta1","beta1_sd","beta2","beta2_sd","omega_b1","omega_b1_sd","omega_b2","omega_b2_sd","omega_cov","omega_cov_sd","rho","rho_sd","conv_code","omega_cor","tau1","tau1_sd","tau2","tau2_sd","tau3","tau3_sd","tau4","tau4_sd","tau5","tau5_sd","tau6","tau6_sd"
0.994493610127976,0.0112791900616237,0.976903358677724,0.0148012517408895,0.563397625518304,0.0113158838275781,0.984135952760086,0.0369629904901106,0.684539246574488,0.0174499405300637,-0.899369206798434,0.00189311951859067,1,0.91931277968126,-0.0160536749674013,0.0249782497748657,0.694744386265535,0.0113189635851279,0.687512476178187,0.0110317209660188,0.687677729250283,0.0117016566615578,0.698981495025669,0.0129325178753713,0.676468680766504,0.0151723915907807
