"beta1","beta1_sd","beta2","beta2_sd","omega_b1","omega_b1_sd","omega_b2","omega_b2_sd","omega_cov","omega_cov_sd","rho","rho_sd","conv_code","omega_cor","tau1","tau1_sd","tau2","tau2_sd","tau3","tau3_sd","tau4","tau4_sd","tau5","tau5_sd","tau6","tau6_sd"
1.01381198946462,0.0121942884248799,1.00506073562529,0.014651509708205,0.259339564652727,0.00668493017624009,0.0703979083023744,0.0176740840242176,-0.0718985323250911,0.00626887541533398,-0.61186910372564,0.00932168333156701,1,-0.532115315067624,0.00228565486629031,0.0237627501556321,0.691300563336132,0.0133817271152309,0.719299786078775,0.012801183597599,0.683216782039415,0.0140706105045774,0.712565815765645,0.015916560841202,0.712025105776088,0.0187262090289228
