"beta1","beta1_sd","beta2","beta2_sd","omega_b1","omega_b1_sd","omega_b2","omega_b2_sd","omega_cov","omega_cov_sd","rho","rho_sd","conv_code","omega_cor","tau1","tau1_sd","tau2","tau2_sd","tau3","tau3_sd","tau4","tau4_sd","tau5","tau5_sd","tau6","tau6_sd"
0.983077301694015,0.00983376753040234,1.01615951866928,0.00771860089348767,0.985098539371721,0.0149580886782687,0.0658301828419893,0.0072483148474209,-0.00878299663060208,0.00868507517295787,-0.0121533451994228,0.0126275284587071,1,-0.0344897739460239,-0.03653916519627,0.019073885476985,0.695281280099162,0.00779395463928481,0.694509045322376,0.00772549943272662,0.68657977668025,0.008831408394757,0.693526506133844,0.0101124068872494,0.696572111246957,0.0120319716880249
