"beta1","beta1_sd","beta2","beta2_sd","omega_b1","omega_b1_sd","omega_b2","omega_b2_sd","omega_cov","omega_cov_sd","rho","rho_sd","conv_code","omega_cor","tau1","tau1_sd","tau2","tau2_sd","tau3","tau3_sd","tau4","tau4_sd","tau5","tau5_sd","tau6","tau6_sd"
0.995963375733675,0.00933895913821265,1.0017289515503,0.0117535732509995,0.545616229858044,0.0101717914414688,0.974006469479736,0.0259969307934931,0.431185008800111,0.0116674953881619,0.59719489759477,0.0154009072869048,1,0.591478676203189,-0.019224855688163,0.023653148461067,0.694275975810022,0.0089785820274659,0.694396719084302,0.00875844444668194,0.679358498029629,0.00989625091094494,0.688854807729181,0.0115392996667351,0.657989721946275,0.014005254018014
