"beta1","beta1_sd","beta2","beta2_sd","omega_b1","omega_b1_sd","omega_b2","omega_b2_sd","omega_cov","omega_cov_sd","rho","rho_sd","conv_code","omega_cor","tau1","tau1_sd","tau2","tau2_sd","tau3","tau3_sd","tau4","tau4_sd","tau5","tau5_sd","tau6","tau6_sd"
1.0178825028664,0.00937871286084906,1.00440740792841,0.0108834109418066,0.560292516426474,0.00954264134891033,0.573154770843866,0.0195868174891837,0.51036988714338,0.0112430646539071,-0.307867322773234,0.0110381302649778,1,0.900620183204405,0.0287014538432069,0.0201222463603897,0.704040253739249,0.00887914587491851,0.693177693705005,0.00913652698099564,0.691528751691424,0.010330299526954,0.68938934526406,0.0118383060073321,0.695435790322335,0.0141055462694318
