"beta1","beta1_sd","beta2","beta2_sd","omega_b1","omega_b1_sd","omega_b2","omega_b2_sd","omega_cov","omega_cov_sd","rho","rho_sd","conv_code","omega_cor","tau1","tau1_sd","tau2","tau2_sd","tau3","tau3_sd","tau4","tau4_sd","tau5","tau5_sd","tau6","tau6_sd"
0.994243381419017,0.0116995789847819,0.988023049618605,0.0150942690287538,0.547117160141146,0.0132565273637116,0.976551610013435,0.0358468353733741,-0.0132611609633259,0.0120910997899813,0.308891093717549,0.0314667952146412,1,-0.0181423599031711,-0.0202313584749104,0.0272548870949795,0.712855123450166,0.0116733030620192,0.691457919953491,0.0118494293556558,0.682757321552548,0.0131178064311638,0.704814045172511,0.0152960578904493,0.665140771620812,0.0183289919736892
