"beta1","beta1_sd","beta2","beta2_sd","omega_b1","omega_b1_sd","omega_b2","omega_b2_sd","omega_cov","omega_cov_sd","rho","rho_sd","conv_code","omega_cor","tau1","tau1_sd","tau2","tau2_sd","tau3","tau3_sd","tau4","tau4_sd","tau5","tau5_sd","tau6","tau6_sd"
0.994134524843149,0.0109971739385138,1.00908914214492,0.0104165554983778,0.990541416353447,0.0170712652599679,0.245592137990052,0.0140001938283185,-0.443987837239584,0.0129666890945244,-0.312215235796264,0.011248986433258,1,-0.9001761945191,-0.0562376537121567,0.0220887267219043,0.708567761568398,0.00961229259857635,0.694716947978082,0.00946497243457987,0.694690393531577,0.0105017805960451,0.698455707298355,0.0120037119455935,0.690681832322012,0.0144469807113244
