"beta1","beta1_sd","beta2","beta2_sd","omega_b1","omega_b1_sd","omega_b2","omega_b2_sd","omega_cov","omega_cov_sd","rho","rho_sd","conv_code","omega_cor","tau1","tau1_sd","tau2","tau2_sd","tau3","tau3_sd","tau4","tau4_sd","tau5","tau5_sd","tau6","tau6_sd"
1.00373760472814,0.00700520432290735,0.993637466693406,0.00949887981404789,0.0636617936860629,0.00125257230409537,0.0599825196322678,0.00947103051028013,0.0388584679659717,0.00254187556058752,-0.901850304874246,0.00147901211963564,1,0.62883091740492,-0.0244601094235403,0.0174390261775793,0.71043341607227,0.00978351618512768,0.699056565944197,0.00893453870587008,0.715190967609305,0.0091349818934593,0.686157488544592,0.0105274396855457,0.674377370228472,0.0131072459208043
