"beta1","beta1_sd","beta2","beta2_sd","omega_b1","omega_b1_sd","omega_b2","omega_b2_sd","omega_cov","omega_cov_sd","rho","rho_sd","conv_code","omega_cor","tau1","tau1_sd","tau2","tau2_sd","tau3","tau3_sd","tau4","tau4_sd","tau5","tau5_sd","tau6","tau6_sd"
0.995601942343408,0.00751914157878047,0.999584160926946,0.0108251281527109,0.246622785989623,0.00458056470608603,0.98776051809093,0.023307898567396,-0.441689875026245,0.00836083070056515,0.601270916476757,0.0100581098169093,1,-0.894901039851949,-0.010663666587429,0.0224836052810673,0.706327110782751,0.00906249962150805,0.680010449686725,0.00800007375912045,0.695569490216253,0.00850368322880948,0.695471494248915,0.0100846098830653,0.696803837014822,0.0127212273950271
