"beta1","beta1_sd","beta2","beta2_sd","omega_b1","omega_b1_sd","omega_b2","omega_b2_sd","omega_cov","omega_cov_sd","rho","rho_sd","conv_code","omega_cor","tau1","tau1_sd","tau2","tau2_sd","tau3","tau3_sd","tau4","tau4_sd","tau5","tau5_sd","tau6","tau6_sd"
0.999157519594098,0.00686350593410418,1.00761317439286,0.00751073096566721,0.252315964580795,0.00444754988292246,0.250375361316517,0.00897072892678606,0.0786224659428457,0.00441800083873921,0.60324596748019,0.0103088846550076,1,0.312808468140365,-0.00549594275921001,0.0198988738636929,0.704506657846207,0.00739070508725073,0.697883170489168,0.00670096461440892,0.681242031249444,0.0074518879742197,0.697530023199331,0.00890042944832002,0.720404981839483,0.0110539224761239
