"beta1","beta1_sd","beta2","beta2_sd","omega_b1","omega_b1_sd","omega_b2","omega_b2_sd","omega_cov","omega_cov_sd","rho","rho_sd","conv_code","omega_cor","tau1","tau1_sd","tau2","tau2_sd","tau3","tau3_sd","tau4","tau4_sd","tau5","tau5_sd","tau6","tau6_sd"
0.999331258337559,0.00592647445581115,1.0018083644234,0.00802534180778311,0.062776295330322,0.00168011980128289,0.259738863442381,0.0093321267174313,-0.113359099074945,0.00290803963636132,0.600676940580143,0.00764749637359706,1,-0.887748764180421,-0.00100524866096515,0.0207415833424286,0.69063447206961,0.00877162524262684,0.696629390971229,0.0072559463023261,0.689796600767885,0.00764987455717114,0.705952100145857,0.00899486924613772,0.690465705368911,0.0122311430657595
