"beta1","beta1_sd","beta2","beta2_sd","omega_b1","omega_b1_sd","omega_b2","omega_b2_sd","omega_cov","omega_cov_sd","rho","rho_sd","conv_code","omega_cor","tau1","tau1_sd","tau2","tau2_sd","tau3","tau3_sd","tau4","tau4_sd","tau5","tau5_sd","tau6","tau6_sd"
1.00299192759291,0.0100204367615887,1.00232461916178,0.00817171927524841,1.00207085846277,0.0159884410023084,0.248409859533812,0.0104296908029982,0.306448850454587,0.0107439892927967,0.600807464279982,0.0142997646255719,1,0.614220582756379,0.0130556592229579,0.0218115593998002,0.705157341929293,0.0078640486101426,0.685891674126451,0.00788697891283408,0.6947379612791,0.00863149256654064,0.690148869862159,0.00996793882277196,0.705612964173414,0.0116852946675695
