"beta1","beta1_sd","beta2","beta2_sd","omega_b1","omega_b1_sd","omega_b2","omega_b2_sd","omega_cov","omega_cov_sd","rho","rho_sd","conv_code","omega_cor","tau1","tau1_sd","tau2","tau2_sd","tau3","tau3_sd","tau4","tau4_sd","tau5","tau5_sd","tau6","tau6_sd"
1.01850572280546,0.0112951435107846,1.00903180084152,0.0120297751916653,0.578383465178422,0.0110893772320899,0.062256022366988,0.0136555503018131,-0.16837711833821,0.00993713620869072,-0.903058711614469,0.0017439434158621,1,-0.887328546210165,0.0162735822353915,0.0255474307616133,0.698191554183653,0.0112305861040142,0.701038563661318,0.0105302649842527,0.70442695689344,0.0110953125473772,0.702592799890488,0.0124970212298568,0.689453004170832,0.0148183646571832
