"beta1","beta1_sd","beta2","beta2_sd","omega_b1","omega_b1_sd","omega_b2","omega_b2_sd","omega_cov","omega_cov_sd","rho","rho_sd","conv_code","omega_cor","tau1","tau1_sd","tau2","tau2_sd","tau3","tau3_sd","tau4","tau4_sd","tau5","tau5_sd","tau6","tau6_sd"
1.00548828271504,0.00756395490381113,1.01292443629359,0.0085937041883491,0.245055148243822,0.00487426460616091,0.249565997112823,0.0103675188671028,0.0767413271068975,0.00497629840783015,0.62687133861029,0.0104917799841731,1,0.310316367779863,0.00924215650150551,0.0219407537593548,0.710423725783819,0.00837692218943967,0.681844215156057,0.00787387897723491,0.689115967893576,0.00866915485048939,0.709246668071533,0.0102677385902001,0.700479398482544,0.0130278625530595
