"beta1","beta1_sd","beta2","beta2_sd","omega_b1","omega_b1_sd","omega_b2","omega_b2_sd","omega_cov","omega_cov_sd","rho","rho_sd","conv_code","omega_cor","tau1","tau1_sd","tau2","tau2_sd","tau3","tau3_sd","tau4","tau4_sd","tau5","tau5_sd","tau6","tau6_sd"
0.979321782300619,0.012188058564985,0.983972845401866,0.0122069243364841,0.950304916354637,0.0206509099112731,0.252879118654527,0.0172341084653118,-0.419666616851212,0.0149929618810549,0.335456986358462,0.0288375065210963,1,-0.856084139809487,-0.0677478045199605,0.0270380670190671,0.719772676193939,0.011447424787483,0.663716215145644,0.0115817700679993,0.699998606023234,0.0129277748256559,0.67155531074411,0.0152230222241752,0.684042172229118,0.0176692108573474
