"beta1","beta1_sd","beta2","beta2_sd","omega_b1","omega_b1_sd","omega_b2","omega_b2_sd","omega_cov","omega_cov_sd","rho","rho_sd","conv_code","omega_cor","tau1","tau1_sd","tau2","tau2_sd","tau3","tau3_sd","tau4","tau4_sd","tau5","tau5_sd","tau6","tau6_sd"
1.00959927960813,0.00854693315532029,0.999194502068313,0.00928055814340125,0.565911436426232,0.00919694201899669,0.579974580784001,0.0160023868434307,-0.337755286240285,0.00930628498859512,0.595295565583986,0.0126235094952381,1,-0.589553795675222,0.0155189372492901,0.0215823443223593,0.689893356832889,0.00789142116286017,0.702501535063477,0.00724237960438143,0.692426221704392,0.00813497861819559,0.687554192784398,0.00956967148220285,0.68707188308343,0.0115686340919327
