"beta1","beta1_sd","beta2","beta2_sd","omega_b1","omega_b1_sd","omega_b2","omega_b2_sd","omega_cov","omega_cov_sd","rho","rho_sd","conv_code","omega_cor","tau1","tau1_sd","tau2","tau2_sd","tau3","tau3_sd","tau4","tau4_sd","tau5","tau5_sd","tau6","tau6_sd"
0.997342539785506,0.0151910073178379,1.00495075269167,0.0194568776072489,0.569608216668595,0.0165598261067877,0.92413425187167,0.0470793557242934,0.00593498670610422,0.013548644993319,-0.597503479733595,0.0118936851861018,1,0.00818020324434845,0.0074324618771464,0.0283288861022446,0.685602990404497,0.0151972704583242,0.687305020744984,0.0152093249049626,0.683625555075426,0.0164107899273587,0.706562252982587,0.0180704466544429,0.725740715719231,0.0207161491580509
