"beta1","beta1_sd","beta2","beta2_sd","omega_b1","omega_b1_sd","omega_b2","omega_b2_sd","omega_cov","omega_cov_sd","rho","rho_sd","conv_code","omega_cor","tau1","tau1_sd","tau2","tau2_sd","tau3","tau3_sd","tau4","tau4_sd","tau5","tau5_sd","tau6","tau6_sd"
1.01039529488461,0.00868574407100052,1.00590413117704,0.00844997307516008,0.582289334373282,0.0088276682409173,0.264124219161108,0.0111328834114423,-0.350055719937267,0.00800042462163526,-0.312687501524063,0.00868322735733616,1,-0.892613904555469,0.0172550933596173,0.0187148524540004,0.695920813418311,0.00794238361244571,0.698123236544222,0.00751661069296769,0.702915421601552,0.0083632337070202,0.707689625168999,0.00975431796825115,0.709244967318556,0.0117211060175484
