"beta1","beta1_sd","beta2","beta2_sd","omega_b1","omega_b1_sd","omega_b2","omega_b2_sd","omega_cov","omega_cov_sd","rho","rho_sd","conv_code","omega_cor","tau1","tau1_sd","tau2","tau2_sd","tau3","tau3_sd","tau4","tau4_sd","tau5","tau5_sd","tau6","tau6_sd"
0.997783578965375,0.00746174684264664,0.992971990809169,0.00849704705020728,0.25550097131711,0.00488864536059067,0.253854889370181,0.01056147569632,0.155040061847648,0.00517180733449672,0.581264115363621,0.0117737322801516,1,0.60877230803523,-0.00685192224460152,0.0210326682486981,0.691085499988863,0.00834114242355943,0.694138749558211,0.00773523463341555,0.695272288351721,0.00878229499079298,0.7005664995146,0.0103597904388503,0.709432705069518,0.0129724168867242
