"beta1","beta1_sd","beta2","beta2_sd","omega_b1","omega_b1_sd","omega_b2","omega_b2_sd","omega_cov","omega_cov_sd","rho","rho_sd","conv_code","omega_cor","tau1","tau1_sd","tau2","tau2_sd","tau3","tau3_sd","tau4","tau4_sd","tau5","tau5_sd","tau6","tau6_sd"
1.00431319721925,0.00669980675155942,1.0015689841045,0.00648053846667351,0.250576826966629,0.00426054683142543,0.0617411019600033,0.0053796762006167,0.0392191565924656,0.00366242865285954,0.59651174772916,0.0100462798834109,1,0.3153120796251,-0.00640812338510435,0.0194327276438893,0.690719370425499,0.00726880352543918,0.701760346741845,0.00651530493486686,0.697921906554469,0.00724525863033766,0.697143631224178,0.00875012620765224,0.706549897787488,0.0108542241381098
