"beta1","beta1_sd","beta2","beta2_sd","omega_b1","omega_b1_sd","omega_b2","omega_b2_sd","omega_cov","omega_cov_sd","rho","rho_sd","conv_code","omega_cor","tau1","tau1_sd","tau2","tau2_sd","tau3","tau3_sd","tau4","tau4_sd","tau5","tau5_sd","tau6","tau6_sd"
1.01744416784522,0.00989099881884099,1.01226734332438,0.0124962489603259,0.589660013257122,0.0109878076900116,1.01873905230646,0.0278647284939908,-0.00123022835503236,0.0106784661603835,0.264061425016804,0.0240098495369652,1,-0.00158727953323986,0.0214048734746557,0.0229731601064552,0.692619162797823,0.00917922134505193,0.709736686752838,0.00905075644906727,0.69606305357315,0.010204620973597,0.718112670958028,0.0116433769393482,0.691061017781029,0.0141464120299311
