"beta1","beta1_sd","beta2","beta2_sd","omega_b1","omega_b1_sd","omega_b2","omega_b2_sd","omega_cov","omega_cov_sd","rho","rho_sd","conv_code","omega_cor","tau1","tau1_sd","tau2","tau2_sd","tau3","tau3_sd","tau4","tau4_sd","tau5","tau5_sd","tau6","tau6_sd"
1.00191903308133,0.00549910603916026,0.990594226416928,0.00727757372552378,0.0627791387473848,0.00161594128866975,0.255481027115854,0.00855106470319339,0.00158602130840958,0.00242147859668309,0.604476906162187,0.00735278467456852,1,0.0125233931401792,-0.0202724153845532,0.0186272495809158,0.698542338099043,0.00750959222840356,0.697586078496008,0.00635734564520616,0.695048833941,0.00670989875732525,0.686703322533588,0.00810873744514141,0.706886748882977,0.0107738418239227
