"beta1","beta1_sd","beta2","beta2_sd","omega_b1","omega_b1_sd","omega_b2","omega_b2_sd","omega_cov","omega_cov_sd","rho","rho_sd","conv_code","omega_cor","tau1","tau1_sd","tau2","tau2_sd","tau3","tau3_sd","tau4","tau4_sd","tau5","tau5_sd","tau6","tau6_sd"
0.996056591151353,0.00534157531284638,0.994418169997021,0.00861005487802519,0.060835205323523,0.00117329548647824,0.546375679818825,0.0134724970825809,-0.0527914868086204,0.00250870358453783,0.0167028027513373,0.0106564098566649,1,-0.289561437875853,0.00260326663629245,0.015886538148123,0.683279102193964,0.00751138069851276,0.691132547982735,0.00641990907273149,0.691274206756749,0.00694866871664302,0.680209768447988,0.00834112824284007,0.688764191177744,0.0108887050903377
