"beta1","beta1_sd","beta2","beta2_sd","omega_b1","omega_b1_sd","omega_b2","omega_b2_sd","omega_cov","omega_cov_sd","rho","rho_sd","conv_code","omega_cor","tau1","tau1_sd","tau2","tau2_sd","tau3","tau3_sd","tau4","tau4_sd","tau5","tau5_sd","tau6","tau6_sd"
1.03153057977432,0.0206157701941512,1.02845492208253,0.0252452274447239,0.613522935074746,0.0236620773972155,0.0546858951835216,0.0423226888764329,-0.128013318732407,0.0158865098862672,-0.909699898262758,0.00332935804893128,1,-0.69887916375897,-0.0446008339912614,0.0332245096219745,0.739640114454355,0.0201144387005741,0.746127628661203,0.0200033439608826,0.734843861539137,0.0208301028232024,0.731625193252299,0.0221790018696862,0.752648343839434,0.0240057734308586
