"beta1","beta1_sd","beta2","beta2_sd","omega_b1","omega_b1_sd","omega_b2","omega_b2_sd","omega_cov","omega_cov_sd","rho","rho_sd","conv_code","omega_cor","tau1","tau1_sd","tau2","tau2_sd","tau3","tau3_sd","tau4","tau4_sd","tau5","tau5_sd","tau6","tau6_sd"
0.989544630344108,0.0112724130891385,1.01433540781507,0.0110247189894721,0.525858384579118,0.0136892839090156,0.0627703882178005,0.00969622022371011,0.154971558048097,0.0104690317363286,0.901766079264507,0.0028873306519577,1,0.852982636290885,-0.027836543114033,0.0349758128651819,0.699063148017305,0.0122459208277103,0.693395078178425,0.011255398801258,0.6763821962552,0.0120770039122043,0.679047727146249,0.0139031883320346,0.682702229872076,0.0166632829973392
