"beta1","beta1_sd","beta2","beta2_sd","omega_b1","omega_b1_sd","omega_b2","omega_b2_sd","omega_cov","omega_cov_sd","rho","rho_sd","conv_code","omega_cor","tau1","tau1_sd","tau2","tau2_sd","tau3","tau3_sd","tau4","tau4_sd","tau5","tau5_sd","tau6","tau6_sd"
0.981347364670679,0.0116769910301195,0.995916227823688,0.0177156512870246,0.0601816072793514,0.00197874901101867,0.969649806644027,0.0433072245598248,0.143902437243022,0.00577967286557769,-0.894454349972965,0.00257671736770187,1,0.595701646925406,-0.0150449011942116,0.0225237724732862,0.678518464261544,0.0143529193089264,0.671389915140755,0.0137868479946861,0.696498125368881,0.0143156493108881,0.673508472507957,0.0160010161975472,0.682792075708917,0.0189289716546292
