"beta1","beta1_sd","beta2","beta2_sd","omega_b1","omega_b1_sd","omega_b2","omega_b2_sd","omega_cov","omega_cov_sd","rho","rho_sd","conv_code","omega_cor","tau1","tau1_sd","tau2","tau2_sd","tau3","tau3_sd","tau4","tau4_sd","tau5","tau5_sd","tau6","tau6_sd"
0.985759123163506,0.0216315009856855,0.973516781881075,0.0261490017809357,0.93937357049659,0.0375691892548035,0.202226492400598,0.0484599238790345,-0.267105904283835,0.0236372858449424,-0.894945120918661,0.00409739682744616,1,-0.612837447396512,0.0114497754373207,0.0354412549097752,0.680152462815612,0.0213597438564186,0.652096675419864,0.0212248813856022,0.669704999621423,0.0219777889313631,0.684214369090156,0.0231400248070672,0.649836364117039,0.0253073979266709
