"beta1","beta1_sd","beta2","beta2_sd","omega_b1","omega_b1_sd","omega_b2","omega_b2_sd","omega_cov","omega_cov_sd","rho","rho_sd","conv_code","omega_cor","tau1","tau1_sd","tau2","tau2_sd","tau3","tau3_sd","tau4","tau4_sd","tau5","tau5_sd","tau6","tau6_sd"
1.00220558575104,0.00899566316902802,1.00373576694476,0.0111940668236494,0.55321016218772,0.00953428515143801,0.969868957859414,0.0249148726901441,-0.652477169944114,0.0126856572818668,0.289949331482313,0.0188660267303284,1,-0.890766172670727,0.0559212796526756,0.0215699334936783,0.682067523049589,0.00904338696828358,0.693232976109439,0.00829330128591014,0.682691704978828,0.00948612434902242,0.705295555531417,0.0109365464490818,0.677685526252036,0.0134277153515251
