"beta1","beta1_sd","beta2","beta2_sd","omega_b1","omega_b1_sd","omega_b2","omega_b2_sd","omega_cov","omega_cov_sd","rho","rho_sd","conv_code","omega_cor","tau1","tau1_sd","tau2","tau2_sd","tau3","tau3_sd","tau4","tau4_sd","tau5","tau5_sd","tau6","tau6_sd"
1.00656834329309,0.00574407949108707,0.990884824150623,0.00737222487373042,0.0612418340982153,0.00126120519345538,0.067733924371107,0.00685181053373137,0.0142741885295841,0.00195000213333208,0.00478547685948411,0.0117288017627622,1,0.221627789529504,-0.0080312030546481,0.0168595536064667,0.703846895957124,0.008271642519267,0.697600299427602,0.00718595669863781,0.692430605498251,0.00791482737483916,0.693143814809038,0.00940480236572788,0.682664688370138,0.0125053608847246
