"beta1","beta1_sd","beta2","beta2_sd","omega_b1","omega_b1_sd","omega_b2","omega_b2_sd","omega_cov","omega_cov_sd","rho","rho_sd","conv_code","omega_cor","tau1","tau1_sd","tau2","tau2_sd","tau3","tau3_sd","tau4","tau4_sd","tau5","tau5_sd","tau6","tau6_sd"
0.997391369167955,0.00765556627993382,1.00241835567523,0.0113508004921058,0.0621786139847044,0.00215592692120197,0.549191609102578,0.0192501085420001,0.0587673338322229,0.003948590409827,0.588192482933034,0.0111217095181255,1,0.318019333387587,0.00772361169824954,0.0241629862782801,0.681749368581888,0.0111436003471309,0.67842907816936,0.00959136727994991,0.700192399490334,0.0100176512234009,0.685569641692698,0.0124212199163276,0.686440705409063,0.0157894357971147
