"beta1","beta1_sd","beta2","beta2_sd","omega_b1","omega_b1_sd","omega_b2","omega_b2_sd","omega_cov","omega_cov_sd","rho","rho_sd","conv_code","omega_cor","tau1","tau1_sd","tau2","tau2_sd","tau3","tau3_sd","tau4","tau4_sd","tau5","tau5_sd","tau6","tau6_sd"
0.997989854633173,0.010763303273633,1.00123283854583,0.0149991781048191,0.0638989899950125,0.00183209027602336,0.258962649111462,0.0195516559784912,-0.119477644785218,0.00438064757261211,-0.900732424361898,0.00222536585260147,1,-0.92879761506592,0.0135560792889583,0.0216671713173336,0.676650460137005,0.013941120351222,0.69101145561121,0.0128823997158148,0.703664232338078,0.0132032040169841,0.70373028399024,0.014982845657237,0.705249020133813,0.0177733130010626
