"beta1","beta1_sd","beta2","beta2_sd","omega_b1","omega_b1_sd","omega_b2","omega_b2_sd","omega_cov","omega_cov_sd","rho","rho_sd","conv_code","omega_cor","tau1","tau1_sd","tau2","tau2_sd","tau3","tau3_sd","tau4","tau4_sd","tau5","tau5_sd","tau6","tau6_sd"
1.00354664293792,0.0106603297964775,0.982506345782593,0.0095737867120829,0.98715472396092,0.0174995921084067,0.223587412116775,0.0120646145139749,-0.138904770780845,0.0115708429111285,0.586947744301245,0.0173144729078458,1,-0.295665651127104,0.0362597738394464,0.0239766419277612,0.675538393100929,0.00922891899673265,0.685862180179686,0.00905530566195788,0.67991895205219,0.0101525841958327,0.687518566419657,0.0116772209960513,0.687469862021324,0.0134823360467762
