"beta1","beta1_sd","beta2","beta2_sd","omega_b1","omega_b1_sd","omega_b2","omega_b2_sd","omega_cov","omega_cov_sd","rho","rho_sd","conv_code","omega_cor","tau1","tau1_sd","tau2","tau2_sd","tau3","tau3_sd","tau4","tau4_sd","tau5","tau5_sd","tau6","tau6_sd"
1.01737765842246,0.0133607827110579,1.03553379394404,0.01383219772964,1.01729366718362,0.0205365756303243,0.298383664477747,0.0222478976963286,0.480313750763211,0.0178704379608843,-0.902921819512663,0.00187457516144276,1,0.871794907898649,-0.00452254908786248,0.0289647221902568,0.709247995671036,0.0117163241631678,0.722253514869394,0.0114624322472084,0.695167997218866,0.0122906650611124,0.697469141446362,0.0136259558484075,0.729680633507243,0.0152996935644593
