"beta1","beta1_sd","beta2","beta2_sd","omega_b1","omega_b1_sd","omega_b2","omega_b2_sd","omega_cov","omega_cov_sd","rho","rho_sd","conv_code","omega_cor","tau1","tau1_sd","tau2","tau2_sd","tau3","tau3_sd","tau4","tau4_sd","tau5","tau5_sd","tau6","tau6_sd"
1.01500775804177,0.0120943875072955,1.00645276792994,0.0120517248431898,1.02430067702082,0.0190373179309401,0.268540601523198,0.017974545848118,-0.143867242043152,0.0135383717565403,-0.600756291309308,0.00714488112287547,1,-0.274310991314127,-0.00502719364218602,0.02436868259865,0.710102507384185,0.010431817945192,0.691177126452462,0.0103643389749899,0.714496632042937,0.0112505144561368,0.697095620493847,0.0129120880088031,0.721807094600885,0.0149019747584494
