"beta1","beta1_sd","beta2","beta2_sd","omega_b1","omega_b1_sd","omega_b2","omega_b2_sd","omega_cov","omega_cov_sd","rho","rho_sd","conv_code","omega_cor","tau1","tau1_sd","tau2","tau2_sd","tau3","tau3_sd","tau4","tau4_sd","tau5","tau5_sd","tau6","tau6_sd"
1.00080952085094,0.0136255890744432,0.992548259145233,0.0154405369872554,0.975108669373698,0.020926457036972,0.568405315531518,0.0320249177088713,-0.437800013884314,0.0192662668108356,-0.899507897758551,0.00206309513616775,1,-0.588058046489253,0.0441450043509941,0.0289838730287456,0.672655243437499,0.0125062039538578,0.697614393979678,0.0120682256678071,0.690410010527825,0.0125494814873296,0.679306023809979,0.0138898972986984,0.682365615395142,0.0156357066179019
