"beta1","beta1_sd","beta2","beta2_sd","omega_b1","omega_b1_sd","omega_b2","omega_b2_sd","omega_cov","omega_cov_sd","rho","rho_sd","conv_code","omega_cor","tau1","tau1_sd","tau2","tau2_sd","tau3","tau3_sd","tau4","tau4_sd","tau5","tau5_sd","tau6","tau6_sd"
0.995646960782661,0.0118871566175647,0.984186858367156,0.0135769991444065,0.974322932649878,0.0184651281458167,0.962795566256588,0.0314938539526711,-0.294816798410057,0.0159789182226902,-0.312791624438764,0.0134754049590518,1,-0.304392342244064,0.0245545851272015,0.0244361163334323,0.675577334871937,0.0103521048943466,0.684886218967876,0.0104173232678224,0.694749216173557,0.0113115063337028,0.703731099753008,0.0127776045491833,0.666402788463572,0.0152442015027827
