"beta1","beta1_sd","beta2","beta2_sd","omega_b1","omega_b1_sd","omega_b2","omega_b2_sd","omega_cov","omega_cov_sd","rho","rho_sd","conv_code","omega_cor","tau1","tau1_sd","tau2","tau2_sd","tau3","tau3_sd","tau4","tau4_sd","tau5","tau5_sd","tau6","tau6_sd"
1.00989803752626,0.00689047000632313,1.00530853177931,0.0104574188638026,0.0645903248268571,0.00321101958263717,0.995592639627653,0.0215017921962517,0.141272635290091,0.00554520956958485,0.89876899622288,0.00174280178245156,1,0.557100404263809,0.0313834882665386,0.0284183741665487,0.687445327201403,0.00848695723228666,0.703401293936013,0.00731048035035988,0.698527950454361,0.00750310686224415,0.702619870567586,0.00853049411302785,0.705711244206277,0.0109775089011976
