"beta1","beta1_sd","beta2","beta2_sd","omega_b1","omega_b1_sd","omega_b2","omega_b2_sd","omega_cov","omega_cov_sd","rho","rho_sd","conv_code","omega_cor","tau1","tau1_sd","tau2","tau2_sd","tau3","tau3_sd","tau4","tau4_sd","tau5","tau5_sd","tau6","tau6_sd"
1.01959683573265,0.00793062923754605,1.00957973343206,0.0130364058034597,0.064145467266322,0.00186078980610384,1.03496026651465,0.0294111683119879,0.151404895864181,0.00473753185952636,0.0178689145433109,0.0190740166667949,1,0.587618004209674,0.0501991788380346,0.0212061042339548,0.692000267669024,0.0106279080176143,0.723666618538847,0.00947088436645589,0.694943726072903,0.0108864744640768,0.688828446002961,0.0130423882256605,0.722649938132406,0.0163219577942088
