"beta1","beta1_sd","beta2","beta2_sd","omega_b1","omega_b1_sd","omega_b2","omega_b2_sd","omega_cov","omega_cov_sd","rho","rho_sd","conv_code","omega_cor","tau1","tau1_sd","tau2","tau2_sd","tau3","tau3_sd","tau4","tau4_sd","tau5","tau5_sd","tau6","tau6_sd"
0.99563714936328,0.0134045694932904,1.01670114097121,0.0120820696114388,1.00018183150537,0.0246695068637704,0.0593186721459365,0.0109477672270503,-0.0761915118446238,0.0155755412332129,0.902985629839534,0.00328143172997284,1,-0.312803353387752,-0.0277264420488129,0.0376487986535267,0.702166151519864,0.013177806925274,0.696627915951171,0.0123145341119877,0.697932443019821,0.0129551609023628,0.691354715854761,0.0146593470512304,0.68386490148631,0.0171127168000242
