"beta1","beta1_sd","beta2","beta2_sd","omega_b1","omega_b1_sd","omega_b2","omega_b2_sd","omega_cov","omega_cov_sd","rho","rho_sd","conv_code","omega_cor","tau1","tau1_sd","tau2","tau2_sd","tau3","tau3_sd","tau4","tau4_sd","tau5","tau5_sd","tau6","tau6_sd"
0.998836779130748,0.0108767278202907,0.995527261890908,0.00980517988797997,1.00890354464203,0.0164211707762572,0.251568824456026,0.0134341196802791,0.310573201828457,0.0117972560281592,-0.597713441267039,0.005571403902537,1,0.616468294380683,0.0164813942097519,0.0216101239772263,0.702889451182051,0.00872390702795833,0.68366676657208,0.00882460760640153,0.686556066673336,0.00958058130180446,0.695672082508095,0.0108582494571093,0.705720315059093,0.01262855000756
