"beta1","beta1_sd","beta2","beta2_sd","omega_b1","omega_b1_sd","omega_b2","omega_b2_sd","omega_cov","omega_cov_sd","rho","rho_sd","conv_code","omega_cor","tau1","tau1_sd","tau2","tau2_sd","tau3","tau3_sd","tau4","tau4_sd","tau5","tau5_sd","tau6","tau6_sd"
1.00474709895498,0.00732955538264843,0.996373120286252,0.0107924057904107,0.25332253662582,0.00441521070860319,1.00645277763903,0.0230909395598321,-0.452326643311261,0.00814184037160497,0.313754531568132,0.0155659581948295,1,-0.89581546198909,0.000843133570821082,0.0204247953219785,0.693064935493992,0.00875254513598827,0.69808664129648,0.00767462112925093,0.691357311069338,0.00852434091519881,0.716467465462291,0.0101576472736225,0.690083414456879,0.0129039564130019
