"beta1","beta1_sd","beta2","beta2_sd","omega_b1","omega_b1_sd","omega_b2","omega_b2_sd","omega_cov","omega_cov_sd","rho","rho_sd","conv_code","omega_cor","tau1","tau1_sd","tau2","tau2_sd","tau3","tau3_sd","tau4","tau4_sd","tau5","tau5_sd","tau6","tau6_sd"
1.00529824403048,0.00805478836381105,0.997628124926029,0.00912037988865669,0.25246667475239,0.004158546675998,0.062851474868926,0.0091958152577724,0.0821322170745819,0.00489577924371892,-0.898181675168984,0.00143349582311969,1,0.652009283961076,0.0242792722046564,0.0197689935283329,0.687643839669386,0.00887013396620255,0.688712420581902,0.00829900525047121,0.695898669935706,0.00870598459628257,0.705023090487766,0.00989643179919874,0.690284320082351,0.0120651594204836
