"beta1","beta1_sd","beta2","beta2_sd","omega_b1","omega_b1_sd","omega_b2","omega_b2_sd","omega_cov","omega_cov_sd","rho","rho_sd","conv_code","omega_cor","tau1","tau1_sd","tau2","tau2_sd","tau3","tau3_sd","tau4","tau4_sd","tau5","tau5_sd","tau6","tau6_sd"
0.991877726908783,0.00899573741253573,0.98324175922201,0.0118874390991661,0.0623518496337306,0.00363124355183631,0.547294392186557,0.0202742162676563,0.170177626481864,0.0062447639742762,0.898036489284002,0.00217204042916682,1,0.921228345629489,0.000453919389482151,0.0325236720016486,0.683635066996779,0.0122074929714452,0.680013722443845,0.0107773635202964,0.672099053992351,0.0108675655360485,0.706826101727496,0.0121353403899628,0.666029306518542,0.0158210718650546
