"beta1","beta1_sd","beta2","beta2_sd","omega_b1","omega_b1_sd","omega_b2","omega_b2_sd","omega_cov","omega_cov_sd","rho","rho_sd","conv_code","omega_cor","tau1","tau1_sd","tau2","tau2_sd","tau3","tau3_sd","tau4","tau4_sd","tau5","tau5_sd","tau6","tau6_sd"
1.01627129664161,0.0072871656367558,0.996779406632219,0.0100449034809104,0.0658606398877297,0.00194813446860432,0.260123553721158,0.0130085409108708,0.0406075093287494,0.00308441116899943,0.323659513523289,0.0171035709893662,1,0.310244106692403,0.0179337045272374,0.0221441280051988,0.693866571781432,0.0104612096221662,0.719006770385495,0.00892323641263672,0.70483982739941,0.0100951057882826,0.709851043859735,0.0120475239936084,0.70288909287926,0.0160025233546609
