"beta1","beta1_sd","beta2","beta2_sd","omega_b1","omega_b1_sd","omega_b2","omega_b2_sd","omega_cov","omega_cov_sd","rho","rho_sd","conv_code","omega_cor","tau1","tau1_sd","tau2","tau2_sd","tau3","tau3_sd","tau4","tau4_sd","tau5","tau5_sd","tau6","tau6_sd"
1.00168202271494,0.00505477811732054,1.00418691039156,0.00630307143124877,0.0632717401796724,0.00112554147940776,0.0617653153003204,0.00553527916805359,-0.0187301690802422,0.00166005743893457,-0.00347853511812941,0.00934558778722036,1,-0.299615637936195,0.0153883147140747,0.0150662650996515,0.688605424158398,0.00721162571974206,0.686663497632295,0.00616993056977497,0.693374629694738,0.00668127954137946,0.698455382365619,0.00801560150872398,0.693731790596935,0.0109614020899863
