"beta1","beta1_sd","beta2","beta2_sd","omega_b1","omega_b1_sd","omega_b2","omega_b2_sd","omega_cov","omega_cov_sd","rho","rho_sd","conv_code","omega_cor","tau1","tau1_sd","tau2","tau2_sd","tau3","tau3_sd","tau4","tau4_sd","tau5","tau5_sd","tau6","tau6_sd"
0.993552516029163,0.00884744637719193,0.992722605651673,0.00817661023745131,0.551545701568511,0.00840043329782018,0.0612170587497693,0.00803216822244979,0.166946218123135,0.0065754739791265,-0.595301822688589,0.00506667475409956,1,0.908551612268676,0.00209299344279219,0.0191530114474389,0.690177806557644,0.00809812433321886,0.700308097455064,0.00782683336052027,0.690626149139781,0.00872359169813799,0.684475096565249,0.0100924100258354,0.673193448302735,0.0121822935979483
