"beta1","beta1_sd","beta2","beta2_sd","omega_b1","omega_b1_sd","omega_b2","omega_b2_sd","omega_cov","omega_cov_sd","rho","rho_sd","conv_code","omega_cor","tau1","tau1_sd","tau2","tau2_sd","tau3","tau3_sd","tau4","tau4_sd","tau5","tau5_sd","tau6","tau6_sd"
1.00241583731508,0.00605951036302405,0.999671945355952,0.00950671099092153,0.0614378056406025,0.00131372401738134,0.56901289380035,0.0156575852886331,-0.113959939311873,0.00303696140448316,0.0100166633454771,0.0129260418796215,1,-0.609499435377531,0.000824149375109854,0.0178764931841495,0.702101578874842,0.00867546873011741,0.690327843482123,0.00746543282865402,0.707106039547743,0.00808542308695011,0.687770494803164,0.00967921907275598,0.678979845797881,0.0124700713385109
