"beta1","beta1_sd","beta2","beta2_sd","omega_b1","omega_b1_sd","omega_b2","omega_b2_sd","omega_cov","omega_cov_sd","rho","rho_sd","conv_code","omega_cor","tau1","tau1_sd","tau2","tau2_sd","tau3","tau3_sd","tau4","tau4_sd","tau5","tau5_sd","tau6","tau6_sd"
1.0032397808381,0.00909742849851413,0.98636952143859,0.00858632264204609,0.56555186034699,0.00937911044452367,0.0607084096105787,0.00825614114296935,-0.052025241951922,0.006704905735001,0.0079793072195004,0.01548582436853,1,-0.280771785068148,0.0163468197021492,0.0206754262316216,0.687193717975872,0.0087869177409885,0.677814993488467,0.00854168677562388,0.700699797793158,0.00948909180390752,0.70837087678291,0.0111631681636457,0.705686985427035,0.0135394641524112
