"beta1","beta1_sd","beta2","beta2_sd","omega_b1","omega_b1_sd","omega_b2","omega_b2_sd","omega_cov","omega_cov_sd","rho","rho_sd","conv_code","omega_cor","tau1","tau1_sd","tau2","tau2_sd","tau3","tau3_sd","tau4","tau4_sd","tau5","tau5_sd","tau6","tau6_sd"
0.980980517643621,0.0086674467661288,0.999464157563404,0.00999280037596419,0.250498878895923,0.00551067783824506,0.0664179185709229,0.00998994371465874,0.0350960228467352,0.00508713770430419,0.314202910657469,0.0214590134939618,1,0.272089874387886,-0.0550163310215803,0.0226064097555427,0.692464344729317,0.0100644194999764,0.693465096817384,0.00958078474545006,0.689670077783328,0.0112471694157367,0.698113144972748,0.0131455785008194,0.698758018731903,0.0164735682325166
