"beta1","beta1_sd","beta2","beta2_sd","omega_b1","omega_b1_sd","omega_b2","omega_b2_sd","omega_cov","omega_cov_sd","rho","rho_sd","conv_code","omega_cor","tau1","tau1_sd","tau2","tau2_sd","tau3","tau3_sd","tau4","tau4_sd","tau5","tau5_sd","tau6","tau6_sd"
0.994551750221807,0.00575603974872688,0.998601076199596,0.00815804244331005,0.062410339759074,0.00110991822038463,0.246197681093626,0.00999074484470898,-0.0422906132116408,0.00223496350619544,-0.596342085396506,0.00467475966283109,1,-0.341172273844888,0.00565296445545053,0.0152164257925553,0.688193190828085,0.00793919033735862,0.686456836498045,0.00692088218618351,0.680918646424804,0.00740031448136205,0.705883627365384,0.00863009952839882,0.680403292996514,0.0113672600005296
