"beta1","beta1_sd","beta2","beta2_sd","omega_b1","omega_b1_sd","omega_b2","omega_b2_sd","omega_cov","omega_cov_sd","rho","rho_sd","conv_code","omega_cor","tau1","tau1_sd","tau2","tau2_sd","tau3","tau3_sd","tau4","tau4_sd","tau5","tau5_sd","tau6","tau6_sd"
1.02400884421872,0.0154586887255228,0.999219418500946,0.0182050245594349,1.03029800496866,0.0277600273361085,1.03411081781862,0.0456340013100803,0.613454178808865,0.0246003855352574,-0.305746745359071,0.0213396829462058,1,0.594315639740748,0.0181881572018558,0.028680039314091,0.705430366547872,0.0141122639431753,0.697633477452482,0.0150084655990434,0.705915340500192,0.0159037306446635,0.704223268812254,0.0177549834952087,0.699330397735838,0.0203685387248464
