"beta1","beta1_sd","beta2","beta2_sd","omega_b1","omega_b1_sd","omega_b2","omega_b2_sd","omega_cov","omega_cov_sd","rho","rho_sd","conv_code","omega_cor","tau1","tau1_sd","tau2","tau2_sd","tau3","tau3_sd","tau4","tau4_sd","tau5","tau5_sd","tau6","tau6_sd"
0.990176939879624,0.0123758040137097,0.997038162901269,0.0119621922995905,1.01109004865785,0.022468931537524,0.0631014410734384,0.0122977976076331,-0.0659832409957317,0.0131733137861297,0.269030353790422,0.0298993997965633,1,-0.261227615907556,-0.0172714136663473,0.026228589267007,0.711135852536248,0.0113917025564165,0.693656227390535,0.0118305910414458,0.699154694366578,0.0136096421304215,0.680558372628104,0.0153909814202294,0.716178750243633,0.0180420467102947
