"beta1","beta1_sd","beta2","beta2_sd","omega_b1","omega_b1_sd","omega_b2","omega_b2_sd","omega_cov","omega_cov_sd","rho","rho_sd","conv_code","omega_cor","tau1","tau1_sd","tau2","tau2_sd","tau3","tau3_sd","tau4","tau4_sd","tau5","tau5_sd","tau6","tau6_sd"
1.00193201853311,0.00645948714549733,1.0063584647215,0.0100516446791779,0.251300112526436,0.00392400056529822,1.02221550932586,0.0207319013848768,0.455512386885596,0.00748741757239697,0.301233554264822,0.0130832513721394,1,0.898736990505313,-0.0250997933758911,0.0168696234470272,0.697203252737121,0.00703522847940791,0.694553641385882,0.00673380589352409,0.704366012976711,0.00757203312022669,0.684422031452134,0.0091968361900797,0.709455778399098,0.0113531400427323
