"beta1","beta1_sd","beta2","beta2_sd","omega_b1","omega_b1_sd","omega_b2","omega_b2_sd","omega_cov","omega_cov_sd","rho","rho_sd","conv_code","omega_cor","tau1","tau1_sd","tau2","tau2_sd","tau3","tau3_sd","tau4","tau4_sd","tau5","tau5_sd","tau6","tau6_sd"
0.988203143083914,0.010149980357185,1.00089468014855,0.00990274752168307,0.985166167151568,0.0155824215524455,0.577514050332539,0.017918383191556,-0.681497236261105,0.0142375248708106,-0.284366051293387,0.010025222769318,1,-0.903499834281761,0.0125162071826057,0.0193966185146692,0.68249304073654,0.00830228565169394,0.682218599176448,0.0081473845058022,0.682529568964518,0.00902748653937477,0.673194562383613,0.0103734720903514,0.681809517992192,0.0123940415459073
