"beta1","beta1_sd","beta2","beta2_sd","omega_b1","omega_b1_sd","omega_b2","omega_b2_sd","omega_cov","omega_cov_sd","rho","rho_sd","conv_code","omega_cor","tau1","tau1_sd","tau2","tau2_sd","tau3","tau3_sd","tau4","tau4_sd","tau5","tau5_sd","tau6","tau6_sd"
1.00319309989903,0.00890493507234987,1.00781245488822,0.0101811695475994,0.252964377756111,0.00559805481276991,0.0804854413778376,0.0103172578590616,-0.0780878809356294,0.00523015901320138,0.278926965802479,0.021555021884006,1,-0.547261993760466,-0.0112317314324689,0.0233230616728932,0.713133690898141,0.0101504942139535,0.688311067243889,0.0098384702530012,0.702751634907395,0.0110249835650286,0.70232356966627,0.0133434714516965,0.691567160572964,0.0165942735085509
