"beta1","beta1_sd","beta2","beta2_sd","omega_b1","omega_b1_sd","omega_b2","omega_b2_sd","omega_cov","omega_cov_sd","rho","rho_sd","conv_code","omega_cor","tau1","tau1_sd","tau2","tau2_sd","tau3","tau3_sd","tau4","tau4_sd","tau5","tau5_sd","tau6","tau6_sd"
1.00904862384598,0.0228520353433707,0.985651423369561,0.0272967525246944,1.00663094608982,0.0416779262067851,0.270600248632996,0.0595441313995305,0.441249596693633,0.0291438724680553,-0.899678422723685,0.00406473718055431,1,0.845444468602356,0.0836074501330746,0.0363324552467594,0.673450555268398,0.0219130172713292,0.67986986905537,0.0220890784591933,0.688256604468898,0.0226332765835559,0.671698410259621,0.024275663179371,0.691018732385277,0.0256983044300182
