"beta1","beta1_sd","beta2","beta2_sd","omega_b1","omega_b1_sd","omega_b2","omega_b2_sd","omega_cov","omega_cov_sd","rho","rho_sd","conv_code","omega_cor","tau1","tau1_sd","tau2","tau2_sd","tau3","tau3_sd","tau4","tau4_sd","tau5","tau5_sd","tau6","tau6_sd"
1.00453349046132,0.00788620098034925,1.00326164058749,0.0134657380275634,0.0625005853122087,0.00138912813779785,1.01963506817634,0.0320150716959702,0.00230401067842013,0.00407597155712822,-0.902183336562296,0.00162445376267576,1,0.00912683214846212,-0.0210478581318969,0.0193197031583671,0.708237698473256,0.0104501462811093,0.70030791179427,0.00967533797334983,0.703340233261879,0.00986516464301506,0.6840151576246,0.0111849122559925,0.711917101041915,0.0135367292020269
