"beta1","beta1_sd","beta2","beta2_sd","omega_b1","omega_b1_sd","omega_b2","omega_b2_sd","omega_cov","omega_cov_sd","rho","rho_sd","conv_code","omega_cor","tau1","tau1_sd","tau2","tau2_sd","tau3","tau3_sd","tau4","tau4_sd","tau5","tau5_sd","tau6","tau6_sd"
0.993911823983264,0.00981950111233479,1.00150022297821,0.00993259324788961,0.543314353362967,0.00909736455434142,0.058191101655468,0.00983375889626945,-0.0510096724528615,0.00801386293407361,-0.898542678317414,0.00152660261644338,1,-0.286878932380823,-0.0188136097696601,0.022954521238803,0.693296573051426,0.00942139510283941,0.696570410220161,0.00879565015250952,0.67962281993325,0.00937516384022181,0.686763883847611,0.010619617647831,0.692867880834568,0.0124190331274725
