"beta1","beta1_sd","beta2","beta2_sd","omega_b1","omega_b1_sd","omega_b2","omega_b2_sd","omega_cov","omega_cov_sd","rho","rho_sd","conv_code","omega_cor","tau1","tau1_sd","tau2","tau2_sd","tau3","tau3_sd","tau4","tau4_sd","tau5","tau5_sd","tau6","tau6_sd"
0.994695443521318,0.00857042781598608,1.01054601679359,0.010911513540196,0.575340214568359,0.00913126872441951,1.0330634669411,0.0242366384894331,0.461155207754672,0.0110161643109759,0.293378818573864,0.0174339854398671,1,0.59816534750142,-0.0120693990604206,0.0198157743022785,0.693189165137414,0.00757762156556271,0.687044832362238,0.0075827218341814,0.698778788045855,0.00851324445559745,0.695226668494087,0.0101129953343764,0.717269325572812,0.0118487504729568
