"beta1","beta1_sd","beta2","beta2_sd","omega_b1","omega_b1_sd","omega_b2","omega_b2_sd","omega_cov","omega_cov_sd","rho","rho_sd","conv_code","omega_cor","tau1","tau1_sd","tau2","tau2_sd","tau3","tau3_sd","tau4","tau4_sd","tau5","tau5_sd","tau6","tau6_sd"
0.993241388897609,0.00967957159685013,1.01498746424959,0.0103545288011499,0.575399976468543,0.0098859568057506,0.256320078847004,0.0141432464798878,-0.112668916508347,0.00831755500054255,-0.305546477401318,0.0113672823780252,1,-0.293378229952989,-0.0141082836596998,0.0212026247236984,0.696786474045834,0.00926299285594285,0.699697034343748,0.00911424187354638,0.686304976657188,0.0101151193892935,0.723467325847344,0.0116479242334896,0.695224589401823,0.0143169795361126
