"beta1","beta1_sd","beta2","beta2_sd","omega_b1","omega_b1_sd","omega_b2","omega_b2_sd","omega_cov","omega_cov_sd","rho","rho_sd","conv_code","omega_cor","tau1","tau1_sd","tau2","tau2_sd","tau3","tau3_sd","tau4","tau4_sd","tau5","tau5_sd","tau6","tau6_sd"
1.00872160617903,0.00695733612628721,0.996578347425751,0.00716399478397811,0.252740692314043,0.00378089077513417,0.0634816150137624,0.00656932437160042,-0.109253272992051,0.00374183215655895,-0.304305802442089,0.00803428331212835,1,-0.862527374668835,0.00240950313484858,0.0168312524339739,0.688156447225854,0.00750594715399745,0.707158994566559,0.00688765622922953,0.698999918243209,0.00758042277640977,0.702778129175951,0.00902878272478226,0.698944125562968,0.0113644034843527
