"beta1","beta1_sd","beta2","beta2_sd","omega_b1","omega_b1_sd","omega_b2","omega_b2_sd","omega_cov","omega_cov_sd","rho","rho_sd","conv_code","omega_cor","tau1","tau1_sd","tau2","tau2_sd","tau3","tau3_sd","tau4","tau4_sd","tau5","tau5_sd","tau6","tau6_sd"
0.997828958996937,0.00804968929701173,0.994534395520892,0.00774297440406869,0.244296696291636,0.00638064787489903,0.060539084739953,0.00630346393561182,-0.107864682870926,0.0053073992097792,0.903243420426594,0.00197720718748439,1,-0.886956965334298,0.0014561634478865,0.0294179760644815,0.695531844627731,0.00918371265849279,0.689841389740925,0.00840595988654617,0.695712299478018,0.00873856466615459,0.695591171561697,0.00984762850883544,0.701906539207639,0.0122210753305362
