"beta1","beta1_sd","beta2","beta2_sd","omega_b1","omega_b1_sd","omega_b2","omega_b2_sd","omega_cov","omega_cov_sd","rho","rho_sd","conv_code","omega_cor","tau1","tau1_sd","tau2","tau2_sd","tau3","tau3_sd","tau4","tau4_sd","tau5","tau5_sd","tau6","tau6_sd"
0.98204404982291,0.011972193002367,1.01418989049606,0.0120700373883088,0.983574448303199,0.0182627797144433,0.246603545172409,0.016817242224051,0.163792351422853,0.0132152107183927,-0.602950050133369,0.00705459381056009,1,0.332575567565581,-0.0197836199197745,0.0243735302934178,0.69327422767692,0.010471937566885,0.68511582700137,0.010437104748165,0.677601670037303,0.0115047357990339,0.699081350894365,0.0128332672380515,0.705629080770355,0.014670361036838
