"beta1","beta1_sd","beta2","beta2_sd","omega_b1","omega_b1_sd","omega_b2","omega_b2_sd","omega_cov","omega_cov_sd","rho","rho_sd","conv_code","omega_cor","tau1","tau1_sd","tau2","tau2_sd","tau3","tau3_sd","tau4","tau4_sd","tau5","tau5_sd","tau6","tau6_sd"
1.0047524603237,0.00976634001788632,0.989059023303952,0.0111288021272241,0.576720419972432,0.0103215292730041,0.594878513699839,0.0199918015966303,0.181093403090767,0.00947978944982774,0.010711985320074,0.0183298668131445,1,0.309176035589371,0.0294030875287992,0.0216508851480914,0.682713407632655,0.00916298095217503,0.69369711472007,0.00915216497466646,0.699887293149943,0.0102443262512515,0.694024294645716,0.0118897180754852,0.703050321581913,0.0140768457615641
