"beta1","beta1_sd","beta2","beta2_sd","omega_b1","omega_b1_sd","omega_b2","omega_b2_sd","omega_cov","omega_cov_sd","rho","rho_sd","conv_code","omega_cor","tau1","tau1_sd","tau2","tau2_sd","tau3","tau3_sd","tau4","tau4_sd","tau5","tau5_sd","tau6","tau6_sd"
0.980146260986501,0.01118246432821,0.988740645596937,0.0115198820051518,0.550849847240536,0.0121632335132529,0.0595477210402022,0.0115536044375482,-0.181107138797873,0.00893367875764034,0.000326905428789539,0.0224746278621544,1,-0.999968639771318,-0.0349634347976201,0.0246782686555812,0.685754950995364,0.0114432210766059,0.699780173855418,0.0114445456030892,0.698637134558406,0.0128216553934997,0.669033205394337,0.014902844135285,0.656523199920292,0.0175407074706802
