"beta1","beta1_sd","beta2","beta2_sd","omega_b1","omega_b1_sd","omega_b2","omega_b2_sd","omega_cov","omega_cov_sd","rho","rho_sd","conv_code","omega_cor","tau1","tau1_sd","tau2","tau2_sd","tau3","tau3_sd","tau4","tau4_sd","tau5","tau5_sd","tau6","tau6_sd"
0.98284456952809,0.0127103376335298,1.00629610584495,0.0137800124763915,1.01018707006778,0.0225287120932128,0.562546560142706,0.0265417416813536,-0.459980513896601,0.0183985714010737,0.597328358741733,0.0204819184738176,1,-0.610181863163344,-0.0082781762349282,0.0293867535745393,0.681821893346184,0.0119484391069959,0.683319816531012,0.0119716478876618,0.686372265441742,0.0131726747911551,0.694946480888086,0.0150409355633022,0.678348312740744,0.0178568371669422
