"beta1","beta1_sd","beta2","beta2_sd","omega_b1","omega_b1_sd","omega_b2","omega_b2_sd","omega_cov","omega_cov_sd","rho","rho_sd","conv_code","omega_cor","tau1","tau1_sd","tau2","tau2_sd","tau3","tau3_sd","tau4","tau4_sd","tau5","tau5_sd","tau6","tau6_sd"
0.982426377545896,0.0107674945894262,1.00488851190739,0.0146520152704698,0.061071786735114,0.00183220228316077,0.0426787390170453,0.0165539875103976,-0.0134925336418157,0.0030783915666544,-0.898107629759389,0.00230946772971285,1,-0.264281891787015,-0.0490707710072102,0.0209431130620645,0.695108531215636,0.0137364966720211,0.693595638583685,0.0129262665533535,0.683880370085573,0.0136163058757223,0.679129306937477,0.0152292759235732,0.678281033643188,0.0182611895206885
