"beta1","beta1_sd","beta2","beta2_sd","omega_b1","omega_b1_sd","omega_b2","omega_b2_sd","omega_cov","omega_cov_sd","rho","rho_sd","conv_code","omega_cor","tau1","tau1_sd","tau2","tau2_sd","tau3","tau3_sd","tau4","tau4_sd","tau5","tau5_sd","tau6","tau6_sd"
0.99839677673824,0.00899679913580244,1.00918569659486,0.0112184460561616,0.55932068425906,0.00891432363522116,0.961429503488787,0.0244016450489258,-0.437919255920407,0.010855185242833,-0.29899996485008,0.0101091327206223,1,-0.59717948425905,-0.0117563986364239,0.0195707154820923,0.69114859363341,0.00822237640171812,0.697271693031401,0.00782564925871734,0.689074365575186,0.00877042166343746,0.697269249047601,0.0101088086408218,0.699778691059781,0.0122703204090409
