"beta1","beta1_sd","beta2","beta2_sd","omega_b1","omega_b1_sd","omega_b2","omega_b2_sd","omega_cov","omega_cov_sd","rho","rho_sd","conv_code","omega_cor","tau1","tau1_sd","tau2","tau2_sd","tau3","tau3_sd","tau4","tau4_sd","tau5","tau5_sd","tau6","tau6_sd"
0.996458276544685,0.00994423411967719,1.00438169064488,0.0127712165997521,0.552625409515433,0.0098598567806881,0.968495976271661,0.0298976598647045,-0.657966143348575,0.014487753557543,-0.589306583312599,0.00676754404106437,1,-0.899371687385759,0.000734946506570677,0.0219937673233797,0.699804621381044,0.0100702076739754,0.692232597770676,0.0094787046616616,0.677288031437827,0.0102359216865053,0.696810197045491,0.0116822563685933,0.696226662407149,0.0142170109827625
