"beta1","beta1_sd","beta2","beta2_sd","omega_b1","omega_b1_sd","omega_b2","omega_b2_sd","omega_cov","omega_cov_sd","rho","rho_sd","conv_code","omega_cor","tau1","tau1_sd","tau2","tau2_sd","tau3","tau3_sd","tau4","tau4_sd","tau5","tau5_sd","tau6","tau6_sd"
0.999177626377942,0.00569725202995254,1.0018184168643,0.007274547961729,0.0631688622329262,0.00126952484310791,0.061563599571466,0.0064947860546718,0.0540222942897009,0.00201573464558787,-0.00355467424530321,0.0114645913858,1,0.866282407333312,-0.00597067619510785,0.0165685469524721,0.694484681956802,0.00823534618553717,0.695550787624034,0.00716538838980711,0.690508264982967,0.00794596358571562,0.682656779926755,0.00950271147642698,0.694280722921548,0.0124020873152468
