"beta1","beta1_sd","beta2","beta2_sd","omega_b1","omega_b1_sd","omega_b2","omega_b2_sd","omega_cov","omega_cov_sd","rho","rho_sd","conv_code","omega_cor","tau1","tau1_sd","tau2","tau2_sd","tau3","tau3_sd","tau4","tau4_sd","tau5","tau5_sd","tau6","tau6_sd"
1.00693400269299,0.00861450028322924,1.00227309076173,0.0126825710984132,0.0642793058950932,0.00176157568332168,0.584174485497139,0.0226682757519095,-0.0582203613314835,0.0036156210954657,-0.284050972473597,0.0148444112355853,1,-0.300447098902075,0.0478617576012085,0.0210793145216331,0.697309607686077,0.0114748760901237,0.690086981092399,0.0103259690608305,0.694182808617157,0.0113415954753114,0.701745273423813,0.0131617192336228,0.708155436898123,0.0169926740849384
