"beta1","beta1_sd","beta2","beta2_sd","omega_b1","omega_b1_sd","omega_b2","omega_b2_sd","omega_cov","omega_cov_sd","rho","rho_sd","conv_code","omega_cor","tau1","tau1_sd","tau2","tau2_sd","tau3","tau3_sd","tau4","tau4_sd","tau5","tau5_sd","tau6","tau6_sd"
1.02709074742282,0.0159775953757475,1.00018122796462,0.0199894101085196,0.254993910383138,0.00838057477518834,0.0567191004151593,0.030354031127265,0.12026227208533,0.00862043400593236,-0.902830437376805,0.00291949560389067,1,0.999999615531628,0.0391468057019535,0.0265651988354546,0.693684473657776,0.0168791395950481,0.716419131604695,0.0166372560328751,0.696465978877106,0.0174930536434247,0.691296586055959,0.0189473075406095,0.697367957830362,0.0214509154109389
