"beta1","beta1_sd","beta2","beta2_sd","omega_b1","omega_b1_sd","omega_b2","omega_b2_sd","omega_cov","omega_cov_sd","rho","rho_sd","conv_code","omega_cor","tau1","tau1_sd","tau2","tau2_sd","tau3","tau3_sd","tau4","tau4_sd","tau5","tau5_sd","tau6","tau6_sd"
0.995483171787429,0.00969890322357567,0.975602947399834,0.0116926509143736,0.247475724296757,0.00562854069002166,0.24205092880837,0.0153844625542125,-0.152716758543127,0.00620841495862912,-0.00501922616812079,0.0205045523701164,1,-0.623974754329818,0.000492089302538421,0.023120063417034,0.692471401851744,0.0111678966977597,0.676187834915926,0.010498383075523,0.692597930014904,0.0118042285667724,0.6859659046181,0.0140271253453584,0.668325767690745,0.0173323030475404
