"beta1","beta1_sd","beta2","beta2_sd","omega_b1","omega_b1_sd","omega_b2","omega_b2_sd","omega_cov","omega_cov_sd","rho","rho_sd","conv_code","omega_cor","tau1","tau1_sd","tau2","tau2_sd","tau3","tau3_sd","tau4","tau4_sd","tau5","tau5_sd","tau6","tau6_sd"
1.00340927420492,0.0106739407281401,0.997147969431797,0.00946190077079648,1.00804481578606,0.0178268794167843,0.267839577436999,0.0126107578765727,0.318273018459607,0.0123477954107667,0.598233995568149,0.0170561916858663,1,0.612523178006453,-0.000245257641303191,0.0238919306552125,0.694828945930456,0.00922231899018567,0.691472927585955,0.00908078872504537,0.703254701572658,0.0100045668338776,0.685438481426022,0.0117619212411026,0.708730776618115,0.0134151148390002
