"beta1","beta1_sd","beta2","beta2_sd","omega_b1","omega_b1_sd","omega_b2","omega_b2_sd","omega_cov","omega_cov_sd","rho","rho_sd","conv_code","omega_cor","tau1","tau1_sd","tau2","tau2_sd","tau3","tau3_sd","tau4","tau4_sd","tau5","tau5_sd","tau6","tau6_sd"
1.00196485336876,0.0130854683264517,1.00404485753671,0.0130545656940562,0.994066280316826,0.0198886103611684,0.0730664234033875,0.0148905018825299,0.225553302982086,0.0147619663009789,-0.901950169876537,0.00188045451434051,1,0.836917396707496,0.00513514432461589,0.0282077205929619,0.686707905261844,0.0116431051584486,0.703211900742211,0.0114228179775092,0.702154076551615,0.0119886832260838,0.694270249544831,0.0134515045334356,0.686347009253082,0.0153233075177641
