"beta1","beta1_sd","beta2","beta2_sd","omega_b1","omega_b1_sd","omega_b2","omega_b2_sd","omega_cov","omega_cov_sd","rho","rho_sd","conv_code","omega_cor","tau1","tau1_sd","tau2","tau2_sd","tau3","tau3_sd","tau4","tau4_sd","tau5","tau5_sd","tau6","tau6_sd"
0.989386196298576,0.0107065915184026,0.99639745963655,0.0131071871757834,0.249660039674255,0.00599429148111492,0.233523783768687,0.0172225055358703,-0.0667748027844861,0.0061007984593448,-0.307350465947893,0.0159685111680978,1,-0.276549283108644,-0.0336103462389311,0.0233571770981613,0.697513097307806,0.0120330667712675,0.687991686862845,0.0114938776273982,0.678019736103856,0.0129341297688185,0.705785175100199,0.0146275455014297,0.675341935837876,0.0183317662036934
