"beta1","beta1_sd","beta2","beta2_sd","omega_b1","omega_b1_sd","omega_b2","omega_b2_sd","omega_cov","omega_cov_sd","rho","rho_sd","conv_code","omega_cor","tau1","tau1_sd","tau2","tau2_sd","tau3","tau3_sd","tau4","tau4_sd","tau5","tau5_sd","tau6","tau6_sd"
0.999409902579258,0.00501926995211865,1.0012795711936,0.00711170700157056,0.0610399817549511,0.00108907313683786,0.241842766291626,0.00803466159887764,-0.110497439282107,0.00224533978481373,0.00307707714504388,0.00935488738597588,1,-0.909449241581504,-0.00355837363547326,0.0153192354868832,0.692635359555256,0.00743080937917863,0.696165993858071,0.00616273687523785,0.696901896497052,0.00665295198969868,0.683743897060768,0.00790735107503025,0.690875837654233,0.0104951040263574
