"beta1","beta1_sd","beta2","beta2_sd","omega_b1","omega_b1_sd","omega_b2","omega_b2_sd","omega_cov","omega_cov_sd","rho","rho_sd","conv_code","omega_cor","tau1","tau1_sd","tau2","tau2_sd","tau3","tau3_sd","tau4","tau4_sd","tau5","tau5_sd","tau6","tau6_sd"
1.00858009997803,0.00525877905993036,1.00873816593867,0.0067103920603324,0.0627044269127852,0.0010734191776883,0.0681527039741093,0.00596779363466353,0.0567475054097548,0.00182461619973821,-0.302587193476462,0.00725155566543977,1,0.868072758976486,0.000405477805389649,0.01432891552984,0.703787269386454,0.00729565091139405,0.69415521346296,0.00640503685133415,0.698443996378178,0.00694974007908982,0.688626030484716,0.00828941530732574,0.696336801244343,0.0109204533149528
