"beta1","beta1_sd","beta2","beta2_sd","omega_b1","omega_b1_sd","omega_b2","omega_b2_sd","omega_cov","omega_cov_sd","rho","rho_sd","conv_code","omega_cor","tau1","tau1_sd","tau2","tau2_sd","tau3","tau3_sd","tau4","tau4_sd","tau5","tau5_sd","tau6","tau6_sd"
1.01041577725762,0.00762153690536706,0.997131402197978,0.0098485241981752,0.252180960093164,0.00467987557276684,0.544737167515338,0.0163848043124463,0.22122599116211,0.00602687520220574,0.310427011168911,0.0177540345946823,1,0.596879273682397,0.04648354126306,0.0199579839350257,0.684876480510644,0.00833450913015861,0.689856951443909,0.00798283435475671,0.702698780396636,0.00906568855467926,0.703972441171629,0.0106919371307553,0.702515408362616,0.0133681011340458
