"beta1","beta1_sd","beta2","beta2_sd","omega_b1","omega_b1_sd","omega_b2","omega_b2_sd","omega_cov","omega_cov_sd","rho","rho_sd","conv_code","omega_cor","tau1","tau1_sd","tau2","tau2_sd","tau3","tau3_sd","tau4","tau4_sd","tau5","tau5_sd","tau6","tau6_sd"
1.00273584153299,0.00628558163601205,0.990314239368402,0.0094442628772875,0.0623418477576323,0.0017959556087997,0.572245091188679,0.0157010704511485,-0.0556618766801792,0.00326983318459877,0.587636724513009,0.00906973679920867,1,-0.294697852917809,0.0123769203992902,0.0210894223588324,0.688714135442751,0.0090222378248282,0.695074149076911,0.00749502982979551,0.693722839025826,0.00797331909775473,0.686489585190791,0.00960276232128164,0.677087794335991,0.0125655134455848
