"beta1","beta1_sd","beta2","beta2_sd","omega_b1","omega_b1_sd","omega_b2","omega_b2_sd","omega_cov","omega_cov_sd","rho","rho_sd","conv_code","omega_cor","tau1","tau1_sd","tau2","tau2_sd","tau3","tau3_sd","tau4","tau4_sd","tau5","tau5_sd","tau6","tau6_sd"
1.01873331875151,0.0110746197632318,0.998746211845458,0.0167485268487519,0.0638497946773557,0.00186757165026504,0.969720459887653,0.0391430127775876,-0.221753035678707,0.00674722461028443,-0.901508275193384,0.00225643883230194,1,-0.891182278685663,-0.0123420783921477,0.0223094036116,0.707788463491128,0.0139614862143354,0.710146718927226,0.0131512251941569,0.70726669761919,0.013457591201566,0.711061883304552,0.0148206529646706,0.701335732579755,0.0176883663637583
