"beta1","beta1_sd","beta2","beta2_sd","omega_b1","omega_b1_sd","omega_b2","omega_b2_sd","omega_cov","omega_cov_sd","rho","rho_sd","conv_code","omega_cor","tau1","tau1_sd","tau2","tau2_sd","tau3","tau3_sd","tau4","tau4_sd","tau5","tau5_sd","tau6","tau6_sd"
1.00859508952749,0.0154493364039092,1.0142932903389,0.0210585640461351,0.252983465606047,0.00832932177759442,0.485716718600595,0.0410137011430353,-0.195029203326796,0.0107822268704078,-0.899912132280318,0.0029710698744223,1,-0.556367882790283,-0.0172223483153004,0.0268514053203885,0.708656936338675,0.0168576034253565,0.696546028253782,0.016380979877543,0.708896008950115,0.017049496349153,0.687647391827993,0.0187417512519137,0.705957858754463,0.0211406910791595
