"beta1","beta1_sd","beta2","beta2_sd","omega_b1","omega_b1_sd","omega_b2","omega_b2_sd","omega_cov","omega_cov_sd","rho","rho_sd","conv_code","omega_cor","tau1","tau1_sd","tau2","tau2_sd","tau3","tau3_sd","tau4","tau4_sd","tau5","tau5_sd","tau6","tau6_sd"
0.994519745435023,0.0081285165366732,1.00056722394485,0.00936728175671713,0.250294344345297,0.00423470510921498,0.0495491767186018,0.00982417269263773,-0.0708214341444048,0.00455560739681816,-0.598137452169753,0.00587974990382101,1,-0.635947079752216,0.00316614069833854,0.0193811876988974,0.684741421893504,0.00927212453959599,0.68361125692396,0.0086145566393462,0.69198770729845,0.00937585768988723,0.707931161075883,0.0109788832866143,0.672001622956555,0.0137599138804846
