"beta1","beta1_sd","beta2","beta2_sd","omega_b1","omega_b1_sd","omega_b2","omega_b2_sd","omega_cov","omega_cov_sd","rho","rho_sd","conv_code","omega_cor","tau1","tau1_sd","tau2","tau2_sd","tau3","tau3_sd","tau4","tau4_sd","tau5","tau5_sd","tau6","tau6_sd"
0.99703242589847,0.0144464882405828,1.00861647887942,0.0169425938955268,1.01009994479975,0.0255327297376959,1.01438293022149,0.0432696736325391,0.910497053260996,0.0274411083053312,-0.304018924194923,0.0197519958546995,1,0.899488063916491,-0.00976149197001105,0.0268559902230446,0.686040296071015,0.0132875859100309,0.701308734705047,0.0142234763348578,0.703769740914026,0.0154101151571544,0.687678904229378,0.0173541896898446,0.713252906146376,0.0193870134148641
