"beta1","beta1_sd","beta2","beta2_sd","omega_b1","omega_b1_sd","omega_b2","omega_b2_sd","omega_cov","omega_cov_sd","rho","rho_sd","conv_code","omega_cor","tau1","tau1_sd","tau2","tau2_sd","tau3","tau3_sd","tau4","tau4_sd","tau5","tau5_sd","tau6","tau6_sd"
0.994572638294948,0.0110385416969958,1.00720125244159,0.0100413106283625,1.00672999942626,0.0198114621679698,0.559058588671431,0.0176119032013216,0.456750614230884,0.0150599905870655,0.904062161717684,0.00265322699483197,1,0.608827096600111,-0.0253665094652427,0.0313534408197931,0.700584380112247,0.00901384032825486,0.692621517497143,0.00870147744158626,0.707281521757084,0.00903329885144994,0.697294031641184,0.01022474061969,0.694209487925891,0.0119406683424508
