"beta1","beta1_sd","beta2","beta2_sd","omega_b1","omega_b1_sd","omega_b2","omega_b2_sd","omega_cov","omega_cov_sd","rho","rho_sd","conv_code","omega_cor","tau1","tau1_sd","tau2","tau2_sd","tau3","tau3_sd","tau4","tau4_sd","tau5","tau5_sd","tau6","tau6_sd"
1.00700079216282,0.00622850587833234,1.0056925812655,0.00980955278875834,0.0634293425742442,0.00139830830119566,0.600085338707782,0.0162756926357805,-0.0570960507126784,0.00295025102263385,0.0273446071492274,0.0137378043688033,1,-0.292653994544658,0.003263133205934,0.0182087501935353,0.702943677096758,0.00868827195688296,0.699737959372075,0.00751175015729132,0.702520935930397,0.00825337987141551,0.686216020276009,0.00987806968077741,0.710365689695291,0.0128095788376356
