"beta1","beta1_sd","beta2","beta2_sd","omega_b1","omega_b1_sd","omega_b2","omega_b2_sd","omega_cov","omega_cov_sd","rho","rho_sd","conv_code","omega_cor","tau1","tau1_sd","tau2","tau2_sd","tau3","tau3_sd","tau4","tau4_sd","tau5","tau5_sd","tau6","tau6_sd"
0.984374764183439,0.010485612463012,1.00707801298117,0.00926063561067219,0.995154276783426,0.0158549943514354,0.244030291759789,0.0117696330376832,-0.00226562301079135,0.0104983186857439,-0.301947948554531,0.00986864840593514,1,-0.00459748764141816,-0.00288573304227462,0.0204728093060966,0.687546290961388,0.00834897647223591,0.688313668542909,0.00836285220549475,0.694522223433677,0.00930181728100229,0.682368997688975,0.0106777341749437,0.684525199672004,0.0125763225236369
