"beta1","beta1_sd","beta2","beta2_sd","omega_b1","omega_b1_sd","omega_b2","omega_b2_sd","omega_cov","omega_cov_sd","rho","rho_sd","conv_code","omega_cor","tau1","tau1_sd","tau2","tau2_sd","tau3","tau3_sd","tau4","tau4_sd","tau5","tau5_sd","tau6","tau6_sd"
1.01192982561843,0.0120157489613945,0.991325698749881,0.0128401754306388,0.98161360474597,0.0183792572935507,0.567107007377851,0.0243271104115049,-0.450663500730219,0.0159023622225183,-0.597104422347873,0.00732807322434466,1,-0.604017601837021,0.0413580939193553,0.0248356582946164,0.700656854079874,0.0105630703921641,0.682480726836537,0.0104738618584351,0.69667322879348,0.0113811329618064,0.678604114197031,0.0127544207995052,0.694733411169064,0.014756445003468
