"beta1","beta1_sd","beta2","beta2_sd","omega_b1","omega_b1_sd","omega_b2","omega_b2_sd","omega_cov","omega_cov_sd","rho","rho_sd","conv_code","omega_cor","tau1","tau1_sd","tau2","tau2_sd","tau3","tau3_sd","tau4","tau4_sd","tau5","tau5_sd","tau6","tau6_sd"
0.998727189281713,0.00713426471941874,1.00582314781627,0.00895260120299778,0.0630008911019011,0.00203899003326012,0.0513720893293322,0.00750405893101341,-0.00100237490313875,0.00273284352519527,0.593493020058952,0.00996151096950505,1,-0.0176194855509733,0.000322870485156523,0.0232037738530288,0.693506407586049,0.0104086640119197,0.690131231228545,0.00901673828521142,0.693859156157794,0.00956918532798776,0.702475905506904,0.0114231520090099,0.65810791399444,0.0155575234522652
