"beta1","beta1_sd","beta2","beta2_sd","omega_b1","omega_b1_sd","omega_b2","omega_b2_sd","omega_cov","omega_cov_sd","rho","rho_sd","conv_code","omega_cor","tau1","tau1_sd","tau2","tau2_sd","tau3","tau3_sd","tau4","tau4_sd","tau5","tau5_sd","tau6","tau6_sd"
0.991467770834483,0.00978737183640135,0.989676454411407,0.00913086988167978,1.00111965075185,0.0152176626445881,0.556762254710051,0.0162117343274222,0.674917405647868,0.0135238311005559,0.287175506732385,0.0158611341073662,1,0.904008976539957,-0.00572851884966539,0.0192418233122865,0.69413471827136,0.00756624826735732,0.685869760574754,0.007834865029227,0.684172679416541,0.00880013396940867,0.693769951240752,0.0100466004885276,0.696670207257207,0.0119031714537969
