"beta1","beta1_sd","beta2","beta2_sd","omega_b1","omega_b1_sd","omega_b2","omega_b2_sd","omega_cov","omega_cov_sd","rho","rho_sd","conv_code","omega_cor","tau1","tau1_sd","tau2","tau2_sd","tau3","tau3_sd","tau4","tau4_sd","tau5","tau5_sd","tau6","tau6_sd"
0.985320198181037,0.0110414497602315,0.983052317813551,0.0124640849331207,0.991261776007208,0.0168289272088577,0.990764108960784,0.0293821348056666,-0.590587787516502,0.0167072966680345,-0.603143911285678,0.0059409968438155,1,-0.595943585412062,-0.0303558279104575,0.0220492271706031,0.692374861909291,0.00913248784803311,0.688437495178427,0.00893038086552964,0.701677133312085,0.00969393465715995,0.70320147554722,0.0110215680461516,0.709073016918453,0.0129313945229681
