"beta1","beta1_sd","beta2","beta2_sd","omega_b1","omega_b1_sd","omega_b2","omega_b2_sd","omega_cov","omega_cov_sd","rho","rho_sd","conv_code","omega_cor","tau1","tau1_sd","tau2","tau2_sd","tau3","tau3_sd","tau4","tau4_sd","tau5","tau5_sd","tau6","tau6_sd"
1.00588953158942,0.00802461924287901,1.0097630554748,0.0107696724466824,0.247840626932066,0.0043585966607799,0.581981890400742,0.0187034013120277,0.226091390849989,0.00625764483147298,-0.294313057077594,0.010911169252228,1,0.595309811799066,0.0141727691853085,0.018794822668051,0.69542931557127,0.00871151771128181,0.693859454180908,0.00855941007836006,0.69729007141831,0.00958673935427681,0.677977906891604,0.0112670597095163,0.683023438665086,0.0137094332601565
