"beta1","beta1_sd","beta2","beta2_sd","omega_b1","omega_b1_sd","omega_b2","omega_b2_sd","omega_cov","omega_cov_sd","rho","rho_sd","conv_code","omega_cor","tau1","tau1_sd","tau2","tau2_sd","tau3","tau3_sd","tau4","tau4_sd","tau5","tau5_sd","tau6","tau6_sd"
1.00287398704974,0.0112577929267494,0.990109504691796,0.0123448806400515,0.538576507392532,0.012163686838507,0.258747976767072,0.016655128452782,0.345435212184048,0.0110561694041263,0.0554704041276011,0.02451465955713,1,0.925346574245261,0.0478748809700053,0.0239379873073943,0.665140036815878,0.011295929250757,0.674059620157915,0.0118595954496223,0.712416158695008,0.0130574124103592,0.691796963050684,0.015042326810528,0.672720735418099,0.0180492819420737
