"beta1","beta1_sd","beta2","beta2_sd","omega_b1","omega_b1_sd","omega_b2","omega_b2_sd","omega_cov","omega_cov_sd","rho","rho_sd","conv_code","omega_cor","tau1","tau1_sd","tau2","tau2_sd","tau3","tau3_sd","tau4","tau4_sd","tau5","tau5_sd","tau6","tau6_sd"
1.00621216300054,0.00741306182315249,0.990995674729895,0.00951937785839847,0.0625713467871351,0.00168465886326141,0.0618527893207811,0.0090916883143704,0.0382717008902586,0.00251802520925876,-0.0151629571826934,0.0164845996712377,1,0.615191558653121,0.015674835219396,0.0199821312028448,0.689360453264129,0.010350218245814,0.701559991823194,0.00916679238129886,0.69996080072628,0.0102645244273938,0.685232230038023,0.0124756111104672,0.686073856780606,0.0161464451009443
