"beta1","beta1_sd","beta2","beta2_sd","omega_b1","omega_b1_sd","omega_b2","omega_b2_sd","omega_cov","omega_cov_sd","rho","rho_sd","conv_code","omega_cor","tau1","tau1_sd","tau2","tau2_sd","tau3","tau3_sd","tau4","tau4_sd","tau5","tau5_sd","tau6","tau6_sd"
1.00861197321925,0.00567794099117495,1.00073565070493,0.00905262010364428,0.0637185420692261,0.00137115589655706,0.559724427763586,0.0142965367182566,-0.168880413098626,0.00330515868872898,0.294448197872138,0.0122010607593871,1,-0.894250593394202,-0.00116110599105783,0.0187298056530625,0.700218244336233,0.00863659179058308,0.705694330467718,0.00710900462706797,0.696918518491709,0.00769251868090867,0.694439723893548,0.00919534105819824,0.705754379505081,0.0118048636152424
