"beta1","beta1_sd","beta2","beta2_sd","omega_b1","omega_b1_sd","omega_b2","omega_b2_sd","omega_cov","omega_cov_sd","rho","rho_sd","conv_code","omega_cor","tau1","tau1_sd","tau2","tau2_sd","tau3","tau3_sd","tau4","tau4_sd","tau5","tau5_sd","tau6","tau6_sd"
0.994388380154656,0.00737991898306918,0.987502939250149,0.00857368668141082,0.245256976191309,0.00443214961180033,0.245130827955348,0.0107293344063872,-0.144266517246069,0.00482692850903883,0.306943469444055,0.0165856257016929,1,-0.588377283445746,-0.0203501826171171,0.0197859549198153,0.684536629322034,0.00850648409881287,0.69881617104957,0.00762370735637767,0.699189240195376,0.0086478658812809,0.667335434750584,0.0105604082893,0.676089509268315,0.0131564985535541
