"beta1","beta1_sd","beta2","beta2_sd","omega_b1","omega_b1_sd","omega_b2","omega_b2_sd","omega_cov","omega_cov_sd","rho","rho_sd","conv_code","omega_cor","tau1","tau1_sd","tau2","tau2_sd","tau3","tau3_sd","tau4","tau4_sd","tau5","tau5_sd","tau6","tau6_sd"
0.992030653300697,0.0122678585309635,0.984776525231732,0.0155869186128288,0.555824740687522,0.0136909535930368,0.936318662923816,0.0366825042827472,0.431280261086098,0.0149109489809613,-0.0316490943533508,0.025948328037554,1,0.597831514142481,-0.0118313227743296,0.0255297284230416,0.69825766152474,0.0119361111664947,0.6914154508563,0.012487747435891,0.709203105211363,0.0141606893734703,0.653362614196551,0.0162720077510358,0.684970724554689,0.0187611162894052
