"beta1","beta1_sd","beta2","beta2_sd","omega_b1","omega_b1_sd","omega_b2","omega_b2_sd","omega_cov","omega_cov_sd","rho","rho_sd","conv_code","omega_cor","tau1","tau1_sd","tau2","tau2_sd","tau3","tau3_sd","tau4","tau4_sd","tau5","tau5_sd","tau6","tau6_sd"
1.00696011999755,0.00630645174491312,1.00083777302791,0.0100229721544121,0.0642600144516063,0.00130004168473255,0.587463347110865,0.016617900382971,0.117005575134312,0.00320680455736588,-0.309959760154253,0.00959443287170026,1,0.602206943369631,0.00455575790966914,0.016806664703338,0.707789894196336,0.00866824109614702,0.692434245788569,0.00773864024494475,0.706380190921111,0.0085343975843788,0.691592162101486,0.0101229990186237,0.706495321328028,0.0132555473332106
