"beta1","beta1_sd","beta2","beta2_sd","omega_b1","omega_b1_sd","omega_b2","omega_b2_sd","omega_cov","omega_cov_sd","rho","rho_sd","conv_code","omega_cor","tau1","tau1_sd","tau2","tau2_sd","tau3","tau3_sd","tau4","tau4_sd","tau5","tau5_sd","tau6","tau6_sd"
1.01535061880552,0.00979540372379058,0.996085271933142,0.00910140768603698,0.577428738646883,0.0124653941078238,0.251414534756409,0.01158880298656,-0.342761684807092,0.0103194897833855,0.902573017628868,0.00236183527197753,1,-0.899596756027453,0.00387193702384652,0.0311283544797776,0.695641933494059,0.00963939396401258,0.697841946183838,0.00900223981855178,0.681003702740574,0.00945235367011852,0.710393032958347,0.0105981841985246,0.685240180416601,0.0129584133547284
