"beta1","beta1_sd","beta2","beta2_sd","omega_b1","omega_b1_sd","omega_b2","omega_b2_sd","omega_cov","omega_cov_sd","rho","rho_sd","conv_code","omega_cor","tau1","tau1_sd","tau2","tau2_sd","tau3","tau3_sd","tau4","tau4_sd","tau5","tau5_sd","tau6","tau6_sd"
0.994284676313003,0.00931538428782822,1.00481122824237,0.0104597849356508,0.548884574338526,0.0102140209087066,0.564928305231853,0.0178368668673389,0.00972502340167762,0.00918376542129869,0.619810200325936,0.0142945972877579,1,0.0174643921511767,-0.0173360576640034,0.0239172596165377,0.698892567753469,0.00898434545687898,0.693477912834822,0.00859172493854664,0.695680193966984,0.00957274978489622,0.677415012306477,0.0113166166099612,0.691268033635764,0.0137545935312122
