"beta1","beta1_sd","beta2","beta2_sd","omega_b1","omega_b1_sd","omega_b2","omega_b2_sd","omega_cov","omega_cov_sd","rho","rho_sd","conv_code","omega_cor","tau1","tau1_sd","tau2","tau2_sd","tau3","tau3_sd","tau4","tau4_sd","tau5","tau5_sd","tau6","tau6_sd"
0.999645774156923,0.00757921509674672,0.987861518767088,0.00893124957381967,0.250767249559794,0.0044071412373794,0.239255484961494,0.0110142327535011,0.149687807754053,0.00492641123785254,0.0248590637050734,0.0148733742701982,1,0.611110953840782,-0.00568087053460521,0.0188095354067235,0.692365283864282,0.00837759957889912,0.69456522569839,0.00799655168323547,0.692541960035813,0.00912647988725511,0.672784586710961,0.0109175392264218,0.692432214903934,0.0135114447189311
