"beta1","beta1_sd","beta2","beta2_sd","omega_b1","omega_b1_sd","omega_b2","omega_b2_sd","omega_cov","omega_cov_sd","rho","rho_sd","conv_code","omega_cor","tau1","tau1_sd","tau2","tau2_sd","tau3","tau3_sd","tau4","tau4_sd","tau5","tau5_sd","tau6","tau6_sd"
0.999758678246515,0.00733562510444416,1.00257898259104,0.0101242837223792,0.0645161094501014,0.00191080831159084,0.269316145632112,0.0132527972914322,-0.00141653984888849,0.00298177462566899,0.275276659308564,0.0175596861260668,1,-0.0107464127262289,-0.015281089303754,0.0219546897557927,0.696453614903783,0.0105179630874964,0.709658991942317,0.00890320110065525,0.690308238091062,0.0100226123162058,0.686427600949575,0.0121610617634656,0.717603804210205,0.0160066435592328
