"beta1","beta1_sd","beta2","beta2_sd","omega_b1","omega_b1_sd","omega_b2","omega_b2_sd","omega_cov","omega_cov_sd","rho","rho_sd","conv_code","omega_cor","tau1","tau1_sd","tau2","tau2_sd","tau3","tau3_sd","tau4","tau4_sd","tau5","tau5_sd","tau6","tau6_sd"
1.00269749906403,0.00708857200766264,1.01248118023164,0.00930977367712614,0.250954862089207,0.00397930558072826,0.587154295012174,0.0155123172386901,-0.107548038829867,0.0050185539706828,0.00592012810804709,0.0128362515707879,1,-0.280174475206418,-0.000500003941458529,0.0178880920734638,0.710358494301382,0.00746636386576983,0.688863421944871,0.00700855997555976,0.692891057160678,0.00790419491265774,0.695227585919519,0.00941364367058249,0.701726513854145,0.011622006919827
