"beta1","beta1_sd","beta2","beta2_sd","omega_b1","omega_b1_sd","omega_b2","omega_b2_sd","omega_cov","omega_cov_sd","rho","rho_sd","conv_code","omega_cor","tau1","tau1_sd","tau2","tau2_sd","tau3","tau3_sd","tau4","tau4_sd","tau5","tau5_sd","tau6","tau6_sd"
1.00378749027609,0.00968504709635501,0.998740140329276,0.010352505827138,0.556726199941906,0.00962226758811057,0.255994327079147,0.0139489487323774,0.1044811455821,0.00815105411631856,-0.298907920660473,0.0115535845877133,1,0.276759109863443,0.0126161870727653,0.0213780539857572,0.693267146606133,0.00919335296021399,0.685970016697307,0.00924182015688761,0.696296226147722,0.0102946177341832,0.680654814492672,0.0118411856314308,0.688390630575921,0.0141109721761516
