"beta1","beta1_sd","beta2","beta2_sd","omega_b1","omega_b1_sd","omega_b2","omega_b2_sd","omega_cov","omega_cov_sd","rho","rho_sd","conv_code","omega_cor","tau1","tau1_sd","tau2","tau2_sd","tau3","tau3_sd","tau4","tau4_sd","tau5","tau5_sd","tau6","tau6_sd"
0.998593825904533,0.00779820993095608,1.00216019495806,0.00920349870412441,0.251959606984345,0.00445498390137821,0.257126631182102,0.0117014269882913,-0.00301030652083055,0.00462029390777482,0.0155241211949448,0.0150806909446474,1,-0.0118269218835489,0.00887383300645294,0.0194521003441559,0.689337360530912,0.00853326466891408,0.691340084556162,0.00808848958526472,0.702368028244404,0.00909832400229448,0.686659056964505,0.0108507509867133,0.718477048212939,0.0133922698108856
