"beta1","beta1_sd","beta2","beta2_sd","omega_b1","omega_b1_sd","omega_b2","omega_b2_sd","omega_cov","omega_cov_sd","rho","rho_sd","conv_code","omega_cor","tau1","tau1_sd","tau2","tau2_sd","tau3","tau3_sd","tau4","tau4_sd","tau5","tau5_sd","tau6","tau6_sd"
1.01194146702573,0.00963690906850408,1.0021694762792,0.0135133885450255,0.251108672876244,0.00566830246922608,1.01585705837992,0.0310507610900226,-0.453104387507251,0.0104446774668653,-0.000624902609435665,0.0206882268858948,1,-0.897121179855311,0.0282591080125463,0.0243261958387869,0.701447497625438,0.0114889987194086,0.69135112708233,0.0103572508466337,0.693087070537826,0.0114858600098139,0.696466582042374,0.0138025958090075,0.705252492717261,0.0169322309850116
