"beta1","beta1_sd","beta2","beta2_sd","omega_b1","omega_b1_sd","omega_b2","omega_b2_sd","omega_cov","omega_cov_sd","rho","rho_sd","conv_code","omega_cor","tau1","tau1_sd","tau2","tau2_sd","tau3","tau3_sd","tau4","tau4_sd","tau5","tau5_sd","tau6","tau6_sd"
1.00802578618652,0.010242154482884,1.01907583766137,0.0147379662149979,0.247444853690635,0.00582991853796304,1.02092482050837,0.0330692230555479,0.454489147144886,0.0112399127937466,-0.292087974798184,0.0160406344586214,1,0.904247721092327,0.00374983358259188,0.0217707031792162,0.702716755912067,0.0112280419390783,0.685099623575867,0.0114379947667874,0.691360030291896,0.0129458048824771,0.693356090531492,0.0148952521590525,0.683465255896159,0.0181273902207978
