"beta1","beta1_sd","beta2","beta2_sd","omega_b1","omega_b1_sd","omega_b2","omega_b2_sd","omega_cov","omega_cov_sd","rho","rho_sd","conv_code","omega_cor","tau1","tau1_sd","tau2","tau2_sd","tau3","tau3_sd","tau4","tau4_sd","tau5","tau5_sd","tau6","tau6_sd"
0.988055896616175,0.00931683388279838,0.982517800374091,0.0119148444743084,0.247852651898865,0.00472456269220621,0.238707715026678,0.0170029819028519,0.145148772460836,0.00656101158130415,-0.900995941949098,0.00168517396972219,1,0.596737532965942,-0.0115065446557951,0.0220169342870223,0.697990555640544,0.0105563440099097,0.684538707748336,0.0100076690086757,0.676711216578888,0.0106174594858879,0.693756013336466,0.0118381010061492,0.704304902837781,0.0141147904638226
