"beta1","beta1_sd","beta2","beta2_sd","omega_b1","omega_b1_sd","omega_b2","omega_b2_sd","omega_cov","omega_cov_sd","rho","rho_sd","conv_code","omega_cor","tau1","tau1_sd","tau2","tau2_sd","tau3","tau3_sd","tau4","tau4_sd","tau5","tau5_sd","tau6","tau6_sd"
0.999346662339985,0.00636241210082251,1.00230610054437,0.00851193370166414,0.0635772596003955,0.00120867528185845,0.0723408522832688,0.00855460822911863,0.0400213321726514,0.00219107707903719,-0.59939443376117,0.00542428966426694,1,0.590131542084416,-0.0127910337819485,0.0164654657224786,0.694570507039511,0.00896399778685625,0.695379620933748,0.00789020906724994,0.69654388221185,0.00857370960370912,0.700633159138851,0.0101214687893872,0.695088158051864,0.0130708763324851
