"beta1","beta1_sd","beta2","beta2_sd","omega_b1","omega_b1_sd","omega_b2","omega_b2_sd","omega_cov","omega_cov_sd","rho","rho_sd","conv_code","omega_cor","tau1","tau1_sd","tau2","tau2_sd","tau3","tau3_sd","tau4","tau4_sd","tau5","tau5_sd","tau6","tau6_sd"
0.998755508969945,0.0105672579239155,0.98906142025569,0.0124895131927906,0.563569059203607,0.0101373690019417,0.551284282370407,0.0227918556038028,-0.00621546360227651,0.0103666392433105,-0.900752617658583,0.00159240878159746,1,-0.0111509572664318,0.0189676375492573,0.0244102102602377,0.691046904142034,0.00984924330891792,0.692569197665235,0.0093808459289479,0.6924288290349,0.00991470628139499,0.683204981940966,0.0111425970079319,0.680536531204642,0.0131039642679029
