"beta1","beta1_sd","beta2","beta2_sd","omega_b1","omega_b1_sd","omega_b2","omega_b2_sd","omega_cov","omega_cov_sd","rho","rho_sd","conv_code","omega_cor","tau1","tau1_sd","tau2","tau2_sd","tau3","tau3_sd","tau4","tau4_sd","tau5","tau5_sd","tau6","tau6_sd"
0.994900151242191,0.0157927732513604,0.99576250491403,0.0221243852069993,0.246531093003637,0.00829486706234803,0.957677453840768,0.0601642018925131,0.300460051372189,0.013305521709237,-0.89789032864701,0.00311767216203075,1,0.618359809914432,0.0441984091273692,0.0274096113608988,0.664049281991809,0.0172535334886407,0.683297976261591,0.0168483497489486,0.689638621603106,0.0176567553614275,0.68221383637393,0.0190846453883189,0.6773706239985,0.0214206056086714
