"beta1","beta1_sd","beta2","beta2_sd","omega_b1","omega_b1_sd","omega_b2","omega_b2_sd","omega_cov","omega_cov_sd","rho","rho_sd","conv_code","omega_cor","tau1","tau1_sd","tau2","tau2_sd","tau3","tau3_sd","tau4","tau4_sd","tau5","tau5_sd","tau6","tau6_sd"
1.01141143280386,0.00918317976915311,0.993550131491638,0.0141462388567122,0.0633541593828142,0.0017132354552161,1.01245645776078,0.0319691362460961,0.230507365080735,0.00594604585082733,-0.611432521812592,0.00805068693413889,1,0.910141804006185,-0.0296096674126803,0.020488611377665,0.725185734208368,0.0117512581519787,0.700137016897743,0.0108910751383063,0.697359926220771,0.0121165648879106,0.711356523404189,0.0139417943698409,0.66880779874133,0.0179237435898932
