"beta1","beta1_sd","beta2","beta2_sd","omega_b1","omega_b1_sd","omega_b2","omega_b2_sd","omega_cov","omega_cov_sd","rho","rho_sd","conv_code","omega_cor","tau1","tau1_sd","tau2","tau2_sd","tau3","tau3_sd","tau4","tau4_sd","tau5","tau5_sd","tau6","tau6_sd"
1.00349053637125,0.0135200340511044,1.00974375653227,0.0131022738055247,0.98964311281242,0.0231096723175791,0.0490327593343396,0.0138493126639434,-0.0535487724496657,0.0130270095651299,-0.0148321508368248,0.0265808530837888,1,-0.243089975139688,-0.0511856994328633,0.0266435907884903,0.71700712388828,0.0122626146666283,0.709039500919106,0.0127120260364831,0.687474675821036,0.0142684400819738,0.676533132635573,0.0162191399406586,0.682762592783118,0.0184857435427604
