"beta1","beta1_sd","beta2","beta2_sd","omega_b1","omega_b1_sd","omega_b2","omega_b2_sd","omega_cov","omega_cov_sd","rho","rho_sd","conv_code","omega_cor","tau1","tau1_sd","tau2","tau2_sd","tau3","tau3_sd","tau4","tau4_sd","tau5","tau5_sd","tau6","tau6_sd"
0.999951039270759,0.0113891345616185,0.988762352592621,0.0132395142368855,0.565833494926101,0.0128606830324235,0.527668426089379,0.0227075769886876,0.502801500770591,0.0137232587066232,-0.00057346526569944,0.023354026599051,1,0.920177659515906,0.0122748535408369,0.0235100433700563,0.690894429374713,0.0111748443508707,0.6965898249747,0.0120529796432011,0.703023262682066,0.013474143634866,0.675245285790132,0.0155316671308967,0.714623126874508,0.017900823886236
