"beta1","beta1_sd","beta2","beta2_sd","omega_b1","omega_b1_sd","omega_b2","omega_b2_sd","omega_cov","omega_cov_sd","rho","rho_sd","conv_code","omega_cor","tau1","tau1_sd","tau2","tau2_sd","tau3","tau3_sd","tau4","tau4_sd","tau5","tau5_sd","tau6","tau6_sd"
1.00476290158199,0.0103619879814132,0.989213039921996,0.00980933582077293,1.00265270031619,0.0165728997430067,0.54827506807293,0.0167594578723955,-0.190811211278238,0.0126570438978444,0.607825670859745,0.0149854772527482,1,-0.257353083307177,-0.00845145705212339,0.0228224386270151,0.685847277970167,0.00833949102127644,0.694527294446206,0.00798684100829786,0.703456529271053,0.00874236968900081,0.678133794177197,0.0102252272202885,0.691332666816688,0.0121349877418311
