"beta1","beta1_sd","beta2","beta2_sd","omega_b1","omega_b1_sd","omega_b2","omega_b2_sd","omega_cov","omega_cov_sd","rho","rho_sd","conv_code","omega_cor","tau1","tau1_sd","tau2","tau2_sd","tau3","tau3_sd","tau4","tau4_sd","tau5","tau5_sd","tau6","tau6_sd"
0.991224185955067,0.0160382916993379,0.995810603481845,0.0179960945141753,0.970721370787478,0.0273559670186592,0.567049677097498,0.0359653548898402,-0.649514348786656,0.0241456157928982,-0.584139315981321,0.0119814360137141,1,-0.875449099997249,0.0470676562345666,0.0296920713320951,0.661276067111139,0.015585127405674,0.673658752743681,0.0150654896986576,0.67932312679363,0.0164200706356589,0.693885783525801,0.0182458480361818,0.706218504883435,0.0204640035541624
