"beta1","beta1_sd","beta2","beta2_sd","omega_b1","omega_b1_sd","omega_b2","omega_b2_sd","omega_cov","omega_cov_sd","rho","rho_sd","conv_code","omega_cor","tau1","tau1_sd","tau2","tau2_sd","tau3","tau3_sd","tau4","tau4_sd","tau5","tau5_sd","tau6","tau6_sd"
0.99297609918288,0.00716030170223782,1.00220408186467,0.0126361112011495,0.0631587826783595,0.00132123490687883,1.00287090179225,0.0281994786878205,0.227205754365986,0.00512042842568483,-0.900881954312641,0.00156321345246644,1,0.902775856096525,-0.0421586787932785,0.0176742454602601,0.701073824906457,0.0100752481188725,0.686188383472445,0.0092083293439912,0.69230194577618,0.00955166013927872,0.686722646157138,0.0108051134054411,0.693572851418806,0.0133947481597144
