"beta1","beta1_sd","beta2","beta2_sd","omega_b1","omega_b1_sd","omega_b2","omega_b2_sd","omega_cov","omega_cov_sd","rho","rho_sd","conv_code","omega_cor","tau1","tau1_sd","tau2","tau2_sd","tau3","tau3_sd","tau4","tau4_sd","tau5","tau5_sd","tau6","tau6_sd"
0.995292473782362,0.0134887237894561,1.0243365298836,0.012126127414901,1.0678897403518,0.0258847127471411,0.0683683454041289,0.010675533925538,0.0738064116292221,0.0164468019724924,0.89867754332524,0.00351259766345711,1,0.273151348680864,-0.0208068847889233,0.0370812641802,0.705212837592234,0.0125548182665489,0.709835629471768,0.012300068813724,0.706151632227258,0.0131540844110026,0.728764025795668,0.0147455175291434,0.698284166492419,0.0170548840203543
