"beta1","beta1_sd","beta2","beta2_sd","omega_b1","omega_b1_sd","omega_b2","omega_b2_sd","omega_cov","omega_cov_sd","rho","rho_sd","conv_code","omega_cor","tau1","tau1_sd","tau2","tau2_sd","tau3","tau3_sd","tau4","tau4_sd","tau5","tau5_sd","tau6","tau6_sd"
0.999101893229465,0.0110714787921078,1.00080698900648,0.0102884731399171,0.992511036424476,0.0174945174980333,0.255024261165146,0.0137753282105088,-0.17316697982556,0.0117942176020774,-0.00328777878809096,0.0175312942062464,1,-0.344196667509346,0.0204295009305859,0.0222090876190241,0.69518537379388,0.00938922523890161,0.6801178605772,0.00959778215316916,0.69033873016686,0.0105992591815908,0.711373549592846,0.0120394134516314,0.698226537374138,0.0141480820310801
