"beta1","beta1_sd","beta2","beta2_sd","omega_b1","omega_b1_sd","omega_b2","omega_b2_sd","omega_cov","omega_cov_sd","rho","rho_sd","conv_code","omega_cor","tau1","tau1_sd","tau2","tau2_sd","tau3","tau3_sd","tau4","tau4_sd","tau5","tau5_sd","tau6","tau6_sd"
1.01105830586251,0.0146614110292467,1.02099888176696,0.0165002883646704,1.0134371603705,0.0266291581099753,0.990931581179542,0.0406589579669685,0.586045135266917,0.0253365682499809,0.900950127585985,0.003730937557218,1,0.584804651065853,0.0599137309817425,0.03942761336757,0.688731845902487,0.0137687630241402,0.729453772857754,0.0130631652722532,0.674736242010725,0.0143160310524886,0.729291834949688,0.0155898306712,0.668851264413735,0.0181719037200722
