"beta1","beta1_sd","beta2","beta2_sd","omega_b1","omega_b1_sd","omega_b2","omega_b2_sd","omega_cov","omega_cov_sd","rho","rho_sd","conv_code","omega_cor","tau1","tau1_sd","tau2","tau2_sd","tau3","tau3_sd","tau4","tau4_sd","tau5","tau5_sd","tau6","tau6_sd"
1.00018941859595,0.0107008781397184,0.993336134298079,0.00975906901039938,0.987481500120444,0.0159556444554476,0.241940151786592,0.0135349910716808,-0.290148480722533,0.0116133481646594,-0.60530447488307,0.00545341016170791,1,-0.593610866450812,-0.0206451219585917,0.0212976190740217,0.696766571706475,0.00870066362181402,0.689891279202885,0.00860119455064413,0.686951459524625,0.0094548727671826,0.692302963625179,0.0106476174859158,0.685633282821599,0.0125433411684271
