"beta1","beta1_sd","beta2","beta2_sd","omega_b1","omega_b1_sd","omega_b2","omega_b2_sd","omega_cov","omega_cov_sd","rho","rho_sd","conv_code","omega_cor","tau1","tau1_sd","tau2","tau2_sd","tau3","tau3_sd","tau4","tau4_sd","tau5","tau5_sd","tau6","tau6_sd"
0.990348050615575,0.0119006248382449,1.00698457055527,0.014242669486565,0.548028311123059,0.0130900109936697,0.557602624322459,0.0257919618642102,0.344609542988129,0.0128962401678524,-0.0165146864795181,0.0259938565474536,1,0.623395119564401,-0.00918466784849843,0.0250322075772519,0.681301978632364,0.011909180258471,0.679516273597389,0.0123751063672055,0.704225901866566,0.0138533550663259,0.710983824819259,0.0158771205175566,0.695332307733557,0.0185527997390243
