"beta1","beta1_sd","beta2","beta2_sd","omega_b1","omega_b1_sd","omega_b2","omega_b2_sd","omega_cov","omega_cov_sd","rho","rho_sd","conv_code","omega_cor","tau1","tau1_sd","tau2","tau2_sd","tau3","tau3_sd","tau4","tau4_sd","tau5","tau5_sd","tau6","tau6_sd"
1.00583291897923,0.0111615283327587,1.01145260671129,0.00957382531561268,1.00397984103271,0.0173719984618846,0.0565038055811753,0.00974370296008325,0.205161668013021,0.0108436920394398,-0.303960619138342,0.0112172016592697,1,0.861380181828605,-0.00422562735350502,0.0218359737920744,0.709429643998881,0.00930769664656442,0.696158288146639,0.00972237190333064,0.698844930738152,0.0106701566088094,0.685575998847183,0.0124125371610232,0.693729436598401,0.0143457264955508
