"beta1","beta1_sd","beta2","beta2_sd","omega_b1","omega_b1_sd","omega_b2","omega_b2_sd","omega_cov","omega_cov_sd","rho","rho_sd","conv_code","omega_cor","tau1","tau1_sd","tau2","tau2_sd","tau3","tau3_sd","tau4","tau4_sd","tau5","tau5_sd","tau6","tau6_sd"
1.01307794885556,0.0103637333501462,1.00563830975973,0.0126145684233072,0.249060593133557,0.00756119119934091,0.578998510420614,0.0230673750162733,-0.339405366331773,0.0104226361867331,0.899114352744264,0.00245581911964655,1,-0.893773497035435,0.0272057154506224,0.0343724880551608,0.691247371749302,0.0121901376480089,0.7011383808339,0.0110536113115302,0.71386220448309,0.0114131945728511,0.695251698747638,0.0130520308259718,0.698046065745917,0.01582487378374
