"beta1","beta1_sd","beta2","beta2_sd","omega_b1","omega_b1_sd","omega_b2","omega_b2_sd","omega_cov","omega_cov_sd","rho","rho_sd","conv_code","omega_cor","tau1","tau1_sd","tau2","tau2_sd","tau3","tau3_sd","tau4","tau4_sd","tau5","tau5_sd","tau6","tau6_sd"
1.01147759751881,0.00608088130816411,1.00921380024812,0.0106795497922866,0.0625398440919985,0.00151362013049265,0.989338670724514,0.0224609019633165,-0.152177799039158,0.00382488046042583,0.319600290176757,0.0138824738918895,1,-0.611787231997403,-0.0161803524942227,0.0193249180777437,0.711310037714554,0.00880104078212018,0.690322984059266,0.00750024196612908,0.707742727556632,0.00800242913366419,0.695735329408923,0.00960014350681384,0.69555124957872,0.0124705872237872
