"beta1","beta1_sd","beta2","beta2_sd","omega_b1","omega_b1_sd","omega_b2","omega_b2_sd","omega_cov","omega_cov_sd","rho","rho_sd","conv_code","omega_cor","tau1","tau1_sd","tau2","tau2_sd","tau3","tau3_sd","tau4","tau4_sd","tau5","tau5_sd","tau6","tau6_sd"
1.0089644445726,0.0111751420236685,0.995116050758309,0.0112046745413927,1.01349524439263,0.01690433847417,0.573956796742198,0.0211328299202003,-0.443180929772383,0.0142156901340426,-0.607243249743008,0.00575641568277806,1,-0.581072878292096,-0.0347889601981392,0.0220819559652172,0.707559657646055,0.00900402963133001,0.700214923080299,0.00880050772713255,0.70570251419696,0.00961239600228121,0.704120199260119,0.0109018221706736,0.692272155008145,0.0128655222374635
