"beta1","beta1_sd","beta2","beta2_sd","omega_b1","omega_b1_sd","omega_b2","omega_b2_sd","omega_cov","omega_cov_sd","rho","rho_sd","conv_code","omega_cor","tau1","tau1_sd","tau2","tau2_sd","tau3","tau3_sd","tau4","tau4_sd","tau5","tau5_sd","tau6","tau6_sd"
1.00661390732678,0.00789622604452544,1.00797484431436,0.00922966897405229,0.2618958577713,0.00649238021313106,0.547608115551544,0.014730962114876,0.231152215354111,0.00726849539705013,0.897809716637544,0.00209850445277521,1,0.610377909433836,0.0172264205617681,0.0285826738803251,0.700808063907405,0.00815444741360058,0.693229196752032,0.0076016723603246,0.683335948171376,0.00807799469380881,0.701589640098102,0.00910370496390925,0.683091123300066,0.0114366782834518
