"beta1","beta1_sd","beta2","beta2_sd","omega_b1","omega_b1_sd","omega_b2","omega_b2_sd","omega_cov","omega_cov_sd","rho","rho_sd","conv_code","omega_cor","tau1","tau1_sd","tau2","tau2_sd","tau3","tau3_sd","tau4","tau4_sd","tau5","tau5_sd","tau6","tau6_sd"
1.0007632585803,0.00721088064900862,0.981436972570691,0.00839934619449584,0.245047634044536,0.00383100611039094,0.239996107348782,0.0107325470591354,-0.22542615250899,0.00508986475613268,-0.601536281670399,0.00480787165928433,1,-0.929558963516804,-0.00967904029101578,0.0172855481777457,0.688410621287365,0.0080689763487159,0.704972450095148,0.00725727680859435,0.675271134087223,0.00797726012596446,0.684365430588672,0.00949603620423782,0.692871820876743,0.0116111797729699
