"beta1","beta1_sd","beta2","beta2_sd","omega_b1","omega_b1_sd","omega_b2","omega_b2_sd","omega_cov","omega_cov_sd","rho","rho_sd","conv_code","omega_cor","tau1","tau1_sd","tau2","tau2_sd","tau3","tau3_sd","tau4","tau4_sd","tau5","tau5_sd","tau6","tau6_sd"
0.996153489107097,0.0084737807107005,0.995289285953493,0.00793682890498726,0.570572360780776,0.00922764616089841,0.244996724790594,0.00959585376123867,0.000988019707111933,0.00705025445719177,0.587671418324359,0.0132689275477226,1,0.00264259192033043,0.00285827547809818,0.0210363895737781,0.696966429827807,0.00756283800287442,0.698565447672579,0.00721282834652162,0.695007955101277,0.00806401239900767,0.688586537739323,0.0096124848339942,0.70181481329349,0.01176005339381
