"beta1","beta1_sd","beta2","beta2_sd","omega_b1","omega_b1_sd","omega_b2","omega_b2_sd","omega_cov","omega_cov_sd","rho","rho_sd","conv_code","omega_cor","tau1","tau1_sd","tau2","tau2_sd","tau3","tau3_sd","tau4","tau4_sd","tau5","tau5_sd","tau6","tau6_sd"
1.00221643879638,0.00823946177547232,1.00858233485702,0.00712224177759022,0.576436491109943,0.00846510804208358,0.0731561477017803,0.00658556139500514,0.178735892367162,0.00603940543867386,0.0149380337893273,0.0117472045232839,1,0.870383452949545,-0.012947733200282,0.0177431782127463,0.688889529356884,0.00725895715515717,0.696336145000492,0.00722564645926844,0.692815313012503,0.00819547254195852,0.699768372826876,0.00953546071652295,0.699763385696986,0.011596244612063
