"beta1","beta1_sd","beta2","beta2_sd","omega_b1","omega_b1_sd","omega_b2","omega_b2_sd","omega_cov","omega_cov_sd","rho","rho_sd","conv_code","omega_cor","tau1","tau1_sd","tau2","tau2_sd","tau3","tau3_sd","tau4","tau4_sd","tau5","tau5_sd","tau6","tau6_sd"
1.0239872115026,0.00953467421182158,1.00362632387219,0.012814929347961,0.0658845303859308,0.0017999804814871,0.270996579350766,0.017533712995571,0.0807946444842862,0.00351319094696601,-0.622241508540255,0.00784993794602984,1,0.604656801512296,0.0204775495208077,0.0204196661567566,0.709061725595567,0.0118396881307012,0.718276443452508,0.0109641458191183,0.705596406329412,0.0122465363058823,0.72086510015874,0.0141149776700668,0.717345000631078,0.0177303745637726
