"beta1","beta1_sd","beta2","beta2_sd","omega_b1","omega_b1_sd","omega_b2","omega_b2_sd","omega_cov","omega_cov_sd","rho","rho_sd","conv_code","omega_cor","tau1","tau1_sd","tau2","tau2_sd","tau3","tau3_sd","tau4","tau4_sd","tau5","tau5_sd","tau6","tau6_sd"
1.00510507389051,0.00776994227581793,1.00133246197694,0.010693519590669,0.0649442547041177,0.00178937722600335,0.28053852955952,0.0138037884557097,0.0832963983552885,0.00325577056513811,-0.0326395944541141,0.0177435210470125,1,0.617105755076084,-0.00502466005552818,0.020477972994685,0.69928754505596,0.0105004790541177,0.6855449048939,0.00939446303583942,0.718895633759498,0.0106790323398229,0.689184209462819,0.0130029836295579,0.706219672864529,0.0165256012978863
