"beta1","beta1_sd","beta2","beta2_sd","omega_b1","omega_b1_sd","omega_b2","omega_b2_sd","omega_cov","omega_cov_sd","rho","rho_sd","conv_code","omega_cor","tau1","tau1_sd","tau2","tau2_sd","tau3","tau3_sd","tau4","tau4_sd","tau5","tau5_sd","tau6","tau6_sd"
0.994359905732307,0.00800607673494476,1.00482161747397,0.00761277306106703,0.551764671802397,0.00830919632778503,0.252295048513388,0.00959969450806068,0.334840714336743,0.00739069885028251,0.322139877457436,0.014741139115222,1,0.89744315832932,0.0154764204483141,0.0182151524074148,0.680519519353519,0.00711353973718413,0.693386157121195,0.00707921993325009,0.689398239559907,0.00817562607929169,0.700780215666187,0.00955973149687739,0.685448460218927,0.0117080482095116
