"beta1","beta1_sd","beta2","beta2_sd","omega_b1","omega_b1_sd","omega_b2","omega_b2_sd","omega_cov","omega_cov_sd","rho","rho_sd","conv_code","omega_cor","tau1","tau1_sd","tau2","tau2_sd","tau3","tau3_sd","tau4","tau4_sd","tau5","tau5_sd","tau6","tau6_sd"
1.00659837103028,0.0079928616109314,1.00404909994168,0.00935891670022054,0.251254609271862,0.00645264557323534,0.565446132061421,0.0151095139355849,-0.00271755548190835,0.00678283760918822,0.90150230248315,0.00204093682956969,1,-0.00720984257004445,-0.0303834026882924,0.02926639603327,0.688353174791035,0.00846943065205772,0.708795146293543,0.00753609259948691,0.69742958312382,0.00789016098167133,0.70452442895489,0.00901978801351816,0.689245818521051,0.0113582319516059
