"beta1","beta1_sd","beta2","beta2_sd","omega_b1","omega_b1_sd","omega_b2","omega_b2_sd","omega_cov","omega_cov_sd","rho","rho_sd","conv_code","omega_cor","tau1","tau1_sd","tau2","tau2_sd","tau3","tau3_sd","tau4","tau4_sd","tau5","tau5_sd","tau6","tau6_sd"
1.00582056267753,0.00819522737651118,1.00684500913956,0.00939315003922096,0.255006820515853,0.00426949331967203,0.0775262003050801,0.00936627656176049,-0.00407162492434136,0.00492099720405104,-0.903177100738312,0.00138043763722023,1,-0.0289579368400595,-0.027546091427866,0.0202119470428822,0.711941699183096,0.00892179819676396,0.703916238518093,0.00829102110192456,0.709232277039983,0.00871465334486122,0.697760598605149,0.0100086262809229,0.699344883734619,0.0121261547124964
