"beta1","beta1_sd","beta2","beta2_sd","omega_b1","omega_b1_sd","omega_b2","omega_b2_sd","omega_cov","omega_cov_sd","rho","rho_sd","conv_code","omega_cor","tau1","tau1_sd","tau2","tau2_sd","tau3","tau3_sd","tau4","tau4_sd","tau5","tau5_sd","tau6","tau6_sd"
1.00389422366459,0.0100020740341581,0.999398260825937,0.00951559263523259,1.0161972303658,0.0156767033825686,0.59257485488729,0.017695495157857,-0.695018527848913,0.0142719556778643,-0.00671045700897126,0.0132378253898577,1,-0.895644718611751,-0.00517058064186758,0.0193792023281305,0.696661913758552,0.00804547461654912,0.70527047640721,0.00772914679298117,0.687734396214754,0.00867084167355517,0.70918330764519,0.00999988713966216,0.675068453519386,0.0121083421313769
