"beta1","beta1_sd","beta2","beta2_sd","omega_b1","omega_b1_sd","omega_b2","omega_b2_sd","omega_cov","omega_cov_sd","rho","rho_sd","conv_code","omega_cor","tau1","tau1_sd","tau2","tau2_sd","tau3","tau3_sd","tau4","tau4_sd","tau5","tau5_sd","tau6","tau6_sd"
1.00202657810969,0.00705587775317994,0.980420847428933,0.00879179636807051,0.0634362094977127,0.00202218462674476,0.0693695288337086,0.00818550243177128,-0.042579807132772,0.00280981791488233,0.596237312907189,0.00969767767003378,1,-0.641875361061797,0.0011214960513568,0.0237149518048821,0.690952456533238,0.0106723461411216,0.693378093605375,0.00902150714970751,0.687635040637502,0.00956742931415681,0.71337425749305,0.0114715273667141,0.683922691180741,0.0152952430844827
