"beta1","beta1_sd","beta2","beta2_sd","omega_b1","omega_b1_sd","omega_b2","omega_b2_sd","omega_cov","omega_cov_sd","rho","rho_sd","conv_code","omega_cor","tau1","tau1_sd","tau2","tau2_sd","tau3","tau3_sd","tau4","tau4_sd","tau5","tau5_sd","tau6","tau6_sd"
1.00132645344706,0.00670119604969755,1.00173553911329,0.0102968569811948,0.06291887464981,0.00302254271694956,0.992147002973128,0.0213914937802852,0.220811189504105,0.00569482748965409,0.898808322150204,0.00167884519754713,1,0.883776789776196,0.0316238731232211,0.0280427243255297,0.682233352867059,0.00847664548390229,0.690108734322912,0.00733767321148821,0.682269327149088,0.00746148727845613,0.697519510227824,0.00850367532048556,0.685926109623341,0.0109087698676432
