"beta1","beta1_sd","beta2","beta2_sd","omega_b1","omega_b1_sd","omega_b2","omega_b2_sd","omega_cov","omega_cov_sd","rho","rho_sd","conv_code","omega_cor","tau1","tau1_sd","tau2","tau2_sd","tau3","tau3_sd","tau4","tau4_sd","tau5","tau5_sd","tau6","tau6_sd"
1.00306069167818,0.0125060023773134,0.98807948110607,0.0171146747491621,0.245501800715286,0.00661805015242622,0.993303375272065,0.041438788783729,0.301910441559278,0.0105610780561838,-0.603423662039769,0.0101716340964636,1,0.611378042034496,0.00284044618291053,0.0247717230040307,0.685741107017646,0.0134586162817308,0.688334591182582,0.0133438609055012,0.692659751120345,0.0144787363206741,0.700332988166365,0.016469373890896,0.708403381699487,0.0191374387582348
