"beta1","beta1_sd","beta2","beta2_sd","omega_b1","omega_b1_sd","omega_b2","omega_b2_sd","omega_cov","omega_cov_sd","rho","rho_sd","conv_code","omega_cor","tau1","tau1_sd","tau2","tau2_sd","tau3","tau3_sd","tau4","tau4_sd","tau5","tau5_sd","tau6","tau6_sd"
0.999740588615875,0.00812237720785133,0.994035560207215,0.00893154642938352,0.564596266970685,0.00856936096262581,0.573425751156721,0.0151094428366429,0.5104252359277,0.00952940281274634,0.321708698842183,0.0149924948940976,1,0.897066298067311,-0.00357224238481053,0.0182220990453842,0.690601878431553,0.00715396009842901,0.694212500039039,0.0072889500912084,0.683651021977445,0.00832019455794782,0.70138935203131,0.009604236786803,0.686730404001494,0.0116464629910812
