"beta1","beta1_sd","beta2","beta2_sd","omega_b1","omega_b1_sd","omega_b2","omega_b2_sd","omega_cov","omega_cov_sd","rho","rho_sd","conv_code","omega_cor","tau1","tau1_sd","tau2","tau2_sd","tau3","tau3_sd","tau4","tau4_sd","tau5","tau5_sd","tau6","tau6_sd"
1.00896946152485,0.0101802084097545,1.01419503301842,0.0154756049583667,0.0653893136239198,0.00191839065774751,1.00337718423395,0.036229850881373,-0.00169254425816659,0.00428613476891933,-0.603899981258953,0.00897248698956663,1,-0.00660776415613898,0.0378523387445693,0.0218700756343812,0.68539440378646,0.0126363815018783,0.704612254533783,0.0116797241164909,0.712495965766379,0.0126093709641942,0.6951657173457,0.0144715933250708,0.712713010376956,0.0179925472542274
