"beta1","beta1_sd","beta2","beta2_sd","omega_b1","omega_b1_sd","omega_b2","omega_b2_sd","omega_cov","omega_cov_sd","rho","rho_sd","conv_code","omega_cor","tau1","tau1_sd","tau2","tau2_sd","tau3","tau3_sd","tau4","tau4_sd","tau5","tau5_sd","tau6","tau6_sd"
0.998799097180569,0.0075201254955398,1.0059723678195,0.00885571734061599,0.249909979068584,0.0039583408049293,0.223020804676604,0.0111869317771568,0.0670541811387574,0.00450687426414651,-0.607378299842437,0.00486607463600361,1,0.284028143427981,0.00449467758123861,0.0176572588742314,0.702398693243603,0.00787710155060073,0.692421669493488,0.00751460604090342,0.699383157351431,0.00821851193994088,0.696284013077846,0.00979589536850364,0.686131259700428,0.0121246902771442
