"beta1","beta1_sd","beta2","beta2_sd","omega_b1","omega_b1_sd","omega_b2","omega_b2_sd","omega_cov","omega_cov_sd","rho","rho_sd","conv_code","omega_cor","tau1","tau1_sd","tau2","tau2_sd","tau3","tau3_sd","tau4","tau4_sd","tau5","tau5_sd","tau6","tau6_sd"
0.986760729358185,0.0101553603840209,0.994135305946824,0.0118249196161488,0.245226607678754,0.00565966938749422,0.0547181752603755,0.0129889827296561,-0.0740010989160765,0.00539526995690202,-0.30441923919136,0.0152516222468687,1,-0.638834807127028,-0.00779382003256679,0.0222922137171781,0.688056269227097,0.0116260696483536,0.682902187133935,0.0111830976644459,0.677467313289859,0.0124696479665298,0.68816591955235,0.0144168951166777,0.698960712616285,0.0176496325463108
