"beta1","beta1_sd","beta2","beta2_sd","omega_b1","omega_b1_sd","omega_b2","omega_b2_sd","omega_cov","omega_cov_sd","rho","rho_sd","conv_code","omega_cor","tau1","tau1_sd","tau2","tau2_sd","tau3","tau3_sd","tau4","tau4_sd","tau5","tau5_sd","tau6","tau6_sd"
0.999560433307402,0.0168144055766103,1.00406802729833,0.0193933420701306,0.998413889654786,0.0294713261495552,0.590095611718203,0.0417288078917276,-0.2497878559981,0.0203998397628518,-0.589968564087927,0.0129084770893259,1,-0.32542792778335,-0.0313528447284965,0.0306799896823186,0.70906178042954,0.0157783885982563,0.698665965912899,0.0159589783100846,0.659922720808526,0.0175475216041214,0.71711053167387,0.0188420476531744,0.653933036546507,0.0215693881966681
