"beta1","beta1_sd","beta2","beta2_sd","omega_b1","omega_b1_sd","omega_b2","omega_b2_sd","omega_cov","omega_cov_sd","rho","rho_sd","conv_code","omega_cor","tau1","tau1_sd","tau2","tau2_sd","tau3","tau3_sd","tau4","tau4_sd","tau5","tau5_sd","tau6","tau6_sd"
1.00702378466257,0.0112760284224175,0.980868208344811,0.0126189346181465,0.557184754984036,0.0106941993743034,0.265986381367994,0.0179893367293927,0.338464714151436,0.0115799412879032,-0.898106943975159,0.00183609675086592,1,0.879192725060088,0.0389760405243368,0.0250827184268408,0.682644767399107,0.0110375798587451,0.688165158009767,0.0106899383257341,0.693402684776833,0.0112457705774459,0.700813719801529,0.012648296706333,0.692381482480654,0.0148081270509475
