"beta1","beta1_sd","beta2","beta2_sd","omega_b1","omega_b1_sd","omega_b2","omega_b2_sd","omega_cov","omega_cov_sd","rho","rho_sd","conv_code","omega_cor","tau1","tau1_sd","tau2","tau2_sd","tau3","tau3_sd","tau4","tau4_sd","tau5","tau5_sd","tau6","tau6_sd"
1.01303560509721,0.00591304846687571,1.0059569633187,0.0104673286743089,0.0632470440613166,0.00120481670012677,0.993684270483556,0.0213683091963417,0.00351477899182339,0.0030062803299755,-0.311956527845975,0.00864369242457277,1,0.0140201834998173,0.0161082905950312,0.0157247433405863,0.705735352442756,0.00777379113830149,0.700147743038856,0.00693825508280215,0.702077479139714,0.0075019483105174,0.70251739239621,0.00876787307565061,0.701978235290135,0.0113741316005363
