"beta1","beta1_sd","beta2","beta2_sd","omega_b1","omega_b1_sd","omega_b2","omega_b2_sd","omega_cov","omega_cov_sd","rho","rho_sd","conv_code","omega_cor","tau1","tau1_sd","tau2","tau2_sd","tau3","tau3_sd","tau4","tau4_sd","tau5","tau5_sd","tau6","tau6_sd"
0.997676885536181,0.00890627940214408,1.00091393762074,0.00973873717086594,0.555346149570834,0.00971689787187964,0.550137978281835,0.0169941092850748,-0.495347273938153,0.0106811956506307,0.60294465109721,0.0124372469055389,1,-0.896173466079849,-0.00645806161908718,0.0231255798535659,0.69720775883331,0.00897702946936519,0.676937504837789,0.00820788146711188,0.696477096434464,0.00901401589607792,0.68695648711251,0.0107458157457494,0.671976211630496,0.0133999751097273
