"beta1","beta1_sd","beta2","beta2_sd","omega_b1","omega_b1_sd","omega_b2","omega_b2_sd","omega_cov","omega_cov_sd","rho","rho_sd","conv_code","omega_cor","tau1","tau1_sd","tau2","tau2_sd","tau3","tau3_sd","tau4","tau4_sd","tau5","tau5_sd","tau6","tau6_sd"
1.00158560964684,0.00692723243976426,0.992236255249188,0.0103702273790287,0.246489303408607,0.0037962792428858,0.995011512013697,0.0215277166221895,-0.442733985724205,0.00757493193194186,-0.305293409502432,0.00868367603655753,1,-0.893984048491985,0.00216925457217887,0.0171458161758288,0.684447849034089,0.00804861595255444,0.696867185417586,0.00706739786354257,0.695869731554312,0.00768843369674428,0.701727166261034,0.00908063071965879,0.697590314963142,0.0113416225600455
