"beta1","beta1_sd","beta2","beta2_sd","omega_b1","omega_b1_sd","omega_b2","omega_b2_sd","omega_cov","omega_cov_sd","rho","rho_sd","conv_code","omega_cor","tau1","tau1_sd","tau2","tau2_sd","tau3","tau3_sd","tau4","tau4_sd","tau5","tau5_sd","tau6","tau6_sd"
0.989421680146432,0.00907091118230792,1.0078023885549,0.00855052098065181,0.57227072716827,0.00938496868807145,0.0680326347997755,0.00842245706213635,0.176334803643025,0.00705032093600415,0.0102526483274814,0.0152898091566305,1,0.893672980171328,-0.00829479942102354,0.0203532750579965,0.687580374219513,0.00861236394583875,0.714676791597988,0.00847797293602256,0.678212175601972,0.00974954668412053,0.684809294506214,0.0113282522279291,0.69351179928085,0.013652316569685
