"beta1","beta1_sd","beta2","beta2_sd","omega_b1","omega_b1_sd","omega_b2","omega_b2_sd","omega_cov","omega_cov_sd","rho","rho_sd","conv_code","omega_cor","tau1","tau1_sd","tau2","tau2_sd","tau3","tau3_sd","tau4","tau4_sd","tau5","tau5_sd","tau6","tau6_sd"
1.00967830099955,0.007322413249394,1.00158222474611,0.00988432138206146,0.0566079205285929,0.0031416605531731,0.555075838734302,0.0159413593608976,0.106699369577473,0.00479906207331895,0.90050910047039,0.00179346413118853,1,0.601931527096318,-0.0100449071720651,0.029621087947935,0.7142513551362,0.0095148353525491,0.694845256915555,0.00837906567054272,0.701905393125745,0.00851135359575006,0.676813179687632,0.00972443411819066,0.685175971227619,0.0122815080191357
