"beta1","beta1_sd","beta2","beta2_sd","omega_b1","omega_b1_sd","omega_b2","omega_b2_sd","omega_cov","omega_cov_sd","rho","rho_sd","conv_code","omega_cor","tau1","tau1_sd","tau2","tau2_sd","tau3","tau3_sd","tau4","tau4_sd","tau5","tau5_sd","tau6","tau6_sd"
1.00328688477531,0.00938248922389802,1.00371263165107,0.012818983348564,0.0613545141846121,0.00171662030685828,0.25154845115012,0.0178467122722493,0.0017863551286418,0.00300628263711531,-0.58367389764545,0.00874854689126132,1,0.0143791666328304,0.0280389006253499,0.0205928274243483,0.690578923148398,0.0121863682004651,0.697074017279182,0.0109871670364602,0.678986156850343,0.0121803879040991,0.691246804276377,0.0139436497748374,0.699754823469579,0.0174014154116451
