"beta1","beta1_sd","beta2","beta2_sd","omega_b1","omega_b1_sd","omega_b2","omega_b2_sd","omega_cov","omega_cov_sd","rho","rho_sd","conv_code","omega_cor","tau1","tau1_sd","tau2","tau2_sd","tau3","tau3_sd","tau4","tau4_sd","tau5","tau5_sd","tau6","tau6_sd"
1.01963962147821,0.0119718847585644,1.00873379095831,0.0117822119619581,0.992595516334932,0.0212245986976038,0.580522232986465,0.0201523112396002,-0.21972298107324,0.0160885621637803,0.899067931884839,0.00307202605194595,1,-0.289454229287042,-0.00234105323814484,0.0337716484644113,0.694979485790405,0.0106143429922487,0.714437973961414,0.00993977378588671,0.691460411335815,0.010672912859883,0.676617969157041,0.0119803369510879,0.718958000898935,0.013541561747243
