"beta1","beta1_sd","beta2","beta2_sd","omega_b1","omega_b1_sd","omega_b2","omega_b2_sd","omega_cov","omega_cov_sd","rho","rho_sd","conv_code","omega_cor","tau1","tau1_sd","tau2","tau2_sd","tau3","tau3_sd","tau4","tau4_sd","tau5","tau5_sd","tau6","tau6_sd"
0.992566670898978,0.010152049143818,1.00342018438019,0.00974639937669697,0.99384598913087,0.0157709815243811,0.524854774300151,0.0159479880096427,0.0215670044819168,0.0116685824751566,0.33088704049637,0.0187290447532729,1,0.0298614373251599,-0.0118844209328693,0.0207941571328222,0.700163173235343,0.00786408883841978,0.676280189636329,0.00808866549364701,0.688420626076215,0.00892848497207096,0.688543232433375,0.0102268722094285,0.682306728708674,0.0123029048706133
