"beta1","beta1_sd","beta2","beta2_sd","omega_b1","omega_b1_sd","omega_b2","omega_b2_sd","omega_cov","omega_cov_sd","rho","rho_sd","conv_code","omega_cor","tau1","tau1_sd","tau2","tau2_sd","tau3","tau3_sd","tau4","tau4_sd","tau5","tau5_sd","tau6","tau6_sd"
0.974339913943793,0.0109784379428858,1.02146077229114,0.010184860834571,1.02869728788899,0.0169335465540313,0.257793048125555,0.0141172294513851,-0.154652576590709,0.0117802257277976,-0.605536773830657,0.0055492314537315,1,-0.300315509674498,0.0179990089105851,0.0218453088449615,0.694169881130583,0.00878198917379601,0.706663683489115,0.00874582330379496,0.707955340702188,0.009662302900273,0.690311867529718,0.0110972554049657,0.704699337281707,0.0127083797093795
