"beta1","beta1_sd","beta2","beta2_sd","omega_b1","omega_b1_sd","omega_b2","omega_b2_sd","omega_cov","omega_cov_sd","rho","rho_sd","conv_code","omega_cor","tau1","tau1_sd","tau2","tau2_sd","tau3","tau3_sd","tau4","tau4_sd","tau5","tau5_sd","tau6","tau6_sd"
0.986754166836978,0.00733756134521358,0.98842137520757,0.011679578375754,0.0604065268205848,0.00128778529658614,0.537617776712093,0.020783949212173,0.0554929474029661,0.00344327728780219,-0.899221538715254,0.00160221165135586,1,0.307934996564757,-0.00532865623171899,0.0181929751589545,0.674265100415793,0.0101732614948913,0.678734933125684,0.00933887114660356,0.695335646132785,0.00951872438825648,0.676383931285884,0.0109027016270336,0.678585315196335,0.0134280895487918
