"beta1","beta1_sd","beta2","beta2_sd","omega_b1","omega_b1_sd","omega_b2","omega_b2_sd","omega_cov","omega_cov_sd","rho","rho_sd","conv_code","omega_cor","tau1","tau1_sd","tau2","tau2_sd","tau3","tau3_sd","tau4","tau4_sd","tau5","tau5_sd","tau6","tau6_sd"
0.978447718653573,0.0111973233782198,1.00282671085129,0.0129633362603225,0.990966732142737,0.0188122948096417,1.00885658731665,0.0294312924323572,-0.0107574699627272,0.0154716528754741,0.321067844756822,0.0269316322141048,1,-0.0107588508662925,0.0175765917046136,0.0242316650662927,0.674648003196892,0.0096366372850153,0.685431238174762,0.00974259878573394,0.687128061618313,0.0108556183367065,0.688496417781747,0.0126900162003398,0.677930579483899,0.0146196769150146
