"beta1","beta1_sd","beta2","beta2_sd","omega_b1","omega_b1_sd","omega_b2","omega_b2_sd","omega_cov","omega_cov_sd","rho","rho_sd","conv_code","omega_cor","tau1","tau1_sd","tau2","tau2_sd","tau3","tau3_sd","tau4","tau4_sd","tau5","tau5_sd","tau6","tau6_sd"
1.00382145836301,0.00697558254069829,0.997028799685968,0.00964779563292107,0.0626133915887244,0.00123115931443605,0.0711861479454713,0.00965540691911498,0.0213516159852496,0.00249372840796176,-0.900018371604774,0.00150373811100373,1,0.319815412269446,0.0299726313503499,0.0174026938370837,0.675265765887894,0.00993126833919602,0.704835575964061,0.00888872946923608,0.695421481672584,0.00923533399040522,0.692272492910654,0.0104462436077195,0.689233787570754,0.0130153009955043
