"beta1","beta1_sd","beta2","beta2_sd","omega_b1","omega_b1_sd","omega_b2","omega_b2_sd","omega_cov","omega_cov_sd","rho","rho_sd","conv_code","omega_cor","tau1","tau1_sd","tau2","tau2_sd","tau3","tau3_sd","tau4","tau4_sd","tau5","tau5_sd","tau6","tau6_sd"
0.980314730591865,0.0152750158883412,0.988887051237845,0.0202815722794183,0.236047350904341,0.00782875970028489,0.263914702675286,0.0325130651532123,0.207414310673781,0.0098378408679219,-0.898758541144741,0.00303406501769559,1,0.831012122906254,-0.0323757013826038,0.0261574371580212,0.686634205504189,0.0169897955235768,0.677901968158809,0.0164949800713413,0.687773355599538,0.0175516921784532,0.690175455675572,0.0188946277328251,0.671183521926347,0.0214932319919563
