"beta1","beta1_sd","beta2","beta2_sd","omega_b1","omega_b1_sd","omega_b2","omega_b2_sd","omega_cov","omega_cov_sd","rho","rho_sd","conv_code","omega_cor","tau1","tau1_sd","tau2","tau2_sd","tau3","tau3_sd","tau4","tau4_sd","tau5","tau5_sd","tau6","tau6_sd"
0.994273900997122,0.00647345816578285,0.996291201692388,0.00873868104316943,0.0595694097524598,0.00291048363632902,0.555217722977597,0.013806355227765,-0.163949133225754,0.00453943471926782,0.899046651687491,0.00161150449810201,1,-0.901500176691791,-0.0166419866804234,0.0277538949380609,0.70253745244394,0.00814397412039574,0.671647685825231,0.00721767330682786,0.69803610937549,0.00712268905791846,0.688809419555453,0.00807351509102056,0.692483632957401,0.0103916349102067
