"beta1","beta1_sd","beta2","beta2_sd","omega_b1","omega_b1_sd","omega_b2","omega_b2_sd","omega_cov","omega_cov_sd","rho","rho_sd","conv_code","omega_cor","tau1","tau1_sd","tau2","tau2_sd","tau3","tau3_sd","tau4","tau4_sd","tau5","tau5_sd","tau6","tau6_sd"
1.00154150667159,0.00672922653509969,1.00474015876122,0.00851772301609014,0.248728742524628,0.0041755109770775,0.554461090344761,0.0136676454855762,-0.33910191000797,0.00614052016519018,0.608841914961593,0.0087272306919933,1,-0.913128108064631,0.0486011908122538,0.0199614343658393,0.674478512123574,0.00769185517761252,0.688885711898979,0.0067160636432744,0.690413020363712,0.00716110600170214,0.693955612149976,0.00853925348688962,0.699492711352614,0.010869632406928
