"beta1","beta1_sd","beta2","beta2_sd","omega_b1","omega_b1_sd","omega_b2","omega_b2_sd","omega_cov","omega_cov_sd","rho","rho_sd","conv_code","omega_cor","tau1","tau1_sd","tau2","tau2_sd","tau3","tau3_sd","tau4","tau4_sd","tau5","tau5_sd","tau6","tau6_sd"
0.993500258436604,0.0117635850716038,0.974877356878755,0.0129342124156547,0.535047732155773,0.012561657382241,0.248334217103031,0.0184372146462609,-0.0111144012392992,0.00950686661699842,-0.00815025467305825,0.0252158555725644,1,-0.0304909899999762,0.0236890034653156,0.0249777267367472,0.681520579356874,0.0117184239391722,0.676314451186249,0.0121326380103689,0.681073701094809,0.0134108103492385,0.656853451786797,0.0154410464476449,0.698552637860277,0.0179995096778949
