"beta1","beta1_sd","beta2","beta2_sd","omega_b1","omega_b1_sd","omega_b2","omega_b2_sd","omega_cov","omega_cov_sd","rho","rho_sd","conv_code","omega_cor","tau1","tau1_sd","tau2","tau2_sd","tau3","tau3_sd","tau4","tau4_sd","tau5","tau5_sd","tau6","tau6_sd"
0.993036177660644,0.0121904909361187,1.00552478615552,0.0132359796022784,1.02175935933311,0.0221412578979364,1.04007079191953,0.0314809825139776,-0.619101290284582,0.0208066151477653,0.902951982672098,0.00284970825100325,1,-0.600559369191409,-0.0804845433812262,0.0343409374020516,0.71594613688448,0.0106908802003598,0.691760975450387,0.0102982345521534,0.693860563391145,0.0106762946390547,0.71477505994112,0.0117944918256575,0.688058711695208,0.0141500012508074
