"beta1","beta1_sd","beta2","beta2_sd","omega_b1","omega_b1_sd","omega_b2","omega_b2_sd","omega_cov","omega_cov_sd","rho","rho_sd","conv_code","omega_cor","tau1","tau1_sd","tau2","tau2_sd","tau3","tau3_sd","tau4","tau4_sd","tau5","tau5_sd","tau6","tau6_sd"
1.01032572740722,0.00724523404505191,0.99942526002961,0.0095371044556449,0.254373876388275,0.00448551481791785,0.564124517299002,0.0157875378724821,0.340587573661241,0.0066789372951706,0.310316937001371,0.0158086965906022,1,0.899093912322661,0.0170675138156273,0.0187549256167759,0.70603233943194,0.00792559899351082,0.684257614316261,0.00784416465268691,0.697588587904959,0.00891108571288991,0.693905694137561,0.0105877252868373,0.706551102389783,0.013228585398146
