"beta1","beta1_sd","beta2","beta2_sd","omega_b1","omega_b1_sd","omega_b2","omega_b2_sd","omega_cov","omega_cov_sd","rho","rho_sd","conv_code","omega_cor","tau1","tau1_sd","tau2","tau2_sd","tau3","tau3_sd","tau4","tau4_sd","tau5","tau5_sd","tau6","tau6_sd"
1.01557954938893,0.0102306574596337,1.00415045261203,0.0109821900148338,0.562141616566707,0.0096964553205469,0.280950839159934,0.0160578657126815,0.21979153971992,0.00960069497815013,-0.901360636357388,0.00151706286671049,1,0.553060873833511,0.0256282711328688,0.023250768662594,0.697107224971925,0.00948385696096145,0.696984915466288,0.00908661704859309,0.691448950018319,0.00961647681098727,0.695016102413853,0.0108681664187096,0.672406514695155,0.0129360755426568
