"beta1","beta1_sd","beta2","beta2_sd","omega_b1","omega_b1_sd","omega_b2","omega_b2_sd","omega_cov","omega_cov_sd","rho","rho_sd","conv_code","omega_cor","tau1","tau1_sd","tau2","tau2_sd","tau3","tau3_sd","tau4","tau4_sd","tau5","tau5_sd","tau6","tau6_sd"
0.992543413667738,0.00671962060177526,0.989104234357198,0.00751440631849436,0.254032227528474,0.00402861599915754,0.242596696327265,0.00921642277517211,-0.0739896335878692,0.00420432032829658,0.295561457594736,0.0138330704899303,1,-0.298046500685597,-0.0366949502367937,0.0178494469641626,0.696296509478227,0.00722946720213019,0.692858011930526,0.00664985249755435,0.685174535014646,0.00741253007255135,0.694471685821739,0.00891061217996128,0.674391417965596,0.0114297336055531
