"beta1","beta1_sd","beta2","beta2_sd","omega_b1","omega_b1_sd","omega_b2","omega_b2_sd","omega_cov","omega_cov_sd","rho","rho_sd","conv_code","omega_cor","tau1","tau1_sd","tau2","tau2_sd","tau3","tau3_sd","tau4","tau4_sd","tau5","tau5_sd","tau6","tau6_sd"
0.999917380630827,0.00873763275871317,1.01116096052758,0.0109443017108572,0.060143420279176,0.0037109475877831,0.249233210824527,0.0132321420537668,0.0773766578527468,0.0049748529606543,0.900996793724764,0.00210022455737062,1,0.631993992219026,0.0270800282133529,0.0324381247489075,0.677537758747591,0.0119294424175122,0.688823757710788,0.0105675529447491,0.699355641328768,0.010668401799501,0.700536711197498,0.011746038455862,0.676562438468136,0.0154176934457318
