"beta1","beta1_sd","beta2","beta2_sd","omega_b1","omega_b1_sd","omega_b2","omega_b2_sd","omega_cov","omega_cov_sd","rho","rho_sd","conv_code","omega_cor","tau1","tau1_sd","tau2","tau2_sd","tau3","tau3_sd","tau4","tau4_sd","tau5","tau5_sd","tau6","tau6_sd"
0.995521408193945,0.0111743675148257,1.00337248816557,0.0117004346501267,1.00761999117769,0.0199062544571627,0.997406891356177,0.0264052432957947,0.616476743573135,0.0183282284931202,0.896921799669312,0.00292498774717986,1,0.614939127980565,0.00871597928990685,0.031574781682103,0.684057576178575,0.00912255159717985,0.697255626325295,0.00869775265784327,0.684695085781579,0.00927722970185722,0.714622894068855,0.010361583744502,0.698687257507935,0.012212500147736
