"beta1","beta1_sd","beta2","beta2_sd","omega_b1","omega_b1_sd","omega_b2","omega_b2_sd","omega_cov","omega_cov_sd","rho","rho_sd","conv_code","omega_cor","tau1","tau1_sd","tau2","tau2_sd","tau3","tau3_sd","tau4","tau4_sd","tau5","tau5_sd","tau6","tau6_sd"
1.00819443327184,0.00987638849477552,1.00850054744057,0.0105169264009473,0.54884063563299,0.00927537536013608,0.23016005403961,0.0139727998002837,0.326604050491215,0.00972383285452691,-0.900143110187802,0.00151579711716952,1,0.918932183028883,0.0367650363508908,0.0227229415270867,0.688988445174734,0.00934940839422752,0.693131119688186,0.00891747116391887,0.690247640143046,0.00949040418744657,0.677791897617335,0.0108025671624559,0.683948505117419,0.0127524856220377
