"beta1","beta1_sd","beta2","beta2_sd","omega_b1","omega_b1_sd","omega_b2","omega_b2_sd","omega_cov","omega_cov_sd","rho","rho_sd","conv_code","omega_cor","tau1","tau1_sd","tau2","tau2_sd","tau3","tau3_sd","tau4","tau4_sd","tau5","tau5_sd","tau6","tau6_sd"
0.997515960685421,0.00937676781932849,0.997948867592501,0.0106507481185478,0.566363839865674,0.00913469351222878,0.583617347931302,0.0192355891523571,0.341864985102272,0.00981215748435219,-0.601738031760078,0.00546284470553153,1,0.59462445462845,5.6683741392789e-05,0.0201248423848398,0.69511790096674,0.00837216194766223,0.684882749579086,0.00828709906032307,0.684548350594409,0.0092267662420647,0.693487158700114,0.0105635785485076,0.687947214569187,0.0125985627055679
