"beta1","beta1_sd","beta2","beta2_sd","omega_b1","omega_b1_sd","omega_b2","omega_b2_sd","omega_cov","omega_cov_sd","rho","rho_sd","conv_code","omega_cor","tau1","tau1_sd","tau2","tau2_sd","tau3","tau3_sd","tau4","tau4_sd","tau5","tau5_sd","tau6","tau6_sd"
1.01660301437315,0.0150653958791201,1.01898413355606,0.0194088620745608,0.557867294808194,0.0160797712112085,1.06657974375692,0.050373328522466,0.451677717302334,0.0182246169394336,-0.600742739496686,0.0114896860425921,1,0.58555345728506,0.0317454609656978,0.0279050150781764,0.680917465993,0.0149209670152325,0.689698272155132,0.0150283702843178,0.703653617839326,0.0163498969135321,0.68675885717511,0.0178695070450875,0.695937913318846,0.0207073702575003
