"beta1","beta1_sd","beta2","beta2_sd","omega_b1","omega_b1_sd","omega_b2","omega_b2_sd","omega_cov","omega_cov_sd","rho","rho_sd","conv_code","omega_cor","tau1","tau1_sd","tau2","tau2_sd","tau3","tau3_sd","tau4","tau4_sd","tau5","tau5_sd","tau6","tau6_sd"
0.997921431309558,0.00944637508879032,1.00448604078022,0.0128451154790167,0.0618485455237701,0.001729858778804,0.241910186275953,0.0173010387324288,0.0298110771580935,0.00308825655869474,-0.602791003916497,0.00833821468463077,1,0.243717012128474,-0.00154630808120345,0.0205016993524007,0.693399356511192,0.0121379798798991,0.687768851315769,0.0111704837403782,0.683235172271361,0.0121369746646155,0.681411982386906,0.0140579359304593,0.70854441052555,0.0172245262494067
