"beta1","beta1_sd","beta2","beta2_sd","omega_b1","omega_b1_sd","omega_b2","omega_b2_sd","omega_cov","omega_cov_sd","rho","rho_sd","conv_code","omega_cor","tau1","tau1_sd","tau2","tau2_sd","tau3","tau3_sd","tau4","tau4_sd","tau5","tau5_sd","tau6","tau6_sd"
1.00095925309758,0.00561917818851902,1.00722271421339,0.010337898072075,0.0629930385592298,0.00117433241486006,0.996969969884759,0.0208718135597963,0.147510640924979,0.00341539554413847,-0.307317519764017,0.00848563126702548,1,0.588621380162559,-0.00112572723746486,0.0150850361623046,0.691205590859376,0.00772377668466477,0.703350295098245,0.0067742732576219,0.692096462679276,0.00741441339173631,0.701318306518514,0.00864695337801043,0.682662190772077,0.0117170326572214
