"beta1","beta1_sd","beta2","beta2_sd","omega_b1","omega_b1_sd","omega_b2","omega_b2_sd","omega_cov","omega_cov_sd","rho","rho_sd","conv_code","omega_cor","tau1","tau1_sd","tau2","tau2_sd","tau3","tau3_sd","tau4","tau4_sd","tau5","tau5_sd","tau6","tau6_sd"
0.984676071441531,0.0127914323179655,1.00521608766367,0.0148726323603071,1.00986287182808,0.0194824821991013,0.99385511370584,0.0360569854888866,-0.0313751847129558,0.0174593928806668,-0.900645367509613,0.00175565489941415,1,-0.0313179661420428,-0.0380563348952428,0.0280404524738504,0.691530367644583,0.0106391320400839,0.696933072424,0.0104211510744258,0.687727536737748,0.0109917759592892,0.679116379166859,0.0120545733189961,0.703170291102332,0.0135600293696103
