"beta1","beta1_sd","beta2","beta2_sd","omega_b1","omega_b1_sd","omega_b2","omega_b2_sd","omega_cov","omega_cov_sd","rho","rho_sd","conv_code","omega_cor","tau1","tau1_sd","tau2","tau2_sd","tau3","tau3_sd","tau4","tau4_sd","tau5","tau5_sd","tau6","tau6_sd"
1.01638046890556,0.0117296856505761,1.01891368826242,0.0145773099462116,0.571654009253016,0.012841547661473,1.0194522518603,0.0347181628562686,-0.683836411251758,0.0169216192019447,-0.0120854742865999,0.0237555012255782,1,-0.895781625218418,0.040992549486493,0.0257776019339209,0.69334224690301,0.0121774979180951,0.695084334431413,0.0112887084914681,0.702438452056272,0.012903859106861,0.694481287068885,0.015122820120045,0.699834855003433,0.0179209741708869
