"beta1","beta1_sd","beta2","beta2_sd","omega_b1","omega_b1_sd","omega_b2","omega_b2_sd","omega_cov","omega_cov_sd","rho","rho_sd","conv_code","omega_cor","tau1","tau1_sd","tau2","tau2_sd","tau3","tau3_sd","tau4","tau4_sd","tau5","tau5_sd","tau6","tau6_sd"
1.00014541651567,0.00851466489937298,1.00095760783658,0.00909143445240022,0.258233029299764,0.00693507973194985,0.259320763138036,0.0108307413875917,0.0693755144800703,0.00644024842076732,0.900237324245745,0.00220669590863679,1,0.268090655357992,-0.0374218586026058,0.030251589265116,0.702417954064718,0.0094674108853424,0.695390961823407,0.00858153040235013,0.69284421116642,0.00898365380712057,0.691073109996298,0.0103869578425319,0.713079102145677,0.012603625304385
