"beta1","beta1_sd","beta2","beta2_sd","omega_b1","omega_b1_sd","omega_b2","omega_b2_sd","omega_cov","omega_cov_sd","rho","rho_sd","conv_code","omega_cor","tau1","tau1_sd","tau2","tau2_sd","tau3","tau3_sd","tau4","tau4_sd","tau5","tau5_sd","tau6","tau6_sd"
1.00058583589033,0.00732104881575578,1.01128456288803,0.0104637430203068,0.252851887423413,0.00462535559067888,0.987673067387171,0.0217576286782358,0.142373497531282,0.00635661763615463,0.576120868583394,0.0120060976999871,1,0.284898031484188,0.0235988777828819,0.0207248020900762,0.692488627413213,0.00767572523891427,0.682162598516707,0.00708131363704737,0.693607207940145,0.00783937710884799,0.695873632686161,0.00920893191319757,0.674985467700911,0.0116374807901651
