"beta1","beta1_sd","beta2","beta2_sd","omega_b1","omega_b1_sd","omega_b2","omega_b2_sd","omega_cov","omega_cov_sd","rho","rho_sd","conv_code","omega_cor","tau1","tau1_sd","tau2","tau2_sd","tau3","tau3_sd","tau4","tau4_sd","tau5","tau5_sd","tau6","tau6_sd"
1.00903301002477,0.00665969040247085,1.01469632348148,0.0102011730428787,0.253745245505412,0.00385893752278953,1.00556696607864,0.0209804869740765,0.451467943065629,0.00752734432761605,-0.0243910461226256,0.0113375168087675,1,0.893763186782199,0.0342043776676881,0.0159831908209089,0.681243279538403,0.00717826622997099,0.693795137890089,0.00690250693534219,0.697053723750972,0.00770111751645299,0.71179526190051,0.00910975811460623,0.698080233862302,0.0117545734093429
