"beta1","beta1_sd","beta2","beta2_sd","omega_b1","omega_b1_sd","omega_b2","omega_b2_sd","omega_cov","omega_cov_sd","rho","rho_sd","conv_code","omega_cor","tau1","tau1_sd","tau2","tau2_sd","tau3","tau3_sd","tau4","tau4_sd","tau5","tau5_sd","tau6","tau6_sd"
1.00868634215735,0.00735339629346338,0.999991179503481,0.00948063807252888,0.0637626548376122,0.00170891044340112,0.0597496092110981,0.00922368398298909,0.00190354837397214,0.00249575925649216,-0.00727324909273371,0.0166015525270849,1,0.030839916083962,-0.00537670680006892,0.0203680067255943,0.703294912581441,0.0103527128933421,0.69337594969223,0.00917902635653881,0.704304702871668,0.0101462656760154,0.700730478688095,0.0122309096892375,0.718403402245926,0.0160502414961202
