"beta1","beta1_sd","beta2","beta2_sd","omega_b1","omega_b1_sd","omega_b2","omega_b2_sd","omega_cov","omega_cov_sd","rho","rho_sd","conv_code","omega_cor","tau1","tau1_sd","tau2","tau2_sd","tau3","tau3_sd","tau4","tau4_sd","tau5","tau5_sd","tau6","tau6_sd"
0.998584488402612,0.0107725537442059,1.01050219966047,0.0150640593753455,0.260273260648818,0.00655250676326206,0.993886092890052,0.0354140915490811,0.159563481687599,0.00849806463058228,-0.0217191683450716,0.0250099462563015,1,0.313725933909142,-0.022526989152864,0.0244052348434024,0.703908952604959,0.0114610576378035,0.681475371376469,0.011585566256091,0.701609532195567,0.0130019891270929,0.716669777722753,0.0147686236983089,0.701394081936387,0.0180305572806369
