"beta1","beta1_sd","beta2","beta2_sd","omega_b1","omega_b1_sd","omega_b2","omega_b2_sd","omega_cov","omega_cov_sd","rho","rho_sd","conv_code","omega_cor","tau1","tau1_sd","tau2","tau2_sd","tau3","tau3_sd","tau4","tau4_sd","tau5","tau5_sd","tau6","tau6_sd"
0.994014049880707,0.0104648399743441,0.997944731598583,0.00817815506005294,1.008821704851,0.0174326710193163,0.0685998860383476,0.00759488877014938,0.225361568904288,0.0103714130817674,0.583099273948354,0.0169448784431221,1,0.85666485770227,0.00100572132267707,0.0230417697368014,0.688923636949401,0.00890709172292203,0.704637812355384,0.00879765691661379,0.701088892379772,0.00982431767502975,0.688920892122121,0.0114690780345168,0.690187121483008,0.0138384173031579
