"beta1","beta1_sd","beta2","beta2_sd","omega_b1","omega_b1_sd","omega_b2","omega_b2_sd","omega_cov","omega_cov_sd","rho","rho_sd","conv_code","omega_cor","tau1","tau1_sd","tau2","tau2_sd","tau3","tau3_sd","tau4","tau4_sd","tau5","tau5_sd","tau6","tau6_sd"
1.00770195529785,0.00737649906535637,0.987686038470162,0.00955772898794914,0.254106286743043,0.00403270637472747,0.567596167149727,0.0159438045837773,-0.112396157398975,0.00517494451531665,-0.310409059220221,0.00897570053316275,1,-0.295953875785011,0.00153897193724209,0.0179520333052285,0.699090022326881,0.0078607108527583,0.706267254237706,0.00724754857954114,0.695299047032595,0.00805362134761701,0.694863186125932,0.00951022931856772,0.676017274513313,0.0119996915903946
