"beta1","beta1_sd","beta2","beta2_sd","omega_b1","omega_b1_sd","omega_b2","omega_b2_sd","omega_cov","omega_cov_sd","rho","rho_sd","conv_code","omega_cor","tau1","tau1_sd","tau2","tau2_sd","tau3","tau3_sd","tau4","tau4_sd","tau5","tau5_sd","tau6","tau6_sd"
0.998032894652032,0.0104924607172382,0.994648153158509,0.00846540226456298,0.997650676461803,0.0171181236710278,0.0604741767761879,0.00770539621308976,0.0764498556420552,0.0100174235815867,0.326370813005813,0.0211962131547685,1,0.311245037997746,0.0228863528566698,0.0220220245035524,0.677991832662473,0.00883092269956778,0.704628599786756,0.00887124344996827,0.694926170010293,0.0100342649829335,0.689512699138047,0.0117579748995587,0.693409536257598,0.0139357566829549
