"beta1","beta1_sd","beta2","beta2_sd","omega_b1","omega_b1_sd","omega_b2","omega_b2_sd","omega_cov","omega_cov_sd","rho","rho_sd","conv_code","omega_cor","tau1","tau1_sd","tau2","tau2_sd","tau3","tau3_sd","tau4","tau4_sd","tau5","tau5_sd","tau6","tau6_sd"
1.0094472082325,0.0139062489312915,1.01805479553874,0.0142754430448023,1.04079767453955,0.0253283922493994,0.241627454268633,0.0194724760885114,0.290693407311946,0.0163766914502218,-0.0412414340746485,0.0269819676163187,1,0.579667413323886,0.0171245268777709,0.0268322687954319,0.701132932930008,0.012749409986881,0.685058122637407,0.0133675945014136,0.705194406204189,0.0147646712341195,0.718406352968366,0.0166539729145401,0.690517496494753,0.0190290985440418
