"beta1","beta1_sd","beta2","beta2_sd","omega_b1","omega_b1_sd","omega_b2","omega_b2_sd","omega_cov","omega_cov_sd","rho","rho_sd","conv_code","omega_cor","tau1","tau1_sd","tau2","tau2_sd","tau3","tau3_sd","tau4","tau4_sd","tau5","tau5_sd","tau6","tau6_sd"
1.00210921374321,0.0058428594399552,1.00320705913088,0.0081665401622375,0.0626457271158403,0.0014906776133315,0.248927805589348,0.0100196615666733,0.00647188696070205,0.00241247721282524,0.301685332195639,0.0131188623995749,1,0.0518260954661931,0.0271183037447441,0.0181284731819681,0.69399250687897,0.00833807324456584,0.686091442486875,0.00722430494593474,0.696257334481142,0.00786144697586331,0.689106008589934,0.00945564306420653,0.697767695842566,0.0123844645803944
