"beta1","beta1_sd","beta2","beta2_sd","omega_b1","omega_b1_sd","omega_b2","omega_b2_sd","omega_cov","omega_cov_sd","rho","rho_sd","conv_code","omega_cor","tau1","tau1_sd","tau2","tau2_sd","tau3","tau3_sd","tau4","tau4_sd","tau5","tau5_sd","tau6","tau6_sd"
1.00582941135732,0.0111283959812014,1.01891012724026,0.0122845627461493,1.00781761841587,0.0184408475678205,0.951716776719845,0.0278107390822522,-0.578695392547837,0.0171283128968995,0.579013198780629,0.0180168483358922,1,-0.590888025434808,-0.0115361974837388,0.0254017674715546,0.69993700222715,0.00962521322758982,0.696273552101017,0.00936048902844558,0.704711732072455,0.0103566533610992,0.694662040569174,0.0119764401922773,0.685649453798465,0.0140221531167479
