"beta1","beta1_sd","beta2","beta2_sd","omega_b1","omega_b1_sd","omega_b2","omega_b2_sd","omega_cov","omega_cov_sd","rho","rho_sd","conv_code","omega_cor","tau1","tau1_sd","tau2","tau2_sd","tau3","tau3_sd","tau4","tau4_sd","tau5","tau5_sd","tau6","tau6_sd"
1.02119619296731,0.00860983768984619,1.01410566997608,0.00772055250401895,0.562720977840997,0.00839317801822351,0.0711812742246547,0.00754975774890952,-0.114849025218043,0.00621981477553738,-0.300056052923301,0.00881340902325855,1,-0.573849333544122,0.0316070569707902,0.0186604963322709,0.700895136594795,0.00780129360902345,0.702839195252725,0.00743367178904872,0.694741615260767,0.00827042498944774,0.697261548244993,0.00979198864023255,0.703632765037772,0.0118240844718378
