"beta1","beta1_sd","beta2","beta2_sd","omega_b1","omega_b1_sd","omega_b2","omega_b2_sd","omega_cov","omega_cov_sd","rho","rho_sd","conv_code","omega_cor","tau1","tau1_sd","tau2","tau2_sd","tau3","tau3_sd","tau4","tau4_sd","tau5","tau5_sd","tau6","tau6_sd"
1.01332495911314,0.00712362909830678,1.00910995000128,0.00901395630687684,0.251450389645575,0.00459100406356304,0.568257973866098,0.0147819363815182,0.102363454653901,0.00536972963837031,0.5991795502673,0.0107339578766578,1,0.270798346803855,0.0314885000305101,0.0202455544161215,0.702803826516499,0.00746589260481672,0.700428515649471,0.00694758419845654,0.697273487358452,0.0077620005384909,0.678846340996213,0.00929910356925972,0.681390243829521,0.0115260590868575
