"beta1","beta1_sd","beta2","beta2_sd","omega_b1","omega_b1_sd","omega_b2","omega_b2_sd","omega_cov","omega_cov_sd","rho","rho_sd","conv_code","omega_cor","tau1","tau1_sd","tau2","tau2_sd","tau3","tau3_sd","tau4","tau4_sd","tau5","tau5_sd","tau6","tau6_sd"
0.999523739832206,0.00529467392390646,0.992095392238299,0.0070503023605438,0.0610209781583157,0.00145101258084195,0.251647086963689,0.00810658283072895,-0.112923373600761,0.00253704662605637,0.606679212925178,0.00666308740184472,1,-0.911272591329532,0.00690667670936014,0.0186163168734885,0.692663359191288,0.00753553584566798,0.684116530674255,0.00632005972099236,0.69019953191323,0.00662255932413006,0.704647880753401,0.00768694605285524,0.685368180977125,0.0101811726505592
