"beta1","beta1_sd","beta2","beta2_sd","omega_b1","omega_b1_sd","omega_b2","omega_b2_sd","omega_cov","omega_cov_sd","rho","rho_sd","conv_code","omega_cor","tau1","tau1_sd","tau2","tau2_sd","tau3","tau3_sd","tau4","tau4_sd","tau5","tau5_sd","tau6","tau6_sd"
0.996852556173848,0.00693536534146338,0.99323462593986,0.00724191379551201,0.249386794190897,0.00372417972128045,0.0658886383628739,0.00679978454107117,0.0376374668156049,0.00355807662580953,-0.30109022106707,0.00813063813107341,1,0.293615104317321,-0.00311065514750664,0.0167984957470789,0.68913818775929,0.00745198802523262,0.697616726582602,0.00693351256432409,0.694402483339288,0.00776630098788472,0.690316686051958,0.00914982484067072,0.701749018057377,0.0113733564089683
