"beta1","beta1_sd","beta2","beta2_sd","omega_b1","omega_b1_sd","omega_b2","omega_b2_sd","omega_cov","omega_cov_sd","rho","rho_sd","conv_code","omega_cor","tau1","tau1_sd","tau2","tau2_sd","tau3","tau3_sd","tau4","tau4_sd","tau5","tau5_sd","tau6","tau6_sd"
1.00564497606294,0.00821178593886552,0.998398068483419,0.00665608429332312,0.560983632932823,0.00884257006334009,0.0537643292844695,0.00547941219270563,-0.117059899670026,0.00595456527477377,0.623052559536863,0.0108220419112631,1,-0.674040413104039,0.014000629343014,0.0206907849118625,0.693089566791173,0.00744244920940214,0.689005002815394,0.00700186810810195,0.683126079550955,0.00777467814185687,0.684862681242713,0.00922207958657972,0.705673834110553,0.0111220760360535
