"beta1","beta1_sd","beta2","beta2_sd","omega_b1","omega_b1_sd","omega_b2","omega_b2_sd","omega_cov","omega_cov_sd","rho","rho_sd","conv_code","omega_cor","tau1","tau1_sd","tau2","tau2_sd","tau3","tau3_sd","tau4","tau4_sd","tau5","tau5_sd","tau6","tau6_sd"
1.00028337788129,0.0110375131578253,0.976103462327819,0.00782681678466489,1.01834574766937,NA,7.6189992610095e-07,0.00101701721986293,-0.000730674961142791,0.01049675189355,0.898046761921786,0.00294635514383052,1,-0.829521472319044,0.0296740615272136,0.0312134398434394,0.685301158012374,0.00969316187897241,0.682579594978609,0.00929095385777281,0.656356177680351,0.009877901590883,0.702526025208685,0.0109674411290449,0.674188337905608,0.0131162460149013
