"beta1","beta1_sd","beta2","beta2_sd","omega_b1","omega_b1_sd","omega_b2","omega_b2_sd","omega_cov","omega_cov_sd","rho","rho_sd","conv_code","omega_cor","tau1","tau1_sd","tau2","tau2_sd","tau3","tau3_sd","tau4","tau4_sd","tau5","tau5_sd","tau6","tau6_sd"
1.0065941888276,0.00995989228076159,1.02104093095157,0.0127945945494701,0.571108459577429,0.0104205254636992,1.04293574878532,0.0293823195696161,-0.228121057692207,0.0111075137442593,-0.00777218278506267,0.0187133602506303,1,-0.295581536863445,0.0115945266749787,0.022450491258803,0.701407115922805,0.00937452477017449,0.710127073954062,0.00926810838021588,0.691965249555111,0.0103357293066004,0.695451098997325,0.0121366129486488,0.687186326394394,0.0143193703944963
