"beta1","beta1_sd","beta2","beta2_sd","omega_b1","omega_b1_sd","omega_b2","omega_b2_sd","omega_cov","omega_cov_sd","rho","rho_sd","conv_code","omega_cor","tau1","tau1_sd","tau2","tau2_sd","tau3","tau3_sd","tau4","tau4_sd","tau5","tau5_sd","tau6","tau6_sd"
1.0043748759374,0.00822655298922907,1.00308139193231,0.00887107272640478,0.559502899808673,0.00887113692689918,0.559803296385603,0.0148326173157123,0.5082486485032,0.00965854979604356,0.600725756011119,0.0113018266197229,1,0.908149474263543,-0.000448723682031287,0.0199465700175955,0.679463486353248,0.00745027565952354,0.688966616990368,0.00718267143788447,0.70472425584711,0.00804476770930023,0.696262928646368,0.00962671246544722,0.692127964593316,0.011738176177173
