"beta1","beta1_sd","beta2","beta2_sd","omega_b1","omega_b1_sd","omega_b2","omega_b2_sd","omega_cov","omega_cov_sd","rho","rho_sd","conv_code","omega_cor","tau1","tau1_sd","tau2","tau2_sd","tau3","tau3_sd","tau4","tau4_sd","tau5","tau5_sd","tau6","tau6_sd"
0.995127223487598,0.0146010353412224,0.988179022819493,0.0178734496013172,0.551701487185055,0.0152590553170761,0.533225830966196,0.0350127320172214,-0.155465745374554,0.0125902536681742,-0.595232718795133,0.0112126177608795,1,-0.286633565648531,0.0346298567049745,0.0278519379072061,0.670824765716657,0.0147470677139056,0.687835890005107,0.0146007236310931,0.702407803096031,0.0156334464997716,0.700183712062224,0.0174211273949446,0.666611876241179,0.0202052528344482
