"beta1","beta1_sd","beta2","beta2_sd","omega_b1","omega_b1_sd","omega_b2","omega_b2_sd","omega_cov","omega_cov_sd","rho","rho_sd","conv_code","omega_cor","tau1","tau1_sd","tau2","tau2_sd","tau3","tau3_sd","tau4","tau4_sd","tau5","tau5_sd","tau6","tau6_sd"
1.01246074315628,0.013511963918698,0.986271235541678,0.0130100099448309,1.017997513072,0.0239080287455999,0.0609873117402593,0.0128002882621859,0.0823863320155878,0.0136811919143984,0.0234141954353144,0.0268599173951637,1,0.330645079371125,-0.0122391329339102,0.0270790244619909,0.697932336882086,0.0123919048806083,0.69018201603923,0.0125912624186061,0.706325199400535,0.0140689658644893,0.698609426310383,0.0160568545507191,0.71228493815423,0.0182652352961295
