"beta1","beta1_sd","beta2","beta2_sd","omega_b1","omega_b1_sd","omega_b2","omega_b2_sd","omega_cov","omega_cov_sd","rho","rho_sd","conv_code","omega_cor","tau1","tau1_sd","tau2","tau2_sd","tau3","tau3_sd","tau4","tau4_sd","tau5","tau5_sd","tau6","tau6_sd"
0.995961483828245,0.00717209134226526,0.996884423102277,0.0124992542002462,0.0628227746903093,0.0013156699671282,1.01084724994197,0.0282879672735671,-0.228417354924351,0.00512620061122528,-0.900722773202983,0.0015808534547257,1,-0.90641644058662,-0.00880702720620669,0.0182960478852338,0.698332138203978,0.010336877087617,0.679442827786646,0.00936691220777695,0.697554102373669,0.00939314274158393,0.677102651485641,0.0106063737798216,0.712763236957421,0.0127824086803138
