"beta1","beta1_sd","beta2","beta2_sd","omega_b1","omega_b1_sd","omega_b2","omega_b2_sd","omega_cov","omega_cov_sd","rho","rho_sd","conv_code","omega_cor","tau1","tau1_sd","tau2","tau2_sd","tau3","tau3_sd","tau4","tau4_sd","tau5","tau5_sd","tau6","tau6_sd"
1.00119899160428,0.00642849868988345,1.01745923600201,0.0112465248094034,0.0644669023708296,0.00131238842827989,0.976664282553574,0.0234316350305505,-0.150594892701698,0.00378933698333894,-0.303461105807911,0.0100845179530621,1,-0.600162960608975,0.0103569145857239,0.017883915372238,0.687982018518905,0.00920842132925792,0.696359038720612,0.0078560345345236,0.689988532297399,0.00850108538292175,0.700064141004878,0.00990636212460941,0.706197495378163,0.0127666722921201
