"beta1","beta1_sd","beta2","beta2_sd","omega_b1","omega_b1_sd","omega_b2","omega_b2_sd","omega_cov","omega_cov_sd","rho","rho_sd","conv_code","omega_cor","tau1","tau1_sd","tau2","tau2_sd","tau3","tau3_sd","tau4","tau4_sd","tau5","tau5_sd","tau6","tau6_sd"
0.99447630682458,0.0101567516734129,1.00980757324388,0.00974336075675844,0.984618716366922,0.0161392353154657,0.589731976248151,0.0173043491173122,0.447374554294948,0.0132451256393635,0.636841966347167,0.0134508157213832,1,0.587097048383119,0.000357847690770279,0.0225399333510927,0.693910181548675,0.00809125587269646,0.699158309450061,0.00795545010863897,0.690013624792946,0.00889626633269317,0.700208970010978,0.010182718038842,0.693008682137992,0.0121735285391866
