"beta1","beta1_sd","beta2","beta2_sd","omega_b1","omega_b1_sd","omega_b2","omega_b2_sd","omega_cov","omega_cov_sd","rho","rho_sd","conv_code","omega_cor","tau1","tau1_sd","tau2","tau2_sd","tau3","tau3_sd","tau4","tau4_sd","tau5","tau5_sd","tau6","tau6_sd"
0.997109698798556,0.0080475417944836,0.987812904351333,0.0095604740420543,0.245514118666475,0.00423865427455488,0.248306795658321,0.0125643169847261,0.0712900056443306,0.00470973447243895,-0.304901927169126,0.010301611717509,1,0.288732791964993,0.00597763034133984,0.0192931982172285,0.698000970108978,0.00876571791824775,0.693065023672186,0.00839067016859159,0.694842798207678,0.00935925517411755,0.692340005931329,0.0109555490300295,0.685904158363861,0.0135752342002747
