"beta1","beta1_sd","beta2","beta2_sd","omega_b1","omega_b1_sd","omega_b2","omega_b2_sd","omega_cov","omega_cov_sd","rho","rho_sd","conv_code","omega_cor","tau1","tau1_sd","tau2","tau2_sd","tau3","tau3_sd","tau4","tau4_sd","tau5","tau5_sd","tau6","tau6_sd"
0.999589991175829,0.00875315314913341,0.998853045662182,0.00810415570166204,0.549370081612279,0.00929938129363279,0.0612443818304782,0.00750163904720625,-0.112116979371702,0.0066252950992389,0.325319539107829,0.0187780288008163,1,-0.611231543734448,-0.00238264966676478,0.0208260015104119,0.681190475665355,0.00855094289049756,0.686708250768744,0.00822306082560364,0.690634638302327,0.00932238705365001,0.691998166205654,0.0108329583523289,0.703413796261035,0.0131779665878419
