"beta1","beta1_sd","beta2","beta2_sd","omega_b1","omega_b1_sd","omega_b2","omega_b2_sd","omega_cov","omega_cov_sd","rho","rho_sd","conv_code","omega_cor","tau1","tau1_sd","tau2","tau2_sd","tau3","tau3_sd","tau4","tau4_sd","tau5","tau5_sd","tau6","tau6_sd"
0.988997872838339,0.0100417789050143,0.994283276836458,0.0107959270283562,0.557272996891356,0.00983413485592969,0.235167968094296,0.0147750369288908,0.223269579087119,0.00894485426558602,-0.589660234439404,0.00659645651491445,1,0.61674618322354,-0.0112474120963964,0.0220143560756983,0.692744047096333,0.00962325088282446,0.675100518922317,0.00957599281441344,0.693924847841565,0.0105665321597546,0.688575925199136,0.0121555409010838,0.686779065649091,0.014206943638997
