"beta1","beta1_sd","beta2","beta2_sd","omega_b1","omega_b1_sd","omega_b2","omega_b2_sd","omega_cov","omega_cov_sd","rho","rho_sd","conv_code","omega_cor","tau1","tau1_sd","tau2","tau2_sd","tau3","tau3_sd","tau4","tau4_sd","tau5","tau5_sd","tau6","tau6_sd"
0.987290085091972,0.0123891144232896,0.98347083345588,0.0132415693765311,0.988831937717241,0.0182848120237105,0.5465314146523,0.0248928360264413,-0.016582496963996,0.0152605816773749,-0.897582329974259,0.00173698583048769,1,-0.0225569885357612,-0.0280820525772466,0.0268294970854263,0.69389426649415,0.0102497329327777,0.682214773106274,0.0100694051712564,0.683817574900473,0.0106419139737017,0.691036106552341,0.0117999089920733,0.675703260924681,0.0134645907587886
