"beta1","beta1_sd","beta2","beta2_sd","omega_b1","omega_b1_sd","omega_b2","omega_b2_sd","omega_cov","omega_cov_sd","rho","rho_sd","conv_code","omega_cor","tau1","tau1_sd","tau2","tau2_sd","tau3","tau3_sd","tau4","tau4_sd","tau5","tau5_sd","tau6","tau6_sd"
0.995726360885047,0.0106151136630238,0.988683780922696,0.00850381638650866,1.05036214080586,0.0179186010681296,0.0695919470706258,0.00826663696949768,0.259213313827856,0.0106634496701941,0.297239323432804,0.0209594900743963,1,0.958756410099437,-0.016194234625289,0.0216756577187145,0.695006507106098,0.0088099219397173,0.704149842725574,0.00894851249467124,0.697750682254982,0.0100303113622137,0.722352931533902,0.0115758610209464,0.676626673514109,0.0138771142238357
