"beta1","beta1_sd","beta2","beta2_sd","omega_b1","omega_b1_sd","omega_b2","omega_b2_sd","omega_cov","omega_cov_sd","rho","rho_sd","conv_code","omega_cor","tau1","tau1_sd","tau2","tau2_sd","tau3","tau3_sd","tau4","tau4_sd","tau5","tau5_sd","tau6","tau6_sd"
0.992586480865754,0.01072925745433,0.989890236062348,0.0145314696270109,0.250571323397272,0.00629255287017636,0.971924848785607,0.0338784204671815,-0.134241177172566,0.0079861862238541,0.00898949450370049,0.0252254570562511,1,-0.272021809768287,3.19085309401747e-05,0.0244683783992814,0.668750491734497,0.0117677122101793,0.693919900097778,0.0112355649901013,0.689112927338171,0.0128689621796013,0.708314112699504,0.0145628464427848,0.688501849165851,0.0181510553274338
