"beta1","beta1_sd","beta2","beta2_sd","omega_b1","omega_b1_sd","omega_b2","omega_b2_sd","omega_cov","omega_cov_sd","rho","rho_sd","conv_code","omega_cor","tau1","tau1_sd","tau2","tau2_sd","tau3","tau3_sd","tau4","tau4_sd","tau5","tau5_sd","tau6","tau6_sd"
0.9957327769623,0.00851601224265001,0.99998831077702,0.0106888383334466,0.559400053596665,0.00885792054301117,0.998110246437204,0.0235688664720305,-0.457429285018901,0.0107139483482113,0.314799627381132,0.0168360491312593,1,-0.612171992425914,-0.0330981953652541,0.0199249905065867,0.700304047173573,0.00779222834123419,0.684653901237162,0.00730169251437977,0.699313267294359,0.00818521917378693,0.690440815782957,0.00975852794084618,0.694208294599044,0.0118496326475543
