"beta1","beta1_sd","beta2","beta2_sd","omega_b1","omega_b1_sd","omega_b2","omega_b2_sd","omega_cov","omega_cov_sd","rho","rho_sd","conv_code","omega_cor","tau1","tau1_sd","tau2","tau2_sd","tau3","tau3_sd","tau4","tau4_sd","tau5","tau5_sd","tau6","tau6_sd"
1.00603553984695,0.0107232001292292,0.996806771783903,0.0116840604057511,0.9997835547989,0.0177799952740239,0.994642657466888,0.0279640804015769,0.89271966064479,0.0189099893410833,0.604773336037428,0.0156989594291351,1,0.895217502525728,0.0133368614110665,0.0237887486602812,0.698105112076343,0.00903997578069606,0.695071800879464,0.00927985905335609,0.68797811625249,0.0104789437206075,0.689223099584021,0.0118826619376031,0.674853412219626,0.0141776350683456
