"beta1","beta1_sd","beta2","beta2_sd","omega_b1","omega_b1_sd","omega_b2","omega_b2_sd","omega_cov","omega_cov_sd","rho","rho_sd","conv_code","omega_cor","tau1","tau1_sd","tau2","tau2_sd","tau3","tau3_sd","tau4","tau4_sd","tau5","tau5_sd","tau6","tau6_sd"
0.988485349114023,0.00573281936282866,0.977514302326851,0.00801973806604343,0.060866503721037,0.00146320232089116,0.244535444628863,0.00987168826110935,0.0314640644199456,0.00237957651748322,0.307913094872618,0.0130240470171665,1,0.257902015324418,-0.0176607347213115,0.018171698033738,0.693632199726001,0.00840829359073507,0.689525561296307,0.00711092520194099,0.67227819372464,0.00791535783857005,0.693534315511386,0.00939923941130265,0.666054726420687,0.0129957484137029
