"beta1","beta1_sd","beta2","beta2_sd","omega_b1","omega_b1_sd","omega_b2","omega_b2_sd","omega_cov","omega_cov_sd","rho","rho_sd","conv_code","omega_cor","tau1","tau1_sd","tau2","tau2_sd","tau3","tau3_sd","tau4","tau4_sd","tau5","tau5_sd","tau6","tau6_sd"
0.994907103347802,0.00803830775797348,0.989458448659681,0.00905933171534572,0.247411589237712,0.00410398541723388,0.0557911321283456,0.00874990192941626,0.0371537378266727,0.00475892398444586,-0.897580858894381,0.00143911485660362,1,0.31623497874428,0.0114572017559998,0.019669610967067,0.684500920016552,0.00889307309886984,0.701917886791293,0.00813831534018786,0.676540323508164,0.00876547559283914,0.681467421400365,0.00993656099353678,0.662659092145811,0.0121178287351707
