"beta1","beta1_sd","beta2","beta2_sd","omega_b1","omega_b1_sd","omega_b2","omega_b2_sd","omega_cov","omega_cov_sd","rho","rho_sd","conv_code","omega_cor","tau1","tau1_sd","tau2","tau2_sd","tau3","tau3_sd","tau4","tau4_sd","tau5","tau5_sd","tau6","tau6_sd"
0.9890180965847,0.00883392161386267,0.997383701465177,0.010749882972917,0.559678480558905,0.0094033567444193,0.960526305049094,0.0227466531059835,-0.220823824955357,0.00993744641248735,0.575561340841269,0.0145125867951082,1,-0.301177131261465,-0.00960940531544268,0.022187955741489,0.684462450493939,0.00801467125650859,0.688411992617771,0.00753866151284395,0.675738630960118,0.00835519846410721,0.694274183049569,0.00977505830395839,0.674477549575941,0.0120183500235955
