"beta1","beta1_sd","beta2","beta2_sd","omega_b1","omega_b1_sd","omega_b2","omega_b2_sd","omega_cov","omega_cov_sd","rho","rho_sd","conv_code","omega_cor","tau1","tau1_sd","tau2","tau2_sd","tau3","tau3_sd","tau4","tau4_sd","tau5","tau5_sd","tau6","tau6_sd"
0.995410398716142,0.00512412240733395,1.00380665363254,0.00719333577353958,0.0633221638746417,0.00130809338160692,0.24613321950696,0.00836798909056649,0.0379168960489962,0.00215991071130613,0.302094433634475,0.0112644049216158,1,0.303717480155546,-0.0171238508416776,0.0160589037390875,0.690241746026402,0.00726698811158024,0.693554324170258,0.00619954268895074,0.68450537022316,0.0067898677639066,0.702120718411041,0.00808469354094048,0.703270529748423,0.0107855471299581
