"beta1","beta1_sd","beta2","beta2_sd","omega_b1","omega_b1_sd","omega_b2","omega_b2_sd","omega_cov","omega_cov_sd","rho","rho_sd","conv_code","omega_cor","tau1","tau1_sd","tau2","tau2_sd","tau3","tau3_sd","tau4","tau4_sd","tau5","tau5_sd","tau6","tau6_sd"
0.997349088511114,0.006092698666771,1.00134421893968,0.0087109234473879,0.0636835825301779,0.00123821851809199,0.256116052792638,0.0107207090083193,-0.0758892176257098,0.0025057856695637,-0.307435714698353,0.00904233024688502,1,-0.594220912861514,-0.00534183539752358,0.0169191894583163,0.697376964048749,0.00876049459934842,0.687679709995249,0.0076166111452838,0.700011004515378,0.00817103275819498,0.688601437280724,0.00983361951970674,0.705291493982303,0.0126048295274122
