"beta1","beta1_sd","beta2","beta2_sd","omega_b1","omega_b1_sd","omega_b2","omega_b2_sd","omega_cov","omega_cov_sd","rho","rho_sd","conv_code","omega_cor","tau1","tau1_sd","tau2","tau2_sd","tau3","tau3_sd","tau4","tau4_sd","tau5","tau5_sd","tau6","tau6_sd"
1.0003451647894,0.00684888869571227,1.01078944444184,0.0075437584604885,0.252415501340432,0.0043868684052415,0.254598216244049,0.00895366200457318,0.150749620871505,0.00462081330222668,0.610681569512034,0.00973590416152333,1,0.594662481950451,0.000875818192114864,0.0196243763461781,0.683025771764272,0.00733122225709452,0.6961588600235,0.00670361813471908,0.699128652670651,0.00749841612963113,0.686847990925192,0.0089760737614048,0.694726324962306,0.0111178664992706
