"beta1","beta1_sd","beta2","beta2_sd","omega_b1","omega_b1_sd","omega_b2","omega_b2_sd","omega_cov","omega_cov_sd","rho","rho_sd","conv_code","omega_cor","tau1","tau1_sd","tau2","tau2_sd","tau3","tau3_sd","tau4","tau4_sd","tau5","tau5_sd","tau6","tau6_sd"
1.0000998254317,0.00725491057267853,0.99331516973997,0.00988476584806943,0.0650031352154313,0.00207195180778777,0.264138948863731,0.0123591749482412,0.11876513584199,0.00366642758950798,0.592375901057977,0.0101138845286658,1,0.906370152108774,0.0208075150146668,0.022900443446602,0.676423418116938,0.0106501623423208,0.703845034750785,0.00892210668331077,0.691043096470397,0.00978796812046246,0.709458791415898,0.0116822071690123,0.707820622085179,0.0158268862823182
