"beta1","beta1_sd","beta2","beta2_sd","omega_b1","omega_b1_sd","omega_b2","omega_b2_sd","omega_cov","omega_cov_sd","rho","rho_sd","conv_code","omega_cor","tau1","tau1_sd","tau2","tau2_sd","tau3","tau3_sd","tau4","tau4_sd","tau5","tau5_sd","tau6","tau6_sd"
1.00822616747699,0.00545377887407968,1.0061400770418,0.0100265866633915,0.0660718718655122,0.00135915736318063,1.03533194729169,0.020488874135302,-0.155793542338161,0.00357469233609857,0.292328001404164,0.0120232662224352,1,-0.595663980166,0.00703570981813488,0.0171649699416732,0.698577903462291,0.00766838952004281,0.704934040459409,0.00644291239314152,0.700391830903471,0.00696184527500032,0.692108146523966,0.00822338876742618,0.711228643883891,0.0107435503759784
