"beta1","beta1_sd","beta2","beta2_sd","omega_b1","omega_b1_sd","omega_b2","omega_b2_sd","omega_cov","omega_cov_sd","rho","rho_sd","conv_code","omega_cor","tau1","tau1_sd","tau2","tau2_sd","tau3","tau3_sd","tau4","tau4_sd","tau5","tau5_sd","tau6","tau6_sd"
0.998765108765302,0.00645714637883135,0.998082667917856,0.0100529480091677,0.062291585677783,0.00129257991853059,0.556926042701265,0.0165595697415992,-0.0568805351080132,0.00284495415840916,-0.293410567998631,0.00993754116818391,1,-0.305386768848615,0.000193016948313929,0.0174720485112672,0.690026828498889,0.00902937372743362,0.684888424935191,0.0078753107377618,0.6957666161013,0.00853613811624791,0.689232322465345,0.0100371067810493,0.693787285904467,0.0130490097035078
