"beta1","beta1_sd","beta2","beta2_sd","omega_b1","omega_b1_sd","omega_b2","omega_b2_sd","omega_cov","omega_cov_sd","rho","rho_sd","conv_code","omega_cor","tau1","tau1_sd","tau2","tau2_sd","tau3","tau3_sd","tau4","tau4_sd","tau5","tau5_sd","tau6","tau6_sd"
0.986496501998975,0.0104095451201845,0.980559498739117,0.0118899799448488,0.240803723032852,0.00565106206490535,0.0495027207268322,0.0126951669843197,-0.00872582201737404,0.00519117076302209,-0.288471570336035,0.0159022315601938,1,-0.0799208726503916,0.0153117232476543,0.0226210996519295,0.665522843197821,0.0117175995323729,0.675085918305981,0.0113541679978326,0.690528177102895,0.0125546175698668,0.668252214530033,0.0147589382152995,0.67994953796471,0.0175621773280494
