"beta1","beta1_sd","beta2","beta2_sd","omega_b1","omega_b1_sd","omega_b2","omega_b2_sd","omega_cov","omega_cov_sd","rho","rho_sd","conv_code","omega_cor","tau1","tau1_sd","tau2","tau2_sd","tau3","tau3_sd","tau4","tau4_sd","tau5","tau5_sd","tau6","tau6_sd"
0.998316651507947,0.0109011331116303,0.991331531154505,0.00908067371726763,1.0079601949672,0.0172739608282044,0.058302447723462,0.00854363574210481,-0.0940778033179593,0.010002051416662,0.0056541588573063,0.0169309926519962,1,-0.38808073415128,-0.00308889560456057,0.0217308103824381,0.687218546974799,0.00920660454298569,0.702198187080986,0.00922348693623985,0.667342324934324,0.0105655846263619,0.71334360017736,0.0118540827858453,0.676817192677991,0.0141673210533945
