"beta1","beta1_sd","beta2","beta2_sd","omega_b1","omega_b1_sd","omega_b2","omega_b2_sd","omega_cov","omega_cov_sd","rho","rho_sd","conv_code","omega_cor","tau1","tau1_sd","tau2","tau2_sd","tau3","tau3_sd","tau4","tau4_sd","tau5","tau5_sd","tau6","tau6_sd"
0.990705952069755,0.00995330503661905,0.994837259246638,0.00984700995296639,0.571629935391991,0.00961928756354054,0.0742027289880591,0.0105651218257447,0.172008257379122,0.00854312743712639,-0.900127636532875,0.00149892789759275,1,0.835183441006714,-0.0110689600890445,0.0229708831745131,0.687254212164998,0.00925967633076591,0.696951010176209,0.00887647232756974,0.691739147881803,0.00938056508364104,0.697517757443857,0.0106584737596215,0.678299208847962,0.0128499167207677
