"beta1","beta1_sd","beta2","beta2_sd","omega_b1","omega_b1_sd","omega_b2","omega_b2_sd","omega_cov","omega_cov_sd","rho","rho_sd","conv_code","omega_cor","tau1","tau1_sd","tau2","tau2_sd","tau3","tau3_sd","tau4","tau4_sd","tau5","tau5_sd","tau6","tau6_sd"
0.988902512059757,0.0109931045521215,0.998842374729426,0.0118136852929465,0.559207217581413,0.0106151725663809,0.0461927055302592,0.0124671288225089,-0.108824296219736,0.00961774011671583,-0.900352353966813,0.00175807710867301,1,-0.677099952322414,-0.0329372396040911,0.025043204068307,0.703123555004157,0.0109920989726693,0.690491076233361,0.0105692782591508,0.685366356279242,0.0111164109757969,0.682069980199148,0.0124081018827019,0.698358664280846,0.0144201832933338
