"beta1","beta1_sd","beta2","beta2_sd","omega_b1","omega_b1_sd","omega_b2","omega_b2_sd","omega_cov","omega_cov_sd","rho","rho_sd","conv_code","omega_cor","tau1","tau1_sd","tau2","tau2_sd","tau3","tau3_sd","tau4","tau4_sd","tau5","tau5_sd","tau6","tau6_sd"
0.994965806183562,0.00521468206671135,0.996834490555239,0.00674550334407022,0.0607432525038457,0.00106926803740844,0.0717305679324049,0.00618629223686332,-0.000798709209204052,0.00169629542444817,-0.285308738847087,0.0075232607470225,1,-0.0121000603373277,-0.00778802311032042,0.0146488446077462,0.690730507727344,0.00740501228656899,0.688090230527964,0.00638663255195738,0.695647782461512,0.00698626276519451,0.67907410420044,0.008333657344694,0.675795418074857,0.0109759204141169
