"beta1","beta1_sd","beta2","beta2_sd","omega_b1","omega_b1_sd","omega_b2","omega_b2_sd","omega_cov","omega_cov_sd","rho","rho_sd","conv_code","omega_cor","tau1","tau1_sd","tau2","tau2_sd","tau3","tau3_sd","tau4","tau4_sd","tau5","tau5_sd","tau6","tau6_sd"
0.995019308346584,0.00904978601538492,0.987223751048078,0.0120234628123831,0.0607172144324073,0.00364498805600863,0.530634748281068,0.0207927638313809,-0.158651658455424,0.00606175940473481,0.899802024891716,0.00213227026825876,1,-0.883875007304948,-0.024202934710229,0.0336826515804849,0.698144179014594,0.012408471690336,0.685163000096522,0.0107004297335334,0.695785237501699,0.010674809962622,0.68119484046556,0.0118774275653227,0.682406009989178,0.0153704650354813
