"beta1","beta1_sd","beta2","beta2_sd","omega_b1","omega_b1_sd","omega_b2","omega_b2_sd","omega_cov","omega_cov_sd","rho","rho_sd","conv_code","omega_cor","tau1","tau1_sd","tau2","tau2_sd","tau3","tau3_sd","tau4","tau4_sd","tau5","tau5_sd","tau6","tau6_sd"
0.986207442292674,0.0122637237046807,1.01214415154538,0.0142517051101941,0.959320235731512,0.0205295447805336,0.996685854930953,0.0361600615714369,-0.88221346641625,0.0225882883684851,0.624256893218381,0.0165563663705292,1,-0.902220586838771,-0.0110728738367449,0.0294499010629433,0.680378801329526,0.0122338309159926,0.688981366293628,0.011263629806266,0.690306077717738,0.0128229181346306,0.668311995945575,0.0149853211823092,0.692053630640176,0.0174762723134436
