"beta1","beta1_sd","beta2","beta2_sd","omega_b1","omega_b1_sd","omega_b2","omega_b2_sd","omega_cov","omega_cov_sd","rho","rho_sd","conv_code","omega_cor","tau1","tau1_sd","tau2","tau2_sd","tau3","tau3_sd","tau4","tau4_sd","tau5","tau5_sd","tau6","tau6_sd"
1.00046822179265,0.0096655013863308,1.00975897502629,0.011204778335255,0.251074075077426,0.00580360735698838,0.0634218636046943,0.010973260899186,-0.00553111591267565,0.00521562562944567,0.00269270891036414,0.0211854673063579,1,-0.0438321046637717,-0.0332415746851635,0.0229729545396431,0.708724931534661,0.0109051411633199,0.690364852526158,0.0105481733038951,0.681777557014589,0.011961209589118,0.681098922338129,0.014284902866022,0.683641741147532,0.0171062875381341
