"beta1","beta1_sd","beta2","beta2_sd","omega_b1","omega_b1_sd","omega_b2","omega_b2_sd","omega_cov","omega_cov_sd","rho","rho_sd","conv_code","omega_cor","tau1","tau1_sd","tau2","tau2_sd","tau3","tau3_sd","tau4","tau4_sd","tau5","tau5_sd","tau6","tau6_sd"
0.985143889154526,0.0138943879120752,1.00874808610549,0.0159754192147806,0.573416726934523,0.0153464482047477,0.047645233194504,0.0130354264828384,0.165289362762239,0.0112198565705567,-0.612908832533242,0.0100838810140584,1,0.9999999957893,-0.0359115430775615,0.0266266059952487,0.703605213369022,0.014123174075304,0.691059092214858,0.0142683267421418,0.717892989433463,0.0154589556762321,0.681708650214221,0.017570191364361,0.692624818657651,0.0198959024875795
