"beta1","beta1_sd","beta2","beta2_sd","omega_b1","omega_b1_sd","omega_b2","omega_b2_sd","omega_cov","omega_cov_sd","rho","rho_sd","conv_code","omega_cor","tau1","tau1_sd","tau2","tau2_sd","tau3","tau3_sd","tau4","tau4_sd","tau5","tau5_sd","tau6","tau6_sd"
0.987592847149279,0.00926342344740164,0.99335051514981,0.0136706704622706,0.0619769313367215,0.0017335534424961,0.578302343626694,0.0244176901465205,0.11408601580363,0.0041691811545876,-0.598158670710584,0.00840482959431638,1,0.602614951644331,-0.0222951732309817,0.0203114881365802,0.681543473547863,0.0120222328763477,0.700699237347395,0.0109058184178438,0.671979802512814,0.0122722407164745,0.6862962000182,0.0140173512432427,0.707378366000727,0.0175178167720016
