"beta1","beta1_sd","beta2","beta2_sd","omega_b1","omega_b1_sd","omega_b2","omega_b2_sd","omega_cov","omega_cov_sd","rho","rho_sd","conv_code","omega_cor","tau1","tau1_sd","tau2","tau2_sd","tau3","tau3_sd","tau4","tau4_sd","tau5","tau5_sd","tau6","tau6_sd"
0.996382367590542,0.010536894583277,0.995217030906468,0.00854872516509228,0.995391788150478,0.0170486102838266,0.0569946556773576,0.00818403595161755,0.143374441982927,0.010089822531248,0.303063276010949,0.0215025964955791,1,0.601946157789463,-0.00618795910032431,0.0216433624836206,0.673898171811429,0.00885555077827356,0.693931199350427,0.00897478022796447,0.700529137657429,0.0100790950588716,0.70651703905539,0.0116794211021484,0.661767507194655,0.0141958890818616
