"beta1","beta1_sd","beta2","beta2_sd","omega_b1","omega_b1_sd","omega_b2","omega_b2_sd","omega_cov","omega_cov_sd","rho","rho_sd","conv_code","omega_cor","tau1","tau1_sd","tau2","tau2_sd","tau3","tau3_sd","tau4","tau4_sd","tau5","tau5_sd","tau6","tau6_sd"
0.993757551649384,0.0072380628403251,0.999278522817263,0.0110193684029493,0.0601432446944802,0.00201975231557683,0.584436505722559,0.0188764637905123,0.167236158586608,0.004412960067164,0.608069401703953,0.00980316322217503,1,0.892006642269833,0.00506787687570242,0.0235489225846192,0.693457071048581,0.0107415147528946,0.676089656353624,0.00923591138572849,0.695633008344583,0.00998085339025377,0.676840164185701,0.0119305852917728,0.731447397421849,0.0157813721827654
