"beta1","beta1_sd","beta2","beta2_sd","omega_b1","omega_b1_sd","omega_b2","omega_b2_sd","omega_cov","omega_cov_sd","rho","rho_sd","conv_code","omega_cor","tau1","tau1_sd","tau2","tau2_sd","tau3","tau3_sd","tau4","tau4_sd","tau5","tau5_sd","tau6","tau6_sd"
1.0038374260052,0.0115107841295916,0.994535318232327,0.0120120335627735,1.01147125521041,0.0206369973251888,1.01334990182189,0.02653688014693,-0.290197184920374,0.0173498360761271,0.904583886941739,0.00274707091697557,1,-0.286639942315548,-0.0231198391407266,0.0328650662206107,0.694094831707988,0.00934679949094581,0.689985681394356,0.00884211906627835,0.685519620716839,0.00935162411951496,0.681701679241759,0.0105434567037747,0.694096089163014,0.0120885855936324
