"beta1","beta1_sd","beta2","beta2_sd","omega_b1","omega_b1_sd","omega_b2","omega_b2_sd","omega_cov","omega_cov_sd","rho","rho_sd","conv_code","omega_cor","tau1","tau1_sd","tau2","tau2_sd","tau3","tau3_sd","tau4","tau4_sd","tau5","tau5_sd","tau6","tau6_sd"
0.985528410042857,0.0145109357118881,1.00807560095465,0.0186881581138779,0.556808733088603,0.0155141360387895,0.961819329132016,0.0449324380675503,-0.454188228536256,0.0172483721111952,-0.59496845560347,0.0115433172128761,1,-0.620634773184895,-0.025348909887792,0.0275710574198664,0.690097416596324,0.0146638293913337,0.67785154594425,0.0146073865760527,0.69519587253589,0.0155701112757683,0.690398835604458,0.0175605969173205,0.681555146245692,0.0202703061096843
