"beta1","beta1_sd","beta2","beta2_sd","omega_b1","omega_b1_sd","omega_b2","omega_b2_sd","omega_cov","omega_cov_sd","rho","rho_sd","conv_code","omega_cor","tau1","tau1_sd","tau2","tau2_sd","tau3","tau3_sd","tau4","tau4_sd","tau5","tau5_sd","tau6","tau6_sd"
1.00586987844251,0.00872869758161185,1.00749843509705,0.0111675445826478,0.570017503219004,0.00901536825286539,1.05869948551037,0.0250677720572441,0.473689005784199,0.0111394294096636,0.0059660073026168,0.0141796664573784,1,0.609765513296301,0.00139592791543192,0.0191524090804394,0.71050660141462,0.00765469132605358,0.698977841685632,0.00774806289145524,0.702243007951258,0.00871951278948784,0.700446704300336,0.0101728738687956,0.693951318822021,0.0122946990227845
