"beta1","beta1_sd","beta2","beta2_sd","omega_b1","omega_b1_sd","omega_b2","omega_b2_sd","omega_cov","omega_cov_sd","rho","rho_sd","conv_code","omega_cor","tau1","tau1_sd","tau2","tau2_sd","tau3","tau3_sd","tau4","tau4_sd","tau5","tau5_sd","tau6","tau6_sd"
0.992427710621946,0.00981271678803713,0.992941629184713,0.00711059640294038,0.97766920463084,0.0152845450760179,0.0589815095943629,0.0061480901572876,-0.0682312189558433,0.00874500022293932,0.588239773895086,0.0139040832384412,1,-0.284137935286161,0.00786781697117966,0.0211026381337971,0.684430908221671,0.00783025027263996,0.690429096314969,0.00752124592214334,0.689569368246468,0.00836632699551969,0.681277005758179,0.00982836800811443,0.68992574554068,0.0120108180669136
