"beta1","beta1_sd","beta2","beta2_sd","omega_b1","omega_b1_sd","omega_b2","omega_b2_sd","omega_cov","omega_cov_sd","rho","rho_sd","conv_code","omega_cor","tau1","tau1_sd","tau2","tau2_sd","tau3","tau3_sd","tau4","tau4_sd","tau5","tau5_sd","tau6","tau6_sd"
1.00407273719544,0.00841443558407479,1.00613795379429,0.0134630625161481,0.0660329976833153,0.00195364280602772,1.01392835068083,0.0303514866057665,-0.000323679870034453,0.00418879355453443,-0.0182708652925109,0.0205797414186158,1,-0.00125092580367569,-0.00246053233717954,0.0221240352704995,0.696834894983908,0.0110707410740053,0.702030577087838,0.00993468525432832,0.699368782584474,0.0111223962152125,0.694211605993563,0.0132604007500898,0.723977996140903,0.0167440756130843
