"beta1","beta1_sd","beta2","beta2_sd","omega_b1","omega_b1_sd","omega_b2","omega_b2_sd","omega_cov","omega_cov_sd","rho","rho_sd","conv_code","omega_cor","tau1","tau1_sd","tau2","tau2_sd","tau3","tau3_sd","tau4","tau4_sd","tau5","tau5_sd","tau6","tau6_sd"
0.99108333781459,0.00719171973009725,1.00894553163104,0.00831246631136021,0.255343099897204,0.00391674984333297,0.239974812746687,0.0101120061573485,0.0707835248971691,0.00424243358791762,-0.302003555439229,0.00848949926121939,1,0.285948150561679,-0.0314049982015985,0.017267688292885,0.692999374567685,0.00755846589470529,0.696974403703643,0.00708768418377939,0.700439435806887,0.00789826942313111,0.701417480828865,0.00941818568113292,0.695690983336046,0.0118475013805084
