"beta1","beta1_sd","beta2","beta2_sd","omega_b1","omega_b1_sd","omega_b2","omega_b2_sd","omega_cov","omega_cov_sd","rho","rho_sd","conv_code","omega_cor","tau1","tau1_sd","tau2","tau2_sd","tau3","tau3_sd","tau4","tau4_sd","tau5","tau5_sd","tau6","tau6_sd"
1.00201390001177,0.012713569674793,1.01627147640146,0.0149506946466637,1.01310645291744,0.0201150447301134,0.97915116102264,0.0356610377155409,-0.00629197198049095,0.0166329734066165,-0.606890130612274,0.00774958677315649,1,-0.00631734169099274,-0.0193318815505212,0.0260571989311186,0.693285555773128,0.0110381843379549,0.695758992978676,0.0110259093521507,0.682355219156814,0.0119129488060433,0.68475249927102,0.0133735945981299,0.697866690902699,0.0154270276389831
