"beta1","beta1_sd","beta2","beta2_sd","omega_b1","omega_b1_sd","omega_b2","omega_b2_sd","omega_cov","omega_cov_sd","rho","rho_sd","conv_code","omega_cor","tau1","tau1_sd","tau2","tau2_sd","tau3","tau3_sd","tau4","tau4_sd","tau5","tau5_sd","tau6","tau6_sd"
1.0034875741194,0.00991057794111619,0.98951263738893,0.0103612976614309,0.252680241455839,0.00765514627408831,0.0557233615159372,0.0084256137663887,-9.0976839440355e-05,0.00684693035202697,0.898363307378464,0.00257930722561287,1,-0.000766701918430261,0.00268624452437275,0.0335408634522687,0.704077122952365,0.0115617151748378,0.683718310154967,0.0105242291576428,0.696927923026075,0.0113396212163322,0.697520295280941,0.0128921388819813,0.701919066560357,0.0160297624045569
