"beta1","beta1_sd","beta2","beta2_sd","omega_b1","omega_b1_sd","omega_b2","omega_b2_sd","omega_cov","omega_cov_sd","rho","rho_sd","conv_code","omega_cor","tau1","tau1_sd","tau2","tau2_sd","tau3","tau3_sd","tau4","tau4_sd","tau5","tau5_sd","tau6","tau6_sd"
1.03872975317209,0.0170606371332248,1.02239449807915,0.023005374423125,0.266424435008829,0.00926765071293692,0.608901606528505,0.0502953141720452,-0.11668176898481,0.0105420659032816,-0.906178222867719,0.00300985117995984,1,-0.289695946210373,0.0203259931830189,0.0284093358322261,0.723507328033437,0.0177588080719255,0.723632238936472,0.0175147939886978,0.719910798069951,0.0181554407723286,0.741026092082013,0.0196094965496119,0.713733522739025,0.0219683853486751
