"beta1","beta1_sd","beta2","beta2_sd","omega_b1","omega_b1_sd","omega_b2","omega_b2_sd","omega_cov","omega_cov_sd","rho","rho_sd","conv_code","omega_cor","tau1","tau1_sd","tau2","tau2_sd","tau3","tau3_sd","tau4","tau4_sd","tau5","tau5_sd","tau6","tau6_sd"
1.00012727813496,0.00895229322196103,1.00003023872454,0.00988333508588481,0.562208684472582,0.00953801024214949,0.557041271955127,0.0172473264138087,-0.502491968108492,0.0104042902450239,0.300554729798642,0.0185327792254825,1,-0.897917968546338,-0.00363664530679264,0.0209743410214827,0.693992886054097,0.00876675046167457,0.694301960612594,0.00823506452587383,0.707564978977632,0.00917822525812037,0.694315499379049,0.0110470724929862,0.714888266191755,0.0132996454541201
