"beta1","beta1_sd","beta2","beta2_sd","omega_b1","omega_b1_sd","omega_b2","omega_b2_sd","omega_cov","omega_cov_sd","rho","rho_sd","conv_code","omega_cor","tau1","tau1_sd","tau2","tau2_sd","tau3","tau3_sd","tau4","tau4_sd","tau5","tau5_sd","tau6","tau6_sd"
0.991986084047098,0.00601180363244109,1.01818817026763,0.00963575644843926,0.0619943084759217,0.00119218090653762,0.566698018960323,0.0152163692961515,-0.165371407042166,0.00333267094806827,-0.304427490731498,0.00920058073882245,1,-0.88228452996632,-0.00873877476520158,0.0170632633075297,0.688595472808561,0.00894993476057538,0.694272124477055,0.00755449492658232,0.692010723430599,0.00806729019902808,0.692914577911127,0.00951824908532618,0.690233583140457,0.0125727939416105
