"beta1","beta1_sd","beta2","beta2_sd","omega_b1","omega_b1_sd","omega_b2","omega_b2_sd","omega_cov","omega_cov_sd","rho","rho_sd","conv_code","omega_cor","tau1","tau1_sd","tau2","tau2_sd","tau3","tau3_sd","tau4","tau4_sd","tau5","tau5_sd","tau6","tau6_sd"
0.99487392809925,0.0128647356906119,0.966764184995161,0.0151523412451463,0.559867076588658,0.0138530280148348,0.549655329904712,0.0284375856021054,-0.338099417128003,0.0131786830692138,-0.272069378072691,0.0191928873640144,1,-0.60947617828472,0.0148213795886972,0.0258570061034674,0.676235685331012,0.0130090080864583,0.689323755869045,0.0128882052516332,0.691943294643476,0.0141587728564105,0.678493338765257,0.016356746796751,0.707114131874864,0.0192192518453265
