"beta1","beta1_sd","beta2","beta2_sd","omega_b1","omega_b1_sd","omega_b2","omega_b2_sd","omega_cov","omega_cov_sd","rho","rho_sd","conv_code","omega_cor","tau1","tau1_sd","tau2","tau2_sd","tau3","tau3_sd","tau4","tau4_sd","tau5","tau5_sd","tau6","tau6_sd"
0.990760263096044,0.0105241231226298,1.00979333718588,0.0126348488997865,0.56355683630652,0.0131637481532533,0.9876750493002,0.0281661963932959,0.00608656846960726,0.0129804534638085,0.894328108765413,0.00303667499528171,1,0.00815824247993035,-0.0410155920626965,0.032697842596213,0.691265508963338,0.0104856139265661,0.693011134340887,0.00975053241580799,0.684512583791483,0.0103044879113786,0.7100559375077,0.011421008129366,0.70180818497347,0.0137914904402717
