"beta1","beta1_sd","beta2","beta2_sd","omega_b1","omega_b1_sd","omega_b2","omega_b2_sd","omega_cov","omega_cov_sd","rho","rho_sd","conv_code","omega_cor","tau1","tau1_sd","tau2","tau2_sd","tau3","tau3_sd","tau4","tau4_sd","tau5","tau5_sd","tau6","tau6_sd"
1.0011652502191,0.00518837914478822,0.999070311146249,0.00734381124346697,0.0616082874859216,0.00114495211263022,0.246215937443353,0.00862137623499356,0.0006617430881428,0.00202004425863734,-0.00717701465399182,0.00983151053997842,1,0.00537293720342616,0.0157257852875735,0.0151680053312279,0.687211908423757,0.00734707378969576,0.692363723867374,0.00627049667955499,0.694987248974249,0.00689447069696626,0.701881376307626,0.00813586834642319,0.698311598177376,0.0110169913697308
