"beta1","beta1_sd","beta2","beta2_sd","omega_b1","omega_b1_sd","omega_b2","omega_b2_sd","omega_cov","omega_cov_sd","rho","rho_sd","conv_code","omega_cor","tau1","tau1_sd","tau2","tau2_sd","tau3","tau3_sd","tau4","tau4_sd","tau5","tau5_sd","tau6","tau6_sd"
0.993448631452658,0.00867889356129274,0.985413257319131,0.0098071492102194,0.2481928003033,0.00545927302366725,0.0529355572142928,0.0091473128305737,0.104257224624961,0.00512964161167093,0.320378979182998,0.0207191494582986,1,0.909573555915565,-0.0226273908340969,0.0224267077289947,0.696450431002557,0.0098752269791209,0.674370640065788,0.00972740128432645,0.693442920166837,0.0111684832692695,0.67282568708174,0.0131685329249228,0.690123347023096,0.0161092288934815
