"beta1","beta1_sd","beta2","beta2_sd","omega_b1","omega_b1_sd","omega_b2","omega_b2_sd","omega_cov","omega_cov_sd","rho","rho_sd","conv_code","omega_cor","tau1","tau1_sd","tau2","tau2_sd","tau3","tau3_sd","tau4","tau4_sd","tau5","tau5_sd","tau6","tau6_sd"
0.991096856640404,0.00930604448758256,1.00582287470183,0.0107514031548675,0.247809414228682,0.0054432496521528,0.052539399875621,0.00935669128759794,-0.112464455588115,0.00522451807140599,-0.0165862620264116,0.0193700822514133,1,-0.985629811661475,-0.00317412710544905,0.0226520734536137,0.698043866874238,0.0106154051748477,0.686139805828759,0.0103789998669918,0.695845476258714,0.0116337491421932,0.678153451750551,0.0139083563905426,0.691868658667424,0.0165485170489866
