"beta1","beta1_sd","beta2","beta2_sd","omega_b1","omega_b1_sd","omega_b2","omega_b2_sd","omega_cov","omega_cov_sd","rho","rho_sd","conv_code","omega_cor","tau1","tau1_sd","tau2","tau2_sd","tau3","tau3_sd","tau4","tau4_sd","tau5","tau5_sd","tau6","tau6_sd"
0.990158755061008,0.00810005081837388,0.984210022891428,0.00927776950617463,0.24304898049449,0.00413738537739502,0.0677179111640207,0.00943747848796885,0.0776973479999221,0.00441731648852002,-0.580808253865711,0.00612305200615824,1,0.605630191213513,-0.0126969210300342,0.019361776620348,0.682170170326362,0.00916828360233898,0.677753051871221,0.00867587012281035,0.67967236002981,0.00948332439475677,0.69936090927235,0.010975672608294,0.663262202401813,0.0137924040342682
