"beta1","beta1_sd","beta2","beta2_sd","omega_b1","omega_b1_sd","omega_b2","omega_b2_sd","omega_cov","omega_cov_sd","rho","rho_sd","conv_code","omega_cor","tau1","tau1_sd","tau2","tau2_sd","tau3","tau3_sd","tau4","tau4_sd","tau5","tau5_sd","tau6","tau6_sd"
1.00300859461648,0.0106519103278601,1.00771180980174,0.00850274287460445,1.02715708719557,0.0178258223103095,0.0514609166325868,0.0075909052540832,-0.0707097417677266,0.0103526287935285,0.616524189884529,0.0151002701158108,1,-0.307554480896647,-0.0177456455422882,0.0240294677830785,0.706629041808171,0.00908191563431589,0.689850061719267,0.00873587841350136,0.689500743224874,0.00982208153797951,0.699180731537917,0.0114984678956392,0.664892729063518,0.0137148091057807
