"beta1","beta1_sd","beta2","beta2_sd","omega_b1","omega_b1_sd","omega_b2","omega_b2_sd","omega_cov","omega_cov_sd","rho","rho_sd","conv_code","omega_cor","tau1","tau1_sd","tau2","tau2_sd","tau3","tau3_sd","tau4","tau4_sd","tau5","tau5_sd","tau6","tau6_sd"
0.996482278948098,0.00989971740936956,0.977991969961127,0.0137257503245464,0.248587185422393,0.00616575582798612,0.976175556796001,0.0321970074560569,-0.0102021149092677,0.00812360121100179,0.616224412208434,0.0147173243760397,1,-0.0207103232655048,-0.0133453540863035,0.0272056115803797,0.702248823074004,0.0113986046881781,0.709146243750647,0.01057132342812,0.677023322061883,0.0117837180496479,0.692983310387186,0.0136149916065562,0.675893543003544,0.0172445985375609
