"beta1","beta1_sd","beta2","beta2_sd","omega_b1","omega_b1_sd","omega_b2","omega_b2_sd","omega_cov","omega_cov_sd","rho","rho_sd","conv_code","omega_cor","tau1","tau1_sd","tau2","tau2_sd","tau3","tau3_sd","tau4","tau4_sd","tau5","tau5_sd","tau6","tau6_sd"
1.00256211679678,0.00897223683288001,0.995858120771821,0.00996222065883989,0.567565349890998,0.00889922743268973,0.541838339471724,0.0167895340169108,-0.167806778360253,0.00846669370839268,-0.296896985545632,0.00985903459017276,1,-0.3025984485169,0.00837855377756406,0.0196515337392069,0.696307038217124,0.00812668503539255,0.690751356205349,0.00792965180591072,0.695880887183898,0.00872617430890231,0.692956586672435,0.0101052094479115,0.698219504819658,0.0118397172443792
