"beta1","beta1_sd","beta2","beta2_sd","omega_b1","omega_b1_sd","omega_b2","omega_b2_sd","omega_cov","omega_cov_sd","rho","rho_sd","conv_code","omega_cor","tau1","tau1_sd","tau2","tau2_sd","tau3","tau3_sd","tau4","tau4_sd","tau5","tau5_sd","tau6","tau6_sd"
0.988922523360112,0.0120860192295761,1.0048477890885,0.0119939597681937,0.992568743144112,0.0180164280086066,0.272301157422463,0.0169934610289462,-0.00526143712466597,0.0136172590723374,-0.899127726930245,0.00167832235228768,1,-0.0101204388195754,-0.0445463420145932,0.0262179790629742,0.689642398033753,0.0100935500369576,0.696744941321228,0.00979485950188827,0.692117245850741,0.0104346663525216,0.689141868064252,0.0116676382806596,0.675704248806225,0.0134612226100631
