"beta1","beta1_sd","beta2","beta2_sd","omega_b1","omega_b1_sd","omega_b2","omega_b2_sd","omega_cov","omega_cov_sd","rho","rho_sd","conv_code","omega_cor","tau1","tau1_sd","tau2","tau2_sd","tau3","tau3_sd","tau4","tau4_sd","tau5","tau5_sd","tau6","tau6_sd"
1.00671485885118,0.0062966809303438,1.00090936018879,0.00946496629396878,0.0592987942906701,0.00177936779446956,0.57199107972559,0.015554070943465,-0.00408292351079952,0.00315218794869575,0.60108922025454,0.00866020947332754,1,-0.0221693869865992,0.0126104983616847,0.0211463494437708,0.699332919118421,0.00892423066424088,0.705216803103473,0.00751301257661095,0.685009368170142,0.0080993825455324,0.693350637988949,0.00957657979082633,0.684531098383083,0.0128440893044106
