"beta1","beta1_sd","beta2","beta2_sd","omega_b1","omega_b1_sd","omega_b2","omega_b2_sd","omega_cov","omega_cov_sd","rho","rho_sd","conv_code","omega_cor","tau1","tau1_sd","tau2","tau2_sd","tau3","tau3_sd","tau4","tau4_sd","tau5","tau5_sd","tau6","tau6_sd"
1.00242138472441,0.00927697392915258,0.993606748676592,0.0090842879218305,0.5578025352818,0.00926519884793787,0.0603224715473956,0.00896265910258138,0.174496447530679,0.00717488994686678,-0.299903463635902,0.0105052727862887,1,0.951276535196361,-0.0042542794084414,0.0201351529703938,0.694629638691291,0.00879586241933546,0.696952030629144,0.00887782548718892,0.688956472917814,0.00994966159944345,0.689192160823556,0.0114665999298885,0.684009719740381,0.01408492729217
