"beta1","beta1_sd","beta2","beta2_sd","omega_b1","omega_b1_sd","omega_b2","omega_b2_sd","omega_cov","omega_cov_sd","rho","rho_sd","conv_code","omega_cor","tau1","tau1_sd","tau2","tau2_sd","tau3","tau3_sd","tau4","tau4_sd","tau5","tau5_sd","tau6","tau6_sd"
0.989406738080999,0.00644853873086955,0.994217364975949,0.00943659543080235,0.0602958844060468,0.00118514273542909,0.251644770727109,0.0123255202530542,0.0346114264221183,0.00247534104624122,-0.601806089119826,0.00554448152621436,1,0.280984076001569,-0.00449603353976749,0.0168275297614599,0.679389609370579,0.00921574025390532,0.686457310000434,0.00803557165744522,0.690364245164623,0.00860215040750509,0.673310899271971,0.0101531018976703,0.675304136396544,0.0132244600268227
