"beta1","beta1_sd","beta2","beta2_sd","omega_b1","omega_b1_sd","omega_b2","omega_b2_sd","omega_cov","omega_cov_sd","rho","rho_sd","conv_code","omega_cor","tau1","tau1_sd","tau2","tau2_sd","tau3","tau3_sd","tau4","tau4_sd","tau5","tau5_sd","tau6","tau6_sd"
0.983926912312905,0.0180233595192023,1.00556489352024,0.0241197174453913,0.555443014948512,0.0195339053129787,0.987528974890147,0.0595740398610786,-0.671826652136922,0.0268787849767424,-0.896497207753326,0.00350028458580038,1,-0.907115421957445,0.030348905706785,0.0304465140151277,0.671085118082409,0.0188398015139882,0.688581966948705,0.0184372310111368,0.656141802202876,0.0192440744770849,0.69766199381062,0.0205965248144053,0.689363543203947,0.0230383951970392
