"beta1","beta1_sd","beta2","beta2_sd","omega_b1","omega_b1_sd","omega_b2","omega_b2_sd","omega_cov","omega_cov_sd","rho","rho_sd","conv_code","omega_cor","tau1","tau1_sd","tau2","tau2_sd","tau3","tau3_sd","tau4","tau4_sd","tau5","tau5_sd","tau6","tau6_sd"
1.00656992048531,0.00774934308650733,1.01987062005152,0.01152271456745,0.0643859461644501,0.00229163991985078,0.56379626193381,0.0194976650085024,-0.000438248095617932,0.00396888285645824,0.601460181112308,0.0108973060049289,1,-0.00230018835505759,0.00566552457181368,0.0242505481635926,0.691562453016384,0.011073164479632,0.701551630852254,0.00946467271239342,0.704322492450894,0.0101289748029544,0.709416970671685,0.012388876591552,0.689231658998129,0.0160012895262363
