"beta1","beta1_sd","beta2","beta2_sd","omega_b1","omega_b1_sd","omega_b2","omega_b2_sd","omega_cov","omega_cov_sd","rho","rho_sd","conv_code","omega_cor","tau1","tau1_sd","tau2","tau2_sd","tau3","tau3_sd","tau4","tau4_sd","tau5","tau5_sd","tau6","tau6_sd"
1.00081771761496,0.0118651045867024,1.00885357607993,0.0106351804946323,0.988624761142578,0.0171940990516892,0.083811364137475,0.0114657027697993,0.216789299629082,0.0126011775075416,-0.899115312826442,0.00161462964274997,1,0.753131210908994,-0.0156517010661134,0.0257594913194474,0.699823037616193,0.00975657546009284,0.700216861139679,0.00955175949489176,0.696051605633722,0.0100574289867701,0.68768813992108,0.01138742853188,0.705376619692206,0.0131392619007821
