"beta1","beta1_sd","beta2","beta2_sd","omega_b1","omega_b1_sd","omega_b2","omega_b2_sd","omega_cov","omega_cov_sd","rho","rho_sd","conv_code","omega_cor","tau1","tau1_sd","tau2","tau2_sd","tau3","tau3_sd","tau4","tau4_sd","tau5","tau5_sd","tau6","tau6_sd"
1.00525634957082,0.00891795708312969,0.979274054275837,0.0115895520722972,0.243501262257579,0.00545422922933852,0.552413672700188,0.0201992590966248,-0.33369889162252,0.00815866439118178,0.615326769014987,0.011752464485009,1,-0.909854497397761,0.015782614600485,0.0256971224354772,0.687164137291999,0.0111780424602975,0.685405163759905,0.00998123974424062,0.702446913616388,0.0104997816129703,0.686676396806233,0.0126912725931213,0.704878900728237,0.0162260717893165
