"beta1","beta1_sd","beta2","beta2_sd","omega_b1","omega_b1_sd","omega_b2","omega_b2_sd","omega_cov","omega_cov_sd","rho","rho_sd","conv_code","omega_cor","tau1","tau1_sd","tau2","tau2_sd","tau3","tau3_sd","tau4","tau4_sd","tau5","tau5_sd","tau6","tau6_sd"
0.994150140662353,0.00673859789900071,0.99802097435845,0.00727482270406366,0.0680269967167079,0.00312517375937774,0.0636735151407805,0.0058296727134834,0.0592454544299084,0.00326780895918974,0.895585416350489,0.00181868302886161,2,0.900191635042025,-0.0253881381048581,0.0276420558207297,0.687050645924773,0.00908716538831626,0.692815284959349,0.00784969761366258,0.68546322774835,0.00806388273938429,0.694395633920504,0.00919436295637822,0.693441377469148,0.0118596031515362
