"beta1","beta1_sd","beta2","beta2_sd","omega_b1","omega_b1_sd","omega_b2","omega_b2_sd","omega_cov","omega_cov_sd","rho","rho_sd","conv_code","omega_cor","tau1","tau1_sd","tau2","tau2_sd","tau3","tau3_sd","tau4","tau4_sd","tau5","tau5_sd","tau6","tau6_sd"
0.990430590021278,0.00812644651136436,1.00240867270266,0.0108659268781493,0.241783698296728,0.00649117639288948,1.00733182795583,0.0232282197388013,0.147277550553032,0.00814582419766728,0.902613341743939,0.00203892200679816,1,0.298426074570338,-0.000396809671421153,0.0297812491532239,0.706625226004393,0.00846324758079236,0.686272837839566,0.00776793309923041,0.69768350105472,0.0081083709112195,0.703639922504888,0.0093272764253039,0.671054164379759,0.0117140072436091
