"beta1","beta1_sd","beta2","beta2_sd","omega_b1","omega_b1_sd","omega_b2","omega_b2_sd","omega_cov","omega_cov_sd","rho","rho_sd","conv_code","omega_cor","tau1","tau1_sd","tau2","tau2_sd","tau3","tau3_sd","tau4","tau4_sd","tau5","tau5_sd","tau6","tau6_sd"
1.04508797135617,0.024020711168974,1.03884941851683,0.0304854630158633,1.05971284963836,0.0450937700217635,1.10646002777082,0.096966679927318,-0.629124521375826,0.0379233393575233,-0.90597898754781,0.00392473658949261,1,-0.580998014477876,-0.0108122621225371,0.0385237812213853,0.735082983323514,0.02257167388668,0.708787111992375,0.0225368555275508,0.73315219349737,0.0230408998605806,0.72922104989263,0.0244805014087522,0.728448464316823,0.0258395995135093
