"beta1","beta1_sd","beta2","beta2_sd","omega_b1","omega_b1_sd","omega_b2","omega_b2_sd","omega_cov","omega_cov_sd","rho","rho_sd","conv_code","omega_cor","tau1","tau1_sd","tau2","tau2_sd","tau3","tau3_sd","tau4","tau4_sd","tau5","tau5_sd","tau6","tau6_sd"
0.974294189339496,0.0130380076577,1.00656656167815,0.014182966737641,1.01324203393873,0.023529449212983,0.568665768152304,0.0272229045345825,-0.463811478288827,0.0181329741498555,0.29509570055049,0.0326420281803005,1,-0.611021300575951,-0.0879449520269479,0.0281360537360933,0.726304964790173,0.0118732236415382,0.702568076682237,0.0122736197560663,0.675352631385911,0.0137872065748144,0.688714232154415,0.0157686495320467,0.672654246772184,0.0184576171733556
