"beta1","beta1_sd","beta2","beta2_sd","omega_b1","omega_b1_sd","omega_b2","omega_b2_sd","omega_cov","omega_cov_sd","rho","rho_sd","conv_code","omega_cor","tau1","tau1_sd","tau2","tau2_sd","tau3","tau3_sd","tau4","tau4_sd","tau5","tau5_sd","tau6","tau6_sd"
1.00029624447559,0.010323156837362,1.00099885439025,0.0112803561354284,1.03173058966038,0.0165385717599308,1.02068817684969,0.0256840759782374,0.615320908532047,0.0158785905617774,0.276387939161922,0.0189555055605938,1,0.599614293591647,0.03166814160866,0.0208625711682958,0.688269722788843,0.00799575834266882,0.699517231494285,0.00816274436113903,0.700151516469778,0.00915897057062873,0.701723707531793,0.0105089492086699,0.697895576690377,0.0123934898956923
