"beta1","beta1_sd","beta2","beta2_sd","omega_b1","omega_b1_sd","omega_b2","omega_b2_sd","omega_cov","omega_cov_sd","rho","rho_sd","conv_code","omega_cor","tau1","tau1_sd","tau2","tau2_sd","tau3","tau3_sd","tau4","tau4_sd","tau5","tau5_sd","tau6","tau6_sd"
1.00517099199263,0.0058166083799218,0.995115390281841,0.0100735048856583,0.0605223207659705,0.00166309084855262,1.00029404265671,0.0205256506246911,0.00841632323763115,0.00346299545341911,0.604879393222312,0.00816208130421093,1,0.0342058808822286,-0.00352361969626291,0.0196083218258579,0.703445916356055,0.00792088347215562,0.689062209112787,0.00674510390983188,0.692449852004877,0.00709061774596984,0.682342700091637,0.00835341193738414,0.707087123829716,0.010847776563409
