"beta1","beta1_sd","beta2","beta2_sd","omega_b1","omega_b1_sd","omega_b2","omega_b2_sd","omega_cov","omega_cov_sd","rho","rho_sd","conv_code","omega_cor","tau1","tau1_sd","tau2","tau2_sd","tau3","tau3_sd","tau4","tau4_sd","tau5","tau5_sd","tau6","tau6_sd"
0.981070762453713,0.0107974210511264,0.98248475861916,0.0138225979529634,0.245615012674722,0.00599834126768203,0.556430468832055,0.025088999560565,-0.22189267893454,0.00796274154786124,-0.284125417214206,0.0169271929769473,1,-0.600219454396959,-0.0127613525155201,0.0236819685198096,0.687248026652524,0.0121373038619559,0.684922626546351,0.0115589564566715,0.681532665275391,0.012907969584404,0.679182361277214,0.0150398482746504,0.684368682601958,0.0181532703435009
