"beta1","beta1_sd","beta2","beta2_sd","omega_b1","omega_b1_sd","omega_b2","omega_b2_sd","omega_cov","omega_cov_sd","rho","rho_sd","conv_code","omega_cor","tau1","tau1_sd","tau2","tau2_sd","tau3","tau3_sd","tau4","tau4_sd","tau5","tau5_sd","tau6","tau6_sd"
0.992877295377761,0.0142958428431073,0.979642398543936,0.0151834758772736,0.950465272658253,0.0240382264054215,0.229310347268218,0.0230655532577414,-0.0165219724638787,0.0149313236453074,-0.296294269027833,0.0197060718595604,1,-0.0353901123379373,0.00550528195024635,0.0275148685052525,0.688198017402872,0.0135921207717967,0.679280368813871,0.0139431938758734,0.684174556559066,0.0152717986251515,0.673795846301397,0.0169576582505851,0.681935238431802,0.0193750543438203
