"beta1","beta1_sd","beta2","beta2_sd","omega_b1","omega_b1_sd","omega_b2","omega_b2_sd","omega_cov","omega_cov_sd","rho","rho_sd","conv_code","omega_cor","tau1","tau1_sd","tau2","tau2_sd","tau3","tau3_sd","tau4","tau4_sd","tau5","tau5_sd","tau6","tau6_sd"
0.997209243401311,0.0106375204189936,0.985047767362378,0.0139333505267926,0.251048333783045,0.00770932834948218,0.992502409880757,0.0334561789679469,-0.450392892585153,0.0128146061613762,0.902097783351167,0.00243802164040052,1,-0.902291927515563,0.00187593159215091,0.0356280010220901,0.697296699521235,0.0129014933620974,0.699583694985866,0.0112497503766442,0.699777528233642,0.0116972338120245,0.675804967346457,0.0132174273347319,0.70175607032155,0.0163622029042615
