"beta1","beta1_sd","beta2","beta2_sd","omega_b1","omega_b1_sd","omega_b2","omega_b2_sd","omega_cov","omega_cov_sd","rho","rho_sd","conv_code","omega_cor","tau1","tau1_sd","tau2","tau2_sd","tau3","tau3_sd","tau4","tau4_sd","tau5","tau5_sd","tau6","tau6_sd"
1.00634911863259,0.00983025174100968,0.994616105008048,0.00943475206092665,0.559816925519357,0.0121937990795153,0.245327165143723,0.0118770327361161,-0.218482176937695,0.00995967405539956,0.901037440703122,0.00251497640523913,1,-0.589549372998016,-0.0158699194157149,0.031062767131879,0.720855065867071,0.00966350986533941,0.687694500651997,0.00913098317692817,0.692471805128279,0.00965890890526244,0.681173509678402,0.0107390435093013,0.710972410906029,0.0129645175732476
