"beta1","beta1_sd","beta2","beta2_sd","omega_b1","omega_b1_sd","omega_b2","omega_b2_sd","omega_cov","omega_cov_sd","rho","rho_sd","conv_code","omega_cor","tau1","tau1_sd","tau2","tau2_sd","tau3","tau3_sd","tau4","tau4_sd","tau5","tau5_sd","tau6","tau6_sd"
1.01903270550628,0.0126049554402808,1.01449116683441,0.012447421585051,1.01776088781987,0.0220046327300055,0.255646487450692,0.0172636146640787,-0.303171498787874,0.0158119724187908,0.577318970753778,0.0218323664920204,1,-0.59435453017778,0.0583172342713452,0.0287745530988681,0.693872265451924,0.0116479248024383,0.693187999787856,0.0115277974514557,0.703968019046708,0.0129693645400479,0.712331531220243,0.0148783369200907,0.690223357895746,0.0177263617437971
