"beta1","beta1_sd","beta2","beta2_sd","omega_b1","omega_b1_sd","omega_b2","omega_b2_sd","omega_cov","omega_cov_sd","rho","rho_sd","conv_code","omega_cor","tau1","tau1_sd","tau2","tau2_sd","tau3","tau3_sd","tau4","tau4_sd","tau5","tau5_sd","tau6","tau6_sd"
1.00459880882644,0.0141161204404183,0.998423973863891,0.016467800922026,0.575588976754789,0.0153175512162587,0.271284785139417,0.0258616893174294,0.344588012715256,0.0139939118528073,-0.594027705628926,0.0109391222174164,1,0.872029571863382,0.0278579212917536,0.0265548319198674,0.68953092889534,0.0140242424296669,0.713328932152127,0.0142159190661482,0.679536112476955,0.015716736486326,0.697342534456501,0.0175474045925936,0.668969249494452,0.0199281131507619
