"beta1","beta1_sd","beta2","beta2_sd","omega_b1","omega_b1_sd","omega_b2","omega_b2_sd","omega_cov","omega_cov_sd","rho","rho_sd","conv_code","omega_cor","tau1","tau1_sd","tau2","tau2_sd","tau3","tau3_sd","tau4","tau4_sd","tau5","tau5_sd","tau6","tau6_sd"
1.00149297164407,0.0117388876232564,0.992175624560454,0.0129399039618315,0.567732971281886,0.0131778355306091,0.251495456123674,0.0180156176198543,-0.216896464344732,0.0104573080491571,-0.0143820248601009,0.0245543868564523,1,-0.574004560317765,0.00805302109503004,0.0255452149327313,0.689747008262981,0.0119106533646064,0.698403252828061,0.0117329095613315,0.683413740152266,0.013177822290913,0.701987826636619,0.0150262228306237,0.676369864139599,0.0181806314618227
