"beta1","beta1_sd","beta2","beta2_sd","omega_b1","omega_b1_sd","omega_b2","omega_b2_sd","omega_cov","omega_cov_sd","rho","rho_sd","conv_code","omega_cor","tau1","tau1_sd","tau2","tau2_sd","tau3","tau3_sd","tau4","tau4_sd","tau5","tau5_sd","tau6","tau6_sd"
0.996851756949902,0.00793491408318398,0.993526125706777,0.0117190905247668,0.0615810746885027,0.00155843502377712,0.571945111581206,0.0200768153434294,-0.168948059881355,0.00416188679433479,-0.282407895484577,0.0136177429060754,1,-0.900227759626661,-0.0293232214678974,0.0212156264719794,0.699088939924794,0.0113306810725333,0.694856684486824,0.00964467187123663,0.678170252164599,0.0106749917198977,0.684214945164279,0.0124387192065133,0.687923029401753,0.0159867606009547
