"beta1","beta1_sd","beta2","beta2_sd","omega_b1","omega_b1_sd","omega_b2","omega_b2_sd","omega_cov","omega_cov_sd","rho","rho_sd","conv_code","omega_cor","tau1","tau1_sd","tau2","tau2_sd","tau3","tau3_sd","tau4","tau4_sd","tau5","tau5_sd","tau6","tau6_sd"
0.998196092742277,0.0105083963054461,1.00310026139626,0.0124249529236155,0.248939562926276,0.00590095616251115,0.0630518925995289,0.0133888033910953,0.0286847142722897,0.00543824652429741,-0.309285239875448,0.0155673962958283,1,0.228957304398147,-0.00401089482698977,0.0225158499745404,0.699204235566623,0.0116047853142241,0.701580959419993,0.0114685316070391,0.690506108975719,0.0128712720813265,0.708510357753448,0.0147557985542704,0.712271050636785,0.0176008665692584
