"beta1","beta1_sd","beta2","beta2_sd","omega_b1","omega_b1_sd","omega_b2","omega_b2_sd","omega_cov","omega_cov_sd","rho","rho_sd","conv_code","omega_cor","tau1","tau1_sd","tau2","tau2_sd","tau3","tau3_sd","tau4","tau4_sd","tau5","tau5_sd","tau6","tau6_sd"
1.01402639882448,0.0118127818745835,1.0154054223506,0.0108119305511523,1.00135745104568,0.0173934079205441,0.0630818943831847,0.0108530025339423,-0.0707420885214623,0.0123720257172581,-0.899805853233841,0.00159258626172307,1,-0.281469244244646,0.0282351880481956,0.0255647020242008,0.692222677985192,0.009871801690724,0.695046505512515,0.00951711587566817,0.685315171876457,0.0101166747940609,0.691270624785691,0.0111788269661499,0.705483930264309,0.0129136875755449
