"beta1","beta1_sd","beta2","beta2_sd","omega_b1","omega_b1_sd","omega_b2","omega_b2_sd","omega_cov","omega_cov_sd","rho","rho_sd","conv_code","omega_cor","tau1","tau1_sd","tau2","tau2_sd","tau3","tau3_sd","tau4","tau4_sd","tau5","tau5_sd","tau6","tau6_sd"
1.00695315211973,0.0171823797679381,0.995344652247457,0.0203691580502441,0.981960177088145,0.0294031049349114,0.999226479826036,0.0519069328271494,0.577035188062448,0.0253088681792572,-0.590206979964588,0.0128762313944933,1,0.582536835915219,0.0185855795503528,0.0309987881754376,0.691263776484532,0.0160361406200688,0.689832733828809,0.0163758577793107,0.711380649020442,0.0174117086594637,0.711900776942382,0.0189061724121799,0.687150353501881,0.0215939431846113
