"beta1","beta1_sd","beta2","beta2_sd","omega_b1","omega_b1_sd","omega_b2","omega_b2_sd","omega_cov","omega_cov_sd","rho","rho_sd","conv_code","omega_cor","tau1","tau1_sd","tau2","tau2_sd","tau3","tau3_sd","tau4","tau4_sd","tau5","tau5_sd","tau6","tau6_sd"
0.966592828326997,0.0111032971798861,0.989353285364079,0.0106191596189389,0.987669455777557,0.0174957504939631,0.231165915266274,0.0143206970390259,0.154244455407641,0.0119867780379165,-0.273030438613777,0.012748960193393,1,0.322806187330338,-0.0270467858725073,0.0226768904724709,0.68365478913922,0.00971921439508477,0.678245382688049,0.00994629516782635,0.68090927714189,0.0109375357266927,0.667979358883979,0.0125779047712631,0.681700114923894,0.0144348628360322
