"beta1","beta1_sd","beta2","beta2_sd","omega_b1","omega_b1_sd","omega_b2","omega_b2_sd","omega_cov","omega_cov_sd","rho","rho_sd","conv_code","omega_cor","tau1","tau1_sd","tau2","tau2_sd","tau3","tau3_sd","tau4","tau4_sd","tau5","tau5_sd","tau6","tau6_sd"
0.99970438108691,0.00919158581727597,1.00171914520145,0.0118387921501242,0.544798009791868,0.00984468349384721,0.992517040365728,0.0266440832989402,0.441945139914736,0.01152961031922,0.322365744330594,0.0214636287340978,1,0.601009892146136,0.0126038871214119,0.0217830988818527,0.688192749449064,0.0086858818074742,0.689808325425891,0.00876336080716326,0.690707413580354,0.0100467210409971,0.712606543493548,0.0116524129012947,0.717334316840885,0.0139266070003274
