"beta1","beta1_sd","beta2","beta2_sd","omega_b1","omega_b1_sd","omega_b2","omega_b2_sd","omega_cov","omega_cov_sd","rho","rho_sd","conv_code","omega_cor","tau1","tau1_sd","tau2","tau2_sd","tau3","tau3_sd","tau4","tau4_sd","tau5","tau5_sd","tau6","tau6_sd"
1.00294114488379,0.0112483174981106,0.988583530589851,0.0131856067425919,0.574500389285548,0.0129305531655991,0.566249377416059,0.0239063920449877,0.173032551347628,0.0117495266290065,0.597691617139617,0.018621001971823,1,0.303374294262292,-0.0225452953805975,0.0280626287664355,0.701056705606616,0.0114467708526925,0.698667137598572,0.0111859426813889,0.69387656846719,0.0123922180453227,0.711382258842322,0.0140665254681054,0.689233322605495,0.0172240303425507
