"beta1","beta1_sd","beta2","beta2_sd","omega_b1","omega_b1_sd","omega_b2","omega_b2_sd","omega_cov","omega_cov_sd","rho","rho_sd","conv_code","omega_cor","tau1","tau1_sd","tau2","tau2_sd","tau3","tau3_sd","tau4","tau4_sd","tau5","tau5_sd","tau6","tau6_sd"
0.992974859842785,0.00958584295700939,1.01705366932818,0.012199524687805,0.5693585500384,0.0105609909478942,1.00103745007981,0.0275488140803726,-0.228889698958119,0.0109235125759163,0.306354383910619,0.0235801800338694,1,-0.303185314858537,-0.0219649411301784,0.0228207459219353,0.705516679587353,0.00904078700378754,0.709473665022091,0.00890739539874615,0.684913838356773,0.0100829406028015,0.697108982228227,0.0116737093237632,0.701287605804246,0.0141454688821389
