"beta1","beta1_sd","beta2","beta2_sd","omega_b1","omega_b1_sd","omega_b2","omega_b2_sd","omega_cov","omega_cov_sd","rho","rho_sd","conv_code","omega_cor","tau1","tau1_sd","tau2","tau2_sd","tau3","tau3_sd","tau4","tau4_sd","tau5","tau5_sd","tau6","tau6_sd"
1.00515262796019,0.00586249815065187,0.999848002561429,0.00942791952546386,0.0634892914680463,0.00115623275122621,0.566460783556917,0.0153814924179799,0.114966765481844,0.00293973864586077,-0.595186334644685,0.0048849816305821,1,0.606229615013692,0.0179342151655323,0.0150350875674356,0.702197269981613,0.00784816298042028,0.68538641294725,0.00704760650624696,0.689996949582809,0.00767374405580753,0.682255368704422,0.00891123398442984,0.702134785057151,0.0115751249200006
