"beta1","beta1_sd","beta2","beta2_sd","omega_b1","omega_b1_sd","omega_b2","omega_b2_sd","omega_cov","omega_cov_sd","rho","rho_sd","conv_code","omega_cor","tau1","tau1_sd","tau2","tau2_sd","tau3","tau3_sd","tau4","tau4_sd","tau5","tau5_sd","tau6","tau6_sd"
1.0013859264016,0.00578843686964641,0.99861549474629,0.00691981103886927,0.0619305317846887,0.00165953713626869,0.058595561967011,0.00580905119977935,-0.0327334218823669,0.00221105642712832,0.592038818170033,0.00797749250413727,1,-0.543383743492366,0.00114141149920793,0.0200072150740568,0.702459097718071,0.00847482136857288,0.685480102971492,0.00714658755175036,0.684293490214067,0.00757648970638435,0.705074667893034,0.00883381373159379,0.688345349105803,0.0120540952018993
