"beta1","beta1_sd","beta2","beta2_sd","omega_b1","omega_b1_sd","omega_b2","omega_b2_sd","omega_cov","omega_cov_sd","rho","rho_sd","conv_code","omega_cor","tau1","tau1_sd","tau2","tau2_sd","tau3","tau3_sd","tau4","tau4_sd","tau5","tau5_sd","tau6","tau6_sd"
0.997671197534877,0.00512239019483193,0.996847722016817,0.00732721634743671,0.062070214956435,0.00115271929536935,0.259371703368647,0.00859866922101776,0.0734349856766781,0.00215571446071735,0.0182415935924657,0.00984989652225281,1,0.578762111897314,0.00597754979575789,0.0148450907002629,0.682570475804407,0.00721145438310043,0.679792860961734,0.00627908271092556,0.700800855700486,0.00683083783846362,0.688912615420734,0.00820710890783673,0.689935848614708,0.0110474976273214
