"beta1","beta1_sd","beta2","beta2_sd","omega_b1","omega_b1_sd","omega_b2","omega_b2_sd","omega_cov","omega_cov_sd","rho","rho_sd","conv_code","omega_cor","tau1","tau1_sd","tau2","tau2_sd","tau3","tau3_sd","tau4","tau4_sd","tau5","tau5_sd","tau6","tau6_sd"
1.00387208467855,0.0141876125550332,1.00662307317358,0.0162026905740994,0.573148691244583,0.0152632863381905,0.253333676456992,0.0248692229116942,-0.345516925043988,0.0137101027284007,-0.594424065526381,0.0106422864959217,1,-0.90675343735854,0.0345114001327699,0.0268054357854339,0.673973560915225,0.0142208860336829,0.704874067536053,0.0140060579709005,0.681461175802427,0.0152909293935459,0.719950740524799,0.0170198864043138,0.674039503991657,0.020237141764424
