"beta1","beta1_sd","beta2","beta2_sd","omega_b1","omega_b1_sd","omega_b2","omega_b2_sd","omega_cov","omega_cov_sd","rho","rho_sd","conv_code","omega_cor","tau1","tau1_sd","tau2","tau2_sd","tau3","tau3_sd","tau4","tau4_sd","tau5","tau5_sd","tau6","tau6_sd"
0.998630683358697,0.00964409280070233,0.990220391167589,0.0140373166113786,0.0657128420728283,0.00393023662320911,1.00056711018043,0.0323529438859692,-0.147572208670926,0.00716706780129807,0.897031123965169,0.00237185359167688,1,-0.575514593166038,0.0578460743860744,0.0338823691884437,0.677852927942188,0.0125473452082924,0.68654952346144,0.0110401000971143,0.689739682536725,0.0113196125394586,0.687796975746649,0.012721026174658,0.684664561546294,0.0155578419743082
