"beta1","beta1_sd","beta2","beta2_sd","omega_b1","omega_b1_sd","omega_b2","omega_b2_sd","omega_cov","omega_cov_sd","rho","rho_sd","conv_code","omega_cor","tau1","tau1_sd","tau2","tau2_sd","tau3","tau3_sd","tau4","tau4_sd","tau5","tau5_sd","tau6","tau6_sd"
1.00337001312759,0.00730485192863107,0.999793211855201,0.0111180341859507,0.0620974416721708,0.00160505585410431,0.58990264591547,0.0186596056607841,-0.171645048918674,0.00404307084461022,0.0222244483363321,0.0162782419377799,1,-0.896817872404425,0.00438019435127366,0.0213646979171071,0.693554843460288,0.0107262126975822,0.701114914986372,0.00908831600102576,0.693975177676528,0.00997397521291903,0.687586626671261,0.0119296858784114,0.678790556850308,0.015695437980726
