"beta1","beta1_sd","beta2","beta2_sd","omega_b1","omega_b1_sd","omega_b2","omega_b2_sd","omega_cov","omega_cov_sd","rho","rho_sd","conv_code","omega_cor","tau1","tau1_sd","tau2","tau2_sd","tau3","tau3_sd","tau4","tau4_sd","tau5","tau5_sd","tau6","tau6_sd"
1.00427595624735,0.00994143903502274,0.989452174908304,0.00827695148760708,1.01135057794156,0.0156911984490916,0.257783324851502,0.0110282759876436,-0.309172617153661,0.0106915141064973,0.317987239135144,0.0167049925657622,1,-0.605511991617347,0.0433431656700093,0.0200121532009528,0.686783550986176,0.00775992010574293,0.691807037762685,0.00771542101713689,0.687491274579173,0.00860749862267568,0.691325067322558,0.0101183816653776,0.68970012716904,0.0120010555791237
