"beta1","beta1_sd","beta2","beta2_sd","omega_b1","omega_b1_sd","omega_b2","omega_b2_sd","omega_cov","omega_cov_sd","rho","rho_sd","conv_code","omega_cor","tau1","tau1_sd","tau2","tau2_sd","tau3","tau3_sd","tau4","tau4_sd","tau5","tau5_sd","tau6","tau6_sd"
0.989692216677844,0.00976807765311054,0.987495653376831,0.0134400276483604,0.249604573323754,0.0049276856714135,0.551394665734203,0.0255332179957101,0.103581880162811,0.00732880975572068,-0.897604272452244,0.00182344616491223,1,0.279206960263049,-0.0202798634190938,0.0230332249230907,0.689885862186415,0.0109227375360317,0.684827972411142,0.0103154633252138,0.685569776801133,0.0108640359441706,0.680484369213784,0.0122101663976832,0.703268158811192,0.0142767758580494
