"beta1","beta1_sd","beta2","beta2_sd","omega_b1","omega_b1_sd","omega_b2","omega_b2_sd","omega_cov","omega_cov_sd","rho","rho_sd","conv_code","omega_cor","tau1","tau1_sd","tau2","tau2_sd","tau3","tau3_sd","tau4","tau4_sd","tau5","tau5_sd","tau6","tau6_sd"
1.00166083130233,0.00742340771463547,1.0106333806861,0.00874903078147283,0.255401377962314,0.00457390416653968,0.261000316271327,0.0110680648681823,0.152998875756898,0.00501738801287474,0.269815892026741,0.0173267580125657,1,0.592592437418624,0.0186589467966693,0.0194368116534248,0.680262224080146,0.00824222033171334,0.695138782202386,0.00783055388066533,0.704836325397993,0.00885414191851736,0.695678652987067,0.0105719024138049,0.695552545267986,0.0131529530508367
