"beta1","beta1_sd","beta2","beta2_sd","omega_b1","omega_b1_sd","omega_b2","omega_b2_sd","omega_cov","omega_cov_sd","rho","rho_sd","conv_code","omega_cor","tau1","tau1_sd","tau2","tau2_sd","tau3","tau3_sd","tau4","tau4_sd","tau5","tau5_sd","tau6","tau6_sd"
1.01073098816331,0.00900495813397424,1.01696234313907,0.0102013214157737,0.550041055091047,0.00866771874848925,0.574832888189189,0.0173382082739147,0.00795478487869804,0.00805994817833883,-0.294387085418265,0.00993069120011646,1,0.0141468608714944,-0.00403572354483627,0.0196177731227589,0.699587651025526,0.00805068345524336,0.683516916492803,0.00790764583969224,0.695470527161687,0.00876254643353333,0.67117463677816,0.0103056191614044,0.701935573561052,0.0120784171661803
