"beta1","beta1_sd","beta2","beta2_sd","omega_b1","omega_b1_sd","omega_b2","omega_b2_sd","omega_cov","omega_cov_sd","rho","rho_sd","conv_code","omega_cor","tau1","tau1_sd","tau2","tau2_sd","tau3","tau3_sd","tau4","tau4_sd","tau5","tau5_sd","tau6","tau6_sd"
0.987095265082382,0.011250310550136,0.999460064883473,0.0147453559846071,0.241632920302609,0.00595131253598093,0.546693792878962,0.0254229247764769,-0.331525792626163,0.00953058358454732,-0.592987661522565,0.00920881012983881,1,-0.9121519674947,-0.0103972900728046,0.0236210599334281,0.685566423817244,0.0130860484636256,0.684037187180746,0.0122351589738889,0.684074610159054,0.0131864207353899,0.684009223469408,0.0153836166385055,0.6950482014856,0.0184347780015843
