"beta1","beta1_sd","beta2","beta2_sd","omega_b1","omega_b1_sd","omega_b2","omega_b2_sd","omega_cov","omega_cov_sd","rho","rho_sd","conv_code","omega_cor","tau1","tau1_sd","tau2","tau2_sd","tau3","tau3_sd","tau4","tau4_sd","tau5","tau5_sd","tau6","tau6_sd"
0.998005513014569,0.00501677462701388,0.995054284652298,0.00614598548094493,0.0623774945530032,0.00124538499896084,0.0633422902853905,0.00527540207949739,0.000271680421564525,0.0017129285962117,0.293675986340152,0.0107197463063101,1,0.00432212674084999,-0.0164570829675518,0.0160350102873076,0.696455772643731,0.00718824091241871,0.696560221272842,0.00603456281272437,0.700235253723202,0.00657705341319968,0.693523504483021,0.00794052038191877,0.69086089995672,0.0106947288485625
