"beta1","beta1_sd","beta2","beta2_sd","omega_b1","omega_b1_sd","omega_b2","omega_b2_sd","omega_cov","omega_cov_sd","rho","rho_sd","conv_code","omega_cor","tau1","tau1_sd","tau2","tau2_sd","tau3","tau3_sd","tau4","tau4_sd","tau5","tau5_sd","tau6","tau6_sd"
0.997704771129723,0.0105660383400001,1.00408792642449,0.0130532049453812,0.247226292655422,0.00771861716090434,0.526429284825474,0.021773602587553,-0.19742219633403,0.00947407328667423,0.896303580814297,0.00267008988753829,1,-0.547241003516803,0.0179053646267427,0.0344309148642828,0.685548494358123,0.012341283869686,0.681992878966801,0.0114095713540099,0.67671627585317,0.0118199151343091,0.704618416162477,0.0132480118293933,0.706540578136319,0.0157444689902896
