"beta1","beta1_sd","beta2","beta2_sd","omega_b1","omega_b1_sd","omega_b2","omega_b2_sd","omega_cov","omega_cov_sd","rho","rho_sd","conv_code","omega_cor","tau1","tau1_sd","tau2","tau2_sd","tau3","tau3_sd","tau4","tau4_sd","tau5","tau5_sd","tau6","tau6_sd"
0.99157379255649,0.00746592306650455,0.998041211843629,0.00748947237377238,0.252306210325985,0.0060911880807598,0.230532715216259,0.00859694618839925,0.221365357284664,0.00581424469960574,0.899532380976427,0.00197595170517734,1,0.917866255482648,-0.0259469452421674,0.0277959879939275,0.703559563040562,0.00796916285139359,0.682261814993107,0.00728310245407899,0.688175190912968,0.00759941779183415,0.69204207157138,0.00876593588836307,0.694165603057114,0.0108444113561972
