"beta1","beta1_sd","beta2","beta2_sd","omega_b1","omega_b1_sd","omega_b2","omega_b2_sd","omega_cov","omega_cov_sd","rho","rho_sd","conv_code","omega_cor","tau1","tau1_sd","tau2","tau2_sd","tau3","tau3_sd","tau4","tau4_sd","tau5","tau5_sd","tau6","tau6_sd"
0.988494381278424,0.00936144930518892,0.99399065115049,0.00970507934601078,0.555650766114518,0.0116880513206481,0.539997717612888,0.0158774266824172,-0.170185239693047,0.0102085153548547,0.898868323360553,0.0024938169884928,1,-0.310688350832468,0.0177378303413497,0.0300990300851272,0.685695920240978,0.00875391427349756,0.676178584706232,0.00810526431567264,0.690442046371105,0.00847330227068869,0.692918016895219,0.0096721650058409,0.710237733326588,0.0115373242273623
