"beta1","beta1_sd","beta2","beta2_sd","omega_b1","omega_b1_sd","omega_b2","omega_b2_sd","omega_cov","omega_cov_sd","rho","rho_sd","conv_code","omega_cor","tau1","tau1_sd","tau2","tau2_sd","tau3","tau3_sd","tau4","tau4_sd","tau5","tau5_sd","tau6","tau6_sd"
1.00198362843604,0.0112636238365211,0.999384333987232,0.014413521705213,0.550686371685268,0.0125902408641284,1.01921692993908,0.0349394721262031,0.469957689736035,0.0148960402782048,0.611817657636105,0.0178500669815587,1,0.627297102192426,-0.0161295985145083,0.0279885172262766,0.702888224953262,0.0114420177588071,0.687172920628213,0.0113279170027162,0.690446938001338,0.0124572019988315,0.687715308942752,0.0147577358436408,0.686680308026578,0.017574574470448
