"beta1","beta1_sd","beta2","beta2_sd","omega_b1","omega_b1_sd","omega_b2","omega_b2_sd","omega_cov","omega_cov_sd","rho","rho_sd","conv_code","omega_cor","tau1","tau1_sd","tau2","tau2_sd","tau3","tau3_sd","tau4","tau4_sd","tau5","tau5_sd","tau6","tau6_sd"
1.00171613520612,0.0108631892319864,1.00568822278588,0.00967961369968327,1.03172334858721,0.0166875830560048,0.269237309015771,0.0139335757603818,0.469820035883435,0.0127307548334594,-0.602810833533557,0.00540715552298376,1,0.891419814956733,-0.00574425662368146,0.0209017667844285,0.68707433002401,0.00858981001462015,0.700329200728457,0.00863347173121356,0.687381200652875,0.00967559966337131,0.699134029029107,0.0109003143981681,0.701413905734443,0.0126723815109557
