"beta1","beta1_sd","beta2","beta2_sd","omega_b1","omega_b1_sd","omega_b2","omega_b2_sd","omega_cov","omega_cov_sd","rho","rho_sd","conv_code","omega_cor","tau1","tau1_sd","tau2","tau2_sd","tau3","tau3_sd","tau4","tau4_sd","tau5","tau5_sd","tau6","tau6_sd"
1.00251401477741,0.00659549261320482,1.00978615614961,0.00863838522485241,0.255793321159907,0.00395761985771349,0.593166966091854,0.0142148491247581,-0.348553714631248,0.00615144318170543,0.310211211795005,0.0128321919932097,1,-0.89482196626395,0.0179615130448572,0.0179444727896043,0.692379841090882,0.00747440481105329,0.695980399214487,0.0065552826761015,0.700910128569999,0.00716467396153099,0.696429723924237,0.00876003037401954,0.705057566195383,0.0109859277289978
