"beta1","beta1_sd","beta2","beta2_sd","omega_b1","omega_b1_sd","omega_b2","omega_b2_sd","omega_cov","omega_cov_sd","rho","rho_sd","conv_code","omega_cor","tau1","tau1_sd","tau2","tau2_sd","tau3","tau3_sd","tau4","tau4_sd","tau5","tau5_sd","tau6","tau6_sd"
0.990935735841033,0.0116495903036228,1.00935374391736,0.0142975952507361,0.252934141777848,0.00650786645194893,0.04636484102589,0.00716416504007484,0.108292434013767,0.00626088837084143,-0.599641094834182,0.00919449805863363,1,0.999999999619526,-0.00225229406746624,0.0229219811551276,0.685794075127178,0.0127890963493734,0.696018867338858,0.0127917389018355,0.69456434592599,0.0138733275004432,0.697507613514292,0.0158529418768295,0.65648579202892,0.0189285347850017
