"beta1","beta1_sd","beta2","beta2_sd","omega_b1","omega_b1_sd","omega_b2","omega_b2_sd","omega_cov","omega_cov_sd","rho","rho_sd","conv_code","omega_cor","tau1","tau1_sd","tau2","tau2_sd","tau3","tau3_sd","tau4","tau4_sd","tau5","tau5_sd","tau6","tau6_sd"
1.00235075454681,0.00942889708281285,1.00134509567586,0.0135239797300443,0.249097541566025,0.00562882644384317,1.01216686298954,0.0311318146512573,0.452192364583612,0.0105415629664031,0.0144858946957673,0.0209092567043135,1,0.900559572054614,-0.0305458602407184,0.0217882998679552,0.696014347581859,0.0104788845276386,0.695570193460479,0.0104739954440249,0.700075722529997,0.0121381721760024,0.691556996708494,0.0142636349630738,0.705071337050167,0.0174999484395756
