"beta1","beta1_sd","beta2","beta2_sd","omega_b1","omega_b1_sd","omega_b2","omega_b2_sd","omega_cov","omega_cov_sd","rho","rho_sd","conv_code","omega_cor","tau1","tau1_sd","tau2","tau2_sd","tau3","tau3_sd","tau4","tau4_sd","tau5","tau5_sd","tau6","tau6_sd"
1.0005000401449,0.00738719714949193,1.00337551584388,0.00942021724817298,0.246330040539202,0.0045703623316602,0.563057616365627,0.0158639014364939,-0.338067858695741,0.00683660442807171,0.607304383937029,0.00977520369383155,1,-0.907755261693654,0.0186870609487871,0.0218960241168025,0.680999121107993,0.00890705810531802,0.703815160663923,0.0076100035957701,0.692909437009052,0.00838050250960279,0.706964293870864,0.00988597668067518,0.680035862161761,0.0127942452060076
