"beta1","beta1_sd","beta2","beta2_sd","omega_b1","omega_b1_sd","omega_b2","omega_b2_sd","omega_cov","omega_cov_sd","rho","rho_sd","conv_code","omega_cor","tau1","tau1_sd","tau2","tau2_sd","tau3","tau3_sd","tau4","tau4_sd","tau5","tau5_sd","tau6","tau6_sd"
0.995265816903333,0.0104497182608547,0.996962325961457,0.00842031901230441,0.985716544146962,0.017039736378226,0.0583738031650182,0.00767808376365825,-0.0178490924151145,0.00998048669027025,0.595050136159808,0.0162776389713317,1,-0.0744099684831021,0.0164846995127712,0.0235157380997548,0.680495695654604,0.00900447525104161,0.691417636632371,0.0087466894643378,0.693355642721408,0.00979583036288499,0.683344660541614,0.0114513964189865,0.687218331767939,0.013728134338482
