"beta1","beta1_sd","beta2","beta2_sd","omega_b1","omega_b1_sd","omega_b2","omega_b2_sd","omega_cov","omega_cov_sd","rho","rho_sd","conv_code","omega_cor","tau1","tau1_sd","tau2","tau2_sd","tau3","tau3_sd","tau4","tau4_sd","tau5","tau5_sd","tau6","tau6_sd"
0.973677509694417,0.0162323637697875,0.975571204105635,0.0184489872479215,0.945463320500749,0.0275735269860379,0.496900321927,0.0372298031215621,0.408911981726558,0.0205263047549255,-0.581193165131591,0.0128325227161731,1,0.596585721235515,-0.034295970309585,0.029525920650456,0.660886551674468,0.0156207195491785,0.671360116868881,0.0159379098048753,0.673259235265525,0.0171553974816437,0.660251641045474,0.0188524233517965,0.687844572863025,0.0209366081683503
