"beta1","beta1_sd","beta2","beta2_sd","omega_b1","omega_b1_sd","omega_b2","omega_b2_sd","omega_cov","omega_cov_sd","rho","rho_sd","conv_code","omega_cor","tau1","tau1_sd","tau2","tau2_sd","tau3","tau3_sd","tau4","tau4_sd","tau5","tau5_sd","tau6","tau6_sd"
1.00984884239582,0.0112129671996529,1.01886213613445,0.0123459115275981,0.562213015467546,0.0107403888414517,0.0676421489094496,0.0140369029272236,-0.0544690920333364,0.009524704510615,-0.900053966904085,0.00179113862351182,1,-0.279312897513979,0.0195784746624061,0.0254354483366667,0.694097224516471,0.011034725075721,0.693220889826327,0.010661762156653,0.680701571958172,0.0113071583263347,0.699366810249441,0.0125216185782456,0.687342541732948,0.0146258846842473
