"beta1","beta1_sd","beta2","beta2_sd","omega_b1","omega_b1_sd","omega_b2","omega_b2_sd","omega_cov","omega_cov_sd","rho","rho_sd","conv_code","omega_cor","tau1","tau1_sd","tau2","tau2_sd","tau3","tau3_sd","tau4","tau4_sd","tau5","tau5_sd","tau6","tau6_sd"
0.996495176478384,0.0113643628380651,0.979756095851034,0.015530108159429,0.249881228947074,0.00621151254019171,1.00196451888431,0.0368626731494938,-0.452774645267931,0.0121827795261851,-0.598768094083493,0.0093885450525823,1,-0.904876086316184,-0.00896163253144717,0.0239228126524828,0.679372823565975,0.0132230296216985,0.697362724333758,0.0123163995182144,0.691460639623141,0.0132873436165331,0.678898645527839,0.015432286049559,0.67950411361128,0.0184658397675752
