"beta1","beta1_sd","beta2","beta2_sd","omega_b1","omega_b1_sd","omega_b2","omega_b2_sd","omega_cov","omega_cov_sd","rho","rho_sd","conv_code","omega_cor","tau1","tau1_sd","tau2","tau2_sd","tau3","tau3_sd","tau4","tau4_sd","tau5","tau5_sd","tau6","tau6_sd"
1.00289743664048,0.00720159391678986,1.00886827959284,0.00858770253885375,0.0682188265945229,0.00339622937514456,0.248471306829995,0.00983064013758172,0.041788941064821,0.00408142052659795,0.899373078011431,0.00182270473696341,1,0.320974936524551,-0.00677527496613577,0.028842268608686,0.701275107034237,0.00930078982865959,0.698693509553165,0.00819348388617963,0.70677471347613,0.00825904251695413,0.689628976115541,0.00964538718437324,0.704085185978559,0.0121921132879679
