"beta1","beta1_sd","beta2","beta2_sd","omega_b1","omega_b1_sd","omega_b2","omega_b2_sd","omega_cov","omega_cov_sd","rho","rho_sd","conv_code","omega_cor","tau1","tau1_sd","tau2","tau2_sd","tau3","tau3_sd","tau4","tau4_sd","tau5","tau5_sd","tau6","tau6_sd"
1.00246254839444,0.0059362847301943,1.0049654192619,0.00867463690100453,0.0626314402667588,0.00112440225343135,0.247202819767451,0.0108871474158239,0.112515683103669,0.00278286652804693,-0.89959866644611,0.00130866806568177,1,0.904253402624755,0.0125917226120116,0.0153318447524669,0.693059260666278,0.00837281862621954,0.693895897607548,0.00754290441210196,0.686602690102383,0.00790003434103764,0.693664911763437,0.00896819268139696,0.683188468360373,0.0113030123602388
