"beta1","beta1_sd","beta2","beta2_sd","omega_b1","omega_b1_sd","omega_b2","omega_b2_sd","omega_cov","omega_cov_sd","rho","rho_sd","conv_code","omega_cor","tau1","tau1_sd","tau2","tau2_sd","tau3","tau3_sd","tau4","tau4_sd","tau5","tau5_sd","tau6","tau6_sd"
0.988381486792443,0.00564321428746341,0.990837482788265,0.0105436252229525,0.0616796159365975,0.00138588261803306,1.00602624564834,0.0213881543845456,0.226282748354941,0.00422499757377667,0.295573923067361,0.0127731918876994,1,0.908397560028758,-0.0343679589045658,0.0178848611149198,0.695657068636384,0.00843500994854452,0.678774205759922,0.00726134306688017,0.696863522093451,0.00790658591399572,0.695856935199229,0.00965424863983533,0.669273573036959,0.0131620409891434
