"beta1","beta1_sd","beta2","beta2_sd","omega_b1","omega_b1_sd","omega_b2","omega_b2_sd","omega_cov","omega_cov_sd","rho","rho_sd","conv_code","omega_cor","tau1","tau1_sd","tau2","tau2_sd","tau3","tau3_sd","tau4","tau4_sd","tau5","tau5_sd","tau6","tau6_sd"
1.00266275833678,0.00564501077987317,1.00404361140423,0.00852867228061581,0.0657524825148405,0.00163435875635454,0.544471525671028,0.0130796095232114,-0.0528393148927067,0.00294052203487019,0.58379907687544,0.00815618216254868,1,-0.279263074237896,0.039457268508391,0.0191063474353101,0.682480120068365,0.00782397138727274,0.683225382640407,0.0065605297525896,0.699207098778582,0.00688251664672234,0.683537264181929,0.00819725097505144,0.724598272028689,0.0105122271208774
