"beta1","beta1_sd","beta2","beta2_sd","omega_b1","omega_b1_sd","omega_b2","omega_b2_sd","omega_cov","omega_cov_sd","rho","rho_sd","conv_code","omega_cor","tau1","tau1_sd","tau2","tau2_sd","tau3","tau3_sd","tau4","tau4_sd","tau5","tau5_sd","tau6","tau6_sd"
0.997047761810786,0.00567336001538034,1.00382343417181,0.00808113392349766,0.0611659990232797,0.00122194005626673,0.258533099157541,0.00968326363390513,-0.115261202546781,0.00257734057239012,-0.00614413014515214,0.0114545528711867,1,-0.916579275849687,-0.011179782390279,0.0174168732369351,0.690241422824083,0.00860778874172309,0.695609859827363,0.00722213783098117,0.692337383081129,0.00775227737556369,0.689692197595706,0.00917691136085275,0.698092936299661,0.0120044522627068
