"beta1","beta1_sd","beta2","beta2_sd","omega_b1","omega_b1_sd","omega_b2","omega_b2_sd","omega_cov","omega_cov_sd","rho","rho_sd","conv_code","omega_cor","tau1","tau1_sd","tau2","tau2_sd","tau3","tau3_sd","tau4","tau4_sd","tau5","tau5_sd","tau6","tau6_sd"
0.998842128723767,0.00901776775798224,0.997885869299351,0.01174385094621,0.0600141415897395,0.00163218790303411,0.087567242319478,0.0133422439970133,0.0185524998115662,0.00266482912697763,-0.586964655152869,0.00828767429067656,1,0.255920337635087,0.00230334505493989,0.0202002464007377,0.695182334907586,0.0117968575838177,0.685633995377036,0.0108852350490358,0.687683905033553,0.0117100768136805,0.684667847608406,0.0137222226417632,0.66592287275411,0.0174070196385117
