"beta1","beta1_sd","beta2","beta2_sd","omega_b1","omega_b1_sd","omega_b2","omega_b2_sd","omega_cov","omega_cov_sd","rho","rho_sd","conv_code","omega_cor","tau1","tau1_sd","tau2","tau2_sd","tau3","tau3_sd","tau4","tau4_sd","tau5","tau5_sd","tau6","tau6_sd"
0.991468650936104,0.0070969046635143,0.984112634478062,0.00913999166393754,0.251479265570489,0.00401489510381219,0.55784255121177,0.0149871265228787,0.105922354477402,0.00500976475509568,0.00747402029753899,0.0126614998146789,1,0.282800852939992,-0.0414344017518413,0.0178302095393433,0.698586228463338,0.00740815232059957,0.702297062771784,0.00704030590917861,0.693178157519236,0.00783835810590128,0.690575181922796,0.00939877653476768,0.6871247431035,0.0118122178094146
