"beta1","beta1_sd","beta2","beta2_sd","omega_b1","omega_b1_sd","omega_b2","omega_b2_sd","omega_cov","omega_cov_sd","rho","rho_sd","conv_code","omega_cor","tau1","tau1_sd","tau2","tau2_sd","tau3","tau3_sd","tau4","tau4_sd","tau5","tau5_sd","tau6","tau6_sd"
1.01657149078438,0.0105877042616427,1.01559546743939,0.0136520409197832,0.567480677273187,0.0104779859997904,1.02663240152996,0.0331491353251998,0.449325961739398,0.013117760649577,-0.60806320801463,0.00701097932610201,1,0.588678927406933,0.0436809857057143,0.023168375510438,0.696026065912671,0.0100642163549971,0.690664781246147,0.0100642444841708,0.703719790027939,0.0109348170702249,0.683303877301922,0.012381340133171,0.71402024957101,0.0145081785429977
