"beta1","beta1_sd","beta2","beta2_sd","omega_b1","omega_b1_sd","omega_b2","omega_b2_sd","omega_cov","omega_cov_sd","rho","rho_sd","conv_code","omega_cor","tau1","tau1_sd","tau2","tau2_sd","tau3","tau3_sd","tau4","tau4_sd","tau5","tau5_sd","tau6","tau6_sd"
1.0032631103687,0.00570477697609715,0.996392739389842,0.00902943746048161,0.0641117850469955,0.00117510027236253,0.557894644490266,0.0144411630736342,0.00112662880785005,0.00251607252364342,-0.306810001411374,0.00823758291594701,1,0.00595711276613472,-0.000422089406979784,0.0153797880626329,0.685161926679346,0.00772984521530128,0.707539609867594,0.00669387336379807,0.689105887036371,0.00731897273166336,0.70309679923676,0.00858820133867149,0.703552963188264,0.0112227400412784
