"beta1","beta1_sd","beta2","beta2_sd","omega_b1","omega_b1_sd","omega_b2","omega_b2_sd","omega_cov","omega_cov_sd","rho","rho_sd","conv_code","omega_cor","tau1","tau1_sd","tau2","tau2_sd","tau3","tau3_sd","tau4","tau4_sd","tau5","tau5_sd","tau6","tau6_sd"
1.01929325970452,0.0120549783699377,1.00079965826725,0.0109078240809855,1.03075304917994,0.0212784956102017,0.0670795598577421,0.00984772251495395,-0.221199968724494,0.0137059851415485,0.585505215589539,0.020885360738248,1,-0.841225918421145,0.0390903295583898,0.0276217459871156,0.684999884379882,0.0113731486240967,0.67901509641802,0.0111598319957583,0.712112398370352,0.0121586200095428,0.714286999560232,0.0142169883929743,0.695767817402084,0.0167674346123521
