"beta1","beta1_sd","beta2","beta2_sd","omega_b1","omega_b1_sd","omega_b2","omega_b2_sd","omega_cov","omega_cov_sd","rho","rho_sd","conv_code","omega_cor","tau1","tau1_sd","tau2","tau2_sd","tau3","tau3_sd","tau4","tau4_sd","tau5","tau5_sd","tau6","tau6_sd"
0.996550221811233,0.0120712534966165,0.997240028463948,0.0125643085423495,1.01832709916769,0.0216807166858952,0.549075105751995,0.0240520107318164,0.668976090451473,0.0193536799504007,0.579195243787472,0.0214155294149287,1,0.894645678854096,-0.0135765256063904,0.0275797263850262,0.682269635596395,0.0114310469391732,0.713005208826711,0.0114562312016443,0.698116374650539,0.0127531566836725,0.689703550057919,0.0149540101943159,0.713702924643124,0.017797472953141
