"beta1","beta1_sd","beta2","beta2_sd","omega_b1","omega_b1_sd","omega_b2","omega_b2_sd","omega_cov","omega_cov_sd","rho","rho_sd","conv_code","omega_cor","tau1","tau1_sd","tau2","tau2_sd","tau3","tau3_sd","tau4","tau4_sd","tau5","tau5_sd","tau6","tau6_sd"
1.00649352884802,0.00988304256408557,1.0082116516195,0.00918058695940672,0.995710942017695,0.0152353339223554,0.558601442457642,0.0164359746676617,-0.656821143575351,0.0135695965198802,0.27876375651435,0.0161746825081198,1,-0.880702964793081,-0.00850552950582538,0.0198264561738998,0.700517353766948,0.00783653383469674,0.698924671992196,0.00749499168027242,0.703459104637944,0.00850017586019171,0.707007954426495,0.00982274804110789,0.701121194140797,0.0119305113944663
