"beta1","beta1_sd","beta2","beta2_sd","omega_b1","omega_b1_sd","omega_b2","omega_b2_sd","omega_cov","omega_cov_sd","rho","rho_sd","conv_code","omega_cor","tau1","tau1_sd","tau2","tau2_sd","tau3","tau3_sd","tau4","tau4_sd","tau5","tau5_sd","tau6","tau6_sd"
1.01963142861375,0.0130181795048157,1.00228156561973,0.0128483848538072,1.00534373891017,0.0229159525596903,0.240873946225561,0.0184668935155509,-0.292327003599328,0.0150775271188347,0.287752274213511,0.0310524767059379,1,-0.594041426571418,0.00790696952431413,0.0276907937672654,0.686791750812735,0.011984212087533,0.691571355020184,0.0119517752632474,0.724262673039407,0.0133353038773849,0.687728615728064,0.0154520706282064,0.695180271098372,0.0178881625155417
