"beta1","beta1_sd","beta2","beta2_sd","omega_b1","omega_b1_sd","omega_b2","omega_b2_sd","omega_cov","omega_cov_sd","rho","rho_sd","conv_code","omega_cor","tau1","tau1_sd","tau2","tau2_sd","tau3","tau3_sd","tau4","tau4_sd","tau5","tau5_sd","tau6","tau6_sd"
0.995824174712233,0.0100488431330441,1.01733645799046,0.0116653361660192,0.241000031318784,0.00756592970405188,0.254100722636607,0.0146536628650956,0.14913643779529,0.00813876826889031,0.903262456180428,0.00243609361922918,1,0.602659859416573,-0.0114680830911317,0.0341241291635039,0.70304554699405,0.0119528268537455,0.697097940385131,0.0109288820012392,0.685487898199454,0.0114590879242314,0.686858491054035,0.013091535366631,0.657015317938765,0.0160782151572112
