"beta1","beta1_sd","beta2","beta2_sd","omega_b1","omega_b1_sd","omega_b2","omega_b2_sd","omega_cov","omega_cov_sd","rho","rho_sd","conv_code","omega_cor","tau1","tau1_sd","tau2","tau2_sd","tau3","tau3_sd","tau4","tau4_sd","tau5","tau5_sd","tau6","tau6_sd"
0.999567776838887,0.0106591391027482,0.997059620134328,0.0103401626499222,1.01413581688125,0.0174665605403517,0.555719055113054,0.0188428988191989,-0.683097598849045,0.0153267355745249,0.292694388757851,0.0208996347764669,1,-0.909928051592808,-0.0113860424023768,0.0222069962572367,0.691294344882887,0.00918822359957619,0.692874389193171,0.0089433861214664,0.688653894688296,0.0100671759437292,0.697357979710561,0.0115799335691645,0.708943248658317,0.0137479023425159
