"beta1","beta1_sd","beta2","beta2_sd","omega_b1","omega_b1_sd","omega_b2","omega_b2_sd","omega_cov","omega_cov_sd","rho","rho_sd","conv_code","omega_cor","tau1","tau1_sd","tau2","tau2_sd","tau3","tau3_sd","tau4","tau4_sd","tau5","tau5_sd","tau6","tau6_sd"
0.995617432662942,0.00518329819496237,0.993437905626478,0.00718049254426593,0.0638932652520053,0.00130514089660499,0.248137511324548,0.00851894477088903,-0.000318215073171194,0.00212342389773159,0.280009831253139,0.0112546349502721,1,-0.00252724295572629,-0.00698320031596492,0.0162186655092519,0.690193116457714,0.00726175694572677,0.691992256893801,0.00615782449599133,0.690455518151173,0.00675036384158746,0.690483404170097,0.00817565031193746,0.710723770901321,0.0109217052914803
