"beta1","beta1_sd","beta2","beta2_sd","omega_b1","omega_b1_sd","omega_b2","omega_b2_sd","omega_cov","omega_cov_sd","rho","rho_sd","conv_code","omega_cor","tau1","tau1_sd","tau2","tau2_sd","tau3","tau3_sd","tau4","tau4_sd","tau5","tau5_sd","tau6","tau6_sd"
0.994143866489337,0.0145887058987787,1.00401077543881,0.0175476825811289,1.04544303517499,0.0235342575096752,1.04858893217152,0.0455789991587925,0.0107304532767626,0.0206500905047003,-0.901989162792304,0.00212653077269811,1,0.0102486165953245,-0.0304446177553715,0.0315281177936497,0.681922280312623,0.0128184351410744,0.697460438837209,0.0125472504760604,0.709403189278882,0.0130963653767962,0.698692995309595,0.0144090298603721,0.717860205328169,0.0160777848528107
