"beta1","beta1_sd","beta2","beta2_sd","omega_b1","omega_b1_sd","omega_b2","omega_b2_sd","omega_cov","omega_cov_sd","rho","rho_sd","conv_code","omega_cor","tau1","tau1_sd","tau2","tau2_sd","tau3","tau3_sd","tau4","tau4_sd","tau5","tau5_sd","tau6","tau6_sd"
0.991659976425813,0.0192616201813622,1.0254459440944,0.0249172546361867,0.567284490491294,0.0213750117215555,0.264415130992783,0.0520033961168914,-0.0942018490492138,0.015032200986018,-0.899911689476154,0.0036162009742248,1,-0.243229261117323,-0.00877030552948743,0.0313890692459209,0.702609762243344,0.0195677739870054,0.689444586525089,0.0196733825593224,0.703648985389287,0.0203811267799861,0.683534166451565,0.021865838801857,0.698087610628791,0.0236845093907735
