"beta1","beta1_sd","beta2","beta2_sd","omega_b1","omega_b1_sd","omega_b2","omega_b2_sd","omega_cov","omega_cov_sd","rho","rho_sd","conv_code","omega_cor","tau1","tau1_sd","tau2","tau2_sd","tau3","tau3_sd","tau4","tau4_sd","tau5","tau5_sd","tau6","tau6_sd"
0.992895976157352,0.0133823550313627,0.990050503516881,0.0141545330320827,0.990580018489391,0.0230966143671015,0.574964158081611,0.0265430240257818,-0.683590903252608,0.0199155766067151,-0.00132414630952471,0.0264262723525522,1,-0.905797477291814,-0.0584620427174643,0.0273478778120157,0.692603481906321,0.0126558313803784,0.689525926458633,0.0123308163309191,0.709625708052137,0.013793023704232,0.672987055264494,0.0163129304905833,0.730281523549995,0.0184628372509437
