"beta1","beta1_sd","beta2","beta2_sd","omega_b1","omega_b1_sd","omega_b2","omega_b2_sd","omega_cov","omega_cov_sd","rho","rho_sd","conv_code","omega_cor","tau1","tau1_sd","tau2","tau2_sd","tau3","tau3_sd","tau4","tau4_sd","tau5","tau5_sd","tau6","tau6_sd"
1.02238294248041,0.0169899736926326,1.00330513368219,0.0236026477347369,0.256627017001993,0.00911908856499816,1.06224214940083,0.0675237487561832,0.158849494851903,0.0119136393390632,-0.901896618207522,0.00318535305135371,1,0.304244604497033,0.0268404326885234,0.0280634013887031,0.702569600233374,0.0180620196995465,0.689991947025236,0.0177078922787012,0.709946264705006,0.018515830512488,0.697136632017378,0.0199184133740574,0.74515514175847,0.021967770961892
