"beta1","beta1_sd","beta2","beta2_sd","omega_b1","omega_b1_sd","omega_b2","omega_b2_sd","omega_cov","omega_cov_sd","rho","rho_sd","conv_code","omega_cor","tau1","tau1_sd","tau2","tau2_sd","tau3","tau3_sd","tau4","tau4_sd","tau5","tau5_sd","tau6","tau6_sd"
0.986640846396246,0.00919028847736789,1.02667271621899,0.0103165145368275,0.557037824483532,0.0100824855907334,0.570261876293564,0.0180419811484778,-0.347892603518554,0.0101144232644463,0.598960019309393,0.0140807738059693,1,-0.617256515755129,-0.00736319166221146,0.023509987332973,0.683009379604755,0.00898382111609971,0.685386854752218,0.00855690577936166,0.710465511823657,0.00943450464753736,0.684391758143071,0.0111945350519027,0.676926213976992,0.0136567836556783
