"beta1","beta1_sd","beta2","beta2_sd","omega_b1","omega_b1_sd","omega_b2","omega_b2_sd","omega_cov","omega_cov_sd","rho","rho_sd","conv_code","omega_cor","tau1","tau1_sd","tau2","tau2_sd","tau3","tau3_sd","tau4","tau4_sd","tau5","tau5_sd","tau6","tau6_sd"
1.00304418460971,0.01023721522778,0.995305751756535,0.00989088138937328,1.01069183994512,0.0158152973961965,0.567824221448165,0.017305483791867,-0.462524341609158,0.0130690635612802,0.0043000962956154,0.0143322227868049,1,-0.610545812443699,-0.0129214220614529,0.0201822541629785,0.69269449143615,0.00817421298508286,0.689620091655537,0.00796526534528416,0.705246261277543,0.00884357683390868,0.679296938303458,0.0103477731294835,0.689985856076011,0.0121539370300432
