"beta1","beta1_sd","beta2","beta2_sd","omega_b1","omega_b1_sd","omega_b2","omega_b2_sd","omega_cov","omega_cov_sd","rho","rho_sd","conv_code","omega_cor","tau1","tau1_sd","tau2","tau2_sd","tau3","tau3_sd","tau4","tau4_sd","tau5","tau5_sd","tau6","tau6_sd"
0.999805275583591,0.00704346333985369,1.00275047196247,0.00742263129985127,0.258028166771009,0.003919963512288,0.0668357317943696,0.00693910760149357,-0.00168885830184638,0.00363101815078343,-0.304099904666659,0.00812553456515982,1,-0.012860424402601,-0.00183006803332269,0.0169209796789346,0.684943418282312,0.00753268985863349,0.709528781647941,0.00697079237827507,0.697648509039538,0.00779190266537434,0.700711700486128,0.00925707673141071,0.699824734264092,0.0115642458159729
