"beta1","beta1_sd","beta2","beta2_sd","omega_b1","omega_b1_sd","omega_b2","omega_b2_sd","omega_cov","omega_cov_sd","rho","rho_sd","conv_code","omega_cor","tau1","tau1_sd","tau2","tau2_sd","tau3","tau3_sd","tau4","tau4_sd","tau5","tau5_sd","tau6","tau6_sd"
0.999578348703059,0.00680044511979883,0.990115528611079,0.00930712225720127,0.0632134870725921,0.00123034241352207,0.0689046222208478,0.00912791316075994,-0.0610411292514746,0.00261876702527001,-0.901379816926734,0.00147391796233698,1,-0.924897290830182,-0.00314412613008805,0.0175906513064273,0.685777104490435,0.00989419654324635,0.710081147891224,0.00878894240725239,0.681772036551737,0.00909261874951905,0.698729862860224,0.0102596459658503,0.681833293649113,0.0128754470029807
