"beta1","beta1_sd","beta2","beta2_sd","omega_b1","omega_b1_sd","omega_b2","omega_b2_sd","omega_cov","omega_cov_sd","rho","rho_sd","conv_code","omega_cor","tau1","tau1_sd","tau2","tau2_sd","tau3","tau3_sd","tau4","tau4_sd","tau5","tau5_sd","tau6","tau6_sd"
0.97873767086653,0.00589379019790552,0.989040674901174,0.00954458439211694,0.0610537723926115,0.00113400025748599,0.566512556232626,0.0158560517635436,-0.00108185192272803,0.00259689684180905,-0.58869828325582,0.0050036715752108,1,-0.00581710361514678,-0.0455368294232936,0.0153147765100833,0.691946909513797,0.00792522902928905,0.689964134386348,0.00707077045662383,0.676996601145798,0.00762716562976803,0.678639361815215,0.00902168306351171,0.673524155832458,0.0116574164784402
