"beta1","beta1_sd","beta2","beta2_sd","omega_b1","omega_b1_sd","omega_b2","omega_b2_sd","omega_cov","omega_cov_sd","rho","rho_sd","conv_code","omega_cor","tau1","tau1_sd","tau2","tau2_sd","tau3","tau3_sd","tau4","tau4_sd","tau5","tau5_sd","tau6","tau6_sd"
1.01135468704494,0.00656886042535703,1.01121706623445,0.0111191270154791,0.0639040153735253,0.00191438674468972,1.06631283139377,0.0243777159649353,0.00413734196203906,0.00395031277438127,0.602362922821463,0.00915784960468038,1,0.0158494803026127,0.00166254354695961,0.0216197696477752,0.704534778101621,0.00907261922342004,0.698215080071394,0.00778049185432832,0.703666505428705,0.0082713003017161,0.707132854313857,0.00970411604409068,0.692071462834963,0.0127834591610813
