"beta1","beta1_sd","beta2","beta2_sd","omega_b1","omega_b1_sd","omega_b2","omega_b2_sd","omega_cov","omega_cov_sd","rho","rho_sd","conv_code","omega_cor","tau1","tau1_sd","tau2","tau2_sd","tau3","tau3_sd","tau4","tau4_sd","tau5","tau5_sd","tau6","tau6_sd"
0.995740735501289,0.016103489638792,1.00023946496142,0.0173895864053411,0.968771305492717,0.0276020361305123,0.0523589756941343,0.0195741430552465,0.0786367492265997,0.0158002935845655,-0.592507574880366,0.0116895871809671,1,0.349155869829079,0.0408352070087159,0.0297958071994442,0.68009663820078,0.015481387506344,0.677358174274855,0.0155064711757878,0.675309633868617,0.0169544788590846,0.699272166896886,0.0183788869263798,0.661783429912855,0.0214983989950443
