"beta1","beta1_sd","beta2","beta2_sd","omega_b1","omega_b1_sd","omega_b2","omega_b2_sd","omega_cov","omega_cov_sd","rho","rho_sd","conv_code","omega_cor","tau1","tau1_sd","tau2","tau2_sd","tau3","tau3_sd","tau4","tau4_sd","tau5","tau5_sd","tau6","tau6_sd"
1.00673945845366,0.006764196611772,1.02539599995046,0.0116212035140214,0.0650219122591596,0.00139276184281898,1.00677592073969,0.0248793163161485,0.00248864685618928,0.00341305071927678,-0.291049767789222,0.0106202712337039,1,0.00972673300775796,-0.00941629898355424,0.0180233399518542,0.702703942248173,0.00909688958647258,0.703360060765331,0.00804224554570236,0.696112954992903,0.00876177567757008,0.687977922043086,0.0103310118298196,0.704825240386914,0.0130980940171612
