"beta1","beta1_sd","beta2","beta2_sd","omega_b1","omega_b1_sd","omega_b2","omega_b2_sd","omega_cov","omega_cov_sd","rho","rho_sd","conv_code","omega_cor","tau1","tau1_sd","tau2","tau2_sd","tau3","tau3_sd","tau4","tau4_sd","tau5","tau5_sd","tau6","tau6_sd"
0.991114910649053,0.00613796791073092,0.990154556635509,0.0090816464461224,0.0619840641760696,0.00113557884106983,0.252100460336712,0.0119214103318223,-0.0392052413517664,0.00253810121470887,-0.898836630029895,0.00134959309094332,1,-0.313629776141237,0.0109915752000976,0.0159750842824646,0.683892694044585,0.00864269789007885,0.690292278722512,0.00773624926533188,0.689249504881544,0.00796878220814988,0.693616476440806,0.00894717328622064,0.680472189915957,0.0113040848382061
