"beta1","beta1_sd","beta2","beta2_sd","omega_b1","omega_b1_sd","omega_b2","omega_b2_sd","omega_cov","omega_cov_sd","rho","rho_sd","conv_code","omega_cor","tau1","tau1_sd","tau2","tau2_sd","tau3","tau3_sd","tau4","tau4_sd","tau5","tau5_sd","tau6","tau6_sd"
0.987721185250964,0.0141573940910944,0.987336035759799,0.0167668734729334,0.549125253882332,0.0149803461300747,0.281940181297112,0.0277044120187016,0.000222823515798042,0.0110456418529436,-0.582160325350725,0.0115307215882774,1,0.000566300345448437,-0.0283170827833516,0.0268909708132628,0.67578925693897,0.0143399140325631,0.695237905710571,0.014238660041736,0.676340952507154,0.0156029059241482,0.674444885176776,0.0173966223552584,0.692249568421509,0.019822101558721
