"beta1","beta1_sd","beta2","beta2_sd","omega_b1","omega_b1_sd","omega_b2","omega_b2_sd","omega_cov","omega_cov_sd","rho","rho_sd","conv_code","omega_cor","tau1","tau1_sd","tau2","tau2_sd","tau3","tau3_sd","tau4","tau4_sd","tau5","tau5_sd","tau6","tau6_sd"
1.01041645597451,0.00606960453315042,1.00694165567922,0.00945708241379314,0.0599251267079536,0.00149254146351935,0.567838517015659,0.0156803777680482,-0.00118580579834127,0.00287292235888716,0.310269233599388,0.0138518999409518,1,-0.00642830782618958,0.0290707185414034,0.0188136863146996,0.689146141628308,0.00862938287278399,0.688645940820582,0.0073805483174638,0.69099740747602,0.00804726554546479,0.699216736710892,0.00953267033589487,0.702430634046136,0.0126205119834413
