"beta1","beta1_sd","beta2","beta2_sd","omega_b1","omega_b1_sd","omega_b2","omega_b2_sd","omega_cov","omega_cov_sd","rho","rho_sd","conv_code","omega_cor","tau1","tau1_sd","tau2","tau2_sd","tau3","tau3_sd","tau4","tau4_sd","tau5","tau5_sd","tau6","tau6_sd"
1.00913263028544,0.010764557892927,0.995385092402579,0.0110633583739885,0.984674195003208,0.0187446981570511,0.989003968258906,0.0257963905490401,-0.888997364951566,0.0189881365284691,0.900529553918775,0.00242613676067676,1,-0.900855591039016,0.0314693771144526,0.0307753467930532,0.701081243485569,0.00891664031672756,0.687525486710261,0.00841279046899965,0.703067031858632,0.00870040869435863,0.678414234050823,0.0100435337016172,0.695431035552183,0.0117338544910561
