"beta1","beta1_sd","beta2","beta2_sd","omega_b1","omega_b1_sd","omega_b2","omega_b2_sd","omega_cov","omega_cov_sd","rho","rho_sd","conv_code","omega_cor","tau1","tau1_sd","tau2","tau2_sd","tau3","tau3_sd","tau4","tau4_sd","tau5","tau5_sd","tau6","tau6_sd"
1.00758154466558,0.00654229056123733,1.00558814573354,0.00639489793841533,0.248181052801235,0.00383257712759435,0.0698994311136585,0.00570978401197766,-0.118338945907383,0.0036079727701956,0.29333346711556,0.0126341842713878,1,-0.89847617354762,0.0090658034753959,0.0175831048409047,0.698301870995944,0.00708389938177118,0.685620070095104,0.00647040859019443,0.69614362966497,0.00712415730123252,0.690737516309264,0.00867927284147893,0.687866209996823,0.0109228909316602
