"beta1","beta1_sd","beta2","beta2_sd","omega_b1","omega_b1_sd","omega_b2","omega_b2_sd","omega_cov","omega_cov_sd","rho","rho_sd","conv_code","omega_cor","tau1","tau1_sd","tau2","tau2_sd","tau3","tau3_sd","tau4","tau4_sd","tau5","tau5_sd","tau6","tau6_sd"
0.99397697688624,0.00764139397087267,1.00222736510083,0.0131519173231307,0.0622182444781619,0.00136543517712555,1.01173864428612,0.0300620681390078,-0.151617907195215,0.00463564705598457,-0.898834876241758,0.00167095475242638,1,-0.604306759192543,-0.0250262253271759,0.0190161738978003,0.696549392407085,0.0105736448879769,0.68872182750112,0.00963191515258891,0.683829383101625,0.00979431488907412,0.69690917416905,0.0108735384000449,0.693230626565825,0.0131299686166306
