"beta1","beta1_sd","beta2","beta2_sd","omega_b1","omega_b1_sd","omega_b2","omega_b2_sd","omega_cov","omega_cov_sd","rho","rho_sd","conv_code","omega_cor","tau1","tau1_sd","tau2","tau2_sd","tau3","tau3_sd","tau4","tau4_sd","tau5","tau5_sd","tau6","tau6_sd"
0.985179549008135,0.00765294221457003,0.979801795021002,0.00915358920822242,0.252098697980797,0.00420997707580203,0.245687189220327,0.0116626711354137,0.225713132226429,0.00541063721058822,-0.290693816551519,0.0101795155539524,1,0.906943578704986,-0.0159591625820047,0.0180670671185478,0.686656124976871,0.00853683502298029,0.690399900179747,0.00822873784825704,0.692984486926802,0.00920709754929722,0.675896575502412,0.0110723570031444,0.685280536737556,0.0136376696777875
