"beta1","beta1_sd","beta2","beta2_sd","omega_b1","omega_b1_sd","omega_b2","omega_b2_sd","omega_cov","omega_cov_sd","rho","rho_sd","conv_code","omega_cor","tau1","tau1_sd","tau2","tau2_sd","tau3","tau3_sd","tau4","tau4_sd","tau5","tau5_sd","tau6","tau6_sd"
1.00005868835769,0.00650286506751751,1.00783580806683,0.00760159856894872,0.0686286408974024,0.00314695045088441,0.26964775224333,0.00898180191312262,0.0406783345384002,0.00366411290267806,0.897371180775534,0.00173236840286366,1,0.299028141926727,-0.0194001578674204,0.0273127674683587,0.697263141129616,0.00803459821628329,0.689023390145101,0.00706879798411291,0.709168416144176,0.00713693120120736,0.696849637374034,0.00821808593339632,0.683488221676314,0.0105955147242046
