"beta1","beta1_sd","beta2","beta2_sd","omega_b1","omega_b1_sd","omega_b2","omega_b2_sd","omega_cov","omega_cov_sd","rho","rho_sd","conv_code","omega_cor","tau1","tau1_sd","tau2","tau2_sd","tau3","tau3_sd","tau4","tau4_sd","tau5","tau5_sd","tau6","tau6_sd"
0.995758055314062,0.00845169877308369,0.99995264125759,0.00826612955867606,0.556872770961822,0.00836734227781484,0.236925081195274,0.0105939819807748,0.326214301139292,0.00765668158044055,-0.294527551398168,0.00872961449940612,1,0.898089225021908,-0.00439856907008545,0.0178925069265287,0.69641204552047,0.00749006868348012,0.687270679703789,0.0076221662885332,0.687115954040719,0.00860759849676135,0.676747273952787,0.0099616018748126,0.672892901144865,0.0119903608968799
