"beta1","beta1_sd","beta2","beta2_sd","omega_b1","omega_b1_sd","omega_b2","omega_b2_sd","omega_cov","omega_cov_sd","rho","rho_sd","conv_code","omega_cor","tau1","tau1_sd","tau2","tau2_sd","tau3","tau3_sd","tau4","tau4_sd","tau5","tau5_sd","tau6","tau6_sd"
1.01932346735654,0.0227074570238575,1.0109511105201,0.028348081110004,1.04493804857599,0.0428342585048043,1.07799899111067,0.0797470677471459,0.970213125877012,0.0459764811534677,-0.902395667952782,0.00390186602890616,1,0.914139966974777,0.0337450264737082,0.0365306753862131,0.685900861044304,0.0215353953606682,0.716163186757448,0.0218703689155536,0.698726000273508,0.0228441649855466,0.694546267618412,0.0241464142873887,0.723567805734893,0.0256780863222255
