"beta1","beta1_sd","beta2","beta2_sd","omega_b1","omega_b1_sd","omega_b2","omega_b2_sd","omega_cov","omega_cov_sd","rho","rho_sd","conv_code","omega_cor","tau1","tau1_sd","tau2","tau2_sd","tau3","tau3_sd","tau4","tau4_sd","tau5","tau5_sd","tau6","tau6_sd"
1.00076050945063,0.00955201045785852,1.0095773846314,0.0127761452615899,0.25975290426165,0.00623210741139032,0.569366590050712,0.0230611654949464,0.118605266558179,0.00712539264313397,0.265288463155278,0.0247739214623845,1,0.308409521925285,-0.0102821469225198,0.0241024076143189,0.695322075666852,0.0105885155281356,0.69846652593907,0.0103929424532736,0.690688666700441,0.0118734694482253,0.708976013842476,0.0139138844228106,0.717984230230458,0.0170122232847663
