"beta1","beta1_sd","beta2","beta2_sd","omega_b1","omega_b1_sd","omega_b2","omega_b2_sd","omega_cov","omega_cov_sd","rho","rho_sd","conv_code","omega_cor","tau1","tau1_sd","tau2","tau2_sd","tau3","tau3_sd","tau4","tau4_sd","tau5","tau5_sd","tau6","tau6_sd"
1.00389075414447,0.00944694497591924,1.0031623832944,0.0107343116260413,0.55906339328513,0.00902758384988861,0.561625923777285,0.0187865290136374,0.171913875866911,0.00891419133051877,-0.600658266040485,0.0055073793142612,1,0.306801042300157,-0.00351728299065675,0.0208995227220215,0.69839234871556,0.00851756962833554,0.700449469871077,0.00829639276076469,0.691201295965779,0.00914402550382424,0.694854388485578,0.0104536664118034,0.68665916412661,0.0126055716699007
