"beta1","beta1_sd","beta2","beta2_sd","omega_b1","omega_b1_sd","omega_b2","omega_b2_sd","omega_cov","omega_cov_sd","rho","rho_sd","conv_code","omega_cor","tau1","tau1_sd","tau2","tau2_sd","tau3","tau3_sd","tau4","tau4_sd","tau5","tau5_sd","tau6","tau6_sd"
1.01503897732892,0.0115437565042693,0.99358982089231,0.0129304103721635,0.998673412615403,0.0173884963997414,1.01088866717976,0.0301461967228178,0.0141175820472859,0.0146191516101524,-0.601906172870388,0.00621468597043326,1,0.0140506660743944,-0.00889928787361859,0.0230823913034292,0.703538309686873,0.0092181176898959,0.692445231561148,0.0091606675448213,0.700655464308846,0.010033440783316,0.684905028166749,0.0114566642225293,0.699215527171337,0.0130682403133308
