"beta1","beta1_sd","beta2","beta2_sd","omega_b1","omega_b1_sd","omega_b2","omega_b2_sd","omega_cov","omega_cov_sd","rho","rho_sd","conv_code","omega_cor","tau1","tau1_sd","tau2","tau2_sd","tau3","tau3_sd","tau4","tau4_sd","tau5","tau5_sd","tau6","tau6_sd"
0.809083210217877,0.157479252524546,0.595997776357108,0.100771123758494,88.3445063619894,14.0329357087869,1.36295436698023,0.927968399162052,8.08295774888705,2.18190138094169,-0.989999964607766,0.00163113610547973,2,0.736613843920151,0.0709141621607235,0.168946864928105,1.61432642326788,0.0812812578955212,1.75176539063888,0.0811014607498809,1.59909359277996,0.0816454599499358,1.28635966972853,0.0822590460564019,0.94144220186953,0.0826565616056949
