"beta1","beta1_sd","beta2","beta2_sd","omega_b1","omega_b1_sd","omega_b2","omega_b2_sd","omega_cov","omega_cov_sd","rho","rho_sd","conv_code","omega_cor","tau1","tau1_sd","tau2","tau2_sd","tau3","tau3_sd","tau4","tau4_sd","tau5","tau5_sd","tau6","tau6_sd"
1.00564333222545,0.0109076246213656,0.991657073355073,0.00996538454857316,1.00264331772924,0.016513339244917,0.249957180914796,0.0134513051435673,0.00983207855909319,0.0111040286645542,-0.595217713657317,0.00571446978281241,1,0.0196399012181136,0.00191624611522774,0.0213976336708383,0.692529876425605,0.0087966338641748,0.689408939738245,0.00872628017927418,0.688042953145427,0.00963577777630206,0.687401917874502,0.0109246776557945,0.682814397277814,0.0127889226390845
