"beta1","beta1_sd","beta2","beta2_sd","omega_b1","omega_b1_sd","omega_b2","omega_b2_sd","omega_cov","omega_cov_sd","rho","rho_sd","conv_code","omega_cor","tau1","tau1_sd","tau2","tau2_sd","tau3","tau3_sd","tau4","tau4_sd","tau5","tau5_sd","tau6","tau6_sd"
1.01166740150742,0.00896163486255589,1.0127176440502,0.0122905731444986,0.0634438569184931,0.00165299060870455,0.270483381572293,0.0156168732003632,-0.114289229356826,0.00356572699671071,-0.600517485473235,0.00794439515174398,1,-0.872449347435722,0.0248544019643162,0.0206712315476469,0.694422880412473,0.0119224200406836,0.692692769090307,0.0107276915001544,0.711125883053494,0.0114462801954118,0.700262285717303,0.0135403025223223,0.71485846671675,0.0167202179356209
