"beta1","beta1_sd","beta2","beta2_sd","omega_b1","omega_b1_sd","omega_b2","omega_b2_sd","omega_cov","omega_cov_sd","rho","rho_sd","conv_code","omega_cor","tau1","tau1_sd","tau2","tau2_sd","tau3","tau3_sd","tau4","tau4_sd","tau5","tau5_sd","tau6","tau6_sd"
0.995595218013994,0.00491348064334723,0.991558641002823,0.00694081486312132,0.0622010053519753,0.00121832002193805,0.242260168595431,0.00790945933354771,0.11194947364323,0.0023218326060242,0.290735711944326,0.0104146560397006,1,0.91197376766009,-0.0122927629221603,0.0153692448211549,0.693726212789323,0.00706634841686295,0.695436008315915,0.00604120845369166,0.692179776749909,0.00668141372679443,0.699050289623411,0.00805429686914831,0.693599596756839,0.0110455754766354
