"beta1","beta1_sd","beta2","beta2_sd","omega_b1","omega_b1_sd","omega_b2","omega_b2_sd","omega_cov","omega_cov_sd","rho","rho_sd","conv_code","omega_cor","tau1","tau1_sd","tau2","tau2_sd","tau3","tau3_sd","tau4","tau4_sd","tau5","tau5_sd","tau6","tau6_sd"
1.01142155345617,0.011570982727329,0.988506589846984,0.010796119281799,1.02637375579911,0.0209981051278646,0.580273210763501,0.0206130387144104,0.694294916390384,0.0178481816758506,0.892581873612619,0.00325822448524719,1,0.899652840433563,0.0236509733179986,0.0318002858505813,0.712093602310937,0.0100953155680873,0.68663958236987,0.00975344556784177,0.697614008818033,0.0103913632287568,0.710114391264081,0.0117664480436274,0.681284813537578,0.0140195555034003
