"beta1","beta1_sd","beta2","beta2_sd","omega_b1","omega_b1_sd","omega_b2","omega_b2_sd","omega_cov","omega_cov_sd","rho","rho_sd","conv_code","omega_cor","tau1","tau1_sd","tau2","tau2_sd","tau3","tau3_sd","tau4","tau4_sd","tau5","tau5_sd","tau6","tau6_sd"
1.00223411307682,0.0105606307263137,0.998394808444734,0.00754999105112275,0.98966209768068,0.0188462062535354,0.0634681189118648,0.00658428022963561,-0.151312669401477,0.010266531676951,0.901882570849939,0.00256395827648243,1,-0.603745644468139,0.000286002110142444,0.0299171061140914,0.684530249354317,0.00871877869934157,0.689198490927217,0.00819935517357376,0.700417966035949,0.00858904791831647,0.704151662058014,0.0096008620280849,0.689094453805582,0.011626179944946
