"beta1","beta1_sd","beta2","beta2_sd","omega_b1","omega_b1_sd","omega_b2","omega_b2_sd","omega_cov","omega_cov_sd","rho","rho_sd","conv_code","omega_cor","tau1","tau1_sd","tau2","tau2_sd","tau3","tau3_sd","tau4","tau4_sd","tau5","tau5_sd","tau6","tau6_sd"
1.00419860795752,0.00983025900303494,1.00713698973054,0.00730602967914765,1.01728141951433,0.015466079074607,0.0593340864671699,0.00642424341725616,0.0657805430309507,0.00869753379165825,0.302200913071297,0.0159497941729699,1,0.267747095376345,0.013027649610149,0.0196926984097832,0.686407118393159,0.00761870711687601,0.702460398919712,0.00755463986238179,0.685196073147531,0.00859349626074813,0.711872953489048,0.00993320162856307,0.67955675506121,0.0120164290769046
