"beta1","beta1_sd","beta2","beta2_sd","omega_b1","omega_b1_sd","omega_b2","omega_b2_sd","omega_cov","omega_cov_sd","rho","rho_sd","conv_code","omega_cor","tau1","tau1_sd","tau2","tau2_sd","tau3","tau3_sd","tau4","tau4_sd","tau5","tau5_sd","tau6","tau6_sd"
1.0007614670513,0.00671597239082697,0.99936072426058,0.00681922916208849,0.247015624728366,0.00374244279725925,0.0645072835236305,0.00605817057324847,0.00146489983874268,0.00336369840693786,0.023375645100519,0.0111612178814779,1,0.0116048983809539,0.0022116144628361,0.0169522176739474,0.701738811765618,0.00711464281766161,0.681595896319367,0.00673749782581286,0.696474184914681,0.00745954488755061,0.683378847353913,0.00896337978603689,0.700141120794517,0.0113438607155266
