"beta1","beta1_sd","beta2","beta2_sd","omega_b1","omega_b1_sd","omega_b2","omega_b2_sd","omega_cov","omega_cov_sd","rho","rho_sd","conv_code","omega_cor","tau1","tau1_sd","tau2","tau2_sd","tau3","tau3_sd","tau4","tau4_sd","tau5","tau5_sd","tau6","tau6_sd"
0.988514812838632,0.00714930782278687,0.986240403366356,0.00935685751413856,0.250522577679238,0.00393111399472922,0.541707718850719,0.0154621346455627,0.221375237871655,0.00555862466121639,-0.297739089779515,0.00889522621307223,1,0.600928903305066,-0.0249313913139828,0.0171308531315062,0.697979917117836,0.00755910126374974,0.694816104541811,0.00725099836245531,0.688429127307504,0.00811429333183315,0.692502168629933,0.00956307914365164,0.672343795669559,0.0119694237866113
