"beta1","beta1_sd","beta2","beta2_sd","omega_b1","omega_b1_sd","omega_b2","omega_b2_sd","omega_cov","omega_cov_sd","rho","rho_sd","conv_code","omega_cor","tau1","tau1_sd","tau2","tau2_sd","tau3","tau3_sd","tau4","tau4_sd","tau5","tau5_sd","tau6","tau6_sd"
1.02170199504218,0.0143849150004791,1.03948123419336,0.0170226484202247,1.03249407220287,0.0258570009276005,1.02083387607231,0.0424205075979881,0.595400022247356,0.0229227432372603,-0.033748470358011,0.0296878474559695,1,0.579945958500397,-0.0032759200672841,0.028453864271782,0.721808340614459,0.0129532258288281,0.703800753959763,0.0137803143518054,0.718694169928436,0.0149109079252649,0.705237443024302,0.0169047855319282,0.699627615011193,0.0195450345027539
