"beta1","beta1_sd","beta2","beta2_sd","omega_b1","omega_b1_sd","omega_b2","omega_b2_sd","omega_cov","omega_cov_sd","rho","rho_sd","conv_code","omega_cor","tau1","tau1_sd","tau2","tau2_sd","tau3","tau3_sd","tau4","tau4_sd","tau5","tau5_sd","tau6","tau6_sd"
1.00123201413155,0.0109049663434893,0.980318387799387,0.0111468713536376,0.971406275333158,0.0178929262726218,0.578304274799723,0.0197669524703925,0.0179464402342844,0.0136396296242274,0.596411552918781,0.018218524916523,1,0.0239441631668274,0.00326145053293893,0.0250507616471332,0.683510596435491,0.00951188861426411,0.69383621380987,0.00926793139137475,0.698280510553162,0.0104667191737431,0.702145366399019,0.0117935848867024,0.682659856066882,0.0140445456737131
