"beta1","beta1_sd","beta2","beta2_sd","omega_b1","omega_b1_sd","omega_b2","omega_b2_sd","omega_cov","omega_cov_sd","rho","rho_sd","conv_code","omega_cor","tau1","tau1_sd","tau2","tau2_sd","tau3","tau3_sd","tau4","tau4_sd","tau5","tau5_sd","tau6","tau6_sd"
1.00597872807341,0.00667585067793318,1.01604807534632,0.00640827737560581,0.253403531675261,0.00425650818331074,0.0691243237207933,0.00551997322574697,0.115183943374912,0.00377904480642608,0.595980870017529,0.00976331000665018,1,0.870302364303721,0.0182043985691902,0.0189578376935324,0.686674880527693,0.00716564941697721,0.707112916569212,0.00652944298656502,0.701732501988307,0.00727002277386223,0.700609131858156,0.00879373201918138,0.698671981059885,0.0110858247879318
