"beta1","beta1_sd","beta2","beta2_sd","omega_b1","omega_b1_sd","omega_b2","omega_b2_sd","omega_cov","omega_cov_sd","rho","rho_sd","conv_code","omega_cor","tau1","tau1_sd","tau2","tau2_sd","tau3","tau3_sd","tau4","tau4_sd","tau5","tau5_sd","tau6","tau6_sd"
1.01350041265556,0.011504674005003,1.01348518436205,0.012897207278707,1.01851303731443,0.0175333091838465,1.00976581710868,0.0305436098995699,-0.30115980785767,0.0156338974524388,-0.606364143420762,0.00601254261973343,1,-0.296963711715141,-0.00479603611380669,0.0229990179888347,0.692311250264354,0.00928486960439539,0.698255769690709,0.00914006281144877,0.726936663003119,0.00978856631819613,0.702570475906764,0.0111891809258047,0.705527877724985,0.0131075887221741
