"beta1","beta1_sd","beta2","beta2_sd","omega_b1","omega_b1_sd","omega_b2","omega_b2_sd","omega_cov","omega_cov_sd","rho","rho_sd","conv_code","omega_cor","tau1","tau1_sd","tau2","tau2_sd","tau3","tau3_sd","tau4","tau4_sd","tau5","tau5_sd","tau6","tau6_sd"
0.985835211231315,0.00891018353130648,0.97969156417217,0.0118826554679309,0.233037199533557,0.00544949882729865,0.541984660712458,0.0207968271435377,0.218379460618905,0.00709527516300175,0.342332221959925,0.0223744784963873,1,0.614477047020878,-0.00528242782386917,0.0235419389021751,0.681909986654494,0.01037582430043,0.66466073368262,0.0100909476380175,0.65798261376865,0.0114168591893449,0.686504732102967,0.0135680431535682,0.674633740526078,0.0167657324629515
