"beta1","beta1_sd","beta2","beta2_sd","omega_b1","omega_b1_sd","omega_b2","omega_b2_sd","omega_cov","omega_cov_sd","rho","rho_sd","conv_code","omega_cor","tau1","tau1_sd","tau2","tau2_sd","tau3","tau3_sd","tau4","tau4_sd","tau5","tau5_sd","tau6","tau6_sd"
1.00169523872644,0.00750949074460661,1.00056657354406,0.00856061573608352,0.251457578155629,0.00484279735911092,0.257269614181103,0.0105608022334916,-0.149998793945298,0.00526078859588826,0.591536876396251,0.0114577345754282,1,-0.58974077384349,0.00683224811924927,0.0220626857473281,0.692043724229132,0.00866333796452096,0.689052473498679,0.00770620183575085,0.70572144433403,0.00849804013146245,0.698551902341357,0.0101956694446629,0.707411412410575,0.0128311990250258
