"beta1","beta1_sd","beta2","beta2_sd","omega_b1","omega_b1_sd","omega_b2","omega_b2_sd","omega_cov","omega_cov_sd","rho","rho_sd","conv_code","omega_cor","tau1","tau1_sd","tau2","tau2_sd","tau3","tau3_sd","tau4","tau4_sd","tau5","tau5_sd","tau6","tau6_sd"
1.00954656512646,0.00881094463551349,0.982608337513424,0.00987448622720098,0.239965565396371,0.00535275547513515,0.0508245552142338,0.0092249407196785,-0.0315499081293641,0.00494103643373432,0.30362141323254,0.0212230471753499,1,-0.285684608320567,0.0173045674193664,0.0226332297069719,0.691886544758124,0.0101807117498111,0.693377849059704,0.00960034102877636,0.679308403643985,0.0111218585168,0.693905789067936,0.0132501623391805,0.668886580859076,0.0165399795457439
