"beta1","beta1_sd","beta2","beta2_sd","omega_b1","omega_b1_sd","omega_b2","omega_b2_sd","omega_cov","omega_cov_sd","rho","rho_sd","conv_code","omega_cor","tau1","tau1_sd","tau2","tau2_sd","tau3","tau3_sd","tau4","tau4_sd","tau5","tau5_sd","tau6","tau6_sd"
1.0016122647559,0.00727760731344409,0.994737158445314,0.0106242113668164,0.254155640345059,0.0041483835898083,0.968370687051127,0.0223186433119601,-0.0025337761418128,0.00574167632746701,0.0171168681383292,0.0138602004644956,1,-0.00510737267958155,-0.00218242439123545,0.0183649837968741,0.697953034931136,0.00758403613760969,0.696762514375891,0.00724996158680949,0.679348817441285,0.0080742248842538,0.69529367312574,0.00941767249487111,0.703323680184408,0.0116255315272543
