"beta1","beta1_sd","beta2","beta2_sd","omega_b1","omega_b1_sd","omega_b2","omega_b2_sd","omega_cov","omega_cov_sd","rho","rho_sd","conv_code","omega_cor","tau1","tau1_sd","tau2","tau2_sd","tau3","tau3_sd","tau4","tau4_sd","tau5","tau5_sd","tau6","tau6_sd"
0.989600181620093,0.0111068227022633,1.000969747616,0.00865490835634989,0.972101899518964,0.019715216459617,0.0686673384814708,0.00796371797323786,0.239477294683774,0.0115696891834753,0.896823538442588,0.0029192909808821,1,0.926900977549762,-0.0754259222432804,0.0311284064550647,0.680302127026712,0.00997186965986002,0.68734944542048,0.00940282253954576,0.696379149756092,0.00997860118708799,0.699888064408548,0.011246620385564,0.674674863075037,0.0135260663709926
