"beta1","beta1_sd","beta2","beta2_sd","omega_b1","omega_b1_sd","omega_b2","omega_b2_sd","omega_cov","omega_cov_sd","rho","rho_sd","conv_code","omega_cor","tau1","tau1_sd","tau2","tau2_sd","tau3","tau3_sd","tau4","tau4_sd","tau5","tau5_sd","tau6","tau6_sd"
1.00729808220967,0.015738730836339,1.01574699587136,0.0205260451160762,0.252623036928472,0.00836837518613559,0.0659533847960902,0.0300074423979328,0.000587713194976168,0.00772128541161017,-0.900981342197836,0.00296435817847512,1,0.00455313388587555,-0.00108936255019348,0.0269326099393112,0.682048612734019,0.017184484247856,0.711670506728957,0.0165781288571545,0.710752761567032,0.0173845301280955,0.716759587741373,0.0188800496829793,0.692242961688585,0.0213837094015525
