"beta1","beta1_sd","beta2","beta2_sd","omega_b1","omega_b1_sd","omega_b2","omega_b2_sd","omega_cov","omega_cov_sd","rho","rho_sd","conv_code","omega_cor","tau1","tau1_sd","tau2","tau2_sd","tau3","tau3_sd","tau4","tau4_sd","tau5","tau5_sd","tau6","tau6_sd"
1.00030264247676,0.00722650372959651,0.984576539388566,0.0112026663571973,0.0596417081735162,0.00162050117685348,0.561556144383841,0.0183013675985695,0.164877929348795,0.00405638249316376,-0.00511951046454679,0.0170953953936686,1,0.900929683574434,0.00288200936161451,0.0200668756557982,0.705652174858296,0.0101876837209135,0.677823481805348,0.00923857166179741,0.690950432177207,0.0105631981503159,0.687938533021481,0.0125098573795528,0.680795271147162,0.0164719897505568
