"beta1","beta1_sd","beta2","beta2_sd","omega_b1","omega_b1_sd","omega_b2","omega_b2_sd","omega_cov","omega_cov_sd","rho","rho_sd","conv_code","omega_cor","tau1","tau1_sd","tau2","tau2_sd","tau3","tau3_sd","tau4","tau4_sd","tau5","tau5_sd","tau6","tau6_sd"
1.00959926165329,0.0107154052863636,1.00569930509115,0.0134579727148662,0.257972867281577,0.00600949439731943,0.534678683075192,0.0228346787789813,-0.341012681010388,0.0090044206172027,-0.325826755888371,0.0148347007123943,1,-0.918199556988937,0.0120427308767352,0.0235938615618873,0.698767547724122,0.0122278119946577,0.691719352443268,0.0113273517597551,0.702304343253373,0.0123742346408461,0.71646721108104,0.0144109075262829,0.676997761038077,0.0181572472018826
