"beta1","beta1_sd","beta2","beta2_sd","omega_b1","omega_b1_sd","omega_b2","omega_b2_sd","omega_cov","omega_cov_sd","rho","rho_sd","conv_code","omega_cor","tau1","tau1_sd","tau2","tau2_sd","tau3","tau3_sd","tau4","tau4_sd","tau5","tau5_sd","tau6","tau6_sd"
0.99512829781343,0.00790869677467297,0.991610351601055,0.0128972058094668,0.0623727115942087,0.00177946009687214,1.00690846785126,0.0286441681020812,-0.148892448893831,0.00452894721824272,0.0317726091040509,0.0193437680496878,1,-0.594128470134932,-0.0350630102827474,0.0222700622987003,0.696870864722565,0.0110307093087743,0.698517802593061,0.00956413714024891,0.690003416332936,0.0105260599695354,0.686288213315807,0.0126052692128791,0.695858965774769,0.0164885110284925
