"beta1","beta1_sd","beta2","beta2_sd","omega_b1","omega_b1_sd","omega_b2","omega_b2_sd","omega_cov","omega_cov_sd","rho","rho_sd","conv_code","omega_cor","tau1","tau1_sd","tau2","tau2_sd","tau3","tau3_sd","tau4","tau4_sd","tau5","tau5_sd","tau6","tau6_sd"
0.994432083572004,0.0114609684312361,0.988253112105777,0.0132136642949194,0.563193699714386,0.0112575455667597,0.231523404011416,0.0186169358272327,0.0128548739698591,0.0105811817239589,-0.901647143791384,0.0018455417283021,1,0.0355993017445118,-0.0105044392156256,0.0259402700619994,0.693958579801538,0.0113794191560219,0.693462453092556,0.0109476267005202,0.695489179385137,0.011623477626066,0.691710669314387,0.0130056981354637,0.701360358538834,0.0151811591644116
