"beta1","beta1_sd","beta2","beta2_sd","omega_b1","omega_b1_sd","omega_b2","omega_b2_sd","omega_cov","omega_cov_sd","rho","rho_sd","conv_code","omega_cor","tau1","tau1_sd","tau2","tau2_sd","tau3","tau3_sd","tau4","tau4_sd","tau5","tau5_sd","tau6","tau6_sd"
0.997355920549347,0.010614773512022,0.994547455836148,0.0130689319090876,0.242714116741728,0.00593182295295196,0.269166875277156,0.0185714146559374,0.0753083943288829,0.0061555164630406,-0.290289151173822,0.0167496737715183,1,0.294635493505185,0.0049129714806213,0.0225826971853709,0.698591005758127,0.0116439525273011,0.687603235725222,0.011545344446369,0.680171117923529,0.0130069326435402,0.705368981335483,0.0148654772276778,0.683039833387093,0.0182695577112337
