"beta1","beta1_sd","beta2","beta2_sd","omega_b1","omega_b1_sd","omega_b2","omega_b2_sd","omega_cov","omega_cov_sd","rho","rho_sd","conv_code","omega_cor","tau1","tau1_sd","tau2","tau2_sd","tau3","tau3_sd","tau4","tau4_sd","tau5","tau5_sd","tau6","tau6_sd"
1.001075568441,0.0106457607502738,1.0071315087339,0.0104929783360146,1.00422591472873,0.016403585236327,0.553231241162607,0.0196927510743705,-0.673117568620804,0.0152359363918443,-0.592079354536657,0.00568415117915815,1,-0.903070935805602,0.0314379018509234,0.0208822904738608,0.687571453406699,0.00887547079116883,0.705113886610211,0.00847051102584139,0.674664057193781,0.00938522571351739,0.689824235375088,0.0106484658250113,0.695546744513325,0.0125567834021755
