"beta1","beta1_sd","beta2","beta2_sd","omega_b1","omega_b1_sd","omega_b2","omega_b2_sd","omega_cov","omega_cov_sd","rho","rho_sd","conv_code","omega_cor","tau1","tau1_sd","tau2","tau2_sd","tau3","tau3_sd","tau4","tau4_sd","tau5","tau5_sd","tau6","tau6_sd"
1.01261670288168,0.00704312151253087,1.00606796097138,0.0104601502854443,0.0675021629510368,0.00332694176947343,0.981438615539455,0.0215854082123747,0.00974545230226268,0.00532201063952117,0.898356514060397,0.0018080226805637,1,0.0378627003917993,0.035092498775046,0.0286145365426217,0.687631701998737,0.00854318538481086,0.694747085957614,0.00744063453791906,0.699040973284104,0.00760181310433156,0.694642495825086,0.00867806296816283,0.686807594933678,0.0109040104273745
