"beta1","beta1_sd","beta2","beta2_sd","omega_b1","omega_b1_sd","omega_b2","omega_b2_sd","omega_cov","omega_cov_sd","rho","rho_sd","conv_code","omega_cor","tau1","tau1_sd","tau2","tau2_sd","tau3","tau3_sd","tau4","tau4_sd","tau5","tau5_sd","tau6","tau6_sd"
0.985792754264092,0.0118730121991459,0.96212878259894,0.0181885965136746,0.0588512723176536,0.00199203618002073,1.05071120203401,0.0484585813721034,0.0735324946648778,0.00522290209482286,-0.898590028601348,0.00252933485543688,1,0.295705696357065,-0.042052425336497,0.0230486287924047,0.69370460479847,0.0145781858079046,0.699731704691414,0.0137946252376256,0.678380412681608,0.0146130946759075,0.67165040410628,0.0162539820624054,0.69673302399258,0.0188642051802564
