"beta1","beta1_sd","beta2","beta2_sd","omega_b1","omega_b1_sd","omega_b2","omega_b2_sd","omega_cov","omega_cov_sd","rho","rho_sd","conv_code","omega_cor","tau1","tau1_sd","tau2","tau2_sd","tau3","tau3_sd","tau4","tau4_sd","tau5","tau5_sd","tau6","tau6_sd"
1.00782053360587,0.0118874348358242,1.00202947917846,0.0136433730625192,1.00072555820937,0.0187700132478735,1.02379453287159,0.0339271844179081,-0.906621217913854,0.0213705917473275,-0.601781442510561,0.00719259421861786,1,-0.895698774260539,-0.00729875627590265,0.0240255868590454,0.697712175732791,0.0106629603442882,0.682778056491518,0.0103061869576235,0.708230204433389,0.0109873915372641,0.675792019297023,0.0128191130035549,0.698618018195889,0.0147529093504262
