"beta1","beta1_sd","beta2","beta2_sd","omega_b1","omega_b1_sd","omega_b2","omega_b2_sd","omega_cov","omega_cov_sd","rho","rho_sd","conv_code","omega_cor","tau1","tau1_sd","tau2","tau2_sd","tau3","tau3_sd","tau4","tau4_sd","tau5","tau5_sd","tau6","tau6_sd"
0.997902995327995,0.00728742752223814,0.997165803397286,0.00995408251539193,0.0612902447554296,0.00157185600795796,0.239731588828284,0.0129321358617868,-0.108675664328813,0.00309614007592633,0.00461977055743618,0.0169135850553431,1,-0.896548924713462,-0.000803177042839245,0.0212598202272954,0.693826411519013,0.0107123712758814,0.687749699990406,0.00909555688684756,0.701911399891272,0.00986097709371297,0.686304582723352,0.0119977395570394,0.685294933901249,0.0159194924977063
