"beta1","beta1_sd","beta2","beta2_sd","omega_b1","omega_b1_sd","omega_b2","omega_b2_sd","omega_cov","omega_cov_sd","rho","rho_sd","conv_code","omega_cor","tau1","tau1_sd","tau2","tau2_sd","tau3","tau3_sd","tau4","tau4_sd","tau5","tau5_sd","tau6","tau6_sd"
1.00106559628901,0.0130376905220649,0.999211359725051,0.0141834157815877,0.999647932953811,0.0228344221865847,0.590949136135856,0.0271660126058804,0.244327330260341,0.0175207020839573,0.595955202668873,0.023256347560331,1,0.317887508364384,0.0195671302066468,0.0299408397258637,0.676755710152675,0.0120269587596552,0.698913238155254,0.0123205512154839,0.695531003226285,0.0132997554527784,0.722034994288963,0.0152386893338962,0.685745708517438,0.0181992631395799
