"beta1","beta1_sd","beta2","beta2_sd","omega_b1","omega_b1_sd","omega_b2","omega_b2_sd","omega_cov","omega_cov_sd","rho","rho_sd","conv_code","omega_cor","tau1","tau1_sd","tau2","tau2_sd","tau3","tau3_sd","tau4","tau4_sd","tau5","tau5_sd","tau6","tau6_sd"
1.00783584165374,0.0123559604911364,1.00085523010237,0.0130899959507559,0.57697984268354,0.0135409575732399,0.0605215457473911,0.0145169472188554,-0.171903394095891,0.00970470668597365,-0.302870539325741,0.0168550783687253,1,-0.919918018107971,0.0165040748603199,0.0250266734123795,0.692664550339244,0.0125484712268984,0.690370077192009,0.0123522426058578,0.710154777071367,0.0135960469794195,0.694588031338237,0.0157389207361712,0.700348989845406,0.0185825369620642
