"beta1","beta1_sd","beta2","beta2_sd","omega_b1","omega_b1_sd","omega_b2","omega_b2_sd","omega_cov","omega_cov_sd","rho","rho_sd","conv_code","omega_cor","tau1","tau1_sd","tau2","tau2_sd","tau3","tau3_sd","tau4","tau4_sd","tau5","tau5_sd","tau6","tau6_sd"
1.01126660002618,0.0098611428751338,1.01848186518383,0.0113679335945055,0.254042093837901,0.00579957118039703,0.077159678404772,0.0110590487202451,0.0446855896542791,0.00533709058208856,-0.0110239392197667,0.0208061795737854,1,0.319168076922758,0.0106047973788756,0.0224134521032874,0.694395152240446,0.0109416982896311,0.703721321929659,0.0105976660496251,0.713316554810805,0.0119062441507178,0.711296120415897,0.0140007409352499,0.69330500357877,0.0170534959481493
