"beta1","beta1_sd","beta2","beta2_sd","omega_b1","omega_b1_sd","omega_b2","omega_b2_sd","omega_cov","omega_cov_sd","rho","rho_sd","conv_code","omega_cor","tau1","tau1_sd","tau2","tau2_sd","tau3","tau3_sd","tau4","tau4_sd","tau5","tau5_sd","tau6","tau6_sd"
1.00535245188284,0.0085647636997328,1.0037384772728,0.0105356497769613,0.253141548416609,0.00447796400812826,0.255464494361142,0.0144922398478736,-0.00557315739772736,0.00519542527537421,-0.603175380114568,0.00618845365038673,1,-0.0219156480970893,0.0248910273016171,0.0199542095192517,0.68499498894199,0.00951204120094369,0.708028206421072,0.00885763295739071,0.69103812307079,0.00978487130885838,0.686889038991018,0.0112976407920838,0.687339827577926,0.0138813162827897
