"beta1","beta1_sd","beta2","beta2_sd","omega_b1","omega_b1_sd","omega_b2","omega_b2_sd","omega_cov","omega_cov_sd","rho","rho_sd","conv_code","omega_cor","tau1","tau1_sd","tau2","tau2_sd","tau3","tau3_sd","tau4","tau4_sd","tau5","tau5_sd","tau6","tau6_sd"
1.01010282160573,0.00946084288676888,0.990011955337343,0.0107090286058279,0.558520879994576,0.00915310132411074,0.56164842005073,0.0193787958836347,-0.172367099930809,0.00893239894441699,-0.593295274531997,0.00571712654938003,1,-0.307753072259789,0.0295947520731251,0.020657142008781,0.68688976991399,0.00864406828893973,0.695786661522989,0.0082642642752818,0.690179692599857,0.00908811430964482,0.682143453702972,0.0104748424359176,0.681850178801098,0.0124900886961675
