"beta1","beta1_sd","beta2","beta2_sd","omega_b1","omega_b1_sd","omega_b2","omega_b2_sd","omega_cov","omega_cov_sd","rho","rho_sd","conv_code","omega_cor","tau1","tau1_sd","tau2","tau2_sd","tau3","tau3_sd","tau4","tau4_sd","tau5","tau5_sd","tau6","tau6_sd"
0.997748548958323,0.00549183369202228,0.987459693328089,0.00896060443287402,0.0610495028520229,0.00106670275913755,0.552093367336263,0.0140535990503404,-0.16519575786818,0.00315086381274074,-0.595113854578271,0.00466591703014947,1,-0.899811542801032,0.0185384906953225,0.0151936358637543,0.679721023574526,0.00808049303082499,0.687440695018575,0.00689854397513265,0.687566544443205,0.00717271440626554,0.697598575258289,0.00836079020243905,0.676963446085033,0.0108197538064447
