"beta1","beta1_sd","beta2","beta2_sd","omega_b1","omega_b1_sd","omega_b2","omega_b2_sd","omega_cov","omega_cov_sd","rho","rho_sd","conv_code","omega_cor","tau1","tau1_sd","tau2","tau2_sd","tau3","tau3_sd","tau4","tau4_sd","tau5","tau5_sd","tau6","tau6_sd"
1.00725369304236,0.00804749507213933,1.00700323357243,0.0117449391008803,0.260595084697023,0.00436988661491768,1.040268741519,0.0265281853568413,-0.170751781011162,0.00671247188748698,-0.603309979456931,0.0055255406602972,1,-0.327951300853497,0.00907329714493709,0.0191450501985139,0.697811534604604,0.00847303758239399,0.709050005513003,0.00786006351611528,0.702279400066939,0.0085944951457909,0.689403830162925,0.0100776653770447,0.680291230312845,0.0122711168485503
