"beta1","beta1_sd","beta2","beta2_sd","omega_b1","omega_b1_sd","omega_b2","omega_b2_sd","omega_cov","omega_cov_sd","rho","rho_sd","conv_code","omega_cor","tau1","tau1_sd","tau2","tau2_sd","tau3","tau3_sd","tau4","tau4_sd","tau5","tau5_sd","tau6","tau6_sd"
1.00955916050539,0.0110098298421427,1.00656426039252,0.0137278632414106,0.568650245319502,0.0122565772311717,0.990761831219135,0.0322341494621646,-0.667514535347409,0.0157890820286625,0.282561387582978,0.0255790319870815,1,-0.88931061880088,-0.0158931636394071,0.0263132302732081,0.726578792668764,0.0113957152758394,0.679261182666219,0.0108142903571658,0.707743541322909,0.0121635874282309,0.715451415135704,0.0140707398323068,0.704245398285531,0.0175937712641612
