"beta1","beta1_sd","beta2","beta2_sd","omega_b1","omega_b1_sd","omega_b2","omega_b2_sd","omega_cov","omega_cov_sd","rho","rho_sd","conv_code","omega_cor","tau1","tau1_sd","tau2","tau2_sd","tau3","tau3_sd","tau4","tau4_sd","tau5","tau5_sd","tau6","tau6_sd"
0.993815043606495,0.0104316225838192,0.986767154519313,0.0134883645321766,0.561860214589062,0.0105205504957461,0.987889181319412,0.0319822582689201,-0.448339781002532,0.0132565350776597,-0.597561884834779,0.00715162278587138,1,-0.601781760221191,-0.00420537912276184,0.0229458548202033,0.674777419472388,0.010256678205689,0.693214304582698,0.00988096901890101,0.679532437678271,0.0108023826953665,0.707725838879983,0.0122669040664935,0.67749472674316,0.0146089072440657
