"beta1","beta1_sd","beta2","beta2_sd","omega_b1","omega_b1_sd","omega_b2","omega_b2_sd","omega_cov","omega_cov_sd","rho","rho_sd","conv_code","omega_cor","tau1","tau1_sd","tau2","tau2_sd","tau3","tau3_sd","tau4","tau4_sd","tau5","tau5_sd","tau6","tau6_sd"
0.999427332362991,0.00611775600585596,0.996125303898724,0.00928803687383464,0.0594132682082487,0.00172699937596553,0.544153078512607,0.0150214879641003,0.10982837667495,0.00340772643041296,0.613782989249539,0.00825049110771619,1,0.610818662802923,0.0336387015795618,0.0205744348382949,0.685537450130235,0.00884191294992323,0.694077793783223,0.00744885985102738,0.678022313413826,0.00809007945584454,0.680478943544706,0.0094105638019056,0.689093438532417,0.0126490428318332
