"beta1","beta1_sd","beta2","beta2_sd","omega_b1","omega_b1_sd","omega_b2","omega_b2_sd","omega_cov","omega_cov_sd","rho","rho_sd","conv_code","omega_cor","tau1","tau1_sd","tau2","tau2_sd","tau3","tau3_sd","tau4","tau4_sd","tau5","tau5_sd","tau6","tau6_sd"
0.989199513787851,0.00639490472696871,1.00548165207631,0.0100652794326853,0.0604408126205838,0.00126385356098592,0.550400140449296,0.0165958808402407,0.00163701186350419,0.00277260352385533,-0.295825466569329,0.0101114579036494,1,0.00897526771008484,0.00175761427800921,0.0176233330448179,0.674723339250273,0.00909054516767364,0.696036164713792,0.00779450390285861,0.687283575592471,0.00854538682103878,0.682269606667538,0.0101084389417527,0.686549770356677,0.0131383497774034
