"beta1","beta1_sd","beta2","beta2_sd","omega_b1","omega_b1_sd","omega_b2","omega_b2_sd","omega_cov","omega_cov_sd","rho","rho_sd","conv_code","omega_cor","tau1","tau1_sd","tau2","tau2_sd","tau3","tau3_sd","tau4","tau4_sd","tau5","tau5_sd","tau6","tau6_sd"
1.02545043564726,0.0104926072145183,1.0046428371549,0.00822475704545941,1.01692543169335,0.0174209292136536,0.0581147315717138,0.00763005162406473,-0.21494600218971,0.010648003835659,0.582624425179383,0.0162096795558946,1,-0.884182061727279,0.0185607554785632,0.02340993755917,0.703610716338112,0.00901880796882732,0.696079479642338,0.00874508005208383,0.685090890434895,0.00985659950070839,0.715865958186689,0.0111269297348798,0.684005699789968,0.013372219036361
