"beta1","beta1_sd","beta2","beta2_sd","omega_b1","omega_b1_sd","omega_b2","omega_b2_sd","omega_cov","omega_cov_sd","rho","rho_sd","conv_code","omega_cor","tau1","tau1_sd","tau2","tau2_sd","tau3","tau3_sd","tau4","tau4_sd","tau5","tau5_sd","tau6","tau6_sd"
1.0000375776022,0.00863486911016109,0.984351802722158,0.00976551411204509,0.0605078548398488,0.00357398500749579,0.059171215389623,0.00850219021811196,-0.0212707844006872,0.00412157296678009,0.899746135998826,0.00206152455361892,1,-0.35548590244378,0.00825319481702062,0.0318965384915575,0.68557654153519,0.0116387759936742,0.696068262913743,0.0103735845091492,0.683163206662844,0.0103835753078653,0.685487109081095,0.0116325919042841,0.708978861148112,0.0148132906208281
