"beta1","beta1_sd","beta2","beta2_sd","omega_b1","omega_b1_sd","omega_b2","omega_b2_sd","omega_cov","omega_cov_sd","rho","rho_sd","conv_code","omega_cor","tau1","tau1_sd","tau2","tau2_sd","tau3","tau3_sd","tau4","tau4_sd","tau5","tau5_sd","tau6","tau6_sd"
1.01643586253428,0.013341959813144,1.01113634358665,0.0132650951046112,1.03070145350699,0.0208725270952065,0.0686347698643584,0.0150322851505708,-0.0109519351786069,0.0151194537076904,-0.901958288558174,0.00191058681227421,1,-0.0411767750203577,0.0524770777235922,0.0290407870563208,0.708275017341947,0.0118730129649465,0.690501876012742,0.0115447601787304,0.707711408387282,0.0121103423666169,0.68821470548399,0.0135473719703439,0.703020733915985,0.0153798168591989
