"beta1","beta1_sd","beta2","beta2_sd","omega_b1","omega_b1_sd","omega_b2","omega_b2_sd","omega_cov","omega_cov_sd","rho","rho_sd","conv_code","omega_cor","tau1","tau1_sd","tau2","tau2_sd","tau3","tau3_sd","tau4","tau4_sd","tau5","tau5_sd","tau6","tau6_sd"
1.00985443042098,0.0117960282661893,1.02497267328339,0.0124384838504776,0.988368927130821,0.0179674650326729,0.567233521225568,0.0236356001037969,0.665228282710854,0.0171958830584473,-0.595627887545322,0.00696957722692536,1,0.888444329127875,-0.0234892652384551,0.023096828382119,0.707666824245454,0.0100339749611307,0.680456120855269,0.0103242160410926,0.701727706230918,0.0113162520593884,0.688309807018472,0.0128617154499028,0.706292835586734,0.0148282833191226
