"beta1","beta1_sd","beta2","beta2_sd","omega_b1","omega_b1_sd","omega_b2","omega_b2_sd","omega_cov","omega_cov_sd","rho","rho_sd","conv_code","omega_cor","tau1","tau1_sd","tau2","tau2_sd","tau3","tau3_sd","tau4","tau4_sd","tau5","tau5_sd","tau6","tau6_sd"
1.00160904530191,0.0117363794594215,0.994479010492815,0.0134487839031852,1.00544186247699,0.0184966504941517,0.992481785635332,0.0319963581066822,-0.594929290823757,0.0177921003320774,-0.319485337128169,0.0130867538655908,1,-0.59556010417537,-0.0181371275198342,0.0239824098680381,0.690518961638704,0.0102179269646849,0.704170612187344,0.0100124133339217,0.697717818300315,0.0111021918925706,0.706708040818863,0.0127818360729417,0.703553184537253,0.0147093967362128
