"beta1","beta1_sd","beta2","beta2_sd","omega_b1","omega_b1_sd","omega_b2","omega_b2_sd","omega_cov","omega_cov_sd","rho","rho_sd","conv_code","omega_cor","tau1","tau1_sd","tau2","tau2_sd","tau3","tau3_sd","tau4","tau4_sd","tau5","tau5_sd","tau6","tau6_sd"
0.993023650091558,0.00642642286132803,0.999446553510721,0.0103896450766651,0.061354058807062,0.00117478214634544,0.56385120458114,0.0180220823483802,-0.0530823194748455,0.00304542999945305,-0.89917188015114,0.00139213780869903,1,-0.285394754126961,-0.011169102832518,0.016638248659158,0.692735216894599,0.00882474452508207,0.689726073597555,0.00796424617331893,0.688670372586362,0.0081498307002994,0.694704208903611,0.00919633912322122,0.695282668949403,0.011393844815502
