"beta1","beta1_sd","beta2","beta2_sd","omega_b1","omega_b1_sd","omega_b2","omega_b2_sd","omega_cov","omega_cov_sd","rho","rho_sd","conv_code","omega_cor","tau1","tau1_sd","tau2","tau2_sd","tau3","tau3_sd","tau4","tau4_sd","tau5","tau5_sd","tau6","tau6_sd"
1.00714199291752,0.0065060632653352,0.99583454466369,0.0109011499971863,0.0628684530646096,0.00187636858999811,0.994210731115892,0.0230115778098069,-0.0677350409662908,0.0038871674240985,0.595870224903606,0.00912919466100688,1,-0.27093043073316,0.0142878287399911,0.02154660249957,0.682205746931876,0.00916679060990452,0.703775248762987,0.00767927853819417,0.688334119895183,0.00825067864811873,0.693418508715017,0.00964094050862544,0.680727386975678,0.012565822655971
