"beta1","beta1_sd","beta2","beta2_sd","omega_b1","omega_b1_sd","omega_b2","omega_b2_sd","omega_cov","omega_cov_sd","rho","rho_sd","conv_code","omega_cor","tau1","tau1_sd","tau2","tau2_sd","tau3","tau3_sd","tau4","tau4_sd","tau5","tau5_sd","tau6","tau6_sd"
1.02984718924372,0.0124210862332369,0.999921396029867,0.015998289626351,0.571575442116193,0.0120904444152253,0.992642626342265,0.0403979404208639,-0.213407092431079,0.0141289021002265,-0.899744037632284,0.00200488524606337,1,-0.283318939748877,0.0384254097074992,0.0279755225443357,0.703264430368936,0.0120065396964386,0.695222491707544,0.0115466247793265,0.70232027651496,0.0119847919154459,0.694748165042542,0.0133105501439126,0.707081329473094,0.0152709739322273
