"beta1","beta1_sd","beta2","beta2_sd","omega_b1","omega_b1_sd","omega_b2","omega_b2_sd","omega_cov","omega_cov_sd","rho","rho_sd","conv_code","omega_cor","tau1","tau1_sd","tau2","tau2_sd","tau3","tau3_sd","tau4","tau4_sd","tau5","tau5_sd","tau6","tau6_sd"
1.01492212801871,0.0101313472706268,0.993168162274274,0.00829964027088191,1.00286487380601,0.0160506583136007,0.241092755328048,0.010085017035343,0.144969667817639,0.0104580596805768,0.601121482193818,0.0146555430753316,1,0.294824692051927,0.0306711059450777,0.0219474070108439,0.67966372194233,0.00808727602414134,0.699432922988997,0.00782196974016754,0.695308004626659,0.0087130814047839,0.675113651129909,0.0100012666425129,0.705851952983604,0.0115702592158338
