"beta1","beta1_sd","beta2","beta2_sd","omega_b1","omega_b1_sd","omega_b2","omega_b2_sd","omega_cov","omega_cov_sd","rho","rho_sd","conv_code","omega_cor","tau1","tau1_sd","tau2","tau2_sd","tau3","tau3_sd","tau4","tau4_sd","tau5","tau5_sd","tau6","tau6_sd"
1.00439829369888,0.00873895266972725,1.00420177404405,0.00993522418689204,0.243360525728819,0.00539139080683346,0.0570667927659771,0.00954341956361565,0.0649855428009721,0.00496029295449676,0.320564482592036,0.020993980540378,1,0.551442139786484,0.0130654391938352,0.0229686884696191,0.679503067824305,0.0103086679304174,0.699107100169306,0.00966932122033295,0.678211492009392,0.0110166087620622,0.708064173317645,0.0130964984694525,0.681085649033989,0.0162434901494357
