"beta1","beta1_sd","beta2","beta2_sd","omega_b1","omega_b1_sd","omega_b2","omega_b2_sd","omega_cov","omega_cov_sd","rho","rho_sd","conv_code","omega_cor","tau1","tau1_sd","tau2","tau2_sd","tau3","tau3_sd","tau4","tau4_sd","tau5","tau5_sd","tau6","tau6_sd"
1.0032688874761,0.00816243182791425,1.00655628978778,0.00998388395600027,0.245917776757803,0.00424422969345448,0.250071917186436,0.0132025147017735,-0.228167056016809,0.00580616412798968,-0.600521596322597,0.00588913323012234,1,-0.92007984031648,0.0130830520852368,0.0192451801460381,0.683521026519777,0.00946837880293969,0.698377566825691,0.00858700186409832,0.699983028366543,0.0093840596746445,0.685462584690475,0.010922622593013,0.696146843102852,0.0135338081135639
