"beta1","beta1_sd","beta2","beta2_sd","omega_b1","omega_b1_sd","omega_b2","omega_b2_sd","omega_cov","omega_cov_sd","rho","rho_sd","conv_code","omega_cor","tau1","tau1_sd","tau2","tau2_sd","tau3","tau3_sd","tau4","tau4_sd","tau5","tau5_sd","tau6","tau6_sd"
1.01064632940882,0.0130435835159726,1.01146531725437,0.0131864922113282,1.00993133611515,0.0234418560372021,0.26667411034723,0.0186622147937874,0.0144586197347515,0.0148697201867905,0.28326359672276,0.0328494029691355,1,0.0278606012484312,0.0296894765664234,0.0272013070810001,0.681297391864966,0.011924427729181,0.714644974836707,0.0122474807957785,0.697988298629695,0.0138266194651782,0.691295003090977,0.0161115283241512,0.692576679517395,0.0182117816928546
