"beta1","beta1_sd","beta2","beta2_sd","omega_b1","omega_b1_sd","omega_b2","omega_b2_sd","omega_cov","omega_cov_sd","rho","rho_sd","conv_code","omega_cor","tau1","tau1_sd","tau2","tau2_sd","tau3","tau3_sd","tau4","tau4_sd","tau5","tau5_sd","tau6","tau6_sd"
1.00126258855262,0.00778329315376829,0.992074124135314,0.0102407411259988,0.254122173509925,0.0041806090040358,0.568039145137512,0.0177415553713946,0.101797188553081,0.00546639470611207,-0.607266379351737,0.00515466622158036,1,0.267932484084903,0.00174985178347981,0.0186570018341054,0.695506881853918,0.00818850530964269,0.706796874859982,0.00769852152567733,0.692698385787955,0.0084567390183186,0.688412238595519,0.00988443350956715,0.701478336063468,0.0122623620082889
