"beta1","beta1_sd","beta2","beta2_sd","omega_b1","omega_b1_sd","omega_b2","omega_b2_sd","omega_cov","omega_cov_sd","rho","rho_sd","conv_code","omega_cor","tau1","tau1_sd","tau2","tau2_sd","tau3","tau3_sd","tau4","tau4_sd","tau5","tau5_sd","tau6","tau6_sd"
1.00548077425757,0.00972427580548884,1.00182968687302,0.0102905684884662,0.558814975061271,0.00969006448954762,0.2402317999485,0.0133440903582584,0.0154966440403589,0.00802595911306166,-0.299968318951035,0.0112641120435275,1,0.0422949379193004,-0.0076183010599012,0.0212643208419557,0.690548883303372,0.0092894447829913,0.701193036348857,0.00908144198223895,0.691432528307988,0.0101269812798115,0.694910257136805,0.0116825142652109,0.708523024674465,0.0140262639197918
