"beta1","beta1_sd","beta2","beta2_sd","omega_b1","omega_b1_sd","omega_b2","omega_b2_sd","omega_cov","omega_cov_sd","rho","rho_sd","conv_code","omega_cor","tau1","tau1_sd","tau2","tau2_sd","tau3","tau3_sd","tau4","tau4_sd","tau5","tau5_sd","tau6","tau6_sd"
0.992700505223178,0.00697078376704309,0.98712616602833,0.00930453779639085,0.0589173823043993,0.00160114199151204,0.0819737980339572,0.00944517009933643,0.0568122481396541,0.00259856826805429,0.0285627421674026,0.016109338367294,1,0.817490520010974,0.0105922357835442,0.019881496171288,0.681758677732563,0.0102350206006897,0.69434553886247,0.00888882547732595,0.689674550618381,0.0101226381739879,0.666976882801361,0.0123564767288317,0.677973640287874,0.0163770217386196
