"beta1","beta1_sd","beta2","beta2_sd","omega_b1","omega_b1_sd","omega_b2","omega_b2_sd","omega_cov","omega_cov_sd","rho","rho_sd","conv_code","omega_cor","tau1","tau1_sd","tau2","tau2_sd","tau3","tau3_sd","tau4","tau4_sd","tau5","tau5_sd","tau6","tau6_sd"
0.999552885481625,0.005227768611649,1.00385894512043,0.00737109940675059,0.0619116358186084,0.00106296235187685,0.236197515064307,0.00825228846606964,-0.107525437208352,0.00229197344036706,-0.301252860992148,0.00735373232505814,1,-0.889175351887196,0.0129442653549217,0.0149672687218133,0.684523930345749,0.00763141438728387,0.697104914056763,0.00640926386377245,0.684487117773013,0.00688171632015977,0.701894778764389,0.00811894212810314,0.691752665982601,0.010703334034592
