"beta1","beta1_sd","beta2","beta2_sd","omega_b1","omega_b1_sd","omega_b2","omega_b2_sd","omega_cov","omega_cov_sd","rho","rho_sd","conv_code","omega_cor","tau1","tau1_sd","tau2","tau2_sd","tau3","tau3_sd","tau4","tau4_sd","tau5","tau5_sd","tau6","tau6_sd"
1.00260445534774,0.0107017259074365,0.999523655063634,0.00762137311623897,1.00628671336622,0.0191720241443764,0.065566936274748,0.0066443397380957,0.0767299579372392,0.0103416640955106,0.897842791183601,0.00281629323076202,1,0.298718173674123,0.00942118380406179,0.0299898522406016,0.677063386435278,0.00880922929835176,0.674820366357542,0.0083820747613836,0.685505244264396,0.00866479476148628,0.689361932595206,0.00970030492481018,0.687703599507041,0.0114802279415743
