"beta1","beta1_sd","beta2","beta2_sd","omega_b1","omega_b1_sd","omega_b2","omega_b2_sd","omega_cov","omega_cov_sd","rho","rho_sd","conv_code","omega_cor","tau1","tau1_sd","tau2","tau2_sd","tau3","tau3_sd","tau4","tau4_sd","tau5","tau5_sd","tau6","tau6_sd"
1.00949931867078,0.00589551998298395,1.00045697932068,0.00708436490048511,0.062505698113733,0.00169549923724219,0.0707129356271069,0.00599365238507289,-0.0172384795775841,0.00221886779697381,0.5899938724987,0.00824667830281246,1,-0.259292359690452,0.0235532656163268,0.019916009577836,0.695861360596818,0.0084636016690864,0.684189901269939,0.00717620674491713,0.700217779157262,0.00759320623752852,0.69109485034749,0.00914810478016919,0.726855128792428,0.0118078323829877
