"beta1","beta1_sd","beta2","beta2_sd","omega_b1","omega_b1_sd","omega_b2","omega_b2_sd","omega_cov","omega_cov_sd","rho","rho_sd","conv_code","omega_cor","tau1","tau1_sd","tau2","tau2_sd","tau3","tau3_sd","tau4","tau4_sd","tau5","tau5_sd","tau6","tau6_sd"
0.99808051191178,0.00763993423742083,0.993204235470887,0.00985311397763951,0.251262270019481,0.00494703873270966,0.559311012593232,0.0164278277808163,0.217936407932048,0.00631518048132461,0.579150401914633,0.0124616231960799,1,0.581352391988655,0.0140648410736854,0.0216621533265878,0.683041668999807,0.00853256017591931,0.689622931405427,0.00790388354853023,0.70306507041664,0.00887505665498728,0.687255843069868,0.0105628408299168,0.665254128978199,0.0133269028613653
