"beta1","beta1_sd","beta2","beta2_sd","omega_b1","omega_b1_sd","omega_b2","omega_b2_sd","omega_cov","omega_cov_sd","rho","rho_sd","conv_code","omega_cor","tau1","tau1_sd","tau2","tau2_sd","tau3","tau3_sd","tau4","tau4_sd","tau5","tau5_sd","tau6","tau6_sd"
1.00146911902252,0.00818272492976221,1.00611564769314,0.00692198278608817,0.568811369032952,0.00857755337778676,0.0582147350258033,0.00603475254189221,0.0983848380340645,0.00588190931716445,0.305898937725593,0.0148154929646591,1,0.540664155927642,-0.020839506881648,0.0184113071078198,0.701961873124077,0.00715488337588947,0.684131254805828,0.00710850563695863,0.693660058329649,0.00811589689198277,0.69869433709542,0.00950765419816585,0.696160595702687,0.0114798511714942
