"beta1","beta1_sd","beta2","beta2_sd","omega_b1","omega_b1_sd","omega_b2","omega_b2_sd","omega_cov","omega_cov_sd","rho","rho_sd","conv_code","omega_cor","tau1","tau1_sd","tau2","tau2_sd","tau3","tau3_sd","tau4","tau4_sd","tau5","tau5_sd","tau6","tau6_sd"
0.996055154708712,0.00525014888102723,0.993089048288942,0.00662204025713577,0.0629918454955255,0.0010825612529961,0.0520334522984553,0.00565753717954918,-0.0366051412277213,0.00173577644541325,-0.303485312287308,0.00729464078011481,1,-0.639379341508995,0.000493767038340933,0.0146142720989578,0.685457989691754,0.00743366358562295,0.693809853408901,0.00638898219883156,0.680718839452435,0.00698721651333647,0.69932471230535,0.0081858496009153,0.690756505426131,0.0108617047388074
