"beta1","beta1_sd","beta2","beta2_sd","omega_b1","omega_b1_sd","omega_b2","omega_b2_sd","omega_cov","omega_cov_sd","rho","rho_sd","conv_code","omega_cor","tau1","tau1_sd","tau2","tau2_sd","tau3","tau3_sd","tau4","tau4_sd","tau5","tau5_sd","tau6","tau6_sd"
1.01007791406783,0.00821210860662387,1.00782103331132,0.0107705273184431,0.253282966903811,0.00449167024410593,0.554925952651066,0.018734959129736,-0.22172634888749,0.00639714034932624,-0.307959724890273,0.0108223088097227,1,-0.591421073328262,0.0112970367368909,0.0198652121223948,0.688973748268746,0.00928350603097284,0.708928071267014,0.00845601065238716,0.681185116570974,0.00950445737109566,0.708441509395207,0.0110119957738927,0.681026094987797,0.0136361611539587
