"beta1","beta1_sd","beta2","beta2_sd","omega_b1","omega_b1_sd","omega_b2","omega_b2_sd","omega_cov","omega_cov_sd","rho","rho_sd","conv_code","omega_cor","tau1","tau1_sd","tau2","tau2_sd","tau3","tau3_sd","tau4","tau4_sd","tau5","tau5_sd","tau6","tau6_sd"
1.00125262538708,0.00744241442692034,0.995406408013295,0.00680790347731704,0.256511600489975,0.00618896685102612,0.0568569785257565,0.00548197517782748,-0.00353264209415533,0.00465744282962533,0.900593422954485,0.00196425468524379,1,-0.0292519111715449,0.000111994224755714,0.0276978520054726,0.690988758143493,0.00793850019768686,0.690359129835195,0.00726479450464035,0.705336850946073,0.00751425031267577,0.684182298264625,0.00870919661276568,0.70317463860212,0.0108264129791563
