"beta1","beta1_sd","beta2","beta2_sd","omega_b1","omega_b1_sd","omega_b2","omega_b2_sd","omega_cov","omega_cov_sd","rho","rho_sd","conv_code","omega_cor","tau1","tau1_sd","tau2","tau2_sd","tau3","tau3_sd","tau4","tau4_sd","tau5","tau5_sd","tau6","tau6_sd"
1.00295412424054,0.0106618713704876,1.0061345591134,0.00881760190977313,1.03973449574657,0.0178614029997145,0.058567462438008,0.00830839489953768,0.0184972673302636,0.0102462030106709,0.268698595908224,0.0213075511663364,1,0.0749580263227234,0.00199114437387264,0.0218346332377734,0.701093347368417,0.00890703703433385,0.691520340804031,0.00903437006359561,0.705886056057952,0.0100986473647754,0.692671964366507,0.0118262422732516,0.682621860664753,0.0142657536097328
