"beta1","beta1_sd","beta2","beta2_sd","omega_b1","omega_b1_sd","omega_b2","omega_b2_sd","omega_cov","omega_cov_sd","rho","rho_sd","conv_code","omega_cor","tau1","tau1_sd","tau2","tau2_sd","tau3","tau3_sd","tau4","tau4_sd","tau5","tau5_sd","tau6","tau6_sd"
1.00424317927763,0.00814814699533399,0.997891148272906,0.00931683269003153,0.251334700148552,0.00425802234377978,0.0439623274234928,0.00875260343992335,0.10318095544657,0.00456247908258485,-0.602092649089345,0.00574092089015973,1,0.981596452935107,-0.0154816681084306,0.019226079264047,0.696485263813781,0.00905483370909021,0.689572516161912,0.00858117728379133,0.701866210967689,0.0095170618225939,0.689061857477102,0.0110946051342855,0.687987162639512,0.0136855230621597
