"beta1","beta1_sd","beta2","beta2_sd","omega_b1","omega_b1_sd","omega_b2","omega_b2_sd","omega_cov","omega_cov_sd","rho","rho_sd","conv_code","omega_cor","tau1","tau1_sd","tau2","tau2_sd","tau3","tau3_sd","tau4","tau4_sd","tau5","tau5_sd","tau6","tau6_sd"
1.00139235767281,0.00641860718431035,1.01240063866125,0.0102674855042293,0.0646991990642465,0.00123629349260858,0.579779092921835,0.0168816963549071,-0.171670010900739,0.00365632436263897,-0.607526568437272,0.00556536714409773,1,-0.886367262580313,-0.00397026668408628,0.0174089527434513,0.690518528659531,0.00941521648015521,0.703487731430336,0.00804021641126028,0.708475887791278,0.00848700456953877,0.691885444515825,0.0099236425281814,0.679516121385063,0.0128634430914614
