"beta1","beta1_sd","beta2","beta2_sd","omega_b1","omega_b1_sd","omega_b2","omega_b2_sd","omega_cov","omega_cov_sd","rho","rho_sd","conv_code","omega_cor","tau1","tau1_sd","tau2","tau2_sd","tau3","tau3_sd","tau4","tau4_sd","tau5","tau5_sd","tau6","tau6_sd"
0.994155890830415,0.00526646413080203,0.990647659275656,0.00763724018431821,0.0607634548029833,0.00108187337119778,0.267168258853992,0.0092730544512602,0.075141272775138,0.00220704581293481,-0.289837985769966,0.0077247753877554,1,0.589745842276398,0.00794865113807262,0.0142981807920375,0.681797846866699,0.00742983973311992,0.691059941081167,0.00648005857914902,0.682761183368637,0.00711600179640101,0.674894224129177,0.00845246220286982,0.686303810056045,0.0111311591696742
