"beta1","beta1_sd","beta2","beta2_sd","omega_b1","omega_b1_sd","omega_b2","omega_b2_sd","omega_cov","omega_cov_sd","rho","rho_sd","conv_code","omega_cor","tau1","tau1_sd","tau2","tau2_sd","tau3","tau3_sd","tau4","tau4_sd","tau5","tau5_sd","tau6","tau6_sd"
1.00482554225978,0.0201202237284017,0.998804745248017,0.0257416652646246,0.56250313610074,0.0219295279566003,0.509924790490727,0.0612582130799385,-0.00133681990042481,0.0160970233724812,-0.89851714051091,0.00378282392381804,1,-0.00249607347331534,0.0261787137356146,0.0327717783804367,0.685904315220519,0.0201968332561127,0.692888134051742,0.020222528136141,0.678408697165972,0.0208651325761901,0.674224588529106,0.0223229473601901,0.702861568379525,0.0240936619024418
