"beta1","beta1_sd","beta2","beta2_sd","omega_b1","omega_b1_sd","omega_b2","omega_b2_sd","omega_cov","omega_cov_sd","rho","rho_sd","conv_code","omega_cor","tau1","tau1_sd","tau2","tau2_sd","tau3","tau3_sd","tau4","tau4_sd","tau5","tau5_sd","tau6","tau6_sd"
0.994578286393247,0.00582032949707007,0.98774133908201,0.00800945282318904,0.0634497594150468,0.00148204096897815,0.229898778293744,0.00937379859880251,-0.0381337079590187,0.00240338195991986,0.278205709741627,0.0129518446787336,1,-0.315737171978372,0.00720181588101171,0.0181277474013275,0.689282768077598,0.00834930255063699,0.67999332032973,0.00715920033733728,0.692556226266217,0.00789398228999602,0.680785773736458,0.00942277807757546,0.706724588637789,0.0124698725252263
