"beta1","beta1_sd","beta2","beta2_sd","omega_b1","omega_b1_sd","omega_b2","omega_b2_sd","omega_cov","omega_cov_sd","rho","rho_sd","conv_code","omega_cor","tau1","tau1_sd","tau2","tau2_sd","tau3","tau3_sd","tau4","tau4_sd","tau5","tau5_sd","tau6","tau6_sd"
0.998312412201877,0.00755934359137104,0.994066423778261,0.0125603359055473,0.0652927653842434,0.00206278387066289,1.03176644969065,0.0282113072541676,0.228667760437387,0.00556000730215903,0.587484681110983,0.0107667700137811,1,0.881011760986882,-0.00648539216230758,0.0239279072415931,0.683831342381869,0.0111255839137124,0.695601021142783,0.00944589193667114,0.710996178265197,0.0101369405866919,0.710824148176699,0.0123299696684617,0.681799368628065,0.0167231363964855
