"beta1","beta1_sd","beta2","beta2_sd","omega_b1","omega_b1_sd","omega_b2","omega_b2_sd","omega_cov","omega_cov_sd","rho","rho_sd","conv_code","omega_cor","tau1","tau1_sd","tau2","tau2_sd","tau3","tau3_sd","tau4","tau4_sd","tau5","tau5_sd","tau6","tau6_sd"
0.998550460585682,0.00942971548225023,0.983045586481044,0.0119875247870712,0.559228728201939,0.0096521930516988,0.987201623968366,0.0274053248048539,-0.665937701506253,0.0136986322402998,-0.29863593575123,0.011313990029457,1,-0.896263964748952,0.00389124050179676,0.020828942422791,0.688955292729438,0.00954073001058219,0.682150441095308,0.00895596914093429,0.703724336877306,0.00985619304934452,0.701379116437848,0.0115028163382367,0.697360539033185,0.013819444415863
