"beta1","beta1_sd","beta2","beta2_sd","omega_b1","omega_b1_sd","omega_b2","omega_b2_sd","omega_cov","omega_cov_sd","rho","rho_sd","conv_code","omega_cor","tau1","tau1_sd","tau2","tau2_sd","tau3","tau3_sd","tau4","tau4_sd","tau5","tau5_sd","tau6","tau6_sd"
0.985043335213142,0.0113367634290847,0.980820814992727,0.0119432299446102,0.986264360200901,0.0200428754406712,1.00551157548293,0.0260381221061113,0.011104690884081,0.0165654329283909,0.897331053041157,0.00300713397572099,1,0.0111510629289392,-0.0123575123963582,0.0320129156919058,0.685729858690605,0.00927646313951249,0.69885419176675,0.0088516759550977,0.678610666326534,0.00948959799820475,0.693946736761224,0.0105500812918146,0.684768619221836,0.0123889162245429
