"beta1","beta1_sd","beta2","beta2_sd","omega_b1","omega_b1_sd","omega_b2","omega_b2_sd","omega_cov","omega_cov_sd","rho","rho_sd","conv_code","omega_cor","tau1","tau1_sd","tau2","tau2_sd","tau3","tau3_sd","tau4","tau4_sd","tau5","tau5_sd","tau6","tau6_sd"
1.0169538294485,0.0111293177526394,0.99084381318872,0.0104024721610146,1.02230528335973,0.0202742326263376,0.58653816275331,0.0176889329428968,-0.239686371219808,0.0149736784331579,0.901650820642711,0.00273207306520661,1,-0.309531534329897,-0.000185695078857572,0.0314174376558812,0.69685459996578,0.00902176991406215,0.701615162061084,0.00861980778390296,0.692139769199201,0.00913011946719962,0.690459826525094,0.0102535112193338,0.696078970846464,0.012169086061125
