"beta1","beta1_sd","beta2","beta2_sd","omega_b1","omega_b1_sd","omega_b2","omega_b2_sd","omega_cov","omega_cov_sd","rho","rho_sd","conv_code","omega_cor","tau1","tau1_sd","tau2","tau2_sd","tau3","tau3_sd","tau4","tau4_sd","tau5","tau5_sd","tau6","tau6_sd"
0.991860284926248,0.00989593091220353,1.00218180346542,0.00828513390933862,1.00134741217438,0.0152739046099371,0.266675464892853,0.0109237145279212,0.290088129373918,0.010499992383798,0.291990060776947,0.016469723344744,1,0.561365911846532,-0.0242601329613416,0.019873319159387,0.696273686023859,0.00768113818252987,0.703531159159277,0.00770331829178492,0.690912851947128,0.00872253578131015,0.711258208011626,0.00987634468864055,0.703016375204676,0.0119585294109378
