"beta1","beta1_sd","beta2","beta2_sd","omega_b1","omega_b1_sd","omega_b2","omega_b2_sd","omega_cov","omega_cov_sd","rho","rho_sd","conv_code","omega_cor","tau1","tau1_sd","tau2","tau2_sd","tau3","tau3_sd","tau4","tau4_sd","tau5","tau5_sd","tau6","tau6_sd"
0.999814415471174,0.00526571953626949,1.00773902299247,0.00706413238846113,0.061107045141761,0.00148719852492615,0.24960661326133,0.00814913047467227,0.110001605599348,0.00256592132555278,0.601691904068977,0.0069514217053431,1,0.890687461241472,-0.00647134114978342,0.0180011995922542,0.690227350352634,0.00736498259193618,0.701935779424547,0.00620258556463087,0.689959298633506,0.00672395247784642,0.688989421717314,0.00811544094520769,0.694756155782237,0.0108560540721023
