"beta1","beta1_sd","beta2","beta2_sd","omega_b1","omega_b1_sd","omega_b2","omega_b2_sd","omega_cov","omega_cov_sd","rho","rho_sd","conv_code","omega_cor","tau1","tau1_sd","tau2","tau2_sd","tau3","tau3_sd","tau4","tau4_sd","tau5","tau5_sd","tau6","tau6_sd"
1.01063532634185,0.0134284888623267,1.00285651531394,0.0155402054151056,1.02659320642361,0.0244337284012679,1.02467945032188,0.0387820326725741,0.923728049909167,0.0255595761716896,0.00337560244613526,0.0273430770721997,1,0.900639365405867,0.0161354042933517,0.0260620361423079,0.69063695002156,0.012488251814462,0.70856917735605,0.0131397345622831,0.708671302993743,0.0147133098711632,0.720950387955959,0.0165626940593108,0.689965695956093,0.0187692354479346
