"beta1","beta1_sd","beta2","beta2_sd","omega_b1","omega_b1_sd","omega_b2","omega_b2_sd","omega_cov","omega_cov_sd","rho","rho_sd","conv_code","omega_cor","tau1","tau1_sd","tau2","tau2_sd","tau3","tau3_sd","tau4","tau4_sd","tau5","tau5_sd","tau6","tau6_sd"
1.00103860477979,0.00549138000618183,0.992922851067469,0.00994898606356913,0.0642612483603193,0.00154836083905967,1.03442493637687,0.0202038441305996,0.232659543944946,0.00428128055193423,0.608891020752915,0.00693651203073421,1,0.902395254482989,-0.000652420446903486,0.0184820388911605,0.701623640705357,0.00759815634322656,0.704022560483969,0.00648786965503614,0.680472924495468,0.00703099000532109,0.703820483402511,0.00832814921569957,0.685276851155704,0.0113596061809611
