"beta1","beta1_sd","beta2","beta2_sd","omega_b1","omega_b1_sd","omega_b2","omega_b2_sd","omega_cov","omega_cov_sd","rho","rho_sd","conv_code","omega_cor","tau1","tau1_sd","tau2","tau2_sd","tau3","tau3_sd","tau4","tau4_sd","tau5","tau5_sd","tau6","tau6_sd"
1.00232053531274,0.00974185144023394,1.00869419437939,0.0072094099833201,0.991478154636244,0.0150000214322161,0.0634870888063428,0.0065828837280132,0.152301458958037,0.00855372415808966,0.298734488737072,0.0156307163386428,1,0.607043456728462,0.0123277004457153,0.0196661005621582,0.694336494400718,0.00762206012076252,0.696638215532496,0.00754292977762939,0.696188207439372,0.00856214347001425,0.697982070832066,0.0100175043201025,0.679441081466002,0.0118754806447321
