"beta1","beta1_sd","beta2","beta2_sd","omega_b1","omega_b1_sd","omega_b2","omega_b2_sd","omega_cov","omega_cov_sd","rho","rho_sd","conv_code","omega_cor","tau1","tau1_sd","tau2","tau2_sd","tau3","tau3_sd","tau4","tau4_sd","tau5","tau5_sd","tau6","tau6_sd"
1.00407276094305,0.00892498606657442,1.00571147765636,0.00821593103220646,0.583282835027265,0.00976262393172293,0.0595326502173053,0.00726861155182719,-0.0648517739308133,0.00684237055702379,0.262704263329665,0.0187217129297241,1,-0.348020361511351,-0.0208055201110726,0.0205978539029088,0.710083432043616,0.00839452569918746,0.707015761954393,0.00824244504365507,0.704636295094489,0.0093817913888239,0.692184144973136,0.0111970360804494,0.732119055188137,0.0135746538314262
