"beta1","beta1_sd","beta2","beta2_sd","omega_b1","omega_b1_sd","omega_b2","omega_b2_sd","omega_cov","omega_cov_sd","rho","rho_sd","conv_code","omega_cor","tau1","tau1_sd","tau2","tau2_sd","tau3","tau3_sd","tau4","tau4_sd","tau5","tau5_sd","tau6","tau6_sd"
0.994093789597832,0.00810787455617975,1.00416769126345,0.0112256973510701,0.0602278286606057,0.00167879096346892,0.276618272756113,0.0151981642844303,0.0351862948569203,0.00294381006707095,-0.253398468385878,0.0146719569187331,1,0.272605429839716,0.0328382940347336,0.0203503812575104,0.66825678565198,0.0110027704452176,0.692252240847137,0.00990802936342392,0.686045099577017,0.0111384728689957,0.69024805821939,0.0130857062349098,0.668840046779689,0.0167944273160918
