"beta1","beta1_sd","beta2","beta2_sd","omega_b1","omega_b1_sd","omega_b2","omega_b2_sd","omega_cov","omega_cov_sd","rho","rho_sd","conv_code","omega_cor","tau1","tau1_sd","tau2","tau2_sd","tau3","tau3_sd","tau4","tau4_sd","tau5","tau5_sd","tau6","tau6_sd"
1.01141815001825,0.00972277033909285,1.0099322549347,0.0122449692854712,0.572900735382995,0.010829044712396,1.04902485770398,0.0282914577810997,-0.23297803326131,0.011637730812467,0.610954176065374,0.0154343549250406,1,-0.300526238227629,0.0370086820535605,0.0246552976639894,0.706526113133981,0.0092152748135334,0.698746376355207,0.00888512613296032,0.69638833736361,0.00979433401595764,0.714722021405801,0.0113261960874701,0.693071724692439,0.0142044238431072
