"beta1","beta1_sd","beta2","beta2_sd","omega_b1","omega_b1_sd","omega_b2","omega_b2_sd","omega_cov","omega_cov_sd","rho","rho_sd","conv_code","omega_cor","tau1","tau1_sd","tau2","tau2_sd","tau3","tau3_sd","tau4","tau4_sd","tau5","tau5_sd","tau6","tau6_sd"
0.98255335775054,0.0099235071393515,0.986789888476989,0.00833961231004983,1.00261956595357,0.0155880557876879,0.240599860267939,0.0102970478813688,0.0118017833630854,0.0101269586946001,0.323288816697302,0.0172284769007571,1,0.024028787967861,-0.0358385051747496,0.0202489535750745,0.684273488509646,0.00777495366170127,0.685750202593669,0.00776850847358657,0.67948090246327,0.00876070695783002,0.691990974884704,0.010069256317662,0.664560954765018,0.0122103898406433
