"beta1","beta1_sd","beta2","beta2_sd","omega_b1","omega_b1_sd","omega_b2","omega_b2_sd","omega_cov","omega_cov_sd","rho","rho_sd","conv_code","omega_cor","tau1","tau1_sd","tau2","tau2_sd","tau3","tau3_sd","tau4","tau4_sd","tau5","tau5_sd","tau6","tau6_sd"
1.01374790894613,0.00865856699049735,1.02286002201284,0.0136221108558077,0.0662961887218787,0.00197563660381654,1.07745210923716,0.0317647281444839,0.0781310897733866,0.00445212161760449,-0.0295167801212918,0.0203920705647219,1,0.292334864255934,-0.0317642136092188,0.0221907159934569,0.715871442258447,0.0109694713855387,0.708781064211773,0.00994968751373152,0.696230969452988,0.011335499530758,0.699763687711268,0.0132822567329385,0.713944930973316,0.0169956356341529
