"beta1","beta1_sd","beta2","beta2_sd","omega_b1","omega_b1_sd","omega_b2","omega_b2_sd","omega_cov","omega_cov_sd","rho","rho_sd","conv_code","omega_cor","tau1","tau1_sd","tau2","tau2_sd","tau3","tau3_sd","tau4","tau4_sd","tau5","tau5_sd","tau6","tau6_sd"
1.00706119105898,0.00552668578998607,0.995279353289053,0.007135884567613,0.0619582747926656,0.0010647632308534,0.0622210682523837,0.0065380544094794,-0.0396012190880497,0.0018620518047299,-0.599185696691637,0.00444252096370813,1,-0.637808298769368,-0.00681516278414288,0.0148001933897537,0.696167966496664,0.00781803854624846,0.700130927826258,0.00667032248577358,0.693602365658936,0.00720992834544436,0.690493981842143,0.00850840978445526,0.699320200113154,0.0110044975355011
