"beta1","beta1_sd","beta2","beta2_sd","omega_b1","omega_b1_sd","omega_b2","omega_b2_sd","omega_cov","omega_cov_sd","rho","rho_sd","conv_code","omega_cor","tau1","tau1_sd","tau2","tau2_sd","tau3","tau3_sd","tau4","tau4_sd","tau5","tau5_sd","tau6","tau6_sd"
0.983007974636554,0.0105063609347451,0.995680189525785,0.00747762850596441,0.990154299532538,0.0186499987721181,0.0662015250882365,0.00665741773950509,-0.224784254854834,0.0105202015824706,0.900497685077447,0.00260107900923954,1,-0.877971566914417,-0.0180383241940814,0.0297737660643767,0.699443070907115,0.00857673742780677,0.691300869433096,0.0082447032012389,0.681677849115107,0.00868517276529579,0.698541060546503,0.00951837254395579,0.675874343335562,0.011582620055668
