"beta1","beta1_sd","beta2","beta2_sd","omega_b1","omega_b1_sd","omega_b2","omega_b2_sd","omega_cov","omega_cov_sd","rho","rho_sd","conv_code","omega_cor","tau1","tau1_sd","tau2","tau2_sd","tau3","tau3_sd","tau4","tau4_sd","tau5","tau5_sd","tau6","tau6_sd"
1.01134440112193,0.00933790196068611,1.01617624710613,0.00880607362302153,0.585731090693996,0.00976052177341993,0.0715020353608183,0.00851954854979434,0.0489647048740649,0.00702986115037913,-0.0101843689453537,0.0154880288703207,1,0.239262590444607,-0.00290500731293348,0.0207925407638804,0.697955131390095,0.00872913390342482,0.715369438418597,0.00861365631184992,0.705932661378044,0.00971739708756194,0.686469695483901,0.0114908431775766,0.70065447179542,0.0135994487844621
