"beta1","beta1_sd","beta2","beta2_sd","omega_b1","omega_b1_sd","omega_b2","omega_b2_sd","omega_cov","omega_cov_sd","rho","rho_sd","conv_code","omega_cor","tau1","tau1_sd","tau2","tau2_sd","tau3","tau3_sd","tau4","tau4_sd","tau5","tau5_sd","tau6","tau6_sd"
1.00402521003294,0.00794129016885733,0.98925841304029,0.0118958244184895,0.0652955813702491,0.00186868687708953,0.550990443701044,0.0207909558703666,0.0579075208281745,0.00364991888491776,-0.0279814367697154,0.0186266359811226,1,0.305295949421295,-0.00940528839202624,0.0209646349638672,0.703486382098134,0.010589092070623,0.696853046220784,0.00959601603537951,0.687707914814774,0.0108836979658601,0.715014491945181,0.0128515830270321,0.715960701827647,0.016564427615298
