"beta1","beta1_sd","beta2","beta2_sd","omega_b1","omega_b1_sd","omega_b2","omega_b2_sd","omega_cov","omega_cov_sd","rho","rho_sd","conv_code","omega_cor","tau1","tau1_sd","tau2","tau2_sd","tau3","tau3_sd","tau4","tau4_sd","tau5","tau5_sd","tau6","tau6_sd"
0.999690060382533,0.0110316268670381,1.01058509069724,0.0104009105044148,1.00277371206418,0.0177026689100359,0.246706063690106,0.0135105817270777,0.149655289783741,0.01184593223286,-0.00584720633376334,0.0179233167860814,1,0.300885105758681,0.0101658147776319,0.0221388921753514,0.703173509746848,0.00932392600510913,0.688818179765016,0.00965940086168291,0.684824590406886,0.0106972954492927,0.69877704573235,0.0123004921154098,0.695543277212145,0.0145226171346942
