"beta1","beta1_sd","beta2","beta2_sd","omega_b1","omega_b1_sd","omega_b2","omega_b2_sd","omega_cov","omega_cov_sd","rho","rho_sd","conv_code","omega_cor","tau1","tau1_sd","tau2","tau2_sd","tau3","tau3_sd","tau4","tau4_sd","tau5","tau5_sd","tau6","tau6_sd"
0.999648844669114,0.00677354614015853,0.984296609834608,0.0104160380809935,0.0624693906139901,0.00126741629983604,0.514723439894154,0.0173346016201364,-0.0546252681592428,0.00297786292054895,-0.599041315726188,0.00583994807751036,1,-0.304630213086276,0.0179690162293127,0.0174092944989177,0.690332218468109,0.00943427113910209,0.678621201893342,0.00828837103287335,0.694450662430238,0.00881648870076174,0.69393397648426,0.010329950500756,0.678673613023172,0.0132652147482539
