"beta1","beta1_sd","beta2","beta2_sd","omega_b1","omega_b1_sd","omega_b2","omega_b2_sd","omega_cov","omega_cov_sd","rho","rho_sd","conv_code","omega_cor","tau1","tau1_sd","tau2","tau2_sd","tau3","tau3_sd","tau4","tau4_sd","tau5","tau5_sd","tau6","tau6_sd"
1.00042232137205,0.00962819653282724,1.00912526409785,0.00709996162403633,0.985948547004157,0.014872764452502,0.0719049881435859,0.00681651980652247,0.223883116248701,0.00890436318400999,0.29964710517393,0.0154710125861807,1,0.840842603208925,-0.0160637138572047,0.0193478173469952,0.693185373903926,0.00755787583688709,0.693340174184463,0.00749261546757334,0.692040745579847,0.00857403916835054,0.678015166156756,0.00996915691441175,0.695071715356666,0.0117848744942686
