"beta1","beta1_sd","beta2","beta2_sd","omega_b1","omega_b1_sd","omega_b2","omega_b2_sd","omega_cov","omega_cov_sd","rho","rho_sd","conv_code","omega_cor","tau1","tau1_sd","tau2","tau2_sd","tau3","tau3_sd","tau4","tau4_sd","tau5","tau5_sd","tau6","tau6_sd"
1.00790809733988,0.00885771128469469,1.01339241261173,0.00696544368869058,0.561507753066133,0.0113419655847267,0.0533441289987528,0.00554851111811008,0.158351334625708,0.00704278036166318,0.901653945032987,0.00230435675721468,1,0.914956686434803,0.00107214596889637,0.0287691165270235,0.690832615856251,0.00820807640085128,0.686081162384258,0.00756608458538161,0.697348434665315,0.00801638426552172,0.697239729550836,0.00926053971988006,0.685012193349245,0.0112870999577876
