"beta1","beta1_sd","beta2","beta2_sd","omega_b1","omega_b1_sd","omega_b2","omega_b2_sd","omega_cov","omega_cov_sd","rho","rho_sd","conv_code","omega_cor","tau1","tau1_sd","tau2","tau2_sd","tau3","tau3_sd","tau4","tau4_sd","tau5","tau5_sd","tau6","tau6_sd"
1.00291930395661,0.0117355823238537,0.99522365888036,0.0119418719098167,0.97913895706625,0.0172767837237314,0.527495273194954,0.022772087382077,0.665169159600055,0.0171033275084,-0.898082723618458,0.00164924287684933,1,0.925551638079593,0.0574057135603211,0.0250573829383276,0.675604104420892,0.00988020389660331,0.692860777410367,0.00963529453932464,0.676454299638214,0.0103237898029839,0.670773375402056,0.0115147272169175,0.679718441504211,0.0132770110877834
