"beta1","beta1_sd","beta2","beta2_sd","omega_b1","omega_b1_sd","omega_b2","omega_b2_sd","omega_cov","omega_cov_sd","rho","rho_sd","conv_code","omega_cor","tau1","tau1_sd","tau2","tau2_sd","tau3","tau3_sd","tau4","tau4_sd","tau5","tau5_sd","tau6","tau6_sd"
0.998498136609093,0.00708803289566046,1.01272897450246,0.01035291390716,0.24318801686784,0.00440255590282923,1.00519018619634,0.0214615620898525,0.305852943425115,0.0069422015378662,0.610734916713352,0.0100200155617083,1,0.618610744413798,-0.00681227183389348,0.0204312258442152,0.687378311022092,0.00762490749332899,0.684753041207579,0.00694391829410881,0.694986554227351,0.00765166849348558,0.685061869600916,0.00922544242489265,0.680997724323643,0.0115601618607495
