"beta1","beta1_sd","beta2","beta2_sd","omega_b1","omega_b1_sd","omega_b2","omega_b2_sd","omega_cov","omega_cov_sd","rho","rho_sd","conv_code","omega_cor","tau1","tau1_sd","tau2","tau2_sd","tau3","tau3_sd","tau4","tau4_sd","tau5","tau5_sd","tau6","tau6_sd"
1.01000838018772,0.0080306868476752,1.01370551016283,0.00911417203427618,0.250791520246405,0.00415826859856838,0.0638352290229933,0.00937448547660557,-0.0717092285834278,0.00489371186892011,-0.900258560126651,0.00140637195469567,1,-0.566745938003878,0.00197806183879345,0.0195424972667901,0.704173027664183,0.00882056960646959,0.700782193821136,0.00823706492043643,0.693320119877733,0.00863242443616322,0.691620429049337,0.009831080049478,0.698407853971814,0.0120287946652368
