"beta1","beta1_sd","beta2","beta2_sd","omega_b1","omega_b1_sd","omega_b2","omega_b2_sd","omega_cov","omega_cov_sd","rho","rho_sd","conv_code","omega_cor","tau1","tau1_sd","tau2","tau2_sd","tau3","tau3_sd","tau4","tau4_sd","tau5","tau5_sd","tau6","tau6_sd"
1.00394640794773,0.00974931576204848,0.996180145387058,0.0140361592802601,0.0626795773423531,0.00405032491469653,1.03041253608643,0.0322796750576463,-0.07973734989289,0.00698446351845521,0.902250932785761,0.00225906429271458,1,-0.313756839087418,-0.000805483440783822,0.0346706619878289,0.690702027653887,0.0126648495731502,0.712227654967142,0.0110965282882912,0.689823279876216,0.0113770770598321,0.696092371921468,0.0128237216218176,0.706726897174535,0.0154525760239938
