"beta1","beta1_sd","beta2","beta2_sd","omega_b1","omega_b1_sd","omega_b2","omega_b2_sd","omega_cov","omega_cov_sd","rho","rho_sd","conv_code","omega_cor","tau1","tau1_sd","tau2","tau2_sd","tau3","tau3_sd","tau4","tau4_sd","tau5","tau5_sd","tau6","tau6_sd"
1.00493305338193,0.00906410482279953,1.00415956571034,0.0139928933077397,0.0644482268776071,0.00185029532176281,0.953227744477074,0.0308391971277248,-0.0045611799553195,0.00398746662487596,-0.290880847779974,0.0152897470432233,1,-0.0184023541014326,0.0200472675295549,0.0214957116838071,0.68105598882046,0.0115645806895899,0.701647192357694,0.0105647533262218,0.696919305281335,0.0115636263413827,0.684232320491705,0.013664461336943,0.691598451858304,0.0169749668679085
