"beta1","beta1_sd","beta2","beta2_sd","omega_b1","omega_b1_sd","omega_b2","omega_b2_sd","omega_cov","omega_cov_sd","rho","rho_sd","conv_code","omega_cor","tau1","tau1_sd","tau2","tau2_sd","tau3","tau3_sd","tau4","tau4_sd","tau5","tau5_sd","tau6","tau6_sd"
0.997535781091028,0.00976325272232172,1.00762674734076,0.0111771994367724,0.575165500323826,0.0102362263712517,0.570164379779826,0.0198422773301006,0.00156249933592686,0.00915256275871838,0.00601762806063356,0.0182678807740611,1,0.00272849640800518,-0.0265808655169577,0.0219622269751888,0.705254608732123,0.00916352945051155,0.696873264239677,0.00915336683761483,0.696664411063349,0.0101569796741289,0.701699510618977,0.0118095054369659,0.710404266344033,0.0140652799321201
