"beta1","beta1_sd","beta2","beta2_sd","omega_b1","omega_b1_sd","omega_b2","omega_b2_sd","omega_cov","omega_cov_sd","rho","rho_sd","conv_code","omega_cor","tau1","tau1_sd","tau2","tau2_sd","tau3","tau3_sd","tau4","tau4_sd","tau5","tau5_sd","tau6","tau6_sd"
0.973542124230068,0.0113407393021815,0.977596793035949,0.017329643133224,0.0576443951371362,0.00184228648715515,1.01314866395701,0.0432347717098596,-0.140484323899197,0.00569606503247041,-0.89590931440949,0.00251914930591866,1,-0.581316612908042,-0.0187223940731493,0.0226403684974237,0.663605585039771,0.0145075322956375,0.687580069784731,0.0136782365847082,0.64973871745889,0.0142407002591579,0.68395027469016,0.0155275977258793,0.671166397585843,0.0184402100322636
