"beta1","beta1_sd","beta2","beta2_sd","omega_b1","omega_b1_sd","omega_b2","omega_b2_sd","omega_cov","omega_cov_sd","rho","rho_sd","conv_code","omega_cor","tau1","tau1_sd","tau2","tau2_sd","tau3","tau3_sd","tau4","tau4_sd","tau5","tau5_sd","tau6","tau6_sd"
0.992906714175316,0.0101912098148463,0.987079658397468,0.00957951365953299,1.00255406929081,0.016175057889191,0.560698397920364,0.0170891331117103,-0.461708434615065,0.0132397040247616,0.590538467374718,0.0147972951702666,1,-0.615813561563129,-0.0071789281139526,0.0223888550979167,0.686725032743222,0.0081134677589492,0.69816211855659,0.00782406001591734,0.670452061218896,0.00885202221749173,0.692193857968215,0.0101273663111625,0.689879893277941,0.0119918568122596
