"beta1","beta1_sd","beta2","beta2_sd","omega_b1","omega_b1_sd","omega_b2","omega_b2_sd","omega_cov","omega_cov_sd","rho","rho_sd","conv_code","omega_cor","tau1","tau1_sd","tau2","tau2_sd","tau3","tau3_sd","tau4","tau4_sd","tau5","tau5_sd","tau6","tau6_sd"
1.00951292265426,0.00834670076662573,1.03186315198864,0.0123358672823182,0.25564266022075,0.00464344726719372,1.04384771395637,0.0279481008520774,-0.310312455572745,0.00786048679598723,-0.3205226032364,0.0111402405184838,1,-0.600708768961984,-0.00441811630559723,0.0200934659187872,0.702410840480348,0.00939859912685156,0.709354699431211,0.00863647555128129,0.700906895909906,0.00960999961480152,0.68809803034763,0.0112004058311654,0.695303876541749,0.0136957423155449
