"beta1","beta1_sd","beta2","beta2_sd","omega_b1","omega_b1_sd","omega_b2","omega_b2_sd","omega_cov","omega_cov_sd","rho","rho_sd","conv_code","omega_cor","tau1","tau1_sd","tau2","tau2_sd","tau3","tau3_sd","tau4","tau4_sd","tau5","tau5_sd","tau6","tau6_sd"
0.995680962513067,0.00868764227837504,1.00419928610798,0.0105096689977965,0.246158528271381,0.00684137301443056,0.576717193420055,0.0178823084565087,0.00904151039696515,0.00746445280029557,0.900398362599054,0.00224893808714687,1,0.0239967315534252,-0.00420069787870143,0.0308426951031525,0.698557842139731,0.00967485764923063,0.688809560391569,0.00887898882294831,0.677342986655176,0.00928882853672404,0.680667825716133,0.0105774056530769,0.711307224284089,0.0129076022663511
