"beta1","beta1_sd","beta2","beta2_sd","omega_b1","omega_b1_sd","omega_b2","omega_b2_sd","omega_cov","omega_cov_sd","rho","rho_sd","conv_code","omega_cor","tau1","tau1_sd","tau2","tau2_sd","tau3","tau3_sd","tau4","tau4_sd","tau5","tau5_sd","tau6","tau6_sd"
1.00217655343271,0.00990166726646815,0.996578897899939,0.00744007338188976,1.0132519060004,0.0152208068404181,0.0557214600660183,0.00691705202674691,0.154878060639798,0.00870426070732227,0.0037515881906389,0.0126048079212997,1,0.651808385424882,-0.00386775632181976,0.0189722742018444,0.690471193026135,0.00772646707061325,0.696426144018027,0.00774830538016637,0.681716572055205,0.00877620536619911,0.687488075568076,0.01010337037503,0.696809609339251,0.0120898066867171
