"beta1","beta1_sd","beta2","beta2_sd","omega_b1","omega_b1_sd","omega_b2","omega_b2_sd","omega_cov","omega_cov_sd","rho","rho_sd","conv_code","omega_cor","tau1","tau1_sd","tau2","tau2_sd","tau3","tau3_sd","tau4","tau4_sd","tau5","tau5_sd","tau6","tau6_sd"
0.985273801235504,0.010981686397274,0.981882623911118,0.0149982715489097,0.0612569173568998,0.00186138955550023,0.082843872018643,0.0179375890863445,0.0177963820864073,0.00309109910332685,-0.897414071291831,0.00235451293937407,1,0.249818132748587,-0.00509670147028255,0.0210734167744098,0.682605908575704,0.0139073819442803,0.684988308626613,0.0132114241367954,0.674448119956786,0.0138007977121155,0.676145532353413,0.0154396405412342,0.672728856237963,0.0182215394216188
