"beta1","beta1_sd","beta2","beta2_sd","omega_b1","omega_b1_sd","omega_b2","omega_b2_sd","omega_cov","omega_cov_sd","rho","rho_sd","conv_code","omega_cor","tau1","tau1_sd","tau2","tau2_sd","tau3","tau3_sd","tau4","tau4_sd","tau5","tau5_sd","tau6","tau6_sd"
1.00185363066681,0.00788730498597805,0.990500247552648,0.00942669447482796,0.251470941942722,0.0043049407109422,0.237899318098279,0.0120843146855464,0.144752754178633,0.00500387920596581,-0.293312108444719,0.0104467214174229,1,0.591815496492153,0.000424969603637217,0.0189143706441311,0.693941443802367,0.00862002749548261,0.685208337694062,0.00836264596098014,0.684303693327789,0.00932026288197865,0.692549243285132,0.0111148135722561,0.687161820122205,0.0134516579198885
