"beta1","beta1_sd","beta2","beta2_sd","omega_b1","omega_b1_sd","omega_b2","omega_b2_sd","omega_cov","omega_cov_sd","rho","rho_sd","conv_code","omega_cor","tau1","tau1_sd","tau2","tau2_sd","tau3","tau3_sd","tau4","tau4_sd","tau5","tau5_sd","tau6","tau6_sd"
0.979759735278438,0.0110626255265576,0.998755226534663,0.0113137957776567,0.988369674654538,0.0175700758137416,0.553747588653618,0.020723081374116,0.458020269270258,0.0145896266499714,-0.0126731136676942,0.0184833627861445,1,0.619111780381265,-0.015718595136815,0.0224151975605083,0.69442699572642,0.00942693859286607,0.681354683051956,0.00973218477729736,0.682584279295608,0.0108763134222965,0.68030828616582,0.0123495676716095,0.699259505648379,0.0145198532129847
