"beta1","beta1_sd","beta2","beta2_sd","omega_b1","omega_b1_sd","omega_b2","omega_b2_sd","omega_cov","omega_cov_sd","rho","rho_sd","conv_code","omega_cor","tau1","tau1_sd","tau2","tau2_sd","tau3","tau3_sd","tau4","tau4_sd","tau5","tau5_sd","tau6","tau6_sd"
0.987719966647874,0.00751426787964428,0.995056483113481,0.00805638526136673,0.249553715068077,0.00425733753788125,0.0553516922530962,0.00754206617634418,-0.0364407425286198,0.00394660275697784,-0.0137876861989035,0.0136709154215936,1,-0.310055719078951,-0.0194829090975286,0.0189257111304266,0.685484709760795,0.00847144293515646,0.695631110711956,0.00784023335711415,0.686538105831308,0.0088508343184238,0.694615058765838,0.0105736093336716,0.689079997127127,0.0133548710745022
