"beta1","beta1_sd","beta2","beta2_sd","omega_b1","omega_b1_sd","omega_b2","omega_b2_sd","omega_cov","omega_cov_sd","rho","rho_sd","conv_code","omega_cor","tau1","tau1_sd","tau2","tau2_sd","tau3","tau3_sd","tau4","tau4_sd","tau5","tau5_sd","tau6","tau6_sd"
0.999562966527955,0.0066008291852301,0.992455073652666,0.00938236693589422,0.0621487921091205,0.00122568802116891,0.246037943857969,0.011971338868755,-0.00594735753874456,0.00242173873321328,-0.590655928967633,0.00578413706807341,1,-0.048095745099906,0.0205157094657506,0.0170749233548188,0.676897646360533,0.00929443566383495,0.689142111165417,0.00810182981002521,0.699494162925732,0.00869891438933764,0.683926881562073,0.0102147102468554,0.711363896277606,0.0129713167742068
