"beta1","beta1_sd","beta2","beta2_sd","omega_b1","omega_b1_sd","omega_b2","omega_b2_sd","omega_cov","omega_cov_sd","rho","rho_sd","conv_code","omega_cor","tau1","tau1_sd","tau2","tau2_sd","tau3","tau3_sd","tau4","tau4_sd","tau5","tau5_sd","tau6","tau6_sd"
0.98212005063473,0.0078194154103093,1.00363163632847,0.0117148003188729,0.245035536937561,0.00442117721205074,0.99916578842607,0.025499797259658,0.293385539156778,0.00733285574014205,-0.00525920954876573,0.0160563182042206,1,0.592932682515171,-0.00998082093176385,0.0195492848622905,0.693972670483283,0.00858434422911918,0.690974819329737,0.00837825618216931,0.67044118211309,0.00953244794045472,0.670673672256031,0.0112625251179687,0.697495578070737,0.0134053743870179
