"beta1","beta1_sd","beta2","beta2_sd","omega_b1","omega_b1_sd","omega_b2","omega_b2_sd","omega_cov","omega_cov_sd","rho","rho_sd","conv_code","omega_cor","tau1","tau1_sd","tau2","tau2_sd","tau3","tau3_sd","tau4","tau4_sd","tau5","tau5_sd","tau6","tau6_sd"
1.0126701562533,0.0103272839889352,1.00269578125803,0.0100365755037781,1.03692332355233,0.0167323998639059,0.572921745092539,0.0172156605554235,-0.232841219634694,0.0125644759975782,0.329185505585118,0.0186168682520892,1,-0.302091767947426,0.0116780157916282,0.0210302408020017,0.691345364798337,0.00803093164670116,0.694218368843095,0.00797865869752364,0.6999300315331,0.00901804950020912,0.697659575130952,0.010357813427425,0.693341526491378,0.0121648303766846
