"beta1","beta1_sd","beta2","beta2_sd","omega_b1","omega_b1_sd","omega_b2","omega_b2_sd","omega_cov","omega_cov_sd","rho","rho_sd","conv_code","omega_cor","tau1","tau1_sd","tau2","tau2_sd","tau3","tau3_sd","tau4","tau4_sd","tau5","tau5_sd","tau6","tau6_sd"
0.994302363910799,0.00865859573370299,0.994725763968554,0.00957706374993197,0.239496602635886,0.00552713917312117,0.0668687901304437,0.00895715848875056,0.0682933337223751,0.00532962748899436,0.620644490325413,0.0126005907355427,1,0.539655865677975,-0.0231105021482794,0.0247188890857976,0.705236981137151,0.0102680803639287,0.673047126785351,0.00970183122933472,0.68742514584011,0.0108013896152393,0.685408639134632,0.0128457023139322,0.680216460403254,0.0156768096608835
