"beta1","beta1_sd","beta2","beta2_sd","omega_b1","omega_b1_sd","omega_b2","omega_b2_sd","omega_cov","omega_cov_sd","rho","rho_sd","conv_code","omega_cor","tau1","tau1_sd","tau2","tau2_sd","tau3","tau3_sd","tau4","tau4_sd","tau5","tau5_sd","tau6","tau6_sd"
1.00020020196838,0.00792649015890151,0.976866342614906,0.0108623961852231,0.247066882603653,0.00418824576858802,0.591745188983375,0.0197594754294754,-0.338425896996336,0.00756039386665113,-0.89834727376134,0.00146101290740739,1,-0.88509309589306,0.00758722125976047,0.0194471863745733,0.676319483812529,0.00913938448231383,0.693821255422819,0.00836528490836863,0.701014559196803,0.00860363553643776,0.688752266341579,0.00969819403258638,0.686127371511866,0.0117823423439091
