"beta1","beta1_sd","beta2","beta2_sd","omega_b1","omega_b1_sd","omega_b2","omega_b2_sd","omega_cov","omega_cov_sd","rho","rho_sd","conv_code","omega_cor","tau1","tau1_sd","tau2","tau2_sd","tau3","tau3_sd","tau4","tau4_sd","tau5","tau5_sd","tau6","tau6_sd"
0.996629076161238,0.0102443492709771,0.991522631119683,0.012505876613701,0.247991775908676,0.00765576201966591,0.541281539629335,0.0214408279526875,0.326566884723136,0.0102685262163268,0.900906587636592,0.00252903283682565,1,0.891336920681642,0.0167723235604463,0.0340582554536457,0.70025139745209,0.012109949419476,0.67793405213559,0.0110339583655816,0.694677496150387,0.0117200034498436,0.675714290553004,0.0136485324698374,0.69800065737795,0.0159987377429625
