"beta1","beta1_sd","beta2","beta2_sd","omega_b1","omega_b1_sd","omega_b2","omega_b2_sd","omega_cov","omega_cov_sd","rho","rho_sd","conv_code","omega_cor","tau1","tau1_sd","tau2","tau2_sd","tau3","tau3_sd","tau4","tau4_sd","tau5","tau5_sd","tau6","tau6_sd"
0.974603850186077,0.0114372386757507,0.978986803218445,0.0142832864526676,0.539626472880214,0.0108900575920901,0.543532272206636,0.0280022939092035,-0.164370979498532,0.0118829978814353,-0.897357747324899,0.00194077848636718,1,-0.303505001262178,-0.0436005612056725,0.0261004834235828,0.694279514620071,0.0113714773525574,0.668366103399541,0.0110829356884907,0.686751464565163,0.0116725102495934,0.670726929467053,0.0129437672057262,0.694467666326343,0.0148792718763969
