"beta1","beta1_sd","beta2","beta2_sd","omega_b1","omega_b1_sd","omega_b2","omega_b2_sd","omega_cov","omega_cov_sd","rho","rho_sd","conv_code","omega_cor","tau1","tau1_sd","tau2","tau2_sd","tau3","tau3_sd","tau4","tau4_sd","tau5","tau5_sd","tau6","tau6_sd"
0.987081627550614,0.0110641229437989,0.993769861454155,0.0157395116628911,0.0598480014368204,0.00184097849858485,0.235638694782206,0.0228279760051507,0.0323911163136268,0.00355559555224307,-0.89591613378456,0.00243339495382291,1,0.272758180857568,0.0222171134232521,0.0214767279258344,0.675302851131646,0.0140983635307343,0.681558553250805,0.013351492967989,0.657441942313354,0.0140474996527161,0.684403729912632,0.015415411139615,0.698622975171645,0.0184649715068755
