"beta1","beta1_sd","beta2","beta2_sd","omega_b1","omega_b1_sd","omega_b2","omega_b2_sd","omega_cov","omega_cov_sd","rho","rho_sd","conv_code","omega_cor","tau1","tau1_sd","tau2","tau2_sd","tau3","tau3_sd","tau4","tau4_sd","tau5","tau5_sd","tau6","tau6_sd"
0.995479464654365,0.0155101691210792,0.995666091164187,0.0185094664432378,0.982262138968285,0.0268302079832981,0.959277880779331,0.0446231751003791,-0.00118583580534735,0.0190699631792013,-0.290681262007705,0.022741016406394,1,-0.00122162705348993,-0.00830566988190112,0.0300374733818518,0.68643510522781,0.0145779216934509,0.675509341930572,0.0149804169563986,0.702392985059786,0.0161805940423508,0.696437608809484,0.0176406009769469,0.648861004313614,0.0204344889543326
