"beta1","beta1_sd","beta2","beta2_sd","omega_b1","omega_b1_sd","omega_b2","omega_b2_sd","omega_cov","omega_cov_sd","rho","rho_sd","conv_code","omega_cor","tau1","tau1_sd","tau2","tau2_sd","tau3","tau3_sd","tau4","tau4_sd","tau5","tau5_sd","tau6","tau6_sd"
0.98647166778135,0.00879698528615924,0.997092572920755,0.0118585059698634,0.242614496261532,0.00667192885084273,1.00000426729407,0.026381320349802,0.296459402017274,0.00936833437875977,0.897505081583086,0.00231325630205708,1,0.601874478813523,0.0146649783617758,0.0309582974462295,0.661820016971487,0.0099521119081626,0.689838397866197,0.00900896898339793,0.694757958666411,0.009415751669363,0.685591323229082,0.0108202844892571,0.682808248892585,0.013301727526655
