"beta1","beta1_sd","beta2","beta2_sd","omega_b1","omega_b1_sd","omega_b2","omega_b2_sd","omega_cov","omega_cov_sd","rho","rho_sd","conv_code","omega_cor","tau1","tau1_sd","tau2","tau2_sd","tau3","tau3_sd","tau4","tau4_sd","tau5","tau5_sd","tau6","tau6_sd"
0.992296500855627,0.018990735632243,0.965973887366967,0.0245656457488622,0.542881752130382,0.0202189342973017,0.590189026341345,0.0597376569726983,0.335037200221281,0.0195914130772973,-0.897641829108504,0.0036249581953999,1,0.591895234941101,0.0497333069161655,0.0317288022525954,0.662319576567124,0.0194883618219165,0.668710063144923,0.0193022879189166,0.685504273804503,0.0201662729842092,0.687189793202337,0.0215640315694996,0.676499700382919,0.0235907821239115
