"beta1","beta1_sd","beta2","beta2_sd","omega_b1","omega_b1_sd","omega_b2","omega_b2_sd","omega_cov","omega_cov_sd","rho","rho_sd","conv_code","omega_cor","tau1","tau1_sd","tau2","tau2_sd","tau3","tau3_sd","tau4","tau4_sd","tau5","tau5_sd","tau6","tau6_sd"
0.99766900433395,0.0133081655077728,0.984855295473061,0.0156929058689906,0.999612962045048,0.0235961742243093,0.994042964808116,0.0383424771979437,0.32256443919939,0.0199194029466608,0.593791371332716,0.0243760378154517,1,0.323592144237068,-0.00471536990749587,0.0304555344773479,0.683440831769951,0.0123172166787463,0.692180822472827,0.0121449299653146,0.679452196807354,0.0138003371055893,0.702936508646291,0.0156508286940526,0.701306349115197,0.0181695140398606
