"beta1","beta1_sd","beta2","beta2_sd","omega_b1","omega_b1_sd","omega_b2","omega_b2_sd","omega_cov","omega_cov_sd","rho","rho_sd","conv_code","omega_cor","tau1","tau1_sd","tau2","tau2_sd","tau3","tau3_sd","tau4","tau4_sd","tau5","tau5_sd","tau6","tau6_sd"
1.00339064078592,0.00597668064917491,1.01575836530344,0.0108534638011298,0.0644881157225993,0.00118643381086612,1.01220908893543,0.0228557852052422,0.151534874034266,0.00363955642732763,-0.6138860832251,0.00479618984214129,1,0.593113258274568,-0.0252461885091373,0.0154006424281861,0.709106482501593,0.00804189360073877,0.696832436048205,0.00717042459095287,0.704980277499209,0.00770040035364071,0.688071149202608,0.00897684268782554,0.707503475703488,0.0116121418492756
