"beta1","beta1_sd","beta2","beta2_sd","omega_b1","omega_b1_sd","omega_b2","omega_b2_sd","omega_cov","omega_cov_sd","rho","rho_sd","conv_code","omega_cor","tau1","tau1_sd","tau2","tau2_sd","tau3","tau3_sd","tau4","tau4_sd","tau5","tau5_sd","tau6","tau6_sd"
0.971742637645547,0.0234326951633398,1.04918424141002,0.0299545636174148,1.02956966823472,0.044670649364264,0.840815229211738,0.0892700698127721,-0.301660803818921,0.029664429705811,-0.902701674206873,0.00410997893441918,1,-0.324220692901129,-0.0858442428029712,0.0393705829814677,0.700050184548689,0.0229462670890308,0.695149243604782,0.0227511776498907,0.695066051861637,0.0234827269780201,0.709868863781485,0.0245532695727656,0.707577764326298,0.0264121765829437
