"beta1","beta1_sd","beta2","beta2_sd","omega_b1","omega_b1_sd","omega_b2","omega_b2_sd","omega_cov","omega_cov_sd","rho","rho_sd","conv_code","omega_cor","tau1","tau1_sd","tau2","tau2_sd","tau3","tau3_sd","tau4","tau4_sd","tau5","tau5_sd","tau6","tau6_sd"
1.00387075180326,0.014055861056704,0.986480275735934,0.0156251445513639,0.576558170650286,0.0153168070077005,0.056812828519745,0.0186751816066092,-0.171231631116699,0.0109115992683576,-0.598291775767498,0.0104750629157256,1,-0.946104748501697,-0.0403986686232801,0.026210424870159,0.708148962600875,0.014217933939605,0.698544327764803,0.0140000371455655,0.698897185793677,0.0152617137351339,0.689389401671022,0.0173065355578264,0.688748596693865,0.0199651503025295
