"beta1","beta1_sd","beta2","beta2_sd","omega_b1","omega_b1_sd","omega_b2","omega_b2_sd","omega_cov","omega_cov_sd","rho","rho_sd","conv_code","omega_cor","tau1","tau1_sd","tau2","tau2_sd","tau3","tau3_sd","tau4","tau4_sd","tau5","tau5_sd","tau6","tau6_sd"
1.00319590689919,0.0139497889922899,1.01909185359114,0.0137670571247553,1.03800104859653,0.02657833762607,0.239935621387764,0.0170297181127996,0.0198015817156799,0.0183316073406786,0.896523348598048,0.00383884516052153,1,0.0396783516146843,0.0314493035798287,0.0380168283462878,0.701226726803657,0.0133813534937616,0.682107161301714,0.0130188932048615,0.695393110166015,0.0135640599970984,0.700464885095141,0.015351616092006,0.702469160976559,0.0174173355205114
