"beta1","beta1_sd","beta2","beta2_sd","omega_b1","omega_b1_sd","omega_b2","omega_b2_sd","omega_cov","omega_cov_sd","rho","rho_sd","conv_code","omega_cor","tau1","tau1_sd","tau2","tau2_sd","tau3","tau3_sd","tau4","tau4_sd","tau5","tau5_sd","tau6","tau6_sd"
1.00040130505041,0.00686194610128313,1.0029846020327,0.0074126676998813,0.0606264225609694,0.00312861602774799,0.0654274671853772,0.00602075584108244,0.0223868378945238,0.00321531006780998,0.900594312838551,0.00171196627799142,1,0.35545262781632,-0.0442827252963717,0.0281871926262267,0.70616263781179,0.00904027270380931,0.680342942155104,0.00801146503978579,0.701199987661969,0.00797991197237495,0.680291874013802,0.00928153358196834,0.699992013098321,0.011790162629224
