"beta1","beta1_sd","beta2","beta2_sd","omega_b1","omega_b1_sd","omega_b2","omega_b2_sd","omega_cov","omega_cov_sd","rho","rho_sd","conv_code","omega_cor","tau1","tau1_sd","tau2","tau2_sd","tau3","tau3_sd","tau4","tau4_sd","tau5","tau5_sd","tau6","tau6_sd"
1.00650186471327,0.00548602242403657,1.00591232497171,0.00730673239212712,0.0626731169880251,0.0015823831944386,0.261550900412258,0.00865026686669096,-0.0365677893965794,0.00241565674338301,0.606288986140684,0.0072310978349517,1,-0.285614301587906,-0.00855728076252891,0.0188968306327488,0.710116473487682,0.00747685806988516,0.694776153425767,0.00638271015014567,0.702206625488526,0.00680403830982802,0.688383600702712,0.00805421192467542,0.697435365662639,0.01066648738949
