"beta1","beta1_sd","beta2","beta2_sd","omega_b1","omega_b1_sd","omega_b2","omega_b2_sd","omega_cov","omega_cov_sd","rho","rho_sd","conv_code","omega_cor","tau1","tau1_sd","tau2","tau2_sd","tau3","tau3_sd","tau4","tau4_sd","tau5","tau5_sd","tau6","tau6_sd"
0.980035812375824,0.0106796283683361,0.981552258919107,0.012013819778404,0.981745936876683,0.0172366642318372,0.992398702796654,0.0284347917982436,0.886175582484242,0.0188487058349347,0.00619500395198638,0.0179126551828577,1,0.897794889942884,-0.0339481370071038,0.0212690123963689,0.696264595000119,0.00903605242245581,0.690376771991301,0.00969674130261818,0.701347251404572,0.010784752980948,0.670179180316507,0.0124169435416351,0.678594262351489,0.0145204449898294
