"beta1","beta1_sd","beta2","beta2_sd","omega_b1","omega_b1_sd","omega_b2","omega_b2_sd","omega_cov","omega_cov_sd","rho","rho_sd","conv_code","omega_cor","tau1","tau1_sd","tau2","tau2_sd","tau3","tau3_sd","tau4","tau4_sd","tau5","tau5_sd","tau6","tau6_sd"
1.00166285561698,0.0110828522809913,0.991609477019395,0.0121230932872035,0.564309203799777,0.0127054442940888,0.265893575118369,0.0164068629007507,-0.115695547034705,0.00970851950486142,0.313781368475126,0.0272116042565637,1,-0.298678633253692,-0.0317510954383298,0.0256977465932218,0.708321171619744,0.0110421047948024,0.692217443887827,0.010898404511228,0.668723344103227,0.0126441972933569,0.702506340223603,0.014538648551088,0.709926779521973,0.0174774029541247
