"beta1","beta1_sd","beta2","beta2_sd","omega_b1","omega_b1_sd","omega_b2","omega_b2_sd","omega_cov","omega_cov_sd","rho","rho_sd","conv_code","omega_cor","tau1","tau1_sd","tau2","tau2_sd","tau3","tau3_sd","tau4","tau4_sd","tau5","tau5_sd","tau6","tau6_sd"
1.01059474226072,0.00915506618761222,0.999113007337767,0.0120791620601651,0.252098083010205,0.00699117494289147,1.05221356962812,0.0275737939697839,-0.156524439631248,0.00917873612312235,0.898491251035112,0.00234524801107365,1,-0.303910312341122,0.0217209040994683,0.0315778214171008,0.699744125742069,0.00985332374217534,0.703459234517307,0.00910585678981033,0.697865993222091,0.0094847757699785,0.692516854913815,0.0107544735138782,0.699898113243737,0.0131336698760628
