"beta1","beta1_sd","beta2","beta2_sd","omega_b1","omega_b1_sd","omega_b2","omega_b2_sd","omega_cov","omega_cov_sd","rho","rho_sd","conv_code","omega_cor","tau1","tau1_sd","tau2","tau2_sd","tau3","tau3_sd","tau4","tau4_sd","tau5","tau5_sd","tau6","tau6_sd"
0.827936863455516,0.121485733253149,1.72910789399517,0.163077428116985,72.830248538254,11.1610518175732,2.00632816490561,0.684874408538105,8.32856632120449,1.69151858331374,-0.989999977503571,0.00163260692204046,2,0.688990712145329,-0.0120582064112279,0.145371507546228,2.22271751274878,0.0781208131479125,2.37233102618164,0.0781229785084558,2.45500267011612,0.0786226036740668,2.38005859950826,0.0792819076931534,2.03603064908873,0.0804744580230003
