"beta1","beta1_sd","beta2","beta2_sd","omega_b1","omega_b1_sd","omega_b2","omega_b2_sd","omega_cov","omega_cov_sd","rho","rho_sd","conv_code","omega_cor","tau1","tau1_sd","tau2","tau2_sd","tau3","tau3_sd","tau4","tau4_sd","tau5","tau5_sd","tau6","tau6_sd"
0.986257677374638,0.0097660694292344,0.99999189903169,0.0097925681551146,0.549107389230614,0.00919365877829204,0.0559092843094616,0.0104164285365175,-0.1112829209651,0.00798509244747226,-0.898909857534242,0.0015180394747717,1,-0.635123096176929,-0.0307701935850765,0.0223918691007396,0.692803520845069,0.00937233513727264,0.691150885325719,0.00886244066085023,0.680106135843201,0.00935419590657482,0.704660851806266,0.0104279156426731,0.68385382059565,0.0125598449703171
