"beta1","beta1_sd","beta2","beta2_sd","omega_b1","omega_b1_sd","omega_b2","omega_b2_sd","omega_cov","omega_cov_sd","rho","rho_sd","conv_code","omega_cor","tau1","tau1_sd","tau2","tau2_sd","tau3","tau3_sd","tau4","tau4_sd","tau5","tau5_sd","tau6","tau6_sd"
1.00386932445424,0.00819949966596388,1.00286235251708,0.00784611242745287,0.561222128862732,0.00824863440955458,0.245819751623632,0.0100799256564686,-0.336903881783567,0.00751023694460149,-0.010916726547419,0.0116623885376951,1,-0.907047924147066,0.0185221343040626,0.0181455678709563,0.69087997542785,0.00758629785000037,0.693831589001257,0.0071162181132945,0.69545323504315,0.0078929266570439,0.69091376964102,0.0093534883888829,0.692180040930503,0.0115024990878953
