"beta1","beta1_sd","beta2","beta2_sd","omega_b1","omega_b1_sd","omega_b2","omega_b2_sd","omega_cov","omega_cov_sd","rho","rho_sd","conv_code","omega_cor","tau1","tau1_sd","tau2","tau2_sd","tau3","tau3_sd","tau4","tau4_sd","tau5","tau5_sd","tau6","tau6_sd"
1.0082730008539,0.0125579178768754,1.00906565520156,0.0131821160462179,1.00252002002159,0.0186698385371184,0.543595564568286,0.0240176504664219,-0.224961274409895,0.0155657789110746,-0.89880545973272,0.00173408727892504,1,-0.304735664379341,0.0424965255918845,0.0272051679355156,0.687894472365654,0.010461085761214,0.701403677695381,0.0100398532648329,0.67429047806712,0.0107769266370996,0.685502518210801,0.0117541658925751,0.698216681809749,0.0133413203786032
