"beta1","beta1_sd","beta2","beta2_sd","omega_b1","omega_b1_sd","omega_b2","omega_b2_sd","omega_cov","omega_cov_sd","rho","rho_sd","conv_code","omega_cor","tau1","tau1_sd","tau2","tau2_sd","tau3","tau3_sd","tau4","tau4_sd","tau5","tau5_sd","tau6","tau6_sd"
1.00917406965684,0.0102050931188692,0.997139130285667,0.0110192628589664,0.562559233735733,0.00999233836226792,0.245043207667008,0.0156017673025606,-0.219535016831202,0.0091587410239985,-0.60503623563915,0.0064879314082729,1,-0.591287011080951,0.029426836729197,0.0222217833646059,0.68556225707239,0.00986947458311948,0.695058846890851,0.00957290538530649,0.688639341035288,0.0104992615909623,0.686564979030219,0.011933548358602,0.693685969803818,0.0142128970741321
