"beta1","beta1_sd","beta2","beta2_sd","omega_b1","omega_b1_sd","omega_b2","omega_b2_sd","omega_cov","omega_cov_sd","rho","rho_sd","conv_code","omega_cor","tau1","tau1_sd","tau2","tau2_sd","tau3","tau3_sd","tau4","tau4_sd","tau5","tau5_sd","tau6","tau6_sd"
0.994574170955328,0.00786436313612612,0.986407418711604,0.00758988398311232,0.244971867580067,0.00630003313753855,0.0690057694387471,0.00660323079593689,0.112502553682737,0.00530187622952435,0.898154223261423,0.0021567513380766,1,0.86528977671953,0.0120825102674104,0.0288290364625517,0.685380984990365,0.00912245584468376,0.687268917524771,0.00822574150507271,0.686758200714993,0.0086616248318161,0.684401707723467,0.00997441766203246,0.689231979675246,0.0120723679083392
