"beta1","beta1_sd","beta2","beta2_sd","omega_b1","omega_b1_sd","omega_b2","omega_b2_sd","omega_cov","omega_cov_sd","rho","rho_sd","conv_code","omega_cor","tau1","tau1_sd","tau2","tau2_sd","tau3","tau3_sd","tau4","tau4_sd","tau5","tau5_sd","tau6","tau6_sd"
0.997378961939934,0.00702211267019928,1.00530711282406,0.00728159664928741,0.254154185751776,0.00382399262854057,0.0689803268613623,0.00694543480535572,-0.0393438502631594,0.00359060629600807,-0.299295228160707,0.00814958948134804,1,-0.297143066715248,-0.00647035026641009,0.0168479221812823,0.695797763802151,0.00746692513880997,0.686176150645548,0.00701509797457575,0.694884876805434,0.00773900835378793,0.686839690171528,0.0092306012195321,0.690773039774158,0.011478810933739
