"beta1","beta1_sd","beta2","beta2_sd","omega_b1","omega_b1_sd","omega_b2","omega_b2_sd","omega_cov","omega_cov_sd","rho","rho_sd","conv_code","omega_cor","tau1","tau1_sd","tau2","tau2_sd","tau3","tau3_sd","tau4","tau4_sd","tau5","tau5_sd","tau6","tau6_sd"
1.00498617506034,0.00590756143000025,1.0091738091602,0.0108935904877813,0.0624901414280006,0.00122642701036668,1.00847759526543,0.0220710906792894,0.228976881511963,0.00426050637845044,-0.293539083598046,0.009684077953179,1,0.912121631583184,0.0273127762315351,0.0162217343425578,0.682409735932674,0.00869046360820221,0.698027410545527,0.00752767020952079,0.68770504604183,0.0083426395877132,0.688819664887632,0.0100857322248922,0.707481679086961,0.0132156772963641
