"beta1","beta1_sd","beta2","beta2_sd","omega_b1","omega_b1_sd","omega_b2","omega_b2_sd","omega_cov","omega_cov_sd","rho","rho_sd","conv_code","omega_cor","tau1","tau1_sd","tau2","tau2_sd","tau3","tau3_sd","tau4","tau4_sd","tau5","tau5_sd","tau6","tau6_sd"
0.992953852830391,0.00633292040026845,0.994053167029305,0.0112364411916488,0.0627339547704585,0.00121003914851913,0.977442227601885,0.0234211531536463,-0.223144014310273,0.00437906196090718,-0.597072146090587,0.00573885845418442,1,-0.901131891088927,-0.00801933180271166,0.0175877446821824,0.684931066664089,0.00952208072062575,0.692726185500025,0.00806513910996445,0.677683274415781,0.00854306160020551,0.700301016730467,0.00978135553014263,0.694129716811248,0.0124729391418445
