"beta1","beta1_sd","beta2","beta2_sd","omega_b1","omega_b1_sd","omega_b2","omega_b2_sd","omega_cov","omega_cov_sd","rho","rho_sd","conv_code","omega_cor","tau1","tau1_sd","tau2","tau2_sd","tau3","tau3_sd","tau4","tau4_sd","tau5","tau5_sd","tau6","tau6_sd"
1.01438230659916,0.0115634549521325,1.0034187447667,0.0131712376142248,1.03235770477566,0.0191210255745485,1.04261232543326,0.0315366694343483,0.622417634806261,0.0182514781008368,-0.0226088137599299,0.0192866328924138,1,0.59993660325313,0.0189877467222807,0.0231665651679684,0.707091460373506,0.0097391556788459,0.700128980295883,0.0100478278408547,0.700278838740357,0.01116248734676,0.714017291672083,0.0127127532597995,0.687847554236408,0.0149870899683696
