"beta1","beta1_sd","beta2","beta2_sd","omega_b1","omega_b1_sd","omega_b2","omega_b2_sd","omega_cov","omega_cov_sd","rho","rho_sd","conv_code","omega_cor","tau1","tau1_sd","tau2","tau2_sd","tau3","tau3_sd","tau4","tau4_sd","tau5","tau5_sd","tau6","tau6_sd"
0.986493263570884,0.0086241412913047,1.00700159585969,0.00974347466476114,0.554993985339658,0.00862632223714995,0.575151627707558,0.0166071443942816,0.177325143269095,0.00833227540711444,-0.0142615139420013,0.0134959906646314,1,0.31385930196895,0.00197857347674705,0.0190718308369235,0.700414641702042,0.00765702766702707,0.689305770931149,0.00764381359607518,0.690913693530315,0.0086092931896025,0.695071539946639,0.0100285258915084,0.690094375260127,0.0122296108458586
