"beta1","beta1_sd","beta2","beta2_sd","omega_b1","omega_b1_sd","omega_b2","omega_b2_sd","omega_cov","omega_cov_sd","rho","rho_sd","conv_code","omega_cor","tau1","tau1_sd","tau2","tau2_sd","tau3","tau3_sd","tau4","tau4_sd","tau5","tau5_sd","tau6","tau6_sd"
0.9980670588996,0.00922773427957846,1.01688961649558,0.0105551739915463,0.572361372881576,0.0101009074612177,0.581890720014145,0.0187269475254001,-0.353840970315334,0.010081328425701,0.315406120171046,0.0205806452489864,1,-0.61312954402508,0.000821281998965199,0.0216706739201546,0.680360229698294,0.00884827860788197,0.701557640828654,0.00853275314987488,0.682001050409219,0.00973060340696555,0.717919273804472,0.0112568096942099,0.677198468786244,0.0139558750595228
