"beta1","beta1_sd","beta2","beta2_sd","omega_b1","omega_b1_sd","omega_b2","omega_b2_sd","omega_cov","omega_cov_sd","rho","rho_sd","conv_code","omega_cor","tau1","tau1_sd","tau2","tau2_sd","tau3","tau3_sd","tau4","tau4_sd","tau5","tau5_sd","tau6","tau6_sd"
1.00217214143317,0.00734015004819507,1.00823908856075,0.00962887482343941,0.247927430928555,0.00392054862516231,0.563106866782369,0.0162163828292994,0.10971860285483,0.00509091723021162,-0.307728934942822,0.00905211524863467,1,0.293644970644572,-0.00413995575907089,0.0177746996036919,0.69574043937356,0.00772182736958079,0.703005808856826,0.00731815115983476,0.698661845468391,0.00816315908610399,0.685982023477277,0.00961583405040749,0.696657148317178,0.0119057790211036
