"beta1","beta1_sd","beta2","beta2_sd","omega_b1","omega_b1_sd","omega_b2","omega_b2_sd","omega_cov","omega_cov_sd","rho","rho_sd","conv_code","omega_cor","tau1","tau1_sd","tau2","tau2_sd","tau3","tau3_sd","tau4","tau4_sd","tau5","tau5_sd","tau6","tau6_sd"
0.999975175330037,0.00617563553939553,0.992753511999617,0.00630409034981822,0.0606995480314586,0.00288980230993964,0.0642849168525055,0.00520588999518208,-0.0590324944670063,0.00286126494920707,0.903277284608865,0.00150070187682421,1,-0.945026230593217,-0.00899705526472659,0.027144391077899,0.693508233935196,0.00790749048329094,0.702957495517504,0.00683043669276635,0.690706962265285,0.00693574957751506,0.689035979146062,0.00781916091859871,0.690339655171403,0.0101134065493892
