"beta1","beta1_sd","beta2","beta2_sd","omega_b1","omega_b1_sd","omega_b2","omega_b2_sd","omega_cov","omega_cov_sd","rho","rho_sd","conv_code","omega_cor","tau1","tau1_sd","tau2","tau2_sd","tau3","tau3_sd","tau4","tau4_sd","tau5","tau5_sd","tau6","tau6_sd"
0.999497132384756,0.00561996677965053,0.998919556635217,0.0104826910743806,0.0647317742079866,0.00115997825295349,1.00238456696553,0.0214624753462618,0.226860656259504,0.0041122181336212,-0.602673640169443,0.0047861841842022,1,0.890601132447488,-0.0206006591922984,0.0144084863750614,0.697292836175816,0.00778061173820763,0.704097852436784,0.00690588081080911,0.695507487158293,0.00757369983619794,0.700557414664728,0.00889068892645658,0.705587979807549,0.011871351092518
