"beta1","beta1_sd","beta2","beta2_sd","omega_b1","omega_b1_sd","omega_b2","omega_b2_sd","omega_cov","omega_cov_sd","rho","rho_sd","conv_code","omega_cor","tau1","tau1_sd","tau2","tau2_sd","tau3","tau3_sd","tau4","tau4_sd","tau5","tau5_sd","tau6","tau6_sd"
1.0251820083959,0.0122595665778249,1.00259696689526,0.0140020195852867,1.00027269577325,0.019149286567291,1.0150245153319,0.0328554155013807,0.0274875548107077,0.0157961646846506,-0.3186909660148,0.0137035479344184,1,0.0272796400429979,0.0123405330412839,0.0248823945181052,0.697442101395516,0.0104304021917045,0.70442952107968,0.0104665545289104,0.712716045659065,0.0114077501098545,0.677731378124753,0.0131130092730183,0.686965310354673,0.0149607691830119
