"beta1","beta1_sd","beta2","beta2_sd","omega_b1","omega_b1_sd","omega_b2","omega_b2_sd","omega_cov","omega_cov_sd","rho","rho_sd","conv_code","omega_cor","tau1","tau1_sd","tau2","tau2_sd","tau3","tau3_sd","tau4","tau4_sd","tau5","tau5_sd","tau6","tau6_sd"
1.01874751874608,0.0139495971635169,1.02387464558293,0.0146341808301438,1.04739854104846,0.0253744983508934,0.266619083110603,0.0214385919183086,-0.159463379542212,0.0156962096091598,-0.047241528583193,0.0270328901315891,1,-0.301758398631577,0.0141104455596336,0.0274437739808618,0.708913829873633,0.0128875855176481,0.693635962867832,0.0130373449616942,0.705643646262717,0.0143932130701063,0.700422767233075,0.0165993818426997,0.713414056743829,0.0191370896566737
