"rho","beta_coef","Tfull","beta_sd_avg","omega_sd_avg","rho_sd_avg"
-0.9,1,5,0.0115181099459215,0.0153269601787797,0.00143295948960994
-0.8,1,5,0.0109617197568837,0.0150783321525369,0.00260326967893159
-0.7,1,5,0.0105512787877245,0.0147227588558199,0.00373990868163227
-0.6,1,5,0.0103423868313466,0.0146913605047839,0.0048630374058706
-0.5,1,5,0.0101732843045787,0.0146723857259639,0.00605682573990069
-0.4,1,5,0.0100421505180277,0.0145892862980873,0.00724765048347337
-0.3,1,5,0.00987646831060956,0.0144099688017852,0.00853637189034874
-0.2,1,5,0.00973068088910743,0.014200947027047,0.00944300045831717
-0.1,1,5,0.0096601469654376,0.0141838221749212,0.00999050773325076
