"beta","beta_sd","omega","omega_sd","rho","rho_sd","conv_code","tau1","tau1_sd","tau2","tau2_sd","tau3","tau3_sd","tau4","tau4_sd","tau5","tau5_sd","tau6","tau6_sd"
1.0260673026591,0.0161390122355743,1.00383427835282,0.0232764800467736,-0.900259711244312,0.00212691163396348,1,0.0927905371113751,0.0361962737940047,0.70255716999367,0.0132619284944657,0.675686001713468,0.0128056975467551,0.709792162262502,0.0134418802164966,0.722077326208713,0.0151411904641597,0.70763403608402,0.0184687700614313
0.979152874801218,0.0160213386238404,0.981825899311983,0.0230444972260881,-0.902010494273606,0.00212177968094747,1,-0.0543620487315341,0.0359499332515946,0.707680943123067,0.0132214732190448,0.67777988331396,0.0128634389720078,0.687772190902606,0.0136574473210934,0.705838820316331,0.015353420499889,0.724260710579508,0.0178164511598007
1.01465930548468,0.016167880149814,0.991178096704665,0.0234052046887933,-0.898863872150735,0.00217691895714972,1,-0.00602894121944943,0.0355636422364996,0.69151128495856,0.0130692274673066,0.71034443864222,0.0126726797288914,0.677630813110746,0.0137309863836447,0.701665526453989,0.0156170405121631,0.690712658290938,0.0185348984271375
0.97518881188646,0.0158278677777247,0.981218101944554,0.0230404199744795,-0.898138700088653,0.00217007087415639,1,-0.0551715291685305,0.0346471141723421,0.69877100202705,0.0130577618703435,0.680209426959194,0.0128159412627835,0.672234546339134,0.0136992025798271,0.694560288313273,0.0155327637764029,0.722771612216746,0.017880270078328
0.987817441405725,0.0161941492748064,1.00835306020162,0.0235430707062452,-0.900920690339781,0.00211495176596523,1,-0.0223057933163985,0.0356758139200821,0.696975595354734,0.0131974544269013,0.701984283769703,0.0128170684003785,0.673209733342906,0.0138363669143911,0.689275341168112,0.0153885585633792,0.699380421032332,0.0183420724981224
