"beta","beta_sd","omega","omega_sd","rho","rho_sd","conv_code","tau1","tau1_sd","tau2","tau2_sd","tau3","tau3_sd","tau4","tau4_sd","tau5","tau5_sd","tau6","tau6_sd"
1.01990183509691,0.0157487566889486,1.00605230872202,0.0240100386313618,-0.41157688424664,0.0133600619464842,1,0.0329642935430794,0.031295737627671,0.704780468349791,0.0132411410658239,0.667134367489164,0.0135881581219939,0.729545455030773,0.0147835695379326,0.716065554137344,0.0171239312044967,0.669593506261511,0.0208128659333866
1.02651364447507,0.0157016079941122,0.984187418220937,0.0233849464185786,-0.41764949536047,0.0132193176070589,1,0.00966765865425903,0.0309013745872648,0.701955213784019,0.0130250280729628,0.717698855983429,0.0132809090029392,0.693165150774409,0.0148863132489651,0.702584380246696,0.0170909363913508,0.709269203758955,0.0201674050311553
1.00212092790253,0.0159180700482512,1.04817483246292,0.0251466832308197,-0.406129449890906,0.0134815451198787,1,-0.0146974223397325,0.0311359894681701,0.685321291424464,0.0131372957212038,0.706751566028652,0.0135166597529737,0.68693042742916,0.0152948891302817,0.723499170889753,0.0171487577121694,0.670660005889058,0.0209855728562515
0.99252947772501,0.0152508729472576,0.96232547012566,0.0227236134847436,-0.428131695081981,0.0129863319367501,1,-0.00194687880309932,0.0309060045799561,0.697255746953161,0.0130603213926133,0.696828065457067,0.0132319145314008,0.710231781549213,0.0148415039324933,0.686369859718631,0.0171726305486589,0.683835493910442,0.0203417068428287
1.01776650315208,0.0159720251200841,1.04074062824833,0.0250600407617901,-0.424440947798667,0.0131726687126831,1,-0.000773408893250931,0.031284310375054,0.706003201448691,0.0133803270588494,0.716927259124925,0.0134225229773578,0.739953303379225,0.0148315347819518,0.700563806112615,0.0173126552696475,0.724010727720989,0.0204701230498477
