"beta","beta_sd","omega","omega_sd","rho","rho_sd","conv_code","tau1","tau1_sd","tau2","tau2_sd","tau3","tau3_sd","tau4","tau4_sd","tau5","tau5_sd","tau6","tau6_sd"
0.988321548990845,0.0183484263549897,1.00598035235885,0.0324356101919816,0.0838569957981347,0.0352469605373946,1,-0.0313725202878575,0.0367186292738653,0.702999632144388,0.0164165496278937,0.695958642063929,0.0170795209604465,0.67203472396001,0.0198338979502802,0.707171229277753,0.022635849241581,0.65740806670885,0.0265900020235953
1.00957674119479,0.0183409961777316,1.03841451707578,0.0333363474210706,0.0689418492932977,0.0355808970423922,1,0.000979704991084947,0.0360320330679563,0.697013006009182,0.0162129544792066,0.700525231021575,0.017627492405555,0.701927670038001,0.0195818288230894,0.683604698040147,0.0226522555028853,0.688463541204101,0.0264466393338554
0.996006960799342,0.0182882744056859,1.01923806158909,0.0327680398735423,0.111090401347417,0.0364497930334658,1,-0.00419901955811842,0.0357434634826301,0.674277942769337,0.0164255489320835,0.669065071013605,0.0173690908056724,0.713282676664816,0.0196859996405905,0.707056743349989,0.022088433773966,0.657671315406666,0.0265064556937473
1.01272786886135,0.0187048653285873,1.04964869393769,0.0336092819359705,0.0756764116371282,0.0364140991537158,1,-0.0249370057561112,0.037666280397181,0.692841476211501,0.0168206239337283,0.709538901055404,0.017353705834343,0.700897299111882,0.0194880050169911,0.715214597545845,0.0220089743533829,0.701223982135051,0.0267658970726458
1.02527970898248,0.0186110479720089,1.03776282385736,0.0338273321525381,0.0676303612320787,0.0371231519471996,1,-0.00754909541571716,0.0358824977166165,0.719933602843235,0.0163993923277775,0.681220799198718,0.0177913821224967,0.7332804602812,0.0203934765739281,0.725357929289614,0.022180024688526,0.657705957769769,0.0260604207028877
