"beta","beta_sd","omega","omega_sd","rho","rho_sd","conv_code","tau1","tau1_sd","tau2","tau2_sd","tau3","tau3_sd","tau4","tau4_sd","tau5","tau5_sd","tau6","tau6_sd"
0.983768931233142,0.0197829935084292,0.983560499617712,0.0348693379074641,-0.372830162773657,0.0222453963411824,1,0.00758860168226763,0.0363790263684782,0.668861197333123,0.018695904621164,0.699360281523953,0.0196000974271693,0.671495410903874,0.0216866132727355,0.664486778461998,0.0244180763811429,0.65958591424476,0.028529097893428
0.974774339060502,0.0206521488536495,1.00354612170535,0.0362903858835053,-0.415686354291412,0.0211452583988541,1,-0.0347918787721682,0.0378349764658448,0.678284902869968,0.0188937495098262,0.704923924187248,0.0202721293547197,0.677192160079975,0.0223675734076224,0.697705267755098,0.0246501363902388,0.737821784429833,0.0283581673982471
1.04906048485547,0.0216096809954846,1.02039664584663,0.0370614066031399,-0.395800987406417,0.022255976865479,1,-0.0118739671469766,0.0386340760946245,0.72825490123288,0.0190089459300655,0.701126912496239,0.0201027745423579,0.719534868150373,0.0222732466678361,0.672896199463594,0.0246295833831269,0.659105773420093,0.0282833911229676
0.963939400016798,0.0200921834363503,0.96904291088861,0.034576578246018,-0.396968209092122,0.0215517226241772,1,-0.0363234887599535,0.0374307452080763,0.676804209234318,0.0189763161968992,0.687878842001468,0.019245571523677,0.686657611998598,0.0221067547549681,0.680687655480373,0.02493477740113,0.712359827592061,0.0282925741286218
1.00566093250428,0.0213970610037487,1.03559541413398,0.0378799876692974,-0.419144893016679,0.0218144186116683,1,-0.0446194601238351,0.0391722572627077,0.694150206018064,0.0195610728831148,0.730551994576302,0.0201562094491397,0.704022189333248,0.0220313152193373,0.695219282472667,0.0251587079959117,0.693286560466242,0.0283450473125366
