"beta","beta_sd","omega","omega_sd","rho","rho_sd","conv_code","tau1","tau1_sd","tau2","tau2_sd","tau3","tau3_sd","tau4","tau4_sd","tau5","tau5_sd","tau6","tau6_sd"
1.01922395236557,0.0148344660747446,1.03143217393856,0.0242979750571951,0.206579246505995,0.0268090860464493,1,0.0242603822472801,0.0297441413593619,0.701741461735117,0.012039317953346,0.684298459050682,0.0125572883890571,0.673490050681019,0.0144658427644593,0.715428891762702,0.016391622182899,0.715188669212799,0.0195332089276808
1.01460505140749,0.0148446175152634,1.02145807628682,0.0242970570627922,0.176568507261817,0.0262705226553265,1,-0.0150236473272574,0.029787809889832,0.708497459030473,0.0121017909307079,0.696980371653765,0.0127415118787728,0.711790695077488,0.0145598772340551,0.691904675506063,0.0169811880094741,0.697589363372854,0.0189591780865677
1.02757558787543,0.0149598189063974,1.02718642913042,0.0244821851111643,0.190085711215952,0.0260289220217323,1,-0.0135962371795895,0.0304941168189868,0.701053016782657,0.0123719867860235,0.712858709585925,0.0124571636733215,0.690015917257469,0.0144130016824863,0.739204745670799,0.0162057580495092,0.697145828195793,0.0203421100238655
1.00801557148379,0.01474713871096,1.02169882710331,0.0241260393636156,0.192155330367088,0.0260918636459536,1,-0.0202616718744049,0.0302079188651119,0.690918030999846,0.0122534944273049,0.70231993725984,0.0125457856990407,0.697734490104793,0.0140165228128216,0.71667422545663,0.0164291781808369,0.692870906720629,0.0203223897795138
1.0178428477155,0.0148948832240939,1.01372512272681,0.0239543947309224,0.154567823291767,0.0258129062111263,1,0.0113841683252848,0.0297939656205273,0.709768964839392,0.0120303480576105,0.713441203950008,0.0124548134770794,0.680499795079376,0.0146910727351272,0.721266259396433,0.016589446569701,0.713445117158418,0.0196373596242044
