"beta","beta_sd","omega","omega_sd","rho","rho_sd","conv_code","tau1","tau1_sd","tau2","tau2_sd","tau3","tau3_sd","tau4","tau4_sd","tau5","tau5_sd","tau6","tau6_sd"
1.00631568395114,0.0157721237194863,0.971877372079286,0.0232479513174584,-0.506064708687888,0.011541356841639,1,0.00712500298728469,0.0315442930988201,0.699967966449278,0.0131396192486456,0.693805896364756,0.0135439856067062,0.700438420799783,0.0150400824790217,0.683164660190793,0.017567972621602,0.696106462650742,0.0204963022752088
0.992151361388017,0.0157759273887019,1.00629160748239,0.0239884307649467,-0.504276019957602,0.011207642488558,1,-0.0288038235756034,0.0318235902559148,0.688781817345129,0.0132361736661703,0.700318754171829,0.0133603244181857,0.699572462351263,0.0151861158846394,0.655320314241587,0.0176846122943666,0.689811270371106,0.0204276499878177
0.989483989997163,0.0162160833643921,1.0374901958309,0.0252796361566589,-0.491822566006607,0.0118016018605212,1,-0.0100326290435326,0.0321090054529142,0.701471240334243,0.0133279558757964,0.693500659787428,0.0137939644024127,0.689797787347348,0.0156669102798597,0.675438814236819,0.0177228486330906,0.686317034818038,0.0201438000426106
0.983741782086616,0.0158110696220989,1.01704126925397,0.0246054159852306,-0.504700632132002,0.0115028684806504,1,-0.0647094587554726,0.0310861963761235,0.722510953028638,0.0131788088968315,0.686205571488666,0.0137506455614173,0.685613381589418,0.0152541223608194,0.688459055807277,0.0174384571250522,0.704235576796304,0.0203323983617964
0.963612505392803,0.0154824577672311,0.975782886955507,0.0236528197707594,-0.48245350951369,0.0119905599491599,1,-0.042436938654475,0.0313922104085253,0.688469572451195,0.0134394417598898,0.663884170017253,0.0138784854087906,0.684210504702239,0.0152765366961453,0.672717787662418,0.0171861589272445,0.684940910347875,0.0201599686853046
