"beta","beta_sd","omega","omega_sd","rho","rho_sd","conv_code","tau1","tau1_sd","tau2","tau2_sd","tau3","tau3_sd","tau4","tau4_sd","tau5","tau5_sd","tau6","tau6_sd"
1.01069328099145,0.0144183001913372,1.00055826790817,0.0214250981660542,-0.42018679377215,0.0107988618963706,1,-0.0165477905290916,0.027122220039396,0.70066964832336,0.0111602211782042,0.691766830389765,0.0113329911490284,0.697327676487684,0.0127668026882941,0.694062284414477,0.0146512172556482,0.716077717463273,0.0171568471933316
1.01887228799971,0.0141491723657565,0.982764670808421,0.0208075562143215,-0.39298925875088,0.0110716063572483,1,0.0333929768175994,0.0266000155468557,0.693066218160286,0.0110621074692511,0.680890604048355,0.011242188214468,0.693352163890977,0.0124771204175025,0.685511811984983,0.0143934242207513,0.681159299406585,0.0174492638587657
1.01386930199265,0.0145061303905825,1.0161115535092,0.0219621627036824,-0.398464534736269,0.0112362780717496,1,0.0258411825575412,0.0275953580030201,0.694842584591034,0.0112407564393555,0.697687907047744,0.0113662251734917,0.693563284397747,0.0129366350228219,0.702783833300607,0.0148330895379664,0.696432984563986,0.0172808166128029
1.0032953521523,0.0143956965061205,1.00074331831388,0.021603553852717,-0.376866700426895,0.0116494863363118,1,0.0196740047829077,0.0269264221214833,0.670139143435703,0.0113291193687129,0.676342319928128,0.0114208818356137,0.685457418431901,0.0127226417461129,0.67561065833074,0.0147382721786503,0.690884467021431,0.0175172590401742
0.967784343633586,0.0141850125275631,0.977285307095942,0.0210411694154857,-0.392567207359383,0.0112111222818581,1,0.0319250809775965,0.027700317848078,0.659773446074425,0.0111329645318569,0.720097007933478,0.011099592109119,0.666315714522762,0.0130120686916442,0.70223881682684,0.0148492218634721,0.671568128879465,0.0177328700463952
