"beta","beta_sd","omega","omega_sd","rho","rho_sd","conv_code","tau1","tau1_sd","tau2","tau2_sd","tau3","tau3_sd","tau4","tau4_sd","tau5","tau5_sd","tau6","tau6_sd"
0.96272605397502,0.0243409134262187,0.88608964235918,0.0405548095698487,-0.784328179125058,0.0094562031578667,1,-0.0297524008732749,0.0422630479762527,0.670540016141056,0.0241702311098844,0.646260848302616,0.024799653874387,0.661639189020121,0.0259005295529466,0.673393273458032,0.0284746039168277,0.681234736438275,0.0321178979559746
1.00870243645759,0.0266872062445809,1.0151843115414,0.0490452689135947,-0.802350542454019,0.00916284124711892,1,0.00420764630512918,0.0438738769437188,0.694794884101036,0.025206982479064,0.725633818525713,0.0256512540801943,0.691287245847069,0.0276725928275917,0.688996437031071,0.0297687385526225,0.743740683742697,0.0326193148598159
0.989830518165881,0.0255808198836608,1.00093515425541,0.0470498328315282,-0.797183797664825,0.00923407663683662,1,-0.0378809346266084,0.0425655212413971,0.700884757766091,0.0246849676346693,0.705436140328951,0.0249902777475682,0.669547179818565,0.0269115056761664,0.672679445611426,0.0296948466795411,0.693590635352259,0.0327444961240552
1.0499212422929,0.0276028144675852,1.00831360258268,0.0486386800332939,-0.798888884668059,0.00941792504719872,1,0.110358518142582,0.0445902534951682,0.700394231135847,0.0254738605680056,0.685450514059267,0.0259207900324581,0.695359497738026,0.0272660788373393,0.675702526436374,0.0295649038390637,0.745427186449043,0.0322242607854086
1.02903608507524,0.0273693278625347,1.03403752545425,0.0497227669425151,-0.803742757829667,0.00923804659669294,1,0.0427549058425053,0.0465644216704784,0.699287203654474,0.0257118679504545,0.714098189740106,0.0259183879842408,0.691998545563962,0.0270697321113199,0.699140054104169,0.0294509212336584,0.685691289060304,0.0329065197714785
