"beta","beta_sd","omega","omega_sd","rho","rho_sd","conv_code","tau1","tau1_sd","tau2","tau2_sd","tau3","tau3_sd","tau4","tau4_sd","tau5","tau5_sd","tau6","tau6_sd"
1.00631568395114,0.0157721237194863,0.971877372079286,0.0232479513174584,-0.506064708687888,0.011541356841639,1,0.00712500298728469,0.0315442930988201,0.699967966449278,0.0131396192486456,0.693805896364756,0.0135439856067062,0.700438420799783,0.0150400824790217,0.683164660190793,0.017567972621602,0.696106462650742,0.0204963022752088
