"beta","beta_sd","omega","omega_sd","rho","rho_sd","conv_code","tau1","tau1_sd","tau2","tau2_sd","tau3","tau3_sd","tau4","tau4_sd","tau5","tau5_sd","tau6","tau6_sd"
0.980990088814018,0.0151598614581656,1.02051210456832,0.0228384727200276,-0.70517923904807,0.00574919043056567,1,-0.0194730197723616,0.0301361866566576,0.704971355038145,0.0118926840090615,0.691359570980044,0.0118527082028634,0.679670042032458,0.0133278677122829,0.727538291286563,0.015110031459191,0.707378380757237,0.0184967079603031
