"beta","beta_sd","omega","omega_sd","rho","rho_sd","conv_code","tau1","tau1_sd","tau2","tau2_sd","tau3","tau3_sd","tau4","tau4_sd","tau5","tau5_sd","tau6","tau6_sd"
0.98804459676778,0.0142108225788611,1.02688790857702,0.0241809369421288,0.804591859442896,0.00852172012011509,1,-0.00166002648741056,0.0347894043750141,0.686398264264965,0.0114534041814452,0.707206464481734,0.0107781401896133,0.669238824644006,0.0120991641906584,0.701047303880626,0.0136710000986938,0.70527506223114,0.0164154312615339
