"beta","beta_sd","omega","omega_sd","rho","rho_sd","conv_code","tau1","tau1_sd","tau2","tau2_sd","tau3","tau3_sd","tau4","tau4_sd","tau5","tau5_sd","tau6","tau6_sd"
0.991191856476789,0.0152171233500819,1.01628105179649,0.0237110047209453,-0.308912656344504,0.0151543454071242,1,0.0266164689505587,0.0300861306266806,0.688307434377106,0.0127995725868278,0.704291081194055,0.0131150488959341,0.682433907159677,0.0147344062434506,0.683435199444687,0.0172205917016071,0.663047076359432,0.0201803714092197
0.992364915041234,0.0154685767688364,1.02581624822098,0.0241910322058611,-0.33489836550435,0.0150441810037228,1,-0.0333464577940022,0.0305711561500732,0.71248624560798,0.0127635628729476,0.707691621891527,0.0133416474889295,0.702126342273385,0.0148095000114656,0.697001886859352,0.0172447204990393,0.718160269691939,0.0199876727190967
0.966410224833995,0.0150975893244074,0.985133096876645,0.023514263383774,-0.282947467814858,0.0161668360653378,1,-0.0241548939707385,0.0293852416729333,0.688061567718887,0.0127009571104251,0.683293070036375,0.0132635507396916,0.708596077849401,0.0147720026232815,0.681035274806089,0.0176194261208332,0.677960453527332,0.0207768155262778
1.01971926824056,0.0155510281966543,1.00661559440599,0.0239451054510165,-0.324322890931795,0.0155686240500757,1,0.00707819137356012,0.0303459177893283,0.693321344514794,0.0129648584222365,0.685554050119616,0.0132679163790382,0.723379280093916,0.0146737849997771,0.689961361415174,0.017496041774229,0.710280764189911,0.020162242662912
1.01546152911528,0.0153994266611415,0.993509404808728,0.0235642765403609,-0.27979670516406,0.0160306098400841,1,-0.00390866697229506,0.0305744557197166,0.687401123007022,0.0129380018907049,0.690527316179194,0.0131476743069041,0.688269944769729,0.0146461995127775,0.676929069880998,0.0170456525954722,0.692777651682624,0.0200783178941864
