"beta","beta_sd","omega","omega_sd","rho","rho_sd","conv_code","tau1","tau1_sd","tau2","tau2_sd","tau3","tau3_sd","tau4","tau4_sd","tau5","tau5_sd","tau6","tau6_sd"
0.992646810490211,0.0193769792151718,0.976175832840753,0.0332630735100121,-0.189585986037634,0.0283625784591281,1,0.0472387601972463,0.0367642860058404,0.65643115013117,0.0179899376212928,0.692615050252382,0.0185734263316994,0.674292186128438,0.0207173357967143,0.704052957038389,0.0237169520462424,0.702605971630757,0.028027077176258
0.995783046137089,0.0193474076394564,0.988687762706273,0.0335819152828485,-0.17655747882613,0.0282861791090977,1,0.0228689111395755,0.0365085358026344,0.675191863348781,0.0178746502909656,0.662199873073842,0.0188010547680093,0.675319135725811,0.0208815881934539,0.716269854894434,0.0235876317361095,0.680760247223227,0.0272637523590912
0.991638511886027,0.0195788424710748,0.982163695369719,0.0339687525602138,-0.207541544969199,0.0281890512616053,1,2.03995957983622e-05,0.0364125631195861,0.70914565467043,0.0181001673137601,0.681164371722325,0.0190284817499646,0.679486536844014,0.0211292385302426,0.646582675145307,0.0241152192254774,0.69532586405437,0.0271598149087321
1.02177563724761,0.0198920245561523,0.999167364453215,0.0341652268555747,-0.201909340716042,0.0280319594122619,1,-0.00692997947639672,0.036440680462576,0.711238554849076,0.0177467982871258,0.692236171830169,0.0188379320938261,0.702717211727616,0.0209386838005,0.677133004956066,0.0235562765406635,0.666121642166725,0.0277193644799135
1.01935033901927,0.0193706532368397,1.00481322731506,0.0340486743350621,-0.172730559537446,0.0285979296125283,1,0.0281751832794966,0.0364743680911009,0.683139984020437,0.0178780718448701,0.680722589874123,0.0188291917938036,0.707408639572802,0.0207112274746472,0.710633423186981,0.0227052539857642,0.681923422721343,0.0267906532258458
