"beta","beta_sd","omega","omega_sd","rho","rho_sd","conv_code","tau1","tau1_sd","tau2","tau2_sd","tau3","tau3_sd","tau4","tau4_sd","tau5","tau5_sd","tau6","tau6_sd"
1.03793774675506,0.0142031060062103,1.03421304005915,0.0217830914273984,-0.238757894350228,0.0136435228570465,1,0.0165123029454834,0.0265519562512052,0.711088550176217,0.0108030712638184,0.728687197933569,0.0108709502633167,0.685815849224466,0.0127599591667991,0.727327031311516,0.0140867514804007,0.710112864328376,0.016794753116497
1.01141794342762,0.014027354875564,1.02957446984498,0.0216355925850602,-0.199173979064109,0.0143828374215285,1,-0.00713938516261987,0.0262470262708971,0.698211194986303,0.0108285617074551,0.698076532480107,0.0109581026538747,0.692280474250986,0.0123579301330219,0.699988800522161,0.0142266028431935,0.681353514921884,0.017202810780543
NA,NA,NA,NA,NA,NA,99,NA,NA,NA,NA,NA,NA,NA,NA,NA,NA,NA,NA
0.973048390942521,0.0138368586703656,0.989693035271873,0.0208269215253228,-0.18984409320703,0.0147301346997637,1,-0.0533383208646106,0.0261667127649621,0.694327263535643,0.010715668649731,0.685683395132781,0.0108643779904539,0.678008715202318,0.0124806650731661,0.684698234011403,0.0143615231129775,0.698000440176159,0.0169695814550336
1.00157444614512,0.0141895274001755,1.04539328599524,0.0222138565114476,-0.213380797326875,0.0145077750700281,1,0.00992454513090393,0.0265086285254641,0.70045268913234,0.0107521252279348,0.695226477847231,0.0109842333006933,0.694003196001974,0.0127147100033777,0.682234661040203,0.0146734385234007,0.708526373827549,0.0172203389779139
