"beta","beta_sd","omega","omega_sd","rho","rho_sd","conv_code","tau1","tau1_sd","tau2","tau2_sd","tau3","tau3_sd","tau4","tau4_sd","tau5","tau5_sd","tau6","tau6_sd"
0.977841299465663,0.0178869292366674,1.0207384574651,0.0338586770555538,0.888191185136756,0.00578036754193462,1,-0.0921915801560018,0.0493111801266618,0.66908450993979,0.0174252415154565,0.67813565300059,0.0164240526290098,0.691453652386732,0.0174773977244437,0.662791618762568,0.0209685086155391,0.720908751963389,0.0235352017096123
1.00538068027687,0.0179008350744607,0.952122081924944,0.0317304253489447,0.909144812885896,0.00421222845388766,1,-0.00444183066470198,0.0518724317109945,0.712373139684057,0.0178427308183088,0.709313204738189,0.0166756148224698,0.691013599136896,0.0176475053976263,0.703819065849502,0.0200459370112533,0.710339361001619,0.0236462361920633
0.989427826414334,0.0180485991144841,1.0125387371482,0.033862255584192,0.897498814488078,0.00496171124004764,1,0.0229923232930071,0.0515170393567557,0.696796179805607,0.0173498197342682,0.685247842435353,0.0168680682472589,0.671678377249107,0.0180084492351048,0.682601069067527,0.0198389737296052,0.680659633563121,0.02431226004235
0.98617060039385,0.0180883176292701,1.02258502263027,0.034469027082795,0.898860818957398,0.00494117883550407,1,-0.0276746340248593,0.0516668649599089,0.699948889092504,0.0176414620876409,0.698743434449286,0.0168598818339793,0.682165431379817,0.0181462987762973,0.712932410099151,0.020556272163397,0.705341538042867,0.023652112891802
1.02492218324905,0.0186187638659073,1.0404255613006,0.0355498884955461,0.900392857164303,0.00488242035199294,1,0.0123539509050855,0.0518117368160122,0.673486850397182,0.0181064744988329,0.698947727723419,0.0170354219391288,0.727727504235438,0.0179651664427845,0.712643208412004,0.0206037497401869,0.769151371972901,0.0248170758646606
