"beta","beta_sd","omega","omega_sd","rho","rho_sd","conv_code","tau1","tau1_sd","tau2","tau2_sd","tau3","tau3_sd","tau4","tau4_sd","tau5","tau5_sd","tau6","tau6_sd"
0.992575973800363,0.0134902166310865,0.996672390015162,0.0214701830392634,0.511159391434565,0.0208410932302178,1,-0.0392308542830094,0.0280565689085307,0.701040097966812,0.0103976489927646,0.706705005216613,0.0104484975608428,0.681328681416153,0.01188641721919,0.707955275430641,0.0138152994029095,0.676021871984195,0.0169951555539933
0.998783368495796,0.0133877074336968,0.986081307124282,0.0210490650579201,0.441638302627329,0.0212289757686134,1,-0.020473397514905,0.0272526744320149,0.702779558130319,0.0102895352128546,0.691088012293977,0.0103609594216925,0.690630041936103,0.0120097754921774,0.693892201121705,0.0137507730326881,0.689313258719576,0.0166194631089588
0.99299257793244,0.0135346089628437,1.00592383537025,0.0215160170543893,0.521483454661218,0.0207900003666592,1,0.00255434211056666,0.0282357871609505,0.689202417316773,0.0106102520315165,0.706341345467331,0.0102468060981997,0.68788494726125,0.0120574137917957,0.68845408399509,0.0139666788973226,0.661379541756874,0.0164650981848047
1.00824501950734,0.0137310597806081,1.03945273523695,0.0223513202496083,0.524597571909878,0.0210434269282648,1,0.0182000669671534,0.0287304884196041,0.695041517705065,0.0103964687805409,0.687068786240548,0.0104755599104874,0.706037956505612,0.0118552678086308,0.695285165609722,0.0138468916325231,0.706824261684029,0.0165427388250948
1.02177457078779,0.0135609133056,0.998003345749083,0.0215262185783543,0.520416082071472,0.0208748562113555,1,0.0510072246471078,0.0284852631335997,0.702470161321877,0.0103219120473461,0.689412829279308,0.0104885249805513,0.709596512086509,0.0116925121007565,0.683813779103504,0.0140705553749329,0.685135066230027,0.0169152807042016
