"beta","beta_sd","omega","omega_sd","rho","rho_sd","conv_code","tau1","tau1_sd","tau2","tau2_sd","tau3","tau3_sd","tau4","tau4_sd","tau5","tau5_sd","tau6","tau6_sd"
0.995111413487138,0.0168653036873339,0.97320218699274,0.0298015159463207,0.367405023651288,0.0396027114296466,1,0.0125779048141371,0.0364152322777965,0.693387613715223,0.0150422909518321,0.668448239512392,0.0163669833278071,0.698069835872037,0.0182295342599015,0.69198396618445,0.0213980524652765,0.645357276979334,0.0249800466168597
0.997229752595994,0.0175151311672639,1.02024884141366,0.0316226603082195,0.314933445353966,0.0407231572511812,1,0.0283367384203845,0.0374606672158937,0.696417878517253,0.0155438590136747,0.691304228723939,0.0164645506942546,0.712488856773307,0.0186434932016021,0.691738362692346,0.0215237918171069,0.698277857881411,0.0258083321288261
0.995199042121924,0.0174159195981922,0.980542498378545,0.0307207125821996,0.336926752308122,0.0404618540843117,1,-0.0191235297798184,0.0369710228234315,0.684989243138359,0.0156026705385608,0.68002843034079,0.0160534814649397,0.681407836049316,0.0192405821217828,0.714053909923451,0.0209666053955713,0.690844735286737,0.0254165072326269
1.0180888259881,0.0170128433616233,0.978702301330964,0.0296860912978537,0.355614767186369,0.0385703315170125,1,0.0747243902925512,0.036609158512314,0.685438607919089,0.0151823522916052,0.689078982473796,0.016440364776195,0.70717672039344,0.0186103984264081,0.696140001800925,0.0210005614820387,0.678763907188848,0.0254416362797612
1.00403088450248,0.0179340747170553,1.03597956095157,0.0325610409768442,0.306385597205804,0.0414887814863298,1,-0.0208239955748726,0.0375223805116019,0.678692449317776,0.0155412574326361,0.678903481828714,0.0167640380846215,0.714995279203024,0.0191766668084025,0.736534498769438,0.0212524687016944,0.675882005774523,0.0261788785223037
