"beta","beta_sd","omega","omega_sd","rho","rho_sd","conv_code","tau1","tau1_sd","tau2","tau2_sd","tau3","tau3_sd","tau4","tau4_sd","tau5","tau5_sd","tau6","tau6_sd"
1.00584167459162,0.0142100128602428,0.969400161827654,0.0231117851848051,0.508151228952051,0.0264231318897689,1,0.0180465497076377,0.0310502859705567,0.706151896989323,0.0116833493140109,0.683172575557076,0.0121201980538263,0.668745846025833,0.0140975485402518,0.659124348891002,0.0165263891450868,0.7451739454641,0.0186295074717281
0.9987515280825,0.0143783281715468,0.989022890984126,0.0238462802484704,0.466386006046148,0.0284714522846341,1,0.00712533333997962,0.03120113552745,0.676549541335581,0.0120352314588541,0.697480897548555,0.0121301921803886,0.684887077186997,0.0138564783872215,0.692249575004665,0.0163507046339403,0.691114846914961,0.0196189901036126
1.00353103504427,0.0144512157329034,1.01441752158218,0.0243064945206541,0.454352525115574,0.0274803769152576,1,-0.0342967649142918,0.0310037322545237,0.708386466020119,0.0118183232996732,0.692510761780183,0.0122408217119499,0.720166771752441,0.0139382489047586,0.681591865906506,0.0164898437120339,0.702588834911595,0.0197450755860555
1.00627252346864,0.0145508447720231,1.03819215933203,0.0248434398387327,0.523980947621886,0.0263514149813822,1,0.0112909652929781,0.0317738568200617,0.704990464394042,0.0118808908781607,0.707947038394568,0.0121057945990628,0.704826319018331,0.0139477100829005,0.705651180943671,0.0164590190288441,0.699364921677268,0.0192530279204301
0.995252238867318,0.0143382269356019,1.00956667722032,0.0240575063018122,0.534145188795721,0.0249574116157957,1,0.02212294468498,0.031933001634513,0.690221295616666,0.0121485793390565,0.719562022502041,0.0118682106813911,0.660065691850353,0.0142076781500431,0.705583295333087,0.0162165910165509,0.720027804303781,0.0190021127155544
