"beta","beta_sd","omega","omega_sd","rho","rho_sd","conv_code","tau1","tau1_sd","tau2","tau2_sd","tau3","tau3_sd","tau4","tau4_sd","tau5","tau5_sd","tau6","tau6_sd"
1.01990183509691,0.0157487566889486,1.00605230872202,0.0240100386313618,-0.41157688424664,0.0133600619464842,1,0.0329642935430794,0.031295737627671,0.704780468349791,0.0132411410658239,0.667134367489164,0.0135881581219939,0.729545455030773,0.0147835695379326,0.716065554137344,0.0171239312044967,0.669593506261511,0.0208128659333866
