"beta","beta_sd","omega","omega_sd","rho","rho_sd","conv_code","tau1","tau1_sd","tau2","tau2_sd","tau3","tau3_sd","tau4","tau4_sd","tau5","tau5_sd","tau6","tau6_sd"
1.00020822511499,0.0137531859029788,1.0238728118709,0.0222766040806327,0.596678900235897,0.0192998795245172,1,-0.0287134854539356,0.0295981771205446,0.689266012605642,0.0106196242306578,0.703718710099171,0.0102486978281435,0.695532962196513,0.0119719081457442,0.689586176910986,0.0141531777392842,0.71279523086233,0.0166777942443029
