"beta","beta_sd","omega","omega_sd","rho","rho_sd","conv_code","tau1","tau1_sd","tau2","tau2_sd","tau3","tau3_sd","tau4","tau4_sd","tau5","tau5_sd","tau6","tau6_sd"
0.975136413724667,0.0176691114058424,0.99224040520665,0.0262833918143554,-0.898526478108786,0.00258564919518686,1,-0.0580098292844523,0.0397705506614012,0.685325098885481,0.0155555715622264,0.685727501786763,0.0151515750175327,0.699989301126612,0.0160948783762811,0.702475139689981,0.0183622038382603,0.703844078393483,0.021174658120673
