"beta","beta_sd","omega","omega_sd","rho","rho_sd","conv_code","tau1","tau1_sd","tau2","tau2_sd","tau3","tau3_sd","tau4","tau4_sd","tau5","tau5_sd","tau6","tau6_sd"
1.00652958998507,0.0139407679365469,1.02763744625883,0.0216986269659285,-0.0837824460900937,0.0163225393443059,1,0.0227378978785101,0.0263993043687711,0.687432640323453,0.0107468723756824,0.684243141397789,0.0108702529824024,0.700300427130075,0.012425257946989,0.686328903427085,0.0145955980276264,0.708510730457724,0.0169257529122544
NA,NA,NA,NA,NA,NA,99,NA,NA,NA,NA,NA,NA,NA,NA,NA,NA,NA,NA
1.00767899499878,0.0137609891322419,1.00209362233236,0.020762284812303,-0.0956036219874453,0.0161761053015358,1,-0.0192346005015148,0.025583602175352,0.707669668801247,0.0104601489688544,0.695459924912416,0.0108715995626864,0.689219150281356,0.0121818360592605,0.706816023430153,0.0143286350067938,0.677428554056414,0.0170791567299136
1.0106181196495,0.013701079130183,0.982362773680282,0.0204559518114664,-0.0954713306274075,0.0157560650849358,1,0.0140779501129392,0.0257535846983015,0.688206616282242,0.0104765514352847,0.683100731208526,0.0107294983303837,0.696748263985581,0.01236795796449,0.685496601583968,0.0143575373285965,0.681088605281843,0.0175631114428739
1.0047458512211,0.0137431810919188,0.991567425892543,0.0209752173274621,-0.110753556304903,0.0157003036410296,1,0.00640196238062551,0.0259001054750979,0.696057288594731,0.0105161121133663,0.693365702119761,0.0108075646702912,0.696904339783176,0.0124710838219069,0.665694593649832,0.0146677855654302,0.695804419851869,0.0172224682559015
