"beta","beta_sd","omega","omega_sd","rho","rho_sd","conv_code","tau1","tau1_sd","tau2","tau2_sd","tau3","tau3_sd","tau4","tau4_sd","tau5","tau5_sd","tau6","tau6_sd"
1.00584167459162,0.0142100128602428,0.969400161827654,0.0231117851848051,0.508151228952051,0.0264231318897689,1,0.0180465497076377,0.0310502859705567,0.706151896989323,0.0116833493140109,0.683172575557076,0.0121201980538263,0.668745846025833,0.0140975485402518,0.659124348891002,0.0165263891450868,0.7451739454641,0.0186295074717281
