"beta","beta_sd","omega","omega_sd","rho","rho_sd","conv_code","tau1","tau1_sd","tau2","tau2_sd","tau3","tau3_sd","tau4","tau4_sd","tau5","tau5_sd","tau6","tau6_sd"
0.983715329017352,0.0149006475159964,1.0032951341754,0.0235627531780287,-0.0625873607536285,0.0207867594124813,1,-0.0295096732339763,0.0295538361233369,0.697783415180159,0.0124390719492618,0.689695182727908,0.0129688091693101,0.68406527956174,0.0146343267137751,0.687990439509096,0.0167654987518756,0.680410481680364,0.0198392752792526
1.01581160953793,0.0149964104587441,0.985737123792548,0.0230060525944076,-0.10042989822518,0.0200271033616594,1,0.0310237773801612,0.0296297022430867,0.694382330503141,0.0124889074583303,0.696644417339218,0.0129020613334337,0.69172680178316,0.0146427457181931,0.712909749886445,0.0166087013175891,0.685953601737987,0.0198948385714251
0.991331842363496,0.0148024877469651,0.983028636914539,0.0231105944672281,-0.127846295067464,0.0194483198900712,1,-0.00209335282708347,0.0290741425245294,0.692387193451558,0.0124012305318801,0.687092322423442,0.0127167148678319,0.68935277828875,0.0146694808788347,0.672412878158583,0.0173264113993117,0.702984713680376,0.0200861626732827
1.00027349122806,0.0148885491590333,0.943830394791432,0.0224694564823021,-0.0934061347745865,0.020435209040512,1,0.0198483558889613,0.0295085832734204,0.683828420579744,0.0124511813598728,0.680470584530351,0.0130879628192713,0.68482181383353,0.0146798787544183,0.694239778420519,0.0166508091788958,0.688785236406069,0.0201632777963943
0.999380737324229,0.0150789187791901,0.991325627235591,0.0235099376046393,-0.121516337275687,0.0196501042385297,1,0.020594442289692,0.0300093252421009,0.694266771146791,0.0125994547215912,0.685183318605063,0.0130451372610103,0.708813424458626,0.0145595427053894,0.695506388939533,0.0169615284583872,0.67698391083928,0.0203126230888404
