"beta","beta_sd","omega","omega_sd","rho","rho_sd","conv_code","tau1","tau1_sd","tau2","tau2_sd","tau3","tau3_sd","tau4","tau4_sd","tau5","tau5_sd","tau6","tau6_sd"
1.01922395236557,0.0148344660747446,1.03143217393856,0.0242979750571951,0.206579246505995,0.0268090860464493,1,0.0242603822472801,0.0297441413593619,0.701741461735117,0.012039317953346,0.684298459050682,0.0125572883890571,0.673490050681019,0.0144658427644593,0.715428891762702,0.016391622182899,0.715188669212799,0.0195332089276808
