"beta","beta_sd","omega","omega_sd","rho","rho_sd","conv_code","tau1","tau1_sd","tau2","tau2_sd","tau3","tau3_sd","tau4","tau4_sd","tau5","tau5_sd","tau6","tau6_sd"
1.00735557054202,0.0187213708110571,0.977660135749584,0.0319379646543529,-0.0607653716058619,0.0313771715780882,1,0.0396243445975335,0.0367629555494483,0.669806228163277,0.0172699401188781,0.705810577592975,0.0176052791227334,0.673854094129486,0.0201985010046997,0.668754811254809,0.0225988267225495,0.71475234375515,0.0262436561920678
0.989462620466042,0.0185999559402196,0.975104336714941,0.0322471508542347,-0.0900229711707335,0.0308472317702266,1,-0.0173603383338392,0.035739916780004,0.698523030771046,0.0168439542221378,0.68042107798786,0.0180478381896273,0.693511644957005,0.0200176090297375,0.692274640528793,0.0228635849729947,0.672493698491681,0.0267215942657767
1.02918591656749,0.0200928983977084,1.08147885541115,0.0372944522094671,-0.16608170389632,0.0303097620038832,1,0.0144425985751599,0.0372262066625598,0.710013900296738,0.01816963356492,0.744395906924468,0.0185718106958321,0.69479675493739,0.0213664842374448,0.721135868623736,0.0233150199428266,0.738442035089559,0.0265431004878853
0.996073042466186,0.0193793748200638,1.03500144876746,0.0348822742609314,-0.108799037650892,0.0310643684800155,1,-0.0517260700545289,0.0373200352372093,0.70377404150345,0.0178300111339511,0.68657811415401,0.0184723768261966,0.70462892477183,0.0208928712786004,0.710551919954467,0.0233083739890139,0.697853058487299,0.0262765444436949
1.05413741256307,0.0195967507893097,1.04643017210484,0.0355935179340959,-0.143746301162898,0.0298086763607874,1,0.007957517289073,0.0366286662408576,0.69146183295267,0.0178814695284084,0.722841020528593,0.0184105556990859,0.738919146184657,0.0203795289482796,0.715551402245722,0.0228578825947171,0.697393452901982,0.0268344904903451
