"beta","beta_sd","omega","omega_sd","rho","rho_sd","conv_code","tau1","tau1_sd","tau2","tau2_sd","tau3","tau3_sd","tau4","tau4_sd","tau5","tau5_sd","tau6","tau6_sd"
1.00787391626484,0.0137810486006736,1.01895082609817,0.0213788712114396,0.00463105579277243,0.0171913678852002,1,0.0371090013298138,0.0264692950364939,0.691439140577961,0.0104701564503026,0.711186418005371,0.0106532329522751,0.687025860482523,0.0122873044959671,0.69027350107029,0.0145465845780278,0.690407260750404,0.0173255631375959
