"beta","beta_sd","omega","omega_sd","rho","rho_sd","conv_code","tau1","tau1_sd","tau2","tau2_sd","tau3","tau3_sd","tau4","tau4_sd","tau5","tau5_sd","tau6","tau6_sd"
0.996174631804742,0.0136532111776989,0.97768588939645,0.0220100465068864,0.698229489315108,0.0142578606677189,1,-0.0102834344886934,0.0311264631126296,0.690453778238967,0.0107770323174691,0.7044871775749,0.0104570697453035,0.671469640473229,0.0120326777841013,0.675893862758164,0.0139968457501441,0.675487890037215,0.0165922906780939
1.00199430830511,0.0139599457027361,1.02456444139877,0.0229495410910011,0.700633591262098,0.0141567617434324,1,-0.00447585398673332,0.031200394798936,0.699207022426118,0.0109687695485463,0.702892168654681,0.0104417096889111,0.702215397514551,0.0119769377323266,0.699556732316515,0.0136394275639665,0.700041044173672,0.0163841252346165
1.01365036715501,0.0139424845334764,1.02658345769897,0.0229916686583031,0.689793450480317,0.0152983456927829,1,0.00272949355529589,0.0314408438816945,0.68752748165769,0.0111308854319173,0.68709072422912,0.0106654250861105,0.695224956904503,0.0119339528087299,0.702224379603512,0.0137193425163845,0.698721387561703,0.0161436231748315
0.996119829853404,0.0137785726762719,1.00213052502333,0.0225521683162976,0.709406143674128,0.0137236580501464,1,0.00112823960323003,0.0314467168426263,0.693864694515167,0.0108932054411179,0.699364999745391,0.0103733615646689,0.696771772360832,0.0117647290767161,0.692305651239551,0.0139739005752703,0.714138134276737,0.0164823180125711
0.975306697200772,0.0136540737658523,0.995256214289999,0.0219837797374413,0.68142897010868,0.0151713869886186,1,-0.0862252905240628,0.0306857410094428,0.696755077191506,0.0108544819141087,0.705264927671544,0.0104066741510893,0.691369459922113,0.0117921426217542,0.688658528251145,0.0137789059324908,0.706004066714689,0.0162606313522182
