"beta","beta_sd","omega","omega_sd","rho","rho_sd","conv_code","tau1","tau1_sd","tau2","tau2_sd","tau3","tau3_sd","tau4","tau4_sd","tau5","tau5_sd","tau6","tau6_sd"
0.996227960042819,0.0192550292969679,1.01049844915839,0.033985759594135,-0.0190445497530504,0.034543241050004,1,-0.043766420287487,0.0373699892316738,0.713434943736235,0.0172770622896032,0.697019930276791,0.0181028215978002,0.708995324076518,0.0202654884801449,0.69007802369881,0.0236054155496277,0.70010269664129,0.0271266223736482
1.01413088788094,0.0187251919211613,1.02933250746023,0.0336488504309447,-0.010993531230731,0.0344554831306125,1,0.0654783569244079,0.0359676906041299,0.704292536988937,0.0165868956027874,0.698489732613272,0.0180581206147229,0.689860810248511,0.0203513938159008,0.687972035855455,0.0232234213058107,0.707329635894463,0.0260914427629373
1.00593256839896,0.0190705850295241,1.00993444720734,0.033303807867287,-0.0552335042543202,0.0324182996039683,1,0.0421739218879762,0.0358791988935274,0.710809886045213,0.0166716981615019,0.671864986809263,0.0184266204824387,0.716707060355134,0.0197838303014036,0.709470493434958,0.022687455310398,0.682636318432697,0.0273345813880773
1.01499773571011,0.0194262618703694,1.01900798595951,0.0342900954064678,-0.0697811787825861,0.0324933393209191,1,0.0329929710202133,0.0365519507734629,0.689987628926414,0.0175120903220229,0.706826458689918,0.0182824983571768,0.676901255553008,0.020457716309307,0.706394762985118,0.023183237174732,0.683667305168771,0.0263701749591817
0.986237055652026,0.0185482598408648,1.00961302397446,0.0332589345426906,-0.0226766648306067,0.0335648126915404,1,-0.0107157269097681,0.0359914143381118,0.677307492679777,0.0168988458504197,0.721289679916806,0.017809018741144,0.663031151976266,0.0205916014849053,0.691178757859547,0.0233294766257413,0.685194356582113,0.0267903059020992
