"beta","beta_sd","omega","omega_sd","rho","rho_sd","conv_code","tau1","tau1_sd","tau2","tau2_sd","tau3","tau3_sd","tau4","tau4_sd","tau5","tau5_sd","tau6","tau6_sd"
0.99278406526944,0.0163769359927604,1.01372655661382,0.0292245882266113,0.629241869093232,0.0257760753120556,1,-0.016961634715339,0.0383644002241145,0.691340361781855,0.0150848260333085,0.714962030901986,0.0152576163963616,0.68375746693811,0.0180168426306369,0.68225041247951,0.020588092431122,0.663507936467412,0.0241354369123538
0.986952370409212,0.0163129890901535,0.993492462401792,0.0285172080672022,0.617075319413503,0.0263447384901486,1,0.0179061995990205,0.038352815536419,0.678345429198733,0.0152618123955382,0.719326335982194,0.0151370944270982,0.658039766745681,0.0176272868605414,0.73480580588616,0.0200006555210567,0.697203932104934,0.0246800864827985
0.999034750630434,0.0159700118518092,0.963322685228064,0.0275947642785852,0.563449961854741,0.0292221191229824,1,-0.0865223307089064,0.0372551029581633,0.715731271908184,0.0146338549974475,0.68153062422774,0.0149441873632263,0.690865484705583,0.0172357604202949,0.718572273022499,0.0199300031752802,0.711281097893402,0.0249873093587567
0.996988319172481,0.016313191110879,1.00259871789957,0.0289843996810769,0.569336420112287,0.03065821119442,1,-0.0262445124202754,0.0376388121628777,0.684317730636127,0.014927014976914,0.690142781111409,0.0156178231634144,0.709281205306591,0.0175836251715572,0.703219778642521,0.0201788812591029,0.68129383451046,0.0248044003500985
1.00308245458837,0.0165164950055787,0.99546459474637,0.0290161646476397,0.626474059106248,0.0267586370946831,1,-0.0216864496026391,0.039126226347898,0.709534540148274,0.0148768564530978,0.669608297502651,0.0153877263622309,0.696453737163975,0.0176641444239424,0.718856791442048,0.0203230477717802,0.705799348045021,0.0244393142681226
