"beta","beta_sd","omega","omega_sd","rho","rho_sd","conv_code","tau1","tau1_sd","tau2","tau2_sd","tau3","tau3_sd","tau4","tau4_sd","tau5","tau5_sd","tau6","tau6_sd"
0.984073404800646,0.0198855573736807,1.01468786157299,0.0356761965934442,-0.316836496024959,0.0249565753114469,1,-0.0642886405244727,0.0369254838159495,0.721738647652106,0.0183510195457259,0.690313278825935,0.0190349797315561,0.69705135656875,0.021634724801247,0.702326752569748,0.0245243219314639,0.713423629566902,0.0283811723811495
0.987736444742332,0.0197858664962534,1.01793501848953,0.0349788975407843,-0.303617260809564,0.0247543638325723,1,-0.0505553881560056,0.0364532996029916,0.703088214869152,0.0181084147645893,0.690109249728656,0.019101297545583,0.698779994667113,0.0211384858936316,0.69784937626477,0.0242010750745613,0.686746197833698,0.0274259449640058
1.01186331182976,0.0203568427795378,1.02012304019839,0.035990663164714,-0.311465110140262,0.0242152070801167,1,-0.0355091942301681,0.037002703107974,0.719726523679768,0.0184004591883968,0.682383640149078,0.0195885856116845,0.700263619727879,0.0214284256516495,0.725706916031195,0.0236943698456431,0.715061608178228,0.0274667922802299
0.963139671294281,0.0196486869325696,0.978992666299566,0.0339916414681272,-0.286703420252972,0.0256326089540869,1,-0.0360791322544794,0.0365392095286627,0.691790505974201,0.018440949973352,0.676582780213774,0.0192552135669864,0.669230520678993,0.0213472002390524,0.704053579257051,0.0241195658234632,0.693724808911916,0.0276627000508954
1.01942508697683,0.0198739583856695,1.01522813116843,0.0347644087011392,-0.289741625850712,0.0249570784719439,1,0.0111192095918732,0.0370311269824104,0.68934489047874,0.0183633850098074,0.671725940373781,0.0191517191727456,0.693305391936241,0.0211765361761132,0.718004689014543,0.023428234009966,0.708975546823497,0.0271388486725251
