"beta","beta_sd","omega","omega_sd","rho","rho_sd","conv_code","tau1","tau1_sd","tau2","tau2_sd","tau3","tau3_sd","tau4","tau4_sd","tau5","tau5_sd","tau6","tau6_sd"
0.980990088814018,0.0151598614581656,1.02051210456832,0.0228384727200276,-0.70517923904807,0.00574919043056567,1,-0.0194730197723616,0.0301361866566576,0.704971355038145,0.0118926840090615,0.691359570980044,0.0118527082028634,0.679670042032458,0.0133278677122829,0.727538291286563,0.015110031459191,0.707378380757237,0.0184967079603031
0.965914113300475,0.0149604821698037,0.9792165831375,0.0215996697378193,-0.698627974726746,0.00572566897936818,1,-0.0640272041414852,0.0303399458075508,0.68670874299641,0.0119267376921449,0.676223962398751,0.0118560277282773,0.701268598018412,0.0130256543079892,0.697444054284587,0.0150814205243032,0.692571270429265,0.0175818739103757
1.02766052886257,0.0152845027663257,1.04529293899188,0.023189740590611,-0.70920363740257,0.00556543475584085,1,0.000708708001993947,0.0307656495912016,0.717663861348951,0.012009806555576,0.704853540544809,0.0118855005509473,0.6996308983248,0.0131786250256523,0.713686787960864,0.0150004698590872,0.741668618259957,0.0172952406415946
1.00522404962837,0.0151880598367062,1.01839127967671,0.0225288010807472,-0.697166954987939,0.00588098662659279,1,0.015209524789992,0.0301397534316521,0.682931354096063,0.0119950568769294,0.6999404296166,0.0118291939636066,0.705438541646152,0.0131728967026415,0.700381541900526,0.0151485205473842,0.684837059213518,0.0181450025521667
1.00290960965589,0.0152144307726745,1.00941282741255,0.0224213484778997,-0.69896383959907,0.00579968860340213,1,0.0285769164766255,0.030706303314253,0.677722018263387,0.0120142714197705,0.687809769851679,0.0120584628982405,0.697262587003008,0.013113860332092,0.703315976665685,0.0150886574658365,0.695447533304899,0.0178576986805608
