"beta","beta_sd","omega","omega_sd","rho","rho_sd","conv_code","tau1","tau1_sd","tau2","tau2_sd","tau3","tau3_sd","tau4","tau4_sd","tau5","tau5_sd","tau6","tau6_sd"
0.992223613252643,0.0156866607030348,1.01430414362049,0.0289506476374246,0.895612614618215,0.00429174582003601,1,0.0501235189827365,0.0439450904858563,0.691811824665207,0.0136941247890808,0.668730029560937,0.0134964285723925,0.720208429932383,0.0139890540027565,0.700003528862129,0.0166085539091547,0.667392950067275,0.01927656141941
NA,NA,NA,NA,NA,NA,99,NA,NA,NA,NA,NA,NA,NA,NA,NA,NA,NA,NA
0.997908371929444,0.0158592987341362,1.04268543954219,0.0293722697560017,0.891631748587077,0.00460068755178584,1,0.011311642030009,0.044365153537549,0.681400235856987,0.0137214844265701,0.688637592361352,0.0131510324233421,0.699076664286302,0.0143805859939112,0.668801835638993,0.0163803429148367,0.710616567804207,0.0185918362612985
0.9995387181697,0.0157962602525682,1.06087353634411,0.0298852770663983,0.891182204965176,0.00462509045725215,1,0.0340728381355512,0.0437386009086554,0.673899495643266,0.0138568020474661,0.675494748700159,0.0134430071265369,0.685050175597192,0.0139930976082884,0.696925903011279,0.0156410041107939,0.723640583797711,0.0191658760186151
0.987312983824669,0.0156610081532678,1.01140932950338,0.0289768293383808,0.904407955174918,0.00384453385647709,1,-0.0215252312537086,0.0451173672738786,0.723031710305236,0.0135006622453706,0.691711247597623,0.013335887537721,0.670202540443053,0.0144724332468876,0.696322534054146,0.0162081681385905,0.711225095494587,0.0186736443489869
