"beta","beta_sd","omega","omega_sd","rho","rho_sd","conv_code","tau1","tau1_sd","tau2","tau2_sd","tau3","tau3_sd","tau4","tau4_sd","tau5","tau5_sd","tau6","tau6_sd"
0.999436454898006,0.0136035441920578,0.999163661017091,0.0208852859164496,0.0918446795130733,0.0182678529124277,1,-0.033493389677341,0.0261160664933044,0.691233778693095,0.0104705535527359,0.705431076581977,0.010549829652096,0.695149234844173,0.0121718067391607,0.710477199732711,0.01401636725485,0.678461878185598,0.0169118582724383
1.01485689447742,0.0135564549813843,0.980791477103088,0.0204176644295578,0.114541426032885,0.0180008470015724,1,-0.011517028765733,0.0261932333001775,0.705614101532413,0.0102593692171904,0.68189689737916,0.0106535501497315,0.665357129068864,0.0122552182360329,0.678418736984893,0.0140792032534483,0.68189055964468,0.0167011547645903
1.01684363256807,0.0137386390845847,1.00681101552343,0.0209882288708412,0.110962543716947,0.0179601232447165,1,0.0313328993162469,0.0264987759839406,0.680874280119057,0.0105216184057017,0.694143936463257,0.010575329733358,0.695313922556229,0.011985082789603,0.699615197669417,0.013907509577116,0.703351536649552,0.0167339103601036
0.994838519070275,0.0134903991936466,0.969854270770406,0.0201885975799122,0.061967760730415,0.0177953648201647,1,-0.0342271593177925,0.0260101491810608,0.703644597440977,0.0103581591214678,0.701804753873468,0.010424724477751,0.701138059988988,0.0121726885324832,0.697042432697797,0.0142814950072573,0.689981326267485,0.0170674435698145
0.975767715632459,0.0135091692635211,0.987761498867826,0.0204963027063033,0.112717058085175,0.0185353587015692,1,-0.0268136082819678,0.0262129192711537,0.701912702860363,0.0102978507152772,0.666213662933639,0.0107246819101883,0.689710222138872,0.0119812664616813,0.677977965818347,0.014181896659298,0.65984160263783,0.0172563806640573
