"beta","beta_sd","omega","omega_sd","rho","rho_sd","conv_code","tau1","tau1_sd","tau2","tau2_sd","tau3","tau3_sd","tau4","tau4_sd","tau5","tau5_sd","tau6","tau6_sd"
0.997406145277172,0.0147783709955729,1.03368157604973,0.0268520244068002,0.896029145102368,0.00400415303333902,1,-0.0625356256262578,0.0415986466187404,0.69508858750913,0.0123557644749631,0.684455140071759,0.0114951075474323,0.696307486105738,0.0120709453649126,0.691720740364491,0.0135365024859578,0.708918464389266,0.0160353626759936
1.00412730074043,0.0151286724906604,1.06425353864556,0.0285720601127516,0.904101368399796,0.00370957162211413,1,0.0443359717794868,0.0430301956737979,0.708934894422052,0.0120521236174043,0.69140677040556,0.0115711515903258,0.69758817907055,0.0122963388358173,0.700791777759985,0.0141416668295521,0.671810974034363,0.0167482615288435
1.00208852948993,0.0147203256048286,1.01538183806045,0.0273041301698125,0.904014322944496,0.00366344879938656,1,0.081046159366991,0.0420373016176282,0.660188823493881,0.0123190351435452,0.703484484476762,0.0114248668266634,0.704661521157584,0.0121555908508907,0.689684714097805,0.0138304650921389,0.669909558236032,0.0164404509409748
0.997406800977382,0.0147374673026604,0.984247541242823,0.0267006565472052,0.905821306356384,0.00349545417868537,1,0.00742753584627929,0.0427582077374064,0.685290513109053,0.0121661908210597,0.698006687310561,0.011495982676833,0.690580167989698,0.0123954109329492,0.695818709913022,0.0138247251306614,0.684403157830741,0.0164689730982186
1.00082130730699,0.0147501799236454,1.00641506655797,0.0270016416715865,0.902052897647427,0.00369782408809256,1,0.0163522447781988,0.0421099599138263,0.688738884225241,0.0120983904237314,0.71150324077059,0.0114194733977027,0.689298827770726,0.0123393665070417,0.697706251227326,0.0140960790980599,0.703154284061065,0.0165809985905319
