"beta","beta_sd","omega","omega_sd","rho","rho_sd","conv_code","tau1","tau1_sd","tau2","tau2_sd","tau3","tau3_sd","tau4","tau4_sd","tau5","tau5_sd","tau6","tau6_sd"
0.981427253037924,0.0152896710310772,0.963638502742244,0.021583930142552,-0.798794919601273,0.00396062009363692,1,-0.0245228968701174,0.0316873260278325,0.665177357101948,0.012270714982335,0.687704341581,0.0120049454554955,0.698468931042289,0.0132662425035196,0.693275060117875,0.0150968779761058,0.700896666983636,0.0180351441527652
1.01041895210634,0.0157071948066481,1.0188862947099,0.0229177678351384,-0.808934035059106,0.0037941996059323,1,0.00622409937424477,0.0329650968921937,0.702013804168709,0.0125491229471493,0.707701754430536,0.0120466303056026,0.703286192154499,0.0133136890900866,0.730911010805483,0.0151959494826559,0.716413956268073,0.018270710370243
0.993792216407474,0.0152804090309387,0.974367349690701,0.0221134953447342,-0.798447449146401,0.0040263267739222,1,0.0151011446405766,0.0318896181939633,0.695109464656883,0.0123747295622282,0.689126844474027,0.0121745566448229,0.668963453720871,0.013567114875423,0.706489066331165,0.0151497601238239,0.673070530702566,0.018273003452779
0.994901673124264,0.0153889194573028,0.978335749836112,0.022350722640257,-0.800915965229123,0.00400210036144996,1,-0.0372003745422948,0.0318987392331121,0.695442045267561,0.0122839834954518,0.673326110985766,0.0122462898625802,0.665382714716571,0.0135256868122169,0.687567416720121,0.0154135112868968,0.725880331367049,0.0177820782809413
0.997864403938808,0.015535153258657,1.01135814778421,0.0229655282065416,-0.806081396895896,0.00388362980959394,1,-0.0634744795515814,0.0322366951253861,0.712902525158626,0.0123041771976686,0.695250371643296,0.0122423319132891,0.688621975466496,0.0135045237381939,0.69825467415324,0.0152966885875114,0.681077223723575,0.0184285497343602
