"beta","beta_sd","omega","omega_sd","rho","rho_sd","conv_code","tau1","tau1_sd","tau2","tau2_sd","tau3","tau3_sd","tau4","tau4_sd","tau5","tau5_sd","tau6","tau6_sd"
1.01755210659663,0.0151030620208451,0.983840448516929,0.0235480770866077,-0.183512227336736,0.0186652300090658,1,0.0567693211202662,0.0295090773871473,0.68352626679126,0.0128058531931689,0.695490881284653,0.0130709150142141,0.669758786077854,0.014908112578611,0.710352586063093,0.0170741622682189,0.694989527890272,0.0200715703091139
1.00058199568924,0.0151217801194536,1.00145341487508,0.0236513338671436,-0.184335432502327,0.0179249545298477,1,-0.0004398643264271,0.0297553435138386,0.694145396114001,0.0127098372912858,0.689495822169332,0.0132146403188481,0.696044568628394,0.014628291626699,0.691242317689556,0.0171390906118912,0.684919018375761,0.0203737195030291
1.01059472489032,0.0152786853429,0.995220520255155,0.0233805894729416,-0.203557290585189,0.0180581149207726,1,0.0111597980086962,0.0300887938313895,0.695408416676377,0.0127165088577968,0.686116479352176,0.0129972601915701,0.679893492744914,0.0148673830101139,0.714077735281204,0.016713303105425,0.683842213179677,0.0199099373568814
0.977203197961884,0.0151221815996694,0.976490101823585,0.0230616530364608,-0.197266722207677,0.0178598014379347,1,-0.047881079250254,0.029660121605521,0.701893252873783,0.0125667601669864,0.666023179128249,0.0132347894502352,0.678603803868229,0.0149109766313705,0.679902386512197,0.0168654061890666,0.696071834364254,0.0198960949161951
0.981633748994753,0.0150118990933483,0.965396736464368,0.0227810520338068,-0.165929151453006,0.0181427663661874,1,0.0164707769130846,0.0292807972571231,0.685093813058823,0.0127192002816645,0.681968250532116,0.0130770359092137,0.656955883024788,0.0148985343053191,0.673790156935857,0.0167965841961577,0.719560363173723,0.0195611138569993
