"beta","beta_sd","omega","omega_sd","rho","rho_sd","conv_code","tau1","tau1_sd","tau2","tau2_sd","tau3","tau3_sd","tau4","tau4_sd","tau5","tau5_sd","tau6","tau6_sd"
0.985751331961414,0.014828694891602,1.01509171528229,0.023918438695239,0.0861366786035095,0.0245808435134369,1,-0.0502638357145322,0.02959095347089,0.685961866164732,0.0123159969461947,0.671155386835491,0.012868575562569,0.697984116899705,0.0143833677642639,0.699843614978613,0.0166873289896149,0.698228928786694,0.0197293086582359
0.996216792814137,0.0147127930089752,0.996082419197274,0.0233763157909119,0.107764901484415,0.0240905893358189,1,-0.0356517863612837,0.0295607250409261,0.699685980459511,0.0120783852844846,0.669426288850936,0.0128143451529732,0.687981080362488,0.0143219283721593,0.677519436082282,0.0166653282148778,0.70159227082442,0.0194083324986468
0.996852482470332,0.0149960235538767,1.03663256931374,0.024900160948124,0.123470489927571,0.0251413971266072,1,-0.00874200570256757,0.0298041944617696,0.698925257336063,0.0122746126753703,0.71849359487258,0.0128024648633431,0.685330179332254,0.0147446152077267,0.693684812639575,0.01679572919757,0.69129529769741,0.0197528541756702
1.00226587955016,0.0144721676689738,0.973521799106299,0.023095669106495,0.130533120179999,0.0245893918934535,1,-0.0133838385937297,0.0299337641425653,0.709462689211183,0.0120883012619386,0.666105602566664,0.0127279294002916,0.693676671906469,0.0141787747247038,0.670406418982419,0.0165316420826384,0.697997039044859,0.0199817894789226
0.991037553481541,0.014882658203336,1.0242296042992,0.0239701075669151,0.0641975922382808,0.0239574655574559,1,0.00514880693717166,0.0296067286276938,0.704487305495942,0.0120750660501473,0.701862609979632,0.0128938188048344,0.720072923858754,0.0146944860999037,0.707446948605713,0.0165719121401633,0.690318448596449,0.0198187329001881
