"beta","beta_sd","omega","omega_sd","rho","rho_sd","conv_code","tau1","tau1_sd","tau2","tau2_sd","tau3","tau3_sd","tau4","tau4_sd","tau5","tau5_sd","tau6","tau6_sd"
0.987916775755226,0.0146424906153009,0.986029078670611,0.0213631355000228,-0.589587070471581,0.00773080678912048,1,-0.0188651175524251,0.0286982904779701,0.673230082341107,0.0118173480270099,0.692390401973948,0.011607367444814,0.700024814734546,0.0129649696668667,0.680581025164052,0.0149271589919645,0.706945347052955,0.0172046053248255
