"beta","beta_sd","omega","omega_sd","rho","rho_sd","conv_code","tau1","tau1_sd","tau2","tau2_sd","tau3","tau3_sd","tau4","tau4_sd","tau5","tau5_sd","tau6","tau6_sd"
1.01172377916537,0.0134630517961828,0.983417234687774,0.0205381960977572,0.299701085310249,0.0207209086768551,1,0.00528961804513552,0.0267432746204733,0.68866858233237,0.0104466986380393,0.680689887531682,0.010445091528908,0.699818414362607,0.0117565225483736,0.681154947899473,0.0138734098337113,0.704267907761849,0.0164857596833735
0.998601781139336,0.0133458724024184,0.959607646233801,0.02004225414112,0.298738498722757,0.0198826815810239,1,-0.0609064260248696,0.0264238092580573,0.691224683255737,0.0102300915636697,0.692223425685144,0.01038599099531,0.69071699162358,0.0120734973668136,0.683637567051655,0.0139448765137792,0.67474372227772,0.0165632943953024
1.02884998372357,0.0132708660806533,0.955616395243604,0.01997023060077,0.333673578172227,0.0205964834908344,1,0.0416128734783833,0.0260556983935264,0.698356769068071,0.0101248241830523,0.674236371961122,0.0104108551801227,0.673446544481569,0.0122005153113365,0.70259746307875,0.0135276593107591,0.694853700366802,0.0165437512007787
0.990083304590192,0.0134123862767863,1.00508627218008,0.0207970322485006,0.277664787815226,0.0201106721641206,1,-0.0293432451610731,0.0257995695913105,0.675873198128191,0.0102269030385185,0.714198572813808,0.0102137861343799,0.694256344451892,0.0118708426797185,0.727263234942858,0.0139204511124961,0.693548652496558,0.0170784544818561
0.998900703866409,0.0135218137291203,1.01629819214087,0.0211761707098979,0.351588289986266,0.0213058699034549,1,-0.016629235418158,0.0266503600406602,0.689006625778839,0.0101842333657332,0.705007797980856,0.010409128444628,0.688303489818596,0.0117738171878303,0.675137760466893,0.014070155694708,0.705319013160476,0.0165239726203966
