"beta","beta_sd","omega","omega_sd","rho","rho_sd","conv_code","tau1","tau1_sd","tau2","tau2_sd","tau3","tau3_sd","tau4","tau4_sd","tau5","tau5_sd","tau6","tau6_sd"
0.994503874451565,0.0141752043120947,0.981608699124616,0.023129541132871,0.403217466485445,0.0277876051154169,1,-0.0196626866510258,0.0303125896001331,0.715244445827045,0.0117200401360669,0.696375116292913,0.0119186316822623,0.714770155892459,0.0137569959279666,0.688655117636882,0.0163987414657446,0.665987159884193,0.01991248205401
1.0010472901969,0.0144908493725271,0.996413913162719,0.0241074209508011,0.389515761594039,0.0289918244761212,1,0.0219957292870401,0.0303953116028378,0.692130391523909,0.0118955387455984,0.668728159019101,0.0126496105782531,0.693069363943362,0.0139034666552262,0.723681104783916,0.0165525469753893,0.719966297955851,0.0199362973992601
0.984547423910785,0.0145432076795141,1.02243324224024,0.0244680931434405,0.411159366369817,0.0286563107292231,1,-0.0231701951657837,0.0309192327869684,0.692581095962857,0.0120987683851871,0.695799638797781,0.0124067095632174,0.709237226359613,0.0138654426962843,0.698768989964169,0.0161467773569107,0.691968969587082,0.0197919476600588
0.982896770024958,0.0143906477134799,1.01050617772038,0.0237598546681407,0.4213405957546,0.027872035188055,1,-0.014128217673092,0.0307694394278026,0.676007936585544,0.0119492675089529,0.690190021140935,0.0121497275826222,0.696156847237453,0.0137265877818554,0.681214376134421,0.016229799635265,0.691884025169791,0.0193979885491466
0.985730782219977,0.0145158982277458,1.0156503972218,0.0244892048234451,0.382031497445783,0.0284862607781032,1,-0.0222793663185818,0.0302649519157967,0.703799121254245,0.0118285490549443,0.688476649923362,0.0122762167603961,0.656565401706813,0.0145226661688283,0.680691379542881,0.0165456026972579,0.650260096440005,0.0199692931807279
