"beta","beta_sd","omega","omega_sd","rho","rho_sd","conv_code","tau1","tau1_sd","tau2","tau2_sd","tau3","tau3_sd","tau4","tau4_sd","tau5","tau5_sd","tau6","tau6_sd"
1.02197259038783,0.0175863630375046,1.05826312966989,0.0326293158993456,0.374015954039903,0.0389731001076275,1,0.0315174602680751,0.0362727008597178,0.690360981550876,0.0153164639633488,0.712817346406088,0.0160879390748907,0.694225941153912,0.0190163777558702,0.705058001735599,0.0213167143669099,0.75320030752952,0.025122175236792
1.00428330475974,0.0171197945892734,1.00868707826673,0.0313522604492159,0.394436483559675,0.0406456919002689,1,-0.0576308114342396,0.0367313606403094,0.726934754405717,0.0147375626291487,0.711608768064271,0.0160197394765232,0.696201277046361,0.0185728275022424,0.665394015278362,0.0222314820770811,0.685364458116514,0.0252959572293836
1.01034584966994,0.0176288020658799,1.05831056427269,0.0320759206061882,0.351681364979347,0.0387132896850272,1,-0.106852560797933,0.0377841226859062,0.712999384930993,0.0156157246111066,0.705267467966893,0.0161599421554776,0.720611842159028,0.018100835296497,0.703142921084809,0.0217101331956618,0.740346692965078,0.0249926132690472
1.04059430637825,0.0174540001737125,1.07422949885197,0.0327834717482743,0.326186016442574,0.0390400337452151,1,0.0554496785028057,0.0370301770447748,0.680311922216282,0.0157500727665623,0.719982978018737,0.0159794934777439,0.744649705969516,0.0188037015068272,0.696279260350055,0.0212314945117834,0.722738557455305,0.0245578351015529
1.00262897378741,0.0167244234592536,0.999412777896696,0.0299216583531714,0.452456353161778,0.0364732479983598,1,-0.00532423446850818,0.0370069145192669,0.699739502743853,0.0146622283262611,0.69175054489247,0.015572937401467,0.687502081570898,0.0182263717716098,0.670465947278816,0.0217653715962814,0.688021768550726,0.0257053465050057
