"beta","beta_sd","omega","omega_sd","rho","rho_sd","conv_code","tau1","tau1_sd","tau2","tau2_sd","tau3","tau3_sd","tau4","tau4_sd","tau5","tau5_sd","tau6","tau6_sd"
1.0100439139356,0.0142935429134911,1.0279274209638,0.0242240586082927,0.801460735069517,0.00866975718514295,1,0.0135376562412016,0.034662298981825,0.697684603922453,0.0112473801824369,0.700739805043172,0.0109815203394655,0.70534138384011,0.0120420299100205,0.702255791512729,0.013997748365526,0.726161398329484,0.0164175521503275
0.988840465343375,0.0138874569889809,0.968083352596751,0.0228534571810916,0.794244409280826,0.00876181755071564,1,-0.0481207130041517,0.0340503211413763,0.68285098754173,0.0113440085295114,0.687203907323354,0.0107597316441586,0.67872981994317,0.0117624002445225,0.695656534707427,0.0136137762216002,0.682542396074419,0.0166095459907732
1.00448487273119,0.0142034877239327,1.02711074902036,0.0238802194802329,0.788614739885109,0.0093683846045366,1,-0.0435057651525596,0.0343524043002208,0.692868025111224,0.011510352656454,0.697694843730946,0.0107456616084631,0.704004737221894,0.0117654818881512,0.673343284458009,0.0137088520945517,0.673696976549165,0.0165850838237116
1.00759590163572,0.013960049636191,0.985617195544905,0.02322585950916,0.788454717591327,0.00912247562541416,1,0.0536872076700212,0.0336320034684409,0.682905887870045,0.0113312115548512,0.703390067790131,0.010691451541713,0.685744982907183,0.0119642209353693,0.672626656529166,0.0142117411000503,0.663026598676155,0.0169384501928276
1.00294773285219,0.0140293917931949,0.990761852769149,0.0236395850620568,0.80569676700519,0.00832922876395283,1,0.00173194240983004,0.0349731372535533,0.692846195233035,0.0112225152711725,0.680159125649525,0.0108910413521272,0.686481953406287,0.0119227845198588,0.681871258145744,0.0137183329206932,0.70824946340904,0.0161747994135541
